{
  "q": 0.55,
  "min_k": 10,
  "uniform_rank": 5,
  "robust": false,
  "classes": [
    "V6",
    "V8",
    "inline-4",
    "inline-6",
    "single-cylinder"
  ],
  "pca_ranks": {
    "V6": 5,
    "V8": 5,
    "inline-4": 5,
    "inline-6": 5,
    "single-cylinder": 5
  },
  "overall_acc_cal": 0.29545454545454547,
  "macro_acc_cal": 0.2916666666666667,
  "overall_acc_raw": 0.23863636363636365,
  "macro_acc_raw": 0.23888888888888893
}