{
  "q": 0.35,
  "min_k": 10,
  "uniform_rank": 5,
  "robust": false,
  "classes": [
    "V6",
    "V8",
    "inline-4",
    "inline-6",
    "single-cylinder"
  ],
  "pca_ranks": {
    "V6": 5,
    "V8": 5,
    "inline-4": 5,
    "inline-6": 5,
    "single-cylinder": 5
  },
  "overall_acc_cal": 0.3068181818181818,
  "macro_acc_cal": 0.3041666666666667,
  "overall_acc_raw": 0.22727272727272727,
  "macro_acc_raw": 0.22777777777777777
}