,precision,recall,f1-score,support
V6,0.2,0.25,0.2222222222222222,16.0
V8,0.26666666666666666,0.2222222222222222,0.24242424242424243,18.0
inline-4,0.18181818181818182,0.3333333333333333,0.23529411764705882,18.0
inline-6,0.5,0.16666666666666666,0.25,18.0
single-cylinder,0.21428571428571427,0.16666666666666666,0.1875,18.0
accuracy,0.22727272727272727,0.22727272727272727,0.22727272727272727,0.22727272727272727
macro avg,0.27255411255411255,0.22777777777777777,0.22748811645870468,88.0
weighted avg,0.27420306965761515,0.22727272727272727,0.2276077958731702,88.0
