,precision,recall,f1-score,support
V6,0.375,0.1875,0.25,16.0
V8,0.2631578947368421,0.2777777777777778,0.2702702702702703,18.0
inline-4,0.2857142857142857,0.5555555555555556,0.37735849056603776,18.0
inline-6,0.5,0.05555555555555555,0.1,18.0
single-cylinder,0.375,0.5,0.42857142857142855,18.0
accuracy,0.3181818181818182,0.3181818181818182,0.3181818181818182,0.3181818181818182
macro avg,0.3597744360902255,0.3152777777777778,0.2852400378815473,88.0
weighted avg,0.35942840054682157,0.3181818181818182,0.2860409478334006,88.0
