,V6,V8,inline-4,inline-6,single-cylinder
V6,0.0,36.60831,63.805992,57.87473,56.51763
V8,36.60831,0.0,40.719337,86.55879,35.25246
inline-4,63.805992,40.719337,0.0,79.052284,35.103096
inline-6,57.87473,86.55879,79.052284,0.0,75.804016
single-cylinder,56.51763,35.25246,35.103096,75.804016,0.0
