{
  "overall": 0.25862068965517243,
  "macro": 0.2542657342657343
}