,precision,recall,f1-score,support
V6,0.2857142857142857,0.36363636363636365,0.32,11.0
V8,0.2857142857142857,0.16666666666666666,0.21052631578947367,12.0
inline-4,0.2857142857142857,0.3076923076923077,0.2962962962962963,13.0
inline-6,0.09090909090909091,0.1,0.09523809523809523,10.0
single-cylinder,0.3333333333333333,0.3333333333333333,0.3333333333333333,12.0
accuracy,0.25862068965517243,0.25862068965517243,0.25862068965517243,0.25862068965517243
macro avg,0.25627705627705627,0.2542657342657343,0.25107880813143973,58.0
weighted avg,0.2619793999104344,0.25862068965517243,0.25604394127080154,58.0
