class,EVR_at_5,test_recon_MSE,n_train_clips
V6,0.9604080319404602,565.318115234375,43
V8,0.9535973072052002,693.0491943359375,48
inline-4,0.9445896744728088,750.6672973632812,47
inline-6,0.9497321844100952,886.88525390625,50
single-cylinder,0.9432416558265686,757.436279296875,47
