class,theta_max_deg
V6,23.760581970214844
V6,10.2332181930542
V6,11.846694946289062
V6,7.575357437133789
V6,10.708386421203613
V6,33.580413818359375
V6,32.221431732177734
V6,20.373611450195312
V6,17.904163360595703
V6,19.837629318237305
V6,20.751333236694336
V6,15.678901672363281
V6,15.554807662963867
V6,11.235591888427734
V6,9.199494361877441
V6,12.209249496459961
V6,12.441120147705078
V6,20.226104736328125
V6,13.426763534545898
V6,14.1474609375
V6,8.770999908447266
V6,19.596664428710938
V6,11.203612327575684
V6,13.219121932983398
V6,9.09420394897461
V6,12.784087181091309
V6,12.775843620300293
V6,20.537389755249023
V6,10.095860481262207
V6,39.871734619140625
V6,16.99881362915039
V6,11.341959953308105
V6,27.45111083984375
V6,9.293203353881836
V6,10.729300498962402
V6,15.177164077758789
V6,10.397729873657227
V6,13.318960189819336
V6,15.63790512084961
V6,27.87305450439453
V6,10.467097282409668
V6,15.034745216369629
V6,13.093356132507324
V6,8.780982971191406
V6,22.300045013427734
V6,19.55743408203125
V6,21.925111770629883
V6,13.774112701416016
V6,19.143390655517578
V6,10.53322982788086
V6,17.8317813873291
V6,14.250752449035645
V6,10.064739227294922
V6,22.9211368560791
V6,8.46593952178955
V6,16.95947265625
V6,13.91149616241455
V6,27.645994186401367
V6,15.138752937316895
V6,10.436694145202637
V6,8.3164701461792
V6,10.31274700164795
V6,8.148542404174805
V6,10.013057708740234
V6,8.590044975280762
V6,13.61886215209961
V6,33.52943801879883
V6,12.18751049041748
V6,24.004947662353516
V6,14.851007461547852
V6,17.853193283081055
V6,12.693717956542969
V6,18.42238998413086
V6,12.362566947937012
V6,27.081270217895508
V6,15.944710731506348
V6,26.24033546447754
V6,7.113367080688477
V6,18.41691017150879
V6,12.91586971282959
V6,14.671252250671387
V6,11.746953010559082
V6,33.76944351196289
V6,16.153560638427734
V6,9.707050323486328
V6,17.36023712158203
V6,9.932818412780762
V6,11.555682182312012
V6,11.974176406860352
V6,12.130908012390137
V6,14.890941619873047
V6,18.615318298339844
V6,10.934502601623535
V6,16.460739135742188
V6,14.747793197631836
V6,13.770081520080566
V6,14.687223434448242
V6,6.035398006439209
V6,18.72093391418457
V6,28.03815460205078
V6,18.717954635620117
V6,27.288881301879883
V6,10.90322208404541
V6,8.678783416748047
V6,25.055824279785156
V6,11.340031623840332
V6,17.768550872802734
V6,33.481483459472656
V6,27.573440551757812
V6,18.00917625427246
V6,18.347549438476562
V6,6.248678684234619
V6,21.242727279663086
V6,9.104116439819336
V6,14.14011001586914
V6,13.496886253356934
V6,16.70630645751953
V6,12.714899063110352
V6,10.764646530151367
V6,14.932440757751465
V6,16.1142578125
V6,17.527738571166992
V6,13.715828895568848
V6,18.886281967163086
V6,8.179876327514648
V6,13.069077491760254
V6,11.674299240112305
V6,11.505281448364258
V6,9.731245040893555
V6,13.546225547790527
V6,19.847368240356445
V6,14.494447708129883
V6,26.190664291381836
V6,16.52555274963379
V6,13.063624382019043
V6,13.265458106994629
V6,11.739368438720703
V6,14.13283920288086
V6,13.021312713623047
V6,37.768611907958984
V6,16.063400268554688
V6,9.662673950195312
V6,24.91339111328125
V6,14.792990684509277
V6,10.943500518798828
V6,23.137096405029297
V6,12.247139930725098
V6,10.180142402648926
V6,9.954059600830078
V6,13.834769248962402
V6,11.15522575378418
V6,11.37881851196289
V6,17.616748809814453
V6,8.828460693359375
V6,13.098932266235352
V6,18.848865509033203
V6,16.111156463623047
V6,16.638147354125977
V6,17.03274917602539
V6,7.9198079109191895
V6,6.231241226196289
V6,19.650497436523438
V6,13.645842552185059
V6,13.111809730529785
V6,14.737420082092285
V6,18.43012809753418
V6,14.554826736450195
V6,15.71926498413086
V6,19.111204147338867
V6,14.445629119873047
V6,26.097518920898438
V6,16.716474533081055
V6,12.801961898803711
V6,12.943769454956055
V6,13.858713150024414
V6,12.470443725585938
V6,18.401058197021484
V6,9.874401092529297
V6,8.699129104614258
V6,26.728113174438477
V6,14.921768188476562
V6,10.439030647277832
V6,11.956963539123535
V6,8.620173454284668
V6,12.97801399230957
V6,15.785457611083984
V6,5.80927038192749
V6,8.528849601745605
V6,8.839668273925781
V6,10.752864837646484
V6,12.243661880493164
V6,20.813491821289062
V6,47.82310485839844
V6,20.821197509765625
V6,13.141268730163574
V6,43.548580169677734
V6,13.397848129272461
V6,16.743877410888672
V6,20.673206329345703
V6,11.32327651977539
V6,11.977814674377441
V6,13.854878425598145
V6,18.314363479614258
V6,10.433016777038574
V6,15.450943946838379
V6,11.931963920593262
V6,10.768960952758789
V6,9.487526893615723
V6,16.007692337036133
V6,8.936019897460938
V6,10.204536437988281
V6,13.326770782470703
V6,19.29293441772461
V6,13.104205131530762
V6,22.4571475982666
V6,27.00043487548828
V6,16.584402084350586
V6,19.606487274169922
V6,9.91611385345459
V6,8.743206977844238
V6,34.954673767089844
V6,10.121485710144043
V6,25.621971130371094
V6,11.998514175415039
V6,11.059962272644043
V6,12.304594039916992
V6,17.028457641601562
V6,17.661041259765625
V6,17.37763786315918
V6,14.555586814880371
V6,10.882474899291992
V6,16.407421112060547
V6,17.342327117919922
V6,17.292190551757812
V6,32.11582946777344
V6,21.641521453857422
V6,15.363908767700195
V6,16.874853134155273
V6,10.257315635681152
V6,13.794364929199219
V6,11.5569429397583
V6,13.073124885559082
V6,13.180371284484863
V6,18.56666374206543
V6,21.554048538208008
V6,18.531322479248047
V6,15.505853652954102
V6,19.313058853149414
V6,7.554968357086182
V6,8.564651489257812
V6,8.993112564086914
V6,21.498615264892578
V6,14.778416633605957
V6,13.573434829711914
V6,15.20252799987793
V6,24.081350326538086
V6,19.701698303222656
V6,16.462512969970703
V6,9.543736457824707
V6,15.419713020324707
V6,15.152739524841309
V6,12.970211029052734
V6,15.198867797851562
V6,15.841963768005371
V6,9.149652481079102
V6,15.158409118652344
V6,6.2887749671936035
V6,21.014511108398438
V6,13.492525100708008
V6,19.54465675354004
V6,6.475173473358154
V6,9.995954513549805
V6,10.602889060974121
V6,8.979053497314453
V6,17.65300178527832
V6,14.626324653625488
V6,21.619674682617188
V6,24.66160774230957
V6,10.087675094604492
V6,11.533310890197754
V6,28.676513671875
V6,8.452985763549805
V6,8.868644714355469
V6,16.49114418029785
V6,30.48900032043457
V6,13.204493522644043
V6,8.1982421875
V6,9.117402076721191
V6,13.344019889831543
V6,10.476585388183594
V6,8.482162475585938
V6,14.784976959228516
V6,18.386186599731445
V6,9.261618614196777
V6,14.431589126586914
V6,7.44558048248291
V6,10.515054702758789
V6,15.367079734802246
V6,11.520783424377441
V6,9.194857597351074
V6,18.269990921020508
V6,45.23163604736328
V6,13.809139251708984
V6,21.492464065551758
V6,17.313764572143555
V6,13.601374626159668
V6,15.007627487182617
V6,10.99817943572998
V6,10.486459732055664
V6,17.263120651245117
V6,11.112994194030762
V6,13.357892036437988
V6,21.10219955444336
V6,20.023212432861328
V6,27.355554580688477
V6,13.238239288330078
V6,19.55887222290039
V6,30.145259857177734
V6,9.226327896118164
V6,15.532276153564453
V6,16.498685836791992
V6,19.02634620666504
V6,19.147991180419922
V6,15.750167846679688
V6,33.93257141113281
V6,9.527759552001953
V6,18.458148956298828
V6,11.767986297607422
V6,39.41773223876953
V6,15.534660339355469
V6,11.221526145935059
V6,11.52464771270752
V6,10.000380516052246
V6,30.3365421295166
V6,15.403546333312988
V6,16.413415908813477
V6,14.89803695678711
V6,35.621437072753906
V6,16.34915542602539
V6,8.338140487670898
V6,11.479312896728516
V6,14.078946113586426
V6,28.865808486938477
V6,14.52858829498291
V6,11.163995742797852
V6,22.420347213745117
V6,13.1155424118042
V6,11.345032691955566
V6,5.983565330505371
V6,11.935102462768555
V6,22.44782829284668
V6,12.413394927978516
V6,18.184545516967773
V6,12.312540054321289
V6,15.246354103088379
V6,13.93799114227295
V6,11.930179595947266
V6,6.126727104187012
V6,25.891233444213867
V6,18.505077362060547
V6,17.312618255615234
V6,8.544516563415527
V6,13.966376304626465
V6,12.569534301757812
V6,16.081436157226562
V6,13.377819061279297
V6,8.76409912109375
V6,9.930917739868164
V6,19.867475509643555
V6,41.69935989379883
V6,11.435523986816406
V6,19.976261138916016
V6,8.670405387878418
V6,34.13968276977539
V6,10.889093399047852
V6,21.339046478271484
V6,24.77837371826172
V6,6.911484718322754
V6,6.218359470367432
V6,10.015826225280762
V6,19.707704544067383
V6,9.999692916870117
V6,8.849995613098145
V6,16.192157745361328
V6,5.762759208679199
V6,10.817780494689941
V6,13.554999351501465
V6,11.562601089477539
V6,10.680818557739258
V6,12.566128730773926
V6,18.44701385498047
V6,13.507957458496094
V6,10.624397277832031
V6,14.677534103393555
V6,11.219788551330566
V6,11.534130096435547
V6,16.839431762695312
V6,24.32120704650879
V6,21.91519546508789
V6,16.55797576904297
V6,25.315731048583984
V6,14.277448654174805
V6,21.95720100402832
V6,37.89448928833008
V6,9.824590682983398
V6,27.93804931640625
V6,12.616462707519531
V6,12.910919189453125
V6,11.860960006713867
V6,10.953713417053223
V6,7.16817569732666
V6,8.985549926757812
V6,25.219497680664062
V6,14.761417388916016
V6,42.30023956298828
V6,38.01520919799805
V6,16.0643253326416
V6,23.260988235473633
V6,25.97515869140625
V6,28.062084197998047
V6,13.80484676361084
V6,19.858097076416016
V6,34.635005950927734
V6,14.724943161010742
V6,26.883333206176758
V6,30.314918518066406
V6,16.192108154296875
V6,13.548748016357422
V6,17.52203369140625
V6,13.673867225646973
V6,11.3079252243042
V6,5.31271505355835
V6,9.635494232177734
V6,18.58665657043457
V6,18.53158187866211
V6,16.466970443725586
V6,28.140052795410156
V6,24.92885398864746
V6,10.80676555633545
V6,16.15082359313965
V6,10.032581329345703
V6,18.80135726928711
V6,22.52381706237793
V6,14.533856391906738
V6,14.993878364562988
V6,24.78700828552246
V6,9.660740852355957
V6,10.9028959274292
V6,23.36563491821289
V6,17.595996856689453
V6,15.057161331176758
V6,11.97783088684082
V6,16.473644256591797
V6,17.261028289794922
V6,15.35942268371582
V6,13.818621635437012
V6,7.417539596557617
V6,5.1597771644592285
V6,9.796310424804688
V6,12.932604789733887
V6,14.60089111328125
V6,8.97091007232666
V6,7.504592418670654
V6,15.252717018127441
V6,15.223234176635742
V6,8.742779731750488
V6,19.4625186920166
V6,7.980597496032715
V6,13.001714706420898
V6,17.25810432434082
V6,13.185297966003418
V6,43.7369270324707
V6,31.459856033325195
V6,44.721473693847656
V6,21.350006103515625
V6,8.988391876220703
V6,9.904287338256836
V6,17.401256561279297
V6,42.31230926513672
V6,24.994434356689453
V6,17.42376136779785
V6,17.43389892578125
V6,14.571830749511719
V6,19.879331588745117
V6,11.902509689331055
V6,21.84618377685547
V6,7.438857555389404
V6,24.229084014892578
V6,10.198538780212402
V6,13.467354774475098
V6,14.809645652770996
V6,16.349178314208984
V6,9.61345386505127
V6,23.736371994018555
V6,8.488943099975586
V6,19.937047958374023
V6,10.640352249145508
V6,8.445734024047852
V6,24.269346237182617
V6,18.908130645751953
V6,12.70081901550293
V6,28.871009826660156
V6,15.326226234436035
V6,22.771095275878906
V6,15.69693660736084
V6,15.130029678344727
V6,43.57905960083008
V6,22.798730850219727
V6,9.576102256774902
V6,10.984512329101562
V6,43.352027893066406
V6,25.24462890625
V6,9.74767780303955
V6,13.517867088317871
V6,16.109594345092773
V6,10.02940559387207
V6,9.600091934204102
V6,12.140524864196777
V6,28.749040603637695
V6,11.38077449798584
V6,11.619354248046875
V6,13.032888412475586
V6,22.081764221191406
V6,17.410173416137695
V6,13.733189582824707
V6,20.350311279296875
V6,9.184828758239746
V6,9.920337677001953
V6,12.08272647857666
V6,14.977065086364746
V6,9.450971603393555
V6,14.150256156921387
V6,13.959242820739746
V6,16.37373924255371
V6,14.406518936157227
V6,16.63601303100586
V6,15.075068473815918
V6,25.774145126342773
V6,18.537006378173828
V6,12.28953742980957
V6,11.725126266479492
V6,16.07464027404785
V6,15.494800567626953
V6,10.897984504699707
V6,21.891475677490234
V6,17.932159423828125
V6,16.650653839111328
V6,13.846604347229004
V6,12.643919944763184
V6,6.562707901000977
V6,39.43929672241211
V6,18.235210418701172
V6,21.058048248291016
V6,14.447627067565918
V6,11.390789985656738
V6,17.074148178100586
V6,16.08799171447754
V6,25.196788787841797
V6,39.09766387939453
V6,11.578725814819336
V6,26.110271453857422
V6,17.98571014404297
V6,28.268898010253906
V6,11.897392272949219
V6,14.305075645446777
V6,20.42325782775879
V6,18.131681442260742
V6,34.057708740234375
V6,17.12541389465332
V6,12.220176696777344
V6,10.711675643920898
V6,7.562575340270996
V6,8.493199348449707
V6,15.464090347290039
V6,17.080625534057617
V6,7.258392333984375
V6,14.75329303741455
V6,35.98700714111328
V6,14.033331871032715
V6,18.9609317779541
V6,9.845943450927734
V6,17.355199813842773
V6,12.85146427154541
V6,17.62592124938965
V6,4.895249366760254
V6,10.10355281829834
V6,9.760437965393066
V6,22.24178123474121
V6,9.671134948730469
V6,9.98546314239502
V6,15.409177780151367
V6,10.39384937286377
V6,6.98828125
V6,20.277347564697266
V6,8.118392944335938
V6,16.72580337524414
V6,13.51351261138916
V6,16.037250518798828
V6,20.31909942626953
V6,35.19939422607422
V6,25.424989700317383
V6,13.215806007385254
V6,16.38928985595703
V6,37.7923583984375
V6,10.39528751373291
V6,20.556936264038086
V6,15.188638687133789
V6,22.3271484375
V6,15.94904899597168
V6,8.831820487976074
V6,13.249671936035156
V6,14.960128784179688
V6,15.181742668151855
V6,29.48295783996582
V6,14.674582481384277
V6,16.07260513305664
V6,13.842036247253418
V6,23.729785919189453
V6,8.284770965576172
V6,13.805761337280273
V6,8.15444278717041
V6,10.25073528289795
V6,13.704994201660156
V6,15.061235427856445
V6,14.436673164367676
V6,15.067240715026855
V6,12.109567642211914
V6,15.72268009185791
V6,19.28304100036621
V6,24.55103874206543
V6,6.882676124572754
V6,17.717697143554688
V6,16.11732292175293
V6,28.468889236450195
V6,10.402515411376953
V6,11.104734420776367
V6,8.793970108032227
V6,10.556276321411133
V6,15.809016227722168
V6,13.098992347717285
V6,15.943480491638184
V6,31.125436782836914
V6,8.71408748626709
V6,9.84388542175293
V6,11.61061954498291
V6,11.400038719177246
V6,11.453493118286133
V6,31.487375259399414
V6,21.294261932373047
V6,26.449018478393555
V6,8.594685554504395
V6,21.566511154174805
V6,17.68216896057129
V6,21.87815284729004
V6,15.040878295898438
V6,7.6808390617370605
V6,19.638885498046875
V6,18.259967803955078
V6,13.650618553161621
V6,11.96189022064209
V6,17.154916763305664
V6,15.132723808288574
V6,17.208860397338867
V6,10.384892463684082
V6,11.239569664001465
V6,25.4576473236084
V6,19.664445877075195
V6,9.39937686920166
V6,42.57286071777344
V6,9.091979026794434
V6,10.90284252166748
V6,17.919898986816406
V6,12.472736358642578
V6,19.867727279663086
V6,12.634977340698242
V6,33.07648468017578
V6,15.409035682678223
V6,5.745490074157715
V6,13.073834419250488
V6,27.048912048339844
V6,12.213091850280762
V6,15.572447776794434
V6,13.662102699279785
V6,26.17839813232422
V6,12.420019149780273
V6,18.803815841674805
V6,13.362977027893066
V6,8.872631072998047
V6,13.768575668334961
V6,9.174896240234375
V6,14.397854804992676
V6,8.518595695495605
V6,35.08240509033203
V6,13.081637382507324
V6,24.937585830688477
V6,9.351117134094238
V6,16.01483726501465
V6,13.588398933410645
V6,10.634302139282227
V6,13.737805366516113
V6,14.520813941955566
V6,16.978639602661133
V6,7.212241172790527
V6,15.16467571258545
V6,16.815494537353516
V6,12.848731994628906
V6,17.8519344329834
V6,11.482898712158203
V6,10.630304336547852
V6,12.566426277160645
V6,33.37074279785156
V6,24.771860122680664
V6,13.58813762664795
V6,10.727337837219238
V6,16.277603149414062
V6,34.440391540527344
V6,15.743888854980469
V6,17.95928192138672
V6,19.018905639648438
V6,8.335996627807617
V6,14.884322166442871
V6,11.835960388183594
V6,13.920783996582031
V6,13.595345497131348
V6,12.776182174682617
V6,9.43094253540039
V6,9.835792541503906
V6,12.814964294433594
V6,20.72127914428711
V6,16.64749526977539
V6,18.17332649230957
V6,10.072845458984375
V6,9.832253456115723
V6,11.445578575134277
V6,17.075368881225586
V6,28.10248565673828
V6,13.05517578125
V6,13.619514465332031
V6,7.413544178009033
V6,9.220681190490723
V6,13.783246994018555
V6,14.517502784729004
V6,11.041468620300293
V6,15.987358093261719
V6,21.3934326171875
V6,14.326358795166016
V6,8.049642562866211
V6,10.383035659790039
V6,12.23001480102539
V6,17.83774757385254
V6,7.894959926605225
V6,21.206541061401367
V6,14.657303810119629
V6,24.568153381347656
V6,23.371671676635742
V6,17.83129119873047
V6,12.219773292541504
V6,10.957469940185547
V6,8.271797180175781
V6,6.563962936401367
V6,17.273244857788086
V6,21.541635513305664
V6,22.635671615600586
V6,15.84664249420166
V6,11.20793628692627
V6,17.79297637939453
V6,9.238311767578125
V6,16.7314395904541
V6,17.882888793945312
V6,12.400727272033691
V6,14.703712463378906
V6,19.920116424560547
V6,10.024913787841797
V6,13.17403507232666
V6,7.772460460662842
V6,12.646088600158691
V6,6.862613201141357
V6,20.070247650146484
V6,8.020298957824707
V6,10.163453102111816
V6,19.76311492919922
V6,20.677753448486328
V6,13.729937553405762
V6,18.67955207824707
V6,18.881332397460938
V6,10.738357543945312
V6,13.589301109313965
V6,20.259159088134766
V6,23.92411231994629
V6,7.708538055419922
V6,17.580400466918945
V6,14.004289627075195
V6,13.306709289550781
V6,21.68100929260254
V6,40.16596984863281
V6,15.824628829956055
V6,16.09209632873535
V6,11.21216869354248
V6,9.934956550598145
V6,13.089510917663574
V6,7.368013858795166
V6,24.187707901000977
V6,7.620119571685791
V6,18.628633499145508
V6,8.027393341064453
V6,14.144498825073242
V6,7.584962368011475
V6,13.785998344421387
V6,13.584488868713379
V6,15.449239730834961
V6,19.90041160583496
V6,19.6767635345459
V6,8.031305313110352
V6,13.788190841674805
V6,16.2796630859375
V6,13.093219757080078
V6,6.732340335845947
V6,13.488176345825195
V6,20.12980079650879
V6,13.388957977294922
V6,14.382808685302734
V6,28.954980850219727
V6,5.760990619659424
V6,18.936649322509766
V6,7.559305667877197
V6,13.990142822265625
V6,13.018993377685547
V6,11.982831954956055
V6,24.41819190979004
V6,27.488868713378906
V6,24.580528259277344
V6,14.976669311523438
V6,20.673370361328125
V6,13.119335174560547
V6,10.345697402954102
V6,12.398262023925781
V6,13.975302696228027
V6,14.550599098205566
V6,19.174409866333008
V6,15.379805564880371
V6,15.22795581817627
V6,14.10500717163086
V6,46.92986297607422
V6,26.820722579956055
V6,11.431647300720215
V6,27.11298370361328
V6,16.531015396118164
V6,9.884214401245117
V6,50.4368782043457
V6,17.92137336730957
V6,9.720833778381348
V6,16.272668838500977
V6,13.315342903137207
V6,13.88589096069336
V6,29.026857376098633
V6,11.867222785949707
V6,17.06214141845703
V6,14.688716888427734
V6,14.25779914855957
V6,19.467479705810547
V6,11.838091850280762
V6,7.229982852935791
V6,8.694340705871582
V6,13.672248840332031
V6,18.215030670166016
V6,18.62257194519043
V6,13.506451606750488
V6,20.946046829223633
V6,6.859411239624023
V6,25.4141788482666
V6,16.971433639526367
V6,28.007434844970703
V6,12.878643989562988
V6,11.833645820617676
V6,8.086336135864258
V6,9.487837791442871
V6,9.51150894165039
V6,14.034852981567383
V6,13.964692115783691
V6,9.924459457397461
V6,11.18829345703125
V6,14.652592658996582
V6,50.1699333190918
V6,15.886314392089844
V6,14.062511444091797
V6,7.558837413787842
V6,13.06456184387207
V6,9.172582626342773
V6,23.572587966918945
V6,34.65372085571289
V6,10.718435287475586
V6,9.826111793518066
V6,18.738948822021484
V6,9.0006685256958
V6,17.045848846435547
V6,22.821300506591797
V6,13.119004249572754
V6,24.460708618164062
V6,15.917474746704102
V6,8.196589469909668
V6,11.500931739807129
V6,13.342317581176758
V6,26.705551147460938
V6,8.53775691986084
V6,12.413141250610352
V6,29.6828556060791
V6,9.48101806640625
V6,23.042165756225586
V6,17.90314292907715
V6,24.890827178955078
V6,7.967008113861084
V6,10.171849250793457
V6,18.206451416015625
V6,16.3879337310791
V6,12.29179859161377
V6,19.10541343688965
V6,8.239737510681152
V6,21.642864227294922
V6,14.73787784576416
V6,13.22364616394043
V6,15.246379852294922
V6,8.33971881866455
V6,31.865053176879883
V6,10.846600532531738
V6,7.960599422454834
V6,10.496869087219238
V6,10.849159240722656
V6,7.762656211853027
V6,11.782712936401367
V6,12.703630447387695
V6,16.296175003051758
V6,15.999554634094238
V6,12.954209327697754
V6,10.278352737426758
V6,10.229334831237793
V6,10.897459983825684
V6,11.627100944519043
V6,9.846602439880371
V6,10.773876190185547
V6,10.627731323242188
V6,54.69016647338867
V6,13.406820297241211
V6,14.279829978942871
V6,9.734274864196777
V6,23.536712646484375
V6,29.410503387451172
V6,10.164072036743164
V6,22.650299072265625
V6,10.906253814697266
V6,17.91533660888672
V6,14.659408569335938
V6,15.242016792297363
V6,5.055669784545898
V6,9.00773811340332
V6,8.211810111999512
V6,14.337300300598145
V6,12.379335403442383
V6,16.501943588256836
V6,33.70060729980469
V6,9.676358222961426
V6,18.283864974975586
V6,21.76075553894043
V6,23.68861198425293
V6,9.300369262695312
V6,24.283111572265625
V6,10.297205924987793
V6,12.497838020324707
V6,17.915002822875977
V6,7.976243019104004
V6,11.340014457702637
V6,26.203767776489258
V6,14.594629287719727
V6,29.637784957885742
V6,12.934039115905762
V6,12.065977096557617
V6,16.007247924804688
V6,14.200417518615723
V6,21.537487030029297
V6,17.311744689941406
V6,15.895295143127441
V6,13.956241607666016
V6,17.049938201904297
V6,7.215232849121094
V6,14.374241828918457
V6,13.952106475830078
V6,14.126347541809082
V6,17.87523651123047
V6,11.734063148498535
V6,15.133234024047852
V6,8.513707160949707
V6,6.592015743255615
V6,9.937826156616211
V6,12.181831359863281
V6,10.651204109191895
V6,12.917228698730469
V6,35.057125091552734
V6,8.475584030151367
V6,11.877232551574707
V6,24.086063385009766
V6,19.279544830322266
V8,9.876113891601562
V8,10.20594310760498
V8,20.238054275512695
V8,30.289705276489258
V8,19.91670799255371
V8,16.22869873046875
V8,14.817633628845215
V8,9.410140991210938
V8,6.677555561065674
V8,12.205437660217285
V8,10.178828239440918
V8,16.057153701782227
V8,16.221181869506836
V8,11.275309562683105
V8,12.953949928283691
V8,17.762598037719727
V8,18.464468002319336
V8,13.354330062866211
V8,7.87890625
V8,22.46569061279297
V8,11.010237693786621
V8,15.434706687927246
V8,9.861209869384766
V8,18.109426498413086
V8,8.161253929138184
V8,78.61608123779297
V8,28.520601272583008
V8,12.875962257385254
V8,21.32659912109375
V8,10.392410278320312
V8,12.6881685256958
V8,19.593904495239258
V8,68.00576782226562
V8,10.957127571105957
V8,17.67485809326172
V8,19.058551788330078
V8,35.45699691772461
V8,10.239790916442871
V8,21.068994522094727
V8,10.698254585266113
V8,12.238153457641602
V8,18.034221649169922
V8,9.79769515991211
V8,7.954876899719238
V8,12.559518814086914
V8,12.409439086914062
V8,8.593770980834961
V8,9.881787300109863
V8,8.550995826721191
V8,18.5190486907959
V8,7.836390018463135
V8,17.01772689819336
V8,19.176862716674805
V8,12.468955993652344
V8,10.555157661437988
V8,12.720003128051758
V8,7.584651470184326
V8,20.44922637939453
V8,14.626067161560059
V8,11.160502433776855
V8,31.348360061645508
V8,29.392215728759766
V8,37.751861572265625
V8,10.743709564208984
V8,11.560897827148438
V8,37.92367172241211
V8,15.344497680664062
V8,38.44150924682617
V8,17.235929489135742
V8,13.574612617492676
V8,11.38516902923584
V8,35.46517562866211
V8,13.567554473876953
V8,6.971278667449951
V8,26.664167404174805
V8,51.42608642578125
V8,13.07291316986084
V8,10.641387939453125
V8,15.058804512023926
V8,19.615888595581055
V8,13.940047264099121
V8,28.759475708007812
V8,16.887157440185547
V8,13.428911209106445
V8,21.788053512573242
V8,12.179710388183594
V8,12.928407669067383
V8,5.299088001251221
V8,42.11672592163086
V8,12.646821975708008
V8,11.95351791381836
V8,13.452595710754395
V8,16.203861236572266
V8,14.804594993591309
V8,51.37909698486328
V8,6.1454176902771
V8,24.27785301208496
V8,17.837413787841797
V8,12.880666732788086
V8,13.211832046508789
V8,16.423625946044922
V8,19.925188064575195
V8,15.405719757080078
V8,9.880194664001465
V8,36.09561538696289
V8,10.339970588684082
V8,11.230806350708008
V8,15.002588272094727
V8,9.064079284667969
V8,35.58351516723633
V8,14.38458251953125
V8,14.301536560058594
V8,21.82356834411621
V8,38.22231674194336
V8,15.900718688964844
V8,10.409700393676758
V8,11.6917724609375
V8,9.847660064697266
V8,9.856184005737305
V8,38.47014236450195
V8,10.721170425415039
V8,12.311354637145996
V8,9.491772651672363
V8,12.293932914733887
V8,73.92953491210938
V8,18.608020782470703
V8,24.17346954345703
V8,18.425025939941406
V8,40.56788635253906
V8,16.09914207458496
V8,13.753068923950195
V8,13.315594673156738
V8,24.952688217163086
V8,75.40496826171875
V8,15.209039688110352
V8,13.24573802947998
V8,20.036184310913086
V8,7.377434730529785
V8,12.927262306213379
V8,20.137649536132812
V8,52.58095932006836
V8,18.650035858154297
V8,9.369343757629395
V8,18.65719985961914
V8,15.641692161560059
V8,12.758210182189941
V8,20.79363441467285
V8,9.073200225830078
V8,24.30767059326172
V8,15.779078483581543
V8,13.759273529052734
V8,12.580169677734375
V8,40.24007034301758
V8,7.12067174911499
V8,8.40856647491455
V8,20.244794845581055
V8,20.486719131469727
V8,11.355565071105957
V8,23.103105545043945
V8,13.708812713623047
V8,68.9321517944336
V8,13.28321647644043
V8,19.63547134399414
V8,13.879870414733887
V8,15.446686744689941
V8,8.49752140045166
V8,17.75199317932129
V8,8.755106925964355
V8,8.897814750671387
V8,10.441142082214355
V8,9.423332214355469
V8,15.345297813415527
V8,16.080102920532227
V8,12.443037033081055
V8,7.112208843231201
V8,7.7727131843566895
V8,23.754072189331055
V8,39.46065139770508
V8,12.857344627380371
V8,13.203866004943848
V8,33.392669677734375
V8,20.977787017822266
V8,7.664391994476318
V8,10.986160278320312
V8,14.879775047302246
V8,9.7110595703125
V8,12.063950538635254
V8,23.567720413208008
V8,13.616411209106445
V8,15.101164817810059
V8,19.320484161376953
V8,19.77408218383789
V8,14.649419784545898
V8,20.233678817749023
V8,14.199623107910156
V8,33.78091812133789
V8,17.304065704345703
V8,9.851134300231934
V8,17.414623260498047
V8,43.1175422668457
V8,13.225975036621094
V8,29.01128578186035
V8,23.343719482421875
V8,7.1764912605285645
V8,9.45508861541748
V8,9.49852180480957
V8,8.62889575958252
V8,18.539316177368164
V8,20.850873947143555
V8,13.408808708190918
V8,14.564810752868652
V8,24.33097267150879
V8,27.734745025634766
V8,8.676724433898926
V8,14.642004013061523
V8,20.3201904296875
V8,14.868292808532715
V8,10.779483795166016
V8,8.456121444702148
V8,80.83555603027344
V8,69.20343780517578
V8,24.68161964416504
V8,7.056328773498535
V8,16.153535842895508
V8,15.844202041625977
V8,25.613527297973633
V8,14.347515106201172
V8,40.556976318359375
V8,11.81032657623291
V8,20.142885208129883
V8,16.963241577148438
V8,11.163995742797852
V8,26.340007781982422
V8,12.285348892211914
V8,9.648726463317871
V8,16.3415584564209
V8,10.871380805969238
V8,11.537425994873047
V8,13.37451171875
V8,13.658357620239258
V8,15.35505199432373
V8,19.87810516357422
V8,14.019353866577148
V8,11.013401985168457
V8,14.592867851257324
V8,23.92118263244629
V8,8.351223945617676
V8,12.572075843811035
V8,11.85411262512207
V8,17.626113891601562
V8,12.853399276733398
V8,19.475460052490234
V8,22.098100662231445
V8,10.559556007385254
V8,72.6496810913086
V8,15.787552833557129
V8,20.744121551513672
V8,18.320537567138672
V8,14.112137794494629
V8,14.89738655090332
V8,24.871395111083984
V8,11.885990142822266
V8,27.219951629638672
V8,7.552916526794434
V8,9.308353424072266
V8,21.836544036865234
V8,10.219541549682617
V8,22.471464157104492
V8,22.09031867980957
V8,8.019001007080078
V8,16.70608139038086
V8,9.134003639221191
V8,13.657316207885742
V8,5.734972953796387
V8,46.554019927978516
V8,4.674536228179932
V8,18.845165252685547
V8,11.043839454650879
V8,17.22406768798828
V8,9.790045738220215
V8,37.20575714111328
V8,26.489879608154297
V8,20.53530502319336
V8,15.158709526062012
V8,12.941177368164062
V8,9.66934585571289
V8,7.638075351715088
V8,16.052560806274414
V8,15.625166893005371
V8,11.907509803771973
V8,12.20907211303711
V8,16.971385955810547
V8,9.570804595947266
V8,8.983691215515137
V8,27.74508285522461
V8,11.915815353393555
V8,7.498706340789795
V8,34.821937561035156
V8,17.713085174560547
V8,9.125200271606445
V8,6.03757381439209
V8,15.271463394165039
V8,9.161263465881348
V8,28.470430374145508
V8,7.035001754760742
V8,14.457656860351562
V8,27.73647689819336
V8,13.381110191345215
V8,8.615592002868652
V8,11.764302253723145
V8,8.49618148803711
V8,16.614084243774414
V8,11.527689933776855
V8,15.6412992477417
V8,22.913164138793945
V8,8.736194610595703
V8,20.622718811035156
V8,7.138062000274658
V8,9.87894058227539
V8,5.299088001251221
V8,8.133397102355957
V8,23.614748001098633
V8,7.429618835449219
V8,12.97622013092041
V8,17.366256713867188
V8,16.03293800354004
V8,8.070711135864258
V8,10.175561904907227
V8,21.96017837524414
V8,12.176326751708984
V8,8.498953819274902
V8,19.816394805908203
V8,13.135153770446777
V8,22.340673446655273
V8,8.422590255737305
V8,13.955547332763672
V8,17.222984313964844
V8,10.11629581451416
V8,15.767621040344238
V8,16.471763610839844
V8,16.69744300842285
V8,14.178349494934082
V8,24.418455123901367
V8,23.621309280395508
V8,8.33627986907959
V8,14.203813552856445
V8,35.040191650390625
V8,10.486271858215332
V8,10.326491355895996
V8,24.360897064208984
V8,23.851974487304688
V8,17.6829776763916
V8,12.115850448608398
V8,7.819715976715088
V8,28.914648056030273
V8,15.753615379333496
V8,11.704757690429688
V8,9.854167938232422
V8,12.843355178833008
V8,9.4000883102417
V8,11.27513599395752
V8,23.98361587524414
V8,13.010926246643066
V8,12.614681243896484
V8,8.587368965148926
V8,16.747018814086914
V8,18.15792465209961
V8,8.526224136352539
V8,13.875741004943848
V8,12.214625358581543
V8,12.208069801330566
V8,7.101968288421631
V8,15.664551734924316
V8,10.71388053894043
V8,13.802412986755371
V8,29.308494567871094
V8,27.223407745361328
V8,18.803762435913086
V8,11.16214370727539
V8,19.56296157836914
V8,10.72388744354248
V8,10.647526741027832
V8,17.314006805419922
V8,8.266881942749023
V8,12.833857536315918
V8,52.487831115722656
V8,7.505428791046143
V8,10.080516815185547
V8,37.872161865234375
V8,13.914933204650879
V8,15.98780345916748
V8,16.82736587524414
V8,6.593265056610107
V8,13.431425094604492
V8,18.48250961303711
V8,19.45073890686035
V8,18.729114532470703
V8,7.187144756317139
V8,10.989511489868164
V8,22.16766357421875
V8,46.25364685058594
V8,9.725990295410156
V8,18.86174774169922
V8,44.68924331665039
V8,6.692692756652832
V8,12.279007911682129
V8,30.063671112060547
V8,7.869209289550781
V8,12.923537254333496
V8,41.461936950683594
V8,24.235614776611328
V8,16.810808181762695
V8,14.69516658782959
V8,21.79019546508789
V8,11.052447319030762
V8,37.80191421508789
V8,15.959918975830078
V8,31.33700942993164
V8,20.469802856445312
V8,30.53951644897461
V8,11.679513931274414
V8,17.891773223876953
V8,8.990336418151855
V8,15.630859375
V8,13.57900619506836
V8,7.413755893707275
V8,11.699689865112305
V8,20.061983108520508
V8,28.180034637451172
V8,16.418964385986328
V8,15.071327209472656
V8,7.353566646575928
V8,14.005475044250488
V8,10.030287742614746
V8,7.211670398712158
V8,6.508188724517822
V8,9.57973575592041
V8,5.752444744110107
V8,22.968799591064453
V8,15.882083892822266
V8,11.42516803741455
V8,15.33165168762207
V8,14.819503784179688
V8,33.677101135253906
V8,53.838138580322266
V8,11.086740493774414
V8,16.151153564453125
V8,34.68173599243164
V8,12.317790985107422
V8,13.113120079040527
V8,11.771971702575684
V8,9.878522872924805
V8,26.64483070373535
V8,81.65726470947266
V8,14.369508743286133
V8,14.90407943725586
V8,11.945963859558105
V8,14.837690353393555
V8,36.02428436279297
V8,6.886465549468994
V8,13.871198654174805
V8,16.56904411315918
V8,24.6531925201416
V8,22.5882511138916
V8,7.826966762542725
V8,8.024213790893555
V8,10.248988151550293
V8,17.010770797729492
V8,14.465437889099121
V8,22.54668426513672
V8,11.370611190795898
V8,79.42007446289062
V8,10.714027404785156
V8,26.837543487548828
V8,7.887771129608154
V8,11.463841438293457
V8,19.181354522705078
V8,11.311251640319824
V8,7.595097541809082
V8,14.305601119995117
V8,10.858481407165527
V8,16.951648712158203
V8,8.049813270568848
V8,24.520198822021484
V8,14.384610176086426
V8,16.53484344482422
V8,12.667924880981445
V8,20.78788948059082
V8,16.879535675048828
V8,20.458805084228516
V8,35.146419525146484
V8,13.773682594299316
V8,11.130096435546875
V8,13.569315910339355
V8,36.0240364074707
V8,15.687503814697266
V8,18.219018936157227
V8,13.833884239196777
V8,34.55929946899414
V8,14.437261581420898
V8,11.470008850097656
V8,15.326988220214844
V8,18.179073333740234
V8,15.153549194335938
V8,20.974163055419922
V8,4.465895652770996
V8,12.945111274719238
V8,41.66606903076172
V8,16.975505828857422
V8,22.01496124267578
V8,12.306356430053711
V8,51.245574951171875
V8,10.719793319702148
V8,41.70856475830078
V8,10.784613609313965
V8,23.257780075073242
V8,18.78524398803711
V8,61.854373931884766
V8,15.538484573364258
V8,13.816548347473145
V8,30.19600486755371
V8,34.13473892211914
V8,10.374505043029785
V8,17.601205825805664
V8,8.75268268585205
V8,11.865212440490723
V8,9.73684024810791
V8,13.425954818725586
V8,8.348424911499023
V8,9.409284591674805
V8,43.96097946166992
V8,9.699148178100586
V8,24.389469146728516
V8,17.231966018676758
V8,39.20692825317383
V8,7.033802509307861
V8,6.9579291343688965
V8,16.578502655029297
V8,47.02214813232422
V8,21.7630672454834
V8,17.20867347717285
V8,5.381865501403809
V8,11.949213027954102
V8,27.157594680786133
V8,20.55213165283203
V8,18.244136810302734
V8,67.68321990966797
V8,11.049365043640137
V8,11.420856475830078
V8,14.515732765197754
V8,7.385807514190674
V8,9.433692932128906
V8,9.359562873840332
V8,18.20415687561035
V8,34.72188949584961
V8,10.635819435119629
V8,13.968498229980469
V8,12.444178581237793
V8,22.036806106567383
V8,11.453664779663086
V8,34.56355285644531
V8,49.1010856628418
V8,11.588096618652344
V8,13.992246627807617
V8,12.152470588684082
V8,30.728042602539062
V8,21.125747680664062
V8,5.544007778167725
V8,8.966221809387207
V8,15.027383804321289
V8,12.536646842956543
V8,15.576659202575684
V8,13.325481414794922
V8,11.337044715881348
V8,7.680149555206299
V8,8.207649230957031
V8,15.837747573852539
V8,11.493478775024414
V8,12.790120124816895
V8,10.66584587097168
V8,10.396215438842773
V8,37.359798431396484
V8,14.720361709594727
V8,15.602734565734863
V8,23.757810592651367
V8,19.98038101196289
V8,13.826054573059082
V8,11.682751655578613
V8,13.48904037475586
V8,17.457523345947266
V8,10.54905891418457
V8,15.02771282196045
V8,17.11153793334961
V8,37.80730438232422
V8,20.196430206298828
V8,8.28581428527832
V8,15.704280853271484
V8,51.84089279174805
V8,17.064233779907227
V8,8.863815307617188
V8,23.070438385009766
V8,7.207098484039307
V8,12.396989822387695
V8,6.380116939544678
V8,14.59697437286377
V8,21.889789581298828
V8,11.112481117248535
V8,31.733903884887695
V8,9.987274169921875
V8,17.865053176879883
V8,30.59062957763672
V8,10.930144309997559
V8,18.937143325805664
V8,7.017357349395752
V8,13.943151473999023
V8,84.46186065673828
V8,15.220008850097656
V8,12.756926536560059
V8,22.48381805419922
V8,33.255794525146484
V8,13.406997680664062
V8,15.620551109313965
V8,12.325889587402344
V8,15.858868598937988
V8,30.26791000366211
V8,12.355944633483887
V8,11.221755027770996
V8,9.598760604858398
V8,13.071024894714355
V8,10.340332984924316
V8,32.14262771606445
V8,8.382134437561035
V8,26.96979522705078
V8,18.883359909057617
V8,14.097564697265625
V8,17.15939712524414
V8,14.957111358642578
V8,12.656956672668457
V8,12.054142951965332
V8,7.3070197105407715
V8,8.815834999084473
V8,8.112344741821289
V8,12.810667037963867
V8,5.465185642242432
V8,15.266172409057617
V8,87.30414581298828
V8,72.08897399902344
V8,10.95583438873291
V8,11.385359764099121
V8,27.930095672607422
V8,45.930702209472656
V8,11.952627182006836
V8,15.941092491149902
V8,22.033248901367188
V8,16.012298583984375
V8,17.91903305053711
V8,82.7601089477539
V8,77.90031433105469
V8,9.174339294433594
V8,16.358566284179688
V8,33.05916976928711
V8,20.1556453704834
V8,28.879148483276367
V8,6.130885601043701
V8,16.020828247070312
V8,11.294158935546875
V8,10.269160270690918
V8,13.204538345336914
V8,20.281753540039062
V8,12.401268005371094
V8,46.612159729003906
V8,14.970337867736816
V8,16.05789566040039
V8,33.29383850097656
V8,6.125895023345947
V8,8.227838516235352
V8,5.951834201812744
V8,45.08787536621094
V8,13.571046829223633
V8,12.076606750488281
V8,21.136377334594727
V8,49.889984130859375
V8,11.44206714630127
V8,22.421457290649414
V8,12.917000770568848
V8,19.819194793701172
V8,10.239368438720703
V8,27.279926300048828
V8,8.87170124053955
V8,5.101040840148926
V8,25.084442138671875
V8,17.321496963500977
V8,13.873733520507812
V8,13.88270378112793
V8,12.03697681427002
V8,11.229928970336914
V8,14.273417472839355
V8,13.502327919006348
V8,20.533924102783203
V8,13.757966995239258
V8,21.006168365478516
V8,17.760793685913086
V8,13.254722595214844
V8,13.97346305847168
V8,8.771827697753906
V8,55.90437316894531
V8,15.400164604187012
V8,22.2582950592041
V8,9.068846702575684
V8,16.53208351135254
V8,17.069496154785156
V8,24.39480972290039
V8,10.000459671020508
V8,11.138178825378418
V8,20.86650848388672
V8,12.480924606323242
V8,6.85695219039917
V8,19.762449264526367
V8,10.753687858581543
V8,43.33537673950195
V8,10.361412048339844
V8,14.938589096069336
V8,23.302324295043945
V8,20.497390747070312
V8,27.545495986938477
V8,31.552433013916016
V8,16.821147918701172
V8,17.622806549072266
V8,17.213926315307617
V8,12.255959510803223
V8,8.052787780761719
V8,33.26974105834961
V8,62.471195220947266
V8,18.94266700744629
V8,12.244096755981445
V8,20.70319175720215
V8,13.595694541931152
V8,24.192350387573242
V8,16.465343475341797
V8,13.764872550964355
V8,29.46344757080078
V8,26.15843391418457
V8,13.587018966674805
V8,12.231095314025879
V8,16.981948852539062
V8,20.702613830566406
V8,20.98175621032715
V8,18.647600173950195
V8,14.210951805114746
V8,42.00619125366211
V8,19.00678825378418
V8,10.801373481750488
V8,9.151305198669434
V8,55.54464340209961
V8,10.238715171813965
V8,17.524051666259766
V8,8.830307006835938
V8,10.037520408630371
V8,9.321161270141602
V8,30.5233211517334
V8,12.130891799926758
V8,31.116727828979492
V8,15.542410850524902
V8,81.78462982177734
V8,32.80661392211914
V8,10.440614700317383
V8,18.388200759887695
V8,8.305200576782227
V8,9.866232872009277
V8,28.784757614135742
V8,19.730283737182617
V8,42.97697830200195
V8,8.905517578125
V8,16.024551391601562
V8,23.008089065551758
V8,13.186750411987305
V8,9.051106452941895
V8,9.780622482299805
V8,17.569080352783203
V8,16.513385772705078
V8,50.76171875
V8,9.66956901550293
V8,11.880317687988281
V8,7.407746315002441
V8,11.946276664733887
V8,23.27891731262207
V8,13.044512748718262
V8,17.826662063598633
V8,13.726728439331055
V8,23.82618522644043
V8,81.9208984375
V8,16.508255004882812
V8,30.521377563476562
V8,12.267375946044922
V8,29.157241821289062
V8,20.66737174987793
V8,14.153258323669434
V8,9.054709434509277
V8,14.031275749206543
V8,18.486366271972656
V8,14.921370506286621
V8,30.00295066833496
V8,14.38827896118164
V8,8.29765510559082
V8,61.09497833251953
V8,9.601033210754395
V8,13.151028633117676
V8,16.38528060913086
V8,12.690205574035645
V8,8.881505966186523
V8,20.94426155090332
V8,17.218957901000977
V8,14.3215970993042
V8,6.459134101867676
V8,13.240446090698242
V8,11.929817199707031
V8,7.9363226890563965
V8,19.067764282226562
V8,12.898653984069824
V8,30.082473754882812
V8,15.24306869506836
V8,12.32240104675293
V8,17.52296257019043
V8,10.994293212890625
V8,8.466704368591309
V8,25.295421600341797
V8,6.489119052886963
V8,11.420683860778809
V8,19.11880874633789
V8,14.829980850219727
V8,28.996501922607422
V8,34.281700134277344
V8,9.887676239013672
V8,11.9212064743042
V8,17.483322143554688
V8,6.690816879272461
V8,21.78554916381836
V8,17.92784309387207
V8,9.884035110473633
V8,25.662036895751953
V8,27.177288055419922
V8,39.05340576171875
V8,10.261438369750977
V8,18.019004821777344
V8,12.134498596191406
V8,15.3454008102417
V8,37.31047058105469
V8,13.173195838928223
V8,11.966536521911621
V8,32.871620178222656
V8,18.113895416259766
V8,11.312505722045898
V8,24.461353302001953
V8,14.894701957702637
V8,44.69567108154297
V8,69.64521026611328
V8,16.180984497070312
V8,13.299734115600586
V8,34.57204818725586
V8,19.4750919342041
V8,12.287065505981445
V8,17.663877487182617
V8,12.289199829101562
V8,34.10062026977539
V8,9.119708061218262
V8,20.2387752532959
V8,13.838181495666504
V8,29.973085403442383
V8,4.139713764190674
V8,18.94388771057129
V8,26.05209732055664
V8,29.077844619750977
V8,19.48125648498535
V8,6.138267517089844
V8,9.253317832946777
V8,30.449695587158203
V8,14.62313175201416
V8,87.48875427246094
V8,12.169654846191406
V8,32.215763092041016
V8,10.882872581481934
V8,17.62363052368164
V8,8.765802383422852
V8,11.623880386352539
V8,16.014564514160156
V8,13.180940628051758
V8,20.641172409057617
V8,8.488410949707031
V8,13.546575546264648
V8,39.672786712646484
V8,9.612227439880371
V8,13.109295845031738
V8,19.335227966308594
V8,12.849791526794434
V8,11.232927322387695
V8,34.517059326171875
V8,73.56816864013672
V8,17.57956314086914
V8,15.63611888885498
V8,50.657291412353516
V8,11.444236755371094
V8,17.8918399810791
V8,12.229450225830078
V8,4.895409107208252
V8,10.758757591247559
V8,16.42580223083496
V8,22.727502822875977
V8,28.78351593017578
V8,9.510578155517578
V8,8.124847412109375
V8,19.726776123046875
V8,12.57107162475586
V8,9.712052345275879
V8,25.18439292907715
V8,10.319307327270508
V8,14.450898170471191
V8,13.158111572265625
V8,11.583539962768555
V8,32.80419921875
V8,47.903038024902344
V8,34.281742095947266
V8,11.990445137023926
V8,17.972944259643555
V8,81.40238952636719
V8,16.5444393157959
V8,17.486379623413086
V8,26.423513412475586
V8,41.261104583740234
V8,16.185665130615234
V8,29.50823211669922
V8,13.435541152954102
V8,14.772135734558105
V8,17.201251983642578
V8,18.428787231445312
V8,11.570708274841309
V8,6.868383884429932
V8,18.321971893310547
V8,17.29741668701172
V8,8.680503845214844
V8,29.20767593383789
V8,9.480230331420898
V8,15.20409107208252
V8,17.2907772064209
V8,20.800588607788086
V8,10.255627632141113
V8,13.335938453674316
V8,28.063861846923828
V8,88.06436920166016
V8,12.687438011169434
V8,23.083131790161133
V8,15.173968315124512
V8,14.768640518188477
V8,18.118684768676758
V8,12.033831596374512
V8,13.564045906066895
V8,14.069930076599121
V8,13.579413414001465
V8,11.461556434631348
V8,16.03716468811035
V8,11.266818046569824
V8,15.607203483581543
V8,80.33438110351562
V8,8.002140998840332
V8,37.48349380493164
V8,17.91288185119629
V8,12.5537691116333
V8,26.405380249023438
V8,21.253694534301758
V8,37.333900451660156
V8,11.683527946472168
V8,8.530806541442871
V8,7.230851173400879
V8,17.867948532104492
V8,20.186111450195312
V8,11.05770206451416
V8,8.356136322021484
V8,13.835540771484375
V8,27.699073791503906
V8,23.858442306518555
V8,12.317887306213379
V8,12.568953514099121
V8,13.02446460723877
V8,12.855778694152832
V8,13.152170181274414
V8,25.90447998046875
V8,10.939866065979004
V8,26.434614181518555
V8,24.520511627197266
V8,16.424484252929688
V8,8.370670318603516
V8,19.130889892578125
V8,8.325815200805664
V8,13.53696346282959
V8,18.77608871459961
V8,21.48241424560547
V8,12.74563217163086
V8,9.917779922485352
V8,6.025613307952881
V8,9.174017906188965
V8,25.623889923095703
inline-4,13.05263614654541
inline-4,24.612321853637695
inline-4,6.668680191040039
inline-4,8.540447235107422
inline-4,14.848116874694824
inline-4,7.85447883605957
inline-4,11.024373054504395
inline-4,24.018903732299805
inline-4,7.048206329345703
inline-4,9.989696502685547
inline-4,12.694215774536133
inline-4,10.136632919311523
inline-4,14.447203636169434
inline-4,19.73261260986328
inline-4,13.21102523803711
inline-4,15.747374534606934
inline-4,9.809728622436523
inline-4,22.772735595703125
inline-4,26.955535888671875
inline-4,5.780825614929199
inline-4,13.385757446289062
inline-4,12.922086715698242
inline-4,9.32737922668457
inline-4,12.319488525390625
inline-4,8.141840934753418
inline-4,7.604935169219971
inline-4,11.951225280761719
inline-4,6.801868915557861
inline-4,9.435026168823242
inline-4,6.5769758224487305
inline-4,34.04218292236328
inline-4,18.42403221130371
inline-4,12.753446578979492
inline-4,42.48256301879883
inline-4,12.50977897644043
inline-4,10.481674194335938
inline-4,8.260252952575684
inline-4,6.366457462310791
inline-4,7.993722438812256
inline-4,14.821972846984863
inline-4,25.442378997802734
inline-4,16.6300106048584
inline-4,27.173828125
inline-4,6.124582767486572
inline-4,6.452056884765625
inline-4,22.177814483642578
inline-4,16.501691818237305
inline-4,9.2039794921875
inline-4,18.493106842041016
inline-4,12.110755920410156
inline-4,52.87186813354492
inline-4,21.55324935913086
inline-4,27.82059669494629
inline-4,21.078643798828125
inline-4,27.936838150024414
inline-4,8.50114917755127
inline-4,10.983114242553711
inline-4,8.084418296813965
inline-4,19.83156967163086
inline-4,21.230743408203125
inline-4,7.0431952476501465
inline-4,22.752779006958008
inline-4,9.240694046020508
inline-4,9.883219718933105
inline-4,23.499374389648438
inline-4,10.394360542297363
inline-4,27.940046310424805
inline-4,13.993094444274902
inline-4,11.864415168762207
inline-4,6.642012596130371
inline-4,10.088162422180176
inline-4,30.460582733154297
inline-4,18.065690994262695
inline-4,9.853848457336426
inline-4,8.04349422454834
inline-4,9.374397277832031
inline-4,13.712703704833984
inline-4,10.853259086608887
inline-4,12.474886894226074
inline-4,8.65362548828125
inline-4,22.001283645629883
inline-4,37.684635162353516
inline-4,12.160741806030273
inline-4,19.89058494567871
inline-4,8.474749565124512
inline-4,6.775289058685303
inline-4,9.591035842895508
inline-4,11.152295112609863
inline-4,15.61803913116455
inline-4,34.63450241088867
inline-4,8.762686729431152
inline-4,7.774934768676758
inline-4,27.729995727539062
inline-4,6.358999729156494
inline-4,11.404253005981445
inline-4,10.396783828735352
inline-4,7.401200294494629
inline-4,8.135327339172363
inline-4,11.291472434997559
inline-4,6.960268497467041
inline-4,13.038806915283203
inline-4,16.34674072265625
inline-4,10.217328071594238
inline-4,8.797990798950195
inline-4,17.991382598876953
inline-4,10.31328010559082
inline-4,16.98196029663086
inline-4,11.219595909118652
inline-4,21.36920928955078
inline-4,12.191682815551758
inline-4,22.73931884765625
inline-4,11.90224552154541
inline-4,9.76871395111084
inline-4,6.594752311706543
inline-4,10.86507797241211
inline-4,8.880687713623047
inline-4,12.95629596710205
inline-4,5.342177391052246
inline-4,9.967543601989746
inline-4,12.104063987731934
inline-4,18.233234405517578
inline-4,6.4729323387146
inline-4,6.0049848556518555
inline-4,15.498366355895996
inline-4,13.78896427154541
inline-4,8.473034858703613
inline-4,8.49296760559082
inline-4,6.464717864990234
inline-4,7.523004531860352
inline-4,29.483333587646484
inline-4,28.957965850830078
inline-4,11.797521591186523
inline-4,12.074795722961426
inline-4,14.050616264343262
inline-4,23.121479034423828
inline-4,22.7580509185791
inline-4,9.017330169677734
inline-4,10.294684410095215
inline-4,26.296201705932617
inline-4,16.939054489135742
inline-4,12.224709510803223
inline-4,11.001168251037598
inline-4,17.62497329711914
inline-4,10.556350708007812
inline-4,10.533098220825195
inline-4,17.49819564819336
inline-4,9.952715873718262
inline-4,22.485721588134766
inline-4,22.61347007751465
inline-4,10.01765251159668
inline-4,26.94537925720215
inline-4,20.860811233520508
inline-4,18.295576095581055
inline-4,9.700546264648438
inline-4,9.091914176940918
inline-4,10.996728897094727
inline-4,17.537906646728516
inline-4,9.040266990661621
inline-4,8.785344123840332
inline-4,14.643233299255371
inline-4,15.275236129760742
inline-4,23.342012405395508
inline-4,10.707429885864258
inline-4,16.905193328857422
inline-4,9.901885032653809
inline-4,7.820946216583252
inline-4,8.214559555053711
inline-4,7.595691680908203
inline-4,6.941643714904785
inline-4,7.126510143280029
inline-4,27.681163787841797
inline-4,6.573485851287842
inline-4,24.974973678588867
inline-4,10.9426908493042
inline-4,7.967944622039795
inline-4,23.907617568969727
inline-4,17.199010848999023
inline-4,8.502950668334961
inline-4,22.379165649414062
inline-4,10.364069938659668
inline-4,26.8038387298584
inline-4,9.048392295837402
inline-4,8.193284034729004
inline-4,9.703019142150879
inline-4,9.570291519165039
inline-4,18.625167846679688
inline-4,10.335651397705078
inline-4,18.20601463317871
inline-4,7.644341945648193
inline-4,6.581148624420166
inline-4,8.270895004272461
inline-4,6.185990333557129
inline-4,8.25062084197998
inline-4,8.075185775756836
inline-4,6.254794597625732
inline-4,17.452342987060547
inline-4,8.67094898223877
inline-4,17.333812713623047
inline-4,10.706291198730469
inline-4,20.6451358795166
inline-4,13.259949684143066
inline-4,16.948158264160156
inline-4,5.714259147644043
inline-4,7.052407741546631
inline-4,14.024301528930664
inline-4,11.901152610778809
inline-4,6.03523588180542
inline-4,8.762238502502441
inline-4,10.72964859008789
inline-4,33.709468841552734
inline-4,10.421921730041504
inline-4,15.828409194946289
inline-4,21.120574951171875
inline-4,6.452816486358643
inline-4,9.316267967224121
inline-4,18.484416961669922
inline-4,7.925036430358887
inline-4,6.805154800415039
inline-4,11.246559143066406
inline-4,6.758681774139404
inline-4,22.485721588134766
inline-4,8.08992862701416
inline-4,19.841936111450195
inline-4,9.396678924560547
inline-4,7.393507957458496
inline-4,16.042417526245117
inline-4,10.430017471313477
inline-4,12.377360343933105
inline-4,14.281920433044434
inline-4,5.221909046173096
inline-4,9.520329475402832
inline-4,10.10610294342041
inline-4,12.07391357421875
inline-4,19.881690979003906
inline-4,9.32874870300293
inline-4,11.540823936462402
inline-4,5.388633728027344
inline-4,23.16194725036621
inline-4,7.051406383514404
inline-4,9.350717544555664
inline-4,7.325791358947754
inline-4,7.6238532066345215
inline-4,11.024587631225586
inline-4,9.456086158752441
inline-4,8.571184158325195
inline-4,20.142459869384766
inline-4,22.91689109802246
inline-4,23.195613861083984
inline-4,9.619341850280762
inline-4,6.331219673156738
inline-4,11.240148544311523
inline-4,8.733159065246582
inline-4,23.3017635345459
inline-4,10.942583084106445
inline-4,26.25458335876465
inline-4,24.414640426635742
inline-4,10.016356468200684
inline-4,21.001861572265625
inline-4,23.24546241760254
inline-4,7.697225570678711
inline-4,20.6828670501709
inline-4,26.944656372070312
inline-4,23.550203323364258
inline-4,11.398310661315918
inline-4,28.773117065429688
inline-4,13.69368839263916
inline-4,5.466584205627441
inline-4,8.737700462341309
inline-4,5.7593231201171875
inline-4,10.607694625854492
inline-4,16.498228073120117
inline-4,7.704896926879883
inline-4,11.249640464782715
inline-4,15.002482414245605
inline-4,8.33792781829834
inline-4,7.0977959632873535
inline-4,6.929340839385986
inline-4,14.056283950805664
inline-4,6.917839050292969
inline-4,10.13577938079834
inline-4,21.47002601623535
inline-4,11.160414695739746
inline-4,8.951462745666504
inline-4,9.433464050292969
inline-4,8.29987907409668
inline-4,6.312642574310303
inline-4,9.234333038330078
inline-4,6.289679050445557
inline-4,8.231989860534668
inline-4,5.732136249542236
inline-4,18.407611846923828
inline-4,11.505640983581543
inline-4,8.576543807983398
inline-4,10.748141288757324
inline-4,27.286855697631836
inline-4,15.734912872314453
inline-4,6.509544849395752
inline-4,20.875288009643555
inline-4,22.978425979614258
inline-4,5.366624355316162
inline-4,8.755084037780762
inline-4,18.398298263549805
inline-4,23.1185302734375
inline-4,28.894752502441406
inline-4,7.483251094818115
inline-4,14.030177116394043
inline-4,21.0346736907959
inline-4,17.958404541015625
inline-4,8.7229642868042
inline-4,15.693680763244629
inline-4,37.52091979980469
inline-4,5.180431842803955
inline-4,22.243358612060547
inline-4,8.425643920898438
inline-4,20.456212997436523
inline-4,8.992085456848145
inline-4,13.830427169799805
inline-4,23.766616821289062
inline-4,26.176639556884766
inline-4,18.832189559936523
inline-4,23.092275619506836
inline-4,21.81660270690918
inline-4,8.832398414611816
inline-4,12.938325881958008
inline-4,20.84429168701172
inline-4,9.867907524108887
inline-4,10.007831573486328
inline-4,16.925954818725586
inline-4,11.04378604888916
inline-4,26.632957458496094
inline-4,17.453184127807617
inline-4,11.345623016357422
inline-4,24.98712730407715
inline-4,9.850455284118652
inline-4,13.579704284667969
inline-4,25.71477508544922
inline-4,9.682533264160156
inline-4,18.143508911132812
inline-4,25.06130599975586
inline-4,9.111862182617188
inline-4,15.025723457336426
inline-4,9.602507591247559
inline-4,13.248942375183105
inline-4,8.73902702331543
inline-4,8.565729141235352
inline-4,15.056109428405762
inline-4,7.5410075187683105
inline-4,11.889074325561523
inline-4,21.1622371673584
inline-4,14.9129056930542
inline-4,7.745495796203613
inline-4,9.356203079223633
inline-4,22.483434677124023
inline-4,7.705176830291748
inline-4,10.275155067443848
inline-4,27.541433334350586
inline-4,11.440190315246582
inline-4,9.46171760559082
inline-4,16.508363723754883
inline-4,6.443967819213867
inline-4,20.003822326660156
inline-4,15.884742736816406
inline-4,8.181269645690918
inline-4,9.821508407592773
inline-4,14.94183349609375
inline-4,8.810641288757324
inline-4,15.304361343383789
inline-4,17.859853744506836
inline-4,7.466292858123779
inline-4,7.81281042098999
inline-4,13.17661190032959
inline-4,20.004323959350586
inline-4,24.690744400024414
inline-4,7.324612617492676
inline-4,11.324285507202148
inline-4,11.645658493041992
inline-4,28.171810150146484
inline-4,4.9883341789245605
inline-4,7.98654842376709
inline-4,8.378525733947754
inline-4,4.75921630859375
inline-4,15.936878204345703
inline-4,6.323441505432129
inline-4,6.286155700683594
inline-4,6.081249713897705
inline-4,22.82122230529785
inline-4,9.530916213989258
inline-4,6.449229717254639
inline-4,35.12287902832031
inline-4,11.938387870788574
inline-4,5.837576866149902
inline-4,19.59407615661621
inline-4,29.021093368530273
inline-4,8.088521003723145
inline-4,8.603524208068848
inline-4,10.258734703063965
inline-4,21.058761596679688
inline-4,19.171653747558594
inline-4,21.44911766052246
inline-4,9.754090309143066
inline-4,22.993389129638672
inline-4,8.421378135681152
inline-4,5.953579425811768
inline-4,7.000929355621338
inline-4,9.896363258361816
inline-4,11.24356460571289
inline-4,6.89807653427124
inline-4,7.873249053955078
inline-4,11.860960006713867
inline-4,9.370328903198242
inline-4,8.868888854980469
inline-4,8.2318696975708
inline-4,10.61689281463623
inline-4,10.768851280212402
inline-4,5.819214820861816
inline-4,7.659038066864014
inline-4,10.036639213562012
inline-4,8.528066635131836
inline-4,6.581833839416504
inline-4,11.070727348327637
inline-4,16.55931854248047
inline-4,7.808815002441406
inline-4,14.611344337463379
inline-4,10.722051620483398
inline-4,7.403002738952637
inline-4,10.376932144165039
inline-4,8.415009498596191
inline-4,23.114730834960938
inline-4,8.585768699645996
inline-4,16.937541961669922
inline-4,7.483775615692139
inline-4,15.39333438873291
inline-4,10.369629859924316
inline-4,9.848958015441895
inline-4,9.338541030883789
inline-4,32.101600646972656
inline-4,22.06870460510254
inline-4,15.540791511535645
inline-4,7.579734802246094
inline-4,9.307952880859375
inline-4,8.569076538085938
inline-4,18.01583480834961
inline-4,11.409209251403809
inline-4,9.132691383361816
inline-4,6.24635648727417
inline-4,11.852865219116211
inline-4,34.384490966796875
inline-4,17.371347427368164
inline-4,9.339129447937012
inline-4,10.757586479187012
inline-4,18.67021942138672
inline-4,11.75074291229248
inline-4,8.65362548828125
inline-4,8.587506294250488
inline-4,16.196247100830078
inline-4,7.221592903137207
inline-4,10.773237228393555
inline-4,16.428783416748047
inline-4,5.548636436462402
inline-4,7.147263050079346
inline-4,11.924330711364746
inline-4,15.194777488708496
inline-4,20.095138549804688
inline-4,27.573383331298828
inline-4,8.871590614318848
inline-4,7.419100284576416
inline-4,8.18717098236084
inline-4,19.446521759033203
inline-4,7.2453789710998535
inline-4,6.438579559326172
inline-4,16.651203155517578
inline-4,26.864656448364258
inline-4,25.63002586364746
inline-4,14.954545021057129
inline-4,13.108964920043945
inline-4,16.96904754638672
inline-4,7.478766441345215
inline-4,35.19052505493164
inline-4,13.933667182922363
inline-4,9.770806312561035
inline-4,26.799318313598633
inline-4,20.398622512817383
inline-4,7.525273323059082
inline-4,11.742255210876465
inline-4,23.782991409301758
inline-4,8.171591758728027
inline-4,6.661382675170898
inline-4,10.021126747131348
inline-4,18.10692024230957
inline-4,11.503552436828613
inline-4,13.769522666931152
inline-4,7.8046417236328125
inline-4,25.28675651550293
inline-4,27.564674377441406
inline-4,21.218856811523438
inline-4,23.38094139099121
inline-4,21.07442855834961
inline-4,21.943525314331055
inline-4,7.642390251159668
inline-4,27.842819213867188
inline-4,21.256946563720703
inline-4,14.759057998657227
inline-4,6.284283638000488
inline-4,6.276541709899902
inline-4,20.251890182495117
inline-4,9.802249908447266
inline-4,8.337693214416504
inline-4,10.3285493850708
inline-4,9.829233169555664
inline-4,10.964348793029785
inline-4,26.16023063659668
inline-4,7.333714485168457
inline-4,18.876161575317383
inline-4,20.594078063964844
inline-4,37.995330810546875
inline-4,6.929312705993652
inline-4,8.156561851501465
inline-4,16.235443115234375
inline-4,15.264732360839844
inline-4,15.235038757324219
inline-4,20.975393295288086
inline-4,12.312187194824219
inline-4,9.10951042175293
inline-4,5.858759880065918
inline-4,6.413497447967529
inline-4,16.77438735961914
inline-4,10.451933860778809
inline-4,9.682106018066406
inline-4,18.74939727783203
inline-4,15.64794921875
inline-4,8.636131286621094
inline-4,13.059438705444336
inline-4,10.144294738769531
inline-4,8.161686897277832
inline-4,24.498266220092773
inline-4,17.139835357666016
inline-4,16.248897552490234
inline-4,20.647401809692383
inline-4,11.376567840576172
inline-4,12.96782112121582
inline-4,8.387521743774414
inline-4,9.271098136901855
inline-4,22.15776824951172
inline-4,9.745418548583984
inline-4,5.024844169616699
inline-4,12.291366577148438
inline-4,6.453120708465576
inline-4,18.087648391723633
inline-4,6.05320405960083
inline-4,10.993505477905273
inline-4,16.21637535095215
inline-4,8.273933410644531
inline-4,7.654732704162598
inline-4,21.812698364257812
inline-4,27.063169479370117
inline-4,11.761889457702637
inline-4,8.06065845489502
inline-4,20.673912048339844
inline-4,12.925704956054688
inline-4,10.854854583740234
inline-4,6.5754547119140625
inline-4,11.447007179260254
inline-4,5.170361042022705
inline-4,7.272622585296631
inline-4,6.746657848358154
inline-4,13.559341430664062
inline-4,7.029674053192139
inline-4,14.145435333251953
inline-4,12.55351734161377
inline-4,7.596957683563232
inline-4,19.283527374267578
inline-4,9.88280200958252
inline-4,15.306173324584961
inline-4,8.965235710144043
inline-4,5.6490631103515625
inline-4,11.61080551147461
inline-4,9.12586784362793
inline-4,6.038515567779541
inline-4,16.582237243652344
inline-4,17.893983840942383
inline-4,8.4887113571167
inline-4,43.55355453491211
inline-4,13.52302360534668
inline-4,13.06596565246582
inline-4,19.497798919677734
inline-4,6.548918724060059
inline-4,11.436006546020508
inline-4,8.990097045898438
inline-4,7.590703964233398
inline-4,12.359806060791016
inline-4,16.832944869995117
inline-4,20.04525375366211
inline-4,10.698530197143555
inline-4,25.314619064331055
inline-4,10.563581466674805
inline-4,28.89101219177246
inline-4,8.776731491088867
inline-4,22.9676456451416
inline-4,25.467195510864258
inline-4,21.296659469604492
inline-4,66.49937438964844
inline-4,9.248241424560547
inline-4,7.982491970062256
inline-4,8.244406700134277
inline-4,9.312850952148438
inline-4,8.171591758728027
inline-4,8.401860237121582
inline-4,8.870705604553223
inline-4,7.3014326095581055
inline-4,9.381879806518555
inline-4,7.079448223114014
inline-4,11.954259872436523
inline-4,8.83702278137207
inline-4,10.358259201049805
inline-4,6.683749675750732
inline-4,7.447161674499512
inline-4,8.196229934692383
inline-4,9.8574800491333
inline-4,25.656902313232422
inline-4,11.831114768981934
inline-4,10.715422630310059
inline-4,20.18552589416504
inline-4,17.304168701171875
inline-4,7.069271564483643
inline-4,8.215897560119629
inline-4,14.694077491760254
inline-4,13.747408866882324
inline-4,20.551355361938477
inline-4,23.887014389038086
inline-4,8.535432815551758
inline-4,6.757897853851318
inline-4,12.944790840148926
inline-4,10.481598854064941
inline-4,85.73884582519531
inline-4,15.785908699035645
inline-4,21.302461624145508
inline-4,14.263205528259277
inline-4,7.687199115753174
inline-4,6.428765773773193
inline-4,34.34562301635742
inline-4,10.976444244384766
inline-4,8.558526039123535
inline-4,10.229930877685547
inline-4,16.201902389526367
inline-4,9.301088333129883
inline-4,7.973239898681641
inline-4,29.174068450927734
inline-4,6.437391757965088
inline-4,28.06066131591797
inline-4,17.70940399169922
inline-4,25.84015655517578
inline-4,7.197373867034912
inline-4,9.904943466186523
inline-4,7.394012451171875
inline-4,7.953075408935547
inline-4,4.7548508644104
inline-4,11.223702430725098
inline-4,14.511521339416504
inline-4,39.518089294433594
inline-4,27.70767593383789
inline-4,8.937492370605469
inline-4,18.315332412719727
inline-4,5.743237495422363
inline-4,7.902290344238281
inline-4,10.225872993469238
inline-4,6.459467887878418
inline-4,18.230560302734375
inline-4,9.007192611694336
inline-4,6.876318454742432
inline-4,15.33906364440918
inline-4,30.93803596496582
inline-4,7.615817546844482
inline-4,11.227316856384277
inline-4,26.95734405517578
inline-4,8.755533218383789
inline-4,8.246501922607422
inline-4,11.522851943969727
inline-4,7.91559362411499
inline-4,10.166548728942871
inline-4,10.991589546203613
inline-4,23.025758743286133
inline-4,19.14640998840332
inline-4,8.301109313964844
inline-4,10.46843147277832
inline-4,5.485515594482422
inline-4,10.622859001159668
inline-4,8.216471672058105
inline-4,10.605264663696289
inline-4,6.8927001953125
inline-4,12.506340026855469
inline-4,10.076868057250977
inline-4,12.943831443786621
inline-4,9.091416358947754
inline-4,19.120328903198242
inline-4,29.28449249267578
inline-4,8.23387336730957
inline-4,20.05664825439453
inline-4,14.473555564880371
inline-4,9.621426582336426
inline-4,8.23392105102539
inline-4,17.49864959716797
inline-4,18.028860092163086
inline-4,23.59596824645996
inline-4,9.919425964355469
inline-4,7.779123783111572
inline-4,12.468766212463379
inline-4,12.53724479675293
inline-4,17.486391067504883
inline-4,21.755964279174805
inline-4,58.42865753173828
inline-4,9.964248657226562
inline-4,11.802264213562012
inline-4,24.508682250976562
inline-4,10.470629692077637
inline-4,33.65745544433594
inline-4,6.142098903656006
inline-4,5.051365852355957
inline-4,9.151434898376465
inline-4,18.71222686767578
inline-4,23.14566993713379
inline-4,6.512345314025879
inline-4,10.696690559387207
inline-4,10.46422004699707
inline-4,8.797857284545898
inline-4,18.903776168823242
inline-4,7.888392448425293
inline-4,7.010533332824707
inline-4,8.832064628601074
inline-4,6.262688636779785
inline-4,12.16365909576416
inline-4,7.744862079620361
inline-4,14.778349876403809
inline-4,30.48272705078125
inline-4,8.855632781982422
inline-4,21.852201461791992
inline-4,10.465818405151367
inline-4,16.073394775390625
inline-4,15.609551429748535
inline-4,23.708087921142578
inline-4,60.805782318115234
inline-4,15.176942825317383
inline-4,6.781365394592285
inline-4,10.559649467468262
inline-4,14.483938217163086
inline-4,8.510015487670898
inline-4,17.317655563354492
inline-4,36.685062408447266
inline-4,13.61184024810791
inline-4,16.092416763305664
inline-4,10.240693092346191
inline-4,6.487245559692383
inline-4,24.444515228271484
inline-4,8.833555221557617
inline-4,9.776359558105469
inline-4,13.656550407409668
inline-4,15.730642318725586
inline-4,11.600297927856445
inline-4,22.097755432128906
inline-4,8.829795837402344
inline-4,11.309196472167969
inline-4,9.40491771697998
inline-4,10.299633026123047
inline-4,6.044032096862793
inline-4,7.665902614593506
inline-4,12.891400337219238
inline-4,10.16556167602539
inline-4,10.459630966186523
inline-4,25.562564849853516
inline-4,33.30197525024414
inline-4,18.835975646972656
inline-4,8.120956420898438
inline-4,29.247238159179688
inline-4,6.966747283935547
inline-4,18.920604705810547
inline-4,20.021724700927734
inline-4,12.875778198242188
inline-4,8.40520191192627
inline-4,14.446080207824707
inline-4,17.94573974609375
inline-4,18.535341262817383
inline-4,10.90955638885498
inline-4,19.611177444458008
inline-4,26.183971405029297
inline-4,9.630290031433105
inline-4,28.58002281188965
inline-4,12.43482494354248
inline-4,9.056358337402344
inline-4,28.84295082092285
inline-4,22.142169952392578
inline-4,30.660310745239258
inline-4,5.8096418380737305
inline-4,8.85569953918457
inline-4,18.0550594329834
inline-4,23.890151977539062
inline-4,11.399105072021484
inline-4,9.173481941223145
inline-4,8.919404983520508
inline-4,12.594069480895996
inline-4,12.31454086303711
inline-4,63.94814682006836
inline-4,25.461841583251953
inline-4,7.871129989624023
inline-4,16.77189064025879
inline-4,12.486153602600098
inline-4,9.254507064819336
inline-4,15.813591003417969
inline-4,11.568103790283203
inline-4,7.256473064422607
inline-4,11.117565155029297
inline-4,16.578441619873047
inline-4,14.50549602508545
inline-4,8.216710090637207
inline-4,31.59061622619629
inline-4,13.49019718170166
inline-4,20.001718521118164
inline-4,11.33169174194336
inline-4,10.68625259399414
inline-4,13.265115737915039
inline-4,24.229318618774414
inline-4,7.531086444854736
inline-4,73.95751953125
inline-4,11.157837867736816
inline-4,9.476974487304688
inline-4,8.517581939697266
inline-4,9.633902549743652
inline-4,6.6220526695251465
inline-4,8.817105293273926
inline-4,5.240113735198975
inline-4,7.141881465911865
inline-4,8.11810302734375
inline-4,9.574193000793457
inline-4,12.041200637817383
inline-4,7.921691417694092
inline-4,30.326396942138672
inline-4,14.30319595336914
inline-4,7.4390153884887695
inline-4,20.851335525512695
inline-4,29.753190994262695
inline-4,7.307556629180908
inline-4,12.01150131225586
inline-4,7.540382385253906
inline-4,9.875716209411621
inline-4,24.431217193603516
inline-4,34.04780197143555
inline-4,8.658323287963867
inline-4,23.7724552154541
inline-4,16.15164566040039
inline-4,23.404216766357422
inline-4,19.167617797851562
inline-4,7.616539001464844
inline-4,9.696999549865723
inline-4,6.186624050140381
inline-4,20.828718185424805
inline-4,7.1458635330200195
inline-4,25.787153244018555
inline-4,22.838191986083984
inline-4,13.111735343933105
inline-4,5.501176357269287
inline-4,21.757688522338867
inline-4,12.287339210510254
inline-4,10.884264945983887
inline-4,27.144542694091797
inline-4,15.89777660369873
inline-4,13.040563583374023
inline-4,5.154952526092529
inline-4,16.939640045166016
inline-4,9.417198181152344
inline-4,10.400832176208496
inline-4,23.514724731445312
inline-4,7.243049621582031
inline-4,9.756146430969238
inline-4,22.53538703918457
inline-4,8.473776817321777
inline-4,16.582548141479492
inline-4,20.283655166625977
inline-4,5.537535190582275
inline-4,10.255090713500977
inline-4,12.239055633544922
inline-4,11.517380714416504
inline-4,29.13062286376953
inline-4,29.59136199951172
inline-4,17.755062103271484
inline-4,21.024032592773438
inline-4,11.664338111877441
inline-4,26.2045955657959
inline-4,8.317862510681152
inline-4,15.321264266967773
inline-4,11.639836311340332
inline-4,8.093955993652344
inline-4,25.94135284423828
inline-4,10.193928718566895
inline-4,12.266589164733887
inline-4,8.830218315124512
inline-4,19.756893157958984
inline-4,19.41083526611328
inline-4,18.719284057617188
inline-4,26.323993682861328
inline-4,5.942077159881592
inline-4,10.139542579650879
inline-4,37.08274459838867
inline-4,6.3057122230529785
inline-4,20.957489013671875
inline-4,7.21428108215332
inline-4,17.223894119262695
inline-4,5.271653175354004
inline-4,19.339435577392578
inline-4,7.783437252044678
inline-4,7.205845832824707
inline-4,17.49417495727539
inline-4,17.964353561401367
inline-4,20.299381256103516
inline-4,26.08644676208496
inline-4,10.562798500061035
inline-4,8.280314445495605
inline-4,9.11375904083252
inline-4,19.784143447875977
inline-4,19.312461853027344
inline-4,13.718090057373047
inline-4,11.685399055480957
inline-4,9.660476684570312
inline-4,10.796159744262695
inline-4,12.346732139587402
inline-4,18.381206512451172
inline-4,8.67335033416748
inline-4,9.800403594970703
inline-4,10.154023170471191
inline-4,27.998451232910156
inline-4,8.572260856628418
inline-4,12.340326309204102
inline-4,13.656838417053223
inline-4,6.825587272644043
inline-4,23.878427505493164
inline-4,12.879761695861816
inline-4,7.120699405670166
inline-4,5.887861251831055
inline-4,15.55693531036377
inline-4,9.864339828491211
inline-4,22.94235610961914
inline-4,19.413312911987305
inline-4,9.683202743530273
inline-4,14.680054664611816
inline-4,13.137588500976562
inline-4,11.877564430236816
inline-4,20.52869415283203
inline-4,20.236791610717773
inline-4,16.806425094604492
inline-4,35.46337890625
inline-4,22.001201629638672
inline-4,11.57738208770752
inline-4,9.861309051513672
inline-4,20.760738372802734
inline-4,6.015748023986816
inline-4,14.034668922424316
inline-4,26.456377029418945
inline-4,10.975403785705566
inline-4,20.57315444946289
inline-4,13.097123146057129
inline-4,6.461592674255371
inline-4,21.899606704711914
inline-4,14.5093412399292
inline-4,19.324569702148438
inline-4,29.574878692626953
inline-4,11.105656623840332
inline-4,13.486405372619629
inline-4,26.280664443969727
inline-4,7.765310764312744
inline-4,18.66752052307129
inline-4,16.873443603515625
inline-4,10.256433486938477
inline-4,8.833888053894043
inline-4,9.814779281616211
inline-4,14.277088165283203
inline-4,9.988141059875488
inline-4,16.089176177978516
inline-4,9.803272247314453
inline-4,5.370748519897461
inline-4,18.908573150634766
inline-4,8.211308479309082
inline-4,16.29478645324707
inline-4,8.340518951416016
inline-4,22.385982513427734
inline-4,10.518104553222656
inline-4,14.909947395324707
inline-4,15.198360443115234
inline-4,10.491280555725098
inline-4,14.942258834838867
inline-4,16.97200584411621
inline-4,22.654617309570312
inline-4,9.74576187133789
inline-4,15.302059173583984
inline-4,14.775243759155273
inline-4,5.799781322479248
inline-4,22.014623641967773
inline-4,7.889611721038818
inline-4,10.109469413757324
inline-4,14.624945640563965
inline-4,16.317094802856445
inline-4,21.639503479003906
inline-4,14.502388000488281
inline-4,11.894790649414062
inline-6,61.55846405029297
inline-6,28.310834884643555
inline-6,33.96036911010742
inline-6,87.57125091552734
inline-6,37.64719772338867
inline-6,16.892375946044922
inline-6,64.62596130371094
inline-6,62.571197509765625
inline-6,34.519378662109375
inline-6,13.79847526550293
inline-6,9.716261863708496
inline-6,87.4345703125
inline-6,50.48122024536133
inline-6,45.44404602050781
inline-6,46.226139068603516
inline-6,59.400691986083984
inline-6,12.770869255065918
inline-6,29.310529708862305
inline-6,14.887113571166992
inline-6,11.819950103759766
inline-6,62.14552307128906
inline-6,33.334022521972656
inline-6,76.57882690429688
inline-6,14.605496406555176
inline-6,15.359241485595703
inline-6,89.45462036132812
inline-6,65.6772689819336
inline-6,26.10274314880371
inline-6,65.32486724853516
inline-6,87.44099426269531
inline-6,71.74442291259766
inline-6,55.2819709777832
inline-6,20.271772384643555
inline-6,22.861875534057617
inline-6,38.729915618896484
inline-6,15.67445182800293
inline-6,14.213302612304688
inline-6,79.82342529296875
inline-6,49.36802673339844
inline-6,52.557674407958984
inline-6,50.508544921875
inline-6,51.98090362548828
inline-6,23.3156681060791
inline-6,70.38556671142578
inline-6,9.71527099609375
inline-6,28.572654724121094
inline-6,13.365221977233887
inline-6,17.592788696289062
inline-6,21.203651428222656
inline-6,70.78072357177734
inline-6,42.29214096069336
inline-6,31.698171615600586
inline-6,34.530391693115234
inline-6,56.750667572021484
inline-6,12.387410163879395
inline-6,15.150857925415039
inline-6,10.341626167297363
inline-6,21.53118896484375
inline-6,58.35404586791992
inline-6,31.65088653564453
inline-6,12.243919372558594
inline-6,14.731847763061523
inline-6,62.43243408203125
inline-6,22.943819046020508
inline-6,46.952510833740234
inline-6,44.090309143066406
inline-6,82.7912368774414
inline-6,13.407557487487793
inline-6,81.66753387451172
inline-6,56.03989028930664
inline-6,17.327770233154297
inline-6,17.908884048461914
inline-6,17.263317108154297
inline-6,74.9357681274414
inline-6,82.06388092041016
inline-6,86.1760482788086
inline-6,34.16228103637695
inline-6,32.34916305541992
inline-6,82.73987579345703
inline-6,13.44199275970459
inline-6,24.953651428222656
inline-6,69.22029876708984
inline-6,86.7167739868164
inline-6,30.155622482299805
inline-6,29.841508865356445
inline-6,9.323122024536133
inline-6,25.37373161315918
inline-6,23.312482833862305
inline-6,62.845699310302734
inline-6,30.223602294921875
inline-6,29.087772369384766
inline-6,81.82154083251953
inline-6,18.78396987915039
inline-6,87.34331512451172
inline-6,23.54334831237793
inline-6,11.264738082885742
inline-6,9.071619033813477
inline-6,71.00830841064453
inline-6,25.62411117553711
inline-6,64.4052963256836
inline-6,32.74797821044922
inline-6,44.70780563354492
inline-6,47.67195129394531
inline-6,88.84852600097656
inline-6,38.60865783691406
inline-6,16.837413787841797
inline-6,22.679616928100586
inline-6,72.70023345947266
inline-6,89.60735321044922
inline-6,31.533390045166016
inline-6,20.70724868774414
inline-6,43.78428268432617
inline-6,14.254262924194336
inline-6,44.14412307739258
inline-6,15.476446151733398
inline-6,30.607315063476562
inline-6,89.70182800292969
inline-6,15.09084415435791
inline-6,17.706270217895508
inline-6,53.81282424926758
inline-6,64.37162017822266
inline-6,12.392821311950684
inline-6,12.681777000427246
inline-6,13.831626892089844
inline-6,62.662269592285156
inline-6,59.9164924621582
inline-6,74.57766723632812
inline-6,9.89423656463623
inline-6,10.692992210388184
inline-6,13.805346488952637
inline-6,25.32990264892578
inline-6,69.01276397705078
inline-6,13.089405059814453
inline-6,9.613821983337402
inline-6,15.398788452148438
inline-6,74.42060089111328
inline-6,19.795743942260742
inline-6,29.181346893310547
inline-6,88.26078796386719
inline-6,9.377752304077148
inline-6,9.213497161865234
inline-6,83.6492691040039
inline-6,24.25737190246582
inline-6,80.6538314819336
inline-6,83.72582244873047
inline-6,73.23023223876953
inline-6,38.31702423095703
inline-6,20.732481002807617
inline-6,74.85452270507812
inline-6,72.93289184570312
inline-6,80.56401824951172
inline-6,78.10562133789062
inline-6,55.952674865722656
inline-6,69.88701629638672
inline-6,51.616798400878906
inline-6,37.11104965209961
inline-6,64.85848999023438
inline-6,87.07073211669922
inline-6,15.351710319519043
inline-6,10.92883014678955
inline-6,38.0233154296875
inline-6,17.043764114379883
inline-6,89.50836181640625
inline-6,40.61757278442383
inline-6,81.1940689086914
inline-6,80.90619659423828
inline-6,43.526283264160156
inline-6,7.947420597076416
inline-6,24.6546573638916
inline-6,17.3122615814209
inline-6,18.338336944580078
inline-6,81.56950378417969
inline-6,68.39640045166016
inline-6,17.994722366333008
inline-6,52.66667556762695
inline-6,61.94641876220703
inline-6,89.56644439697266
inline-6,18.10536003112793
inline-6,16.366762161254883
inline-6,24.73085594177246
inline-6,58.34608840942383
inline-6,72.39627075195312
inline-6,9.182432174682617
inline-6,71.64471435546875
inline-6,10.74013614654541
inline-6,24.3421688079834
inline-6,77.13643646240234
inline-6,16.104597091674805
inline-6,8.423312187194824
inline-6,13.019842147827148
inline-6,12.911988258361816
inline-6,12.201931953430176
inline-6,16.711711883544922
inline-6,30.54913330078125
inline-6,20.424816131591797
inline-6,88.22545623779297
inline-6,50.233863830566406
inline-6,26.733890533447266
inline-6,11.838908195495605
inline-6,13.760522842407227
inline-6,43.933372497558594
inline-6,76.66153717041016
inline-6,12.492817878723145
inline-6,71.4197769165039
inline-6,75.45416259765625
inline-6,35.392669677734375
inline-6,19.988384246826172
inline-6,74.92430877685547
inline-6,63.650577545166016
inline-6,20.2297306060791
inline-6,84.70360565185547
inline-6,6.966465473175049
inline-6,57.33701705932617
inline-6,18.842872619628906
inline-6,75.57263946533203
inline-6,59.214908599853516
inline-6,21.46645164489746
inline-6,71.42609405517578
inline-6,19.20098876953125
inline-6,54.27719497680664
inline-6,23.363948822021484
inline-6,39.829463958740234
inline-6,17.6889591217041
inline-6,14.366288185119629
inline-6,65.55623626708984
inline-6,18.412683486938477
inline-6,19.185667037963867
inline-6,22.960922241210938
inline-6,10.07198715209961
inline-6,14.614580154418945
inline-6,54.97018051147461
inline-6,62.446189880371094
inline-6,44.218624114990234
inline-6,78.84376525878906
inline-6,86.75181579589844
inline-6,31.339157104492188
inline-6,46.23676300048828
inline-6,18.479429244995117
inline-6,53.96171569824219
inline-6,73.55350494384766
inline-6,77.72528076171875
inline-6,87.40965270996094
inline-6,23.653404235839844
inline-6,19.332792282104492
inline-6,13.130794525146484
inline-6,74.9679183959961
inline-6,57.78705978393555
inline-6,13.032963752746582
inline-6,16.15146255493164
inline-6,22.704378128051758
inline-6,13.814602851867676
inline-6,70.70377349853516
inline-6,64.07997131347656
inline-6,80.43310546875
inline-6,57.77981948852539
inline-6,13.729001998901367
inline-6,13.059045791625977
inline-6,59.00257873535156
inline-6,85.59013366699219
inline-6,62.361637115478516
inline-6,8.746665954589844
inline-6,12.820674896240234
inline-6,27.487794876098633
inline-6,81.82118225097656
inline-6,64.58716583251953
inline-6,15.031256675720215
inline-6,16.472944259643555
inline-6,31.598308563232422
inline-6,15.871174812316895
inline-6,80.99011993408203
inline-6,34.6885986328125
inline-6,16.25214385986328
inline-6,11.231437683105469
inline-6,12.521376609802246
inline-6,17.381376266479492
inline-6,85.0146713256836
inline-6,17.942184448242188
inline-6,75.65270233154297
inline-6,10.356663703918457
inline-6,17.389297485351562
inline-6,13.996596336364746
inline-6,16.080263137817383
inline-6,67.82035827636719
inline-6,56.24674987792969
inline-6,14.017788887023926
inline-6,82.41481018066406
inline-6,42.81269073486328
inline-6,54.16116714477539
inline-6,18.31658172607422
inline-6,20.787275314331055
inline-6,9.87143325805664
inline-6,57.06111145019531
inline-6,89.42179870605469
inline-6,49.682342529296875
inline-6,54.56431198120117
inline-6,28.362043380737305
inline-6,20.817161560058594
inline-6,10.354497909545898
inline-6,10.954001426696777
inline-6,19.892845153808594
inline-6,58.96552658081055
inline-6,17.94853401184082
inline-6,24.992033004760742
inline-6,72.87098693847656
inline-6,47.983238220214844
inline-6,25.77618408203125
inline-6,75.62953186035156
inline-6,20.861839294433594
inline-6,26.950963973999023
inline-6,11.98853874206543
inline-6,61.26227951049805
inline-6,13.958040237426758
inline-6,75.29559326171875
inline-6,15.406785011291504
inline-6,69.10331726074219
inline-6,72.23131561279297
inline-6,17.65566062927246
inline-6,60.84626388549805
inline-6,69.92990112304688
inline-6,12.394842147827148
inline-6,9.78635025024414
inline-6,25.080970764160156
inline-6,80.10124206542969
inline-6,14.19852352142334
inline-6,28.33859634399414
inline-6,85.105224609375
inline-6,46.875633239746094
inline-6,78.78270721435547
inline-6,55.13772964477539
inline-6,8.079390525817871
inline-6,4.1323747634887695
inline-6,81.22675323486328
inline-6,52.57905578613281
inline-6,89.80829620361328
inline-6,83.41979217529297
inline-6,23.713335037231445
inline-6,45.88069534301758
inline-6,10.644845962524414
inline-6,14.660799026489258
inline-6,88.61238861083984
inline-6,42.068965911865234
inline-6,82.34375
inline-6,58.62184524536133
inline-6,68.27313232421875
inline-6,83.58563995361328
inline-6,86.64901733398438
inline-6,31.716053009033203
inline-6,60.034996032714844
inline-6,85.24659729003906
inline-6,78.8564453125
inline-6,14.533026695251465
inline-6,88.71064758300781
inline-6,45.084991455078125
inline-6,55.75605392456055
inline-6,84.60858154296875
inline-6,81.57305145263672
inline-6,11.658829689025879
inline-6,30.43042755126953
inline-6,65.31629943847656
inline-6,42.74693298339844
inline-6,11.561119079589844
inline-6,81.21858215332031
inline-6,35.33021545410156
inline-6,13.461723327636719
inline-6,6.810139179229736
inline-6,62.321407318115234
inline-6,9.587530136108398
inline-6,59.95930480957031
inline-6,15.413135528564453
inline-6,82.01119232177734
inline-6,41.388004302978516
inline-6,37.95713424682617
inline-6,81.41896057128906
inline-6,61.70185089111328
inline-6,20.5903377532959
inline-6,14.723479270935059
inline-6,32.21577835083008
inline-6,27.228723526000977
inline-6,34.36680221557617
inline-6,7.052352428436279
inline-6,79.91557312011719
inline-6,70.96522521972656
inline-6,9.289544105529785
inline-6,76.0066909790039
inline-6,81.7774887084961
inline-6,15.344046592712402
inline-6,88.17753601074219
inline-6,25.445425033569336
inline-6,61.69136428833008
inline-6,14.29871654510498
inline-6,85.33755493164062
inline-6,32.9094352722168
inline-6,66.85932159423828
inline-6,43.81813049316406
inline-6,10.778679847717285
inline-6,55.204681396484375
inline-6,78.11003875732422
inline-6,20.069290161132812
inline-6,84.53628540039062
inline-6,67.2070083618164
inline-6,34.6207275390625
inline-6,24.33795166015625
inline-6,12.97506332397461
inline-6,7.172799587249756
inline-6,42.85829544067383
inline-6,26.25135612487793
inline-6,86.66114807128906
inline-6,17.93445587158203
inline-6,80.09559631347656
inline-6,51.89923095703125
inline-6,9.181746482849121
inline-6,88.25505828857422
inline-6,84.7225112915039
inline-6,15.778074264526367
inline-6,30.318931579589844
inline-6,88.43244171142578
inline-6,40.57181930541992
inline-6,69.1995620727539
inline-6,39.26283264160156
inline-6,48.63578796386719
inline-6,13.494295120239258
inline-6,12.72203540802002
inline-6,34.40824508666992
inline-6,76.40090942382812
inline-6,40.81466293334961
inline-6,43.99062728881836
inline-6,78.22818756103516
inline-6,23.842851638793945
inline-6,51.049949645996094
inline-6,10.990747451782227
inline-6,28.252540588378906
inline-6,41.37948989868164
inline-6,18.9216251373291
inline-6,83.01976776123047
inline-6,30.94748306274414
inline-6,39.93400955200195
inline-6,7.20426607131958
inline-6,15.70291805267334
inline-6,63.635135650634766
inline-6,5.965946674346924
inline-6,42.2721061706543
inline-6,61.30707931518555
inline-6,31.98735237121582
inline-6,16.704727172851562
inline-6,25.265729904174805
inline-6,77.12910461425781
inline-6,40.9379768371582
inline-6,89.59480285644531
inline-6,46.22297668457031
inline-6,18.064809799194336
inline-6,12.024606704711914
inline-6,52.719207763671875
inline-6,13.355379104614258
inline-6,12.27330493927002
inline-6,57.01644515991211
inline-6,61.30765151977539
inline-6,78.80321502685547
inline-6,16.993030548095703
inline-6,75.19828033447266
inline-6,67.94318389892578
inline-6,18.819204330444336
inline-6,70.87447357177734
inline-6,23.805084228515625
inline-6,28.55714225769043
inline-6,58.208072662353516
inline-6,80.45956420898438
inline-6,88.98860931396484
inline-6,41.146949768066406
inline-6,66.73524475097656
inline-6,77.83094024658203
inline-6,58.79212188720703
inline-6,36.095699310302734
inline-6,74.6806411743164
inline-6,64.15152740478516
inline-6,10.538813591003418
inline-6,7.301727771759033
inline-6,85.77157592773438
inline-6,82.43793487548828
inline-6,19.068862915039062
inline-6,52.99363327026367
inline-6,89.84527587890625
inline-6,79.0618896484375
inline-6,39.13774490356445
inline-6,71.34033966064453
inline-6,14.141438484191895
inline-6,64.1054916381836
inline-6,26.676197052001953
inline-6,79.89923858642578
inline-6,79.2182846069336
inline-6,30.17303466796875
inline-6,11.85311508178711
inline-6,21.100786209106445
inline-6,85.9609603881836
inline-6,15.413147926330566
inline-6,84.21186065673828
inline-6,26.886028289794922
inline-6,36.36888885498047
inline-6,35.51018142700195
inline-6,71.44024658203125
inline-6,40.34254455566406
inline-6,80.06790161132812
inline-6,42.67911148071289
inline-6,15.589892387390137
inline-6,61.35262680053711
inline-6,45.04475402832031
inline-6,69.61203002929688
inline-6,55.20903778076172
inline-6,21.711097717285156
inline-6,32.544010162353516
inline-6,85.87427520751953
inline-6,11.069838523864746
inline-6,53.6088752746582
inline-6,81.49297332763672
inline-6,51.619972229003906
inline-6,14.03381061553955
inline-6,81.59170532226562
inline-6,61.045406341552734
inline-6,71.23558807373047
inline-6,80.54515838623047
inline-6,80.18596649169922
inline-6,14.813039779663086
inline-6,88.78628540039062
inline-6,87.50093841552734
inline-6,32.85317611694336
inline-6,13.440655708312988
inline-6,73.74615478515625
inline-6,19.400907516479492
inline-6,47.82635498046875
inline-6,17.396209716796875
inline-6,86.49080657958984
inline-6,80.43852233886719
inline-6,74.2776870727539
inline-6,36.848236083984375
inline-6,29.252124786376953
inline-6,29.8432559967041
inline-6,60.17384719848633
inline-6,22.493515014648438
inline-6,29.917346954345703
inline-6,37.115718841552734
inline-6,16.355194091796875
inline-6,27.176908493041992
inline-6,17.963743209838867
inline-6,81.43711853027344
inline-6,31.741416931152344
inline-6,15.682476997375488
inline-6,89.69779205322266
inline-6,28.867656707763672
inline-6,29.00032615661621
inline-6,17.189525604248047
inline-6,7.787168979644775
inline-6,88.9657211303711
inline-6,15.412647247314453
inline-6,83.11483001708984
inline-6,32.408416748046875
inline-6,15.290409088134766
inline-6,70.11346435546875
inline-6,36.098358154296875
inline-6,30.731563568115234
inline-6,38.19914627075195
inline-6,54.1838493347168
inline-6,10.275825500488281
inline-6,7.433421611785889
inline-6,32.949954986572266
inline-6,33.28933334350586
inline-6,53.64739990234375
inline-6,30.45506477355957
inline-6,22.43083953857422
inline-6,12.361002922058105
inline-6,45.9222412109375
inline-6,69.12086486816406
inline-6,21.241512298583984
inline-6,18.95932388305664
inline-6,61.562110900878906
inline-6,52.442787170410156
inline-6,30.639001846313477
inline-6,18.53129005432129
inline-6,13.153325080871582
inline-6,71.17960357666016
inline-6,68.02134704589844
inline-6,8.004300117492676
inline-6,72.60954284667969
inline-6,63.381500244140625
inline-6,49.301204681396484
inline-6,28.2871150970459
inline-6,27.51202392578125
inline-6,64.60328674316406
inline-6,14.72366714477539
inline-6,34.933074951171875
inline-6,15.725125312805176
inline-6,72.8530044555664
inline-6,82.54608154296875
inline-6,47.339759826660156
inline-6,30.748441696166992
inline-6,80.07610321044922
inline-6,24.124343872070312
inline-6,34.254024505615234
inline-6,64.01296997070312
inline-6,11.968940734863281
inline-6,24.773483276367188
inline-6,25.452999114990234
inline-6,80.38053894042969
inline-6,12.458749771118164
inline-6,12.951481819152832
inline-6,83.71257781982422
inline-6,67.43988037109375
inline-6,27.282428741455078
inline-6,59.5057258605957
inline-6,86.45914459228516
inline-6,83.6393051147461
inline-6,12.463909149169922
inline-6,21.92348289489746
inline-6,10.050209999084473
inline-6,13.84643268585205
inline-6,11.176142692565918
inline-6,73.8177719116211
inline-6,19.658466339111328
inline-6,14.170315742492676
inline-6,62.36093521118164
inline-6,19.247114181518555
inline-6,36.5933723449707
inline-6,28.176084518432617
inline-6,45.01849365234375
inline-6,7.199036121368408
inline-6,80.7695541381836
inline-6,37.582637786865234
inline-6,8.81382942199707
inline-6,81.72423553466797
inline-6,12.099878311157227
inline-6,35.834041595458984
inline-6,8.84626579284668
inline-6,14.300997734069824
inline-6,19.300220489501953
inline-6,88.10430908203125
inline-6,70.43711853027344
inline-6,81.3076171875
inline-6,33.352516174316406
inline-6,17.629587173461914
inline-6,8.561554908752441
inline-6,14.521112442016602
inline-6,55.21466064453125
inline-6,32.581443786621094
inline-6,39.34195327758789
inline-6,74.1427230834961
inline-6,15.069684982299805
inline-6,31.99697494506836
inline-6,27.62262535095215
inline-6,14.78521728515625
inline-6,57.497581481933594
inline-6,19.188337326049805
inline-6,15.833793640136719
inline-6,13.27869701385498
inline-6,38.151363372802734
inline-6,79.41976928710938
inline-6,19.895442962646484
inline-6,21.731019973754883
inline-6,10.52167797088623
inline-6,41.45766067504883
inline-6,39.88255310058594
inline-6,56.808860778808594
inline-6,79.22152709960938
inline-6,11.114021301269531
inline-6,69.52912902832031
inline-6,57.180450439453125
inline-6,36.050537109375
inline-6,14.958328247070312
inline-6,67.34700012207031
inline-6,85.80142211914062
inline-6,79.1435317993164
inline-6,10.231162071228027
inline-6,12.2055025100708
inline-6,35.28038787841797
inline-6,77.02366638183594
inline-6,14.014179229736328
inline-6,41.521339416503906
inline-6,61.71344757080078
inline-6,69.86493682861328
inline-6,45.99723434448242
inline-6,87.06525421142578
inline-6,75.81986236572266
inline-6,79.26419067382812
inline-6,21.890945434570312
inline-6,55.251861572265625
inline-6,59.096248626708984
inline-6,76.92240905761719
inline-6,45.953102111816406
inline-6,24.142593383789062
inline-6,78.18289947509766
inline-6,11.86727237701416
inline-6,69.57030487060547
inline-6,72.73463439941406
inline-6,23.000415802001953
inline-6,68.00719451904297
inline-6,17.67677116394043
inline-6,11.183381080627441
inline-6,86.20053100585938
inline-6,17.91725730895996
inline-6,85.32884979248047
inline-6,22.34248924255371
inline-6,88.80042266845703
inline-6,8.067913055419922
inline-6,35.32320785522461
inline-6,64.9383316040039
inline-6,81.78638458251953
inline-6,76.13042449951172
inline-6,44.2260627746582
inline-6,32.572811126708984
inline-6,10.553106307983398
inline-6,32.75557327270508
inline-6,28.634302139282227
inline-6,44.151039123535156
inline-6,37.58464431762695
inline-6,56.86159133911133
inline-6,79.69518280029297
inline-6,13.660309791564941
inline-6,89.64112091064453
inline-6,29.543325424194336
inline-6,74.62059020996094
inline-6,42.39799880981445
inline-6,13.495787620544434
inline-6,22.650787353515625
inline-6,76.9186019897461
inline-6,16.924877166748047
inline-6,81.4755630493164
inline-6,62.35491180419922
inline-6,11.470129013061523
inline-6,55.78028106689453
inline-6,13.137588500976562
inline-6,14.038640022277832
inline-6,20.41347885131836
inline-6,9.5343599319458
inline-6,40.156158447265625
inline-6,20.871166229248047
inline-6,86.898681640625
inline-6,62.61952590942383
inline-6,40.80066680908203
inline-6,27.017316818237305
inline-6,86.61031341552734
inline-6,43.43825149536133
inline-6,57.05463790893555
inline-6,9.95569896697998
inline-6,27.601633071899414
inline-6,26.452390670776367
inline-6,76.31420135498047
inline-6,16.419689178466797
inline-6,20.541467666625977
inline-6,34.51926803588867
inline-6,81.4028091430664
inline-6,84.45099639892578
inline-6,82.64427185058594
inline-6,66.96311950683594
inline-6,11.580835342407227
inline-6,78.8444595336914
inline-6,9.516715049743652
inline-6,21.53549575805664
inline-6,17.528656005859375
inline-6,59.50300598144531
inline-6,36.00908279418945
inline-6,8.451173782348633
inline-6,7.664059162139893
inline-6,12.683923721313477
inline-6,78.78924560546875
inline-6,39.251502990722656
inline-6,29.519123077392578
inline-6,13.681983947753906
inline-6,15.451086044311523
inline-6,42.84467315673828
inline-6,28.12527847290039
inline-6,31.338224411010742
inline-6,75.87279510498047
inline-6,23.325838088989258
inline-6,51.49369430541992
inline-6,12.898930549621582
inline-6,10.403120994567871
inline-6,20.611595153808594
inline-6,71.36937713623047
inline-6,33.41151809692383
inline-6,6.439127445220947
inline-6,61.69890594482422
inline-6,78.3851089477539
inline-6,22.917646408081055
inline-6,7.8748698234558105
inline-6,58.119140625
inline-6,17.144424438476562
inline-6,32.98323440551758
inline-6,72.3463363647461
inline-6,12.598689079284668
inline-6,7.508408546447754
inline-6,13.273104667663574
inline-6,19.078039169311523
inline-6,32.48035430908203
inline-6,12.20315933227539
inline-6,11.221755027770996
inline-6,67.17093658447266
inline-6,14.229650497436523
inline-6,67.30191040039062
inline-6,86.51891326904297
inline-6,52.12037658691406
inline-6,36.859432220458984
inline-6,84.19970703125
inline-6,48.172142028808594
inline-6,10.034071922302246
inline-6,47.90077209472656
inline-6,75.52439880371094
inline-6,19.510173797607422
inline-6,79.36858367919922
inline-6,11.478609085083008
inline-6,19.048437118530273
inline-6,88.17765808105469
inline-6,22.29570770263672
inline-6,81.70684814453125
inline-6,63.249393463134766
inline-6,66.39759063720703
inline-6,10.288989067077637
inline-6,7.0326313972473145
inline-6,17.358142852783203
inline-6,30.18111801147461
inline-6,49.484222412109375
inline-6,41.73530197143555
inline-6,8.440570831298828
inline-6,10.81242847442627
inline-6,18.480722427368164
inline-6,10.710555076599121
inline-6,12.865352630615234
inline-6,51.876617431640625
inline-6,16.306697845458984
inline-6,12.01553726196289
inline-6,28.96102523803711
inline-6,16.623016357421875
inline-6,54.789093017578125
inline-6,87.22305297851562
inline-6,78.52437591552734
inline-6,31.626792907714844
inline-6,9.950384140014648
inline-6,24.92161750793457
inline-6,62.37776565551758
inline-6,25.842405319213867
inline-6,81.70382690429688
inline-6,89.29623413085938
inline-6,63.40604782104492
inline-6,55.94889450073242
inline-6,11.013509750366211
inline-6,88.18820190429688
inline-6,19.636032104492188
inline-6,10.830636024475098
inline-6,21.987823486328125
inline-6,8.760086059570312
inline-6,88.8275375366211
inline-6,24.758586883544922
inline-6,70.977783203125
inline-6,82.52458953857422
inline-6,37.10136032104492
inline-6,67.71204376220703
inline-6,71.51924896240234
inline-6,9.653310775756836
inline-6,36.886295318603516
inline-6,41.19608688354492
inline-6,23.714847564697266
inline-6,23.872488021850586
inline-6,24.591346740722656
inline-6,88.16488647460938
inline-6,69.20166778564453
inline-6,12.163026809692383
inline-6,6.919398307800293
inline-6,51.5289421081543
inline-6,43.287593841552734
inline-6,13.869873046875
inline-6,40.874263763427734
inline-6,79.04251861572266
inline-6,79.11080169677734
inline-6,7.757521629333496
inline-6,80.45332336425781
inline-6,57.546695709228516
inline-6,6.7608866691589355
inline-6,47.549468994140625
inline-6,86.59819793701172
inline-6,86.75450897216797
inline-6,86.83364868164062
inline-6,26.840394973754883
inline-6,85.30987548828125
inline-6,23.4102783203125
inline-6,27.060272216796875
inline-6,32.49208450317383
inline-6,11.015922546386719
inline-6,14.708112716674805
inline-6,10.578194618225098
inline-6,15.708897590637207
inline-6,29.70035171508789
inline-6,68.7857894897461
inline-6,12.180665969848633
inline-6,47.14337921142578
inline-6,6.848508834838867
inline-6,26.444425582885742
inline-6,8.492690086364746
inline-6,78.12513732910156
inline-6,52.57865524291992
inline-6,11.508517265319824
inline-6,27.42987823486328
inline-6,25.023088455200195
inline-6,87.08578491210938
inline-6,14.786260604858398
inline-6,14.91928768157959
inline-6,41.353981018066406
inline-6,48.90135192871094
inline-6,18.93400764465332
inline-6,33.320343017578125
inline-6,37.87125778198242
inline-6,13.39834976196289
inline-6,36.03745651245117
inline-6,72.05480194091797
inline-6,40.55259323120117
inline-6,69.97189331054688
inline-6,53.0585823059082
inline-6,72.10960388183594
inline-6,11.00294017791748
inline-6,43.07777786254883
inline-6,17.716047286987305
inline-6,9.689596176147461
inline-6,53.967533111572266
inline-6,36.869895935058594
inline-6,77.73538208007812
inline-6,53.29006576538086
inline-6,53.66636276245117
inline-6,11.009950637817383
inline-6,13.976235389709473
inline-6,9.3446626663208
inline-6,53.62876892089844
inline-6,48.54943084716797
inline-6,61.12858963012695
inline-6,74.13177490234375
inline-6,23.361648559570312
inline-6,23.90387725830078
inline-6,21.946292877197266
inline-6,58.533447265625
inline-6,65.94636535644531
inline-6,19.251846313476562
inline-6,32.78732681274414
inline-6,27.308189392089844
inline-6,43.09809494018555
inline-6,24.881826400756836
inline-6,70.85783386230469
inline-6,75.41954040527344
inline-6,48.01212692260742
inline-6,59.852500915527344
inline-6,11.317012786865234
inline-6,11.290809631347656
inline-6,74.9936752319336
inline-6,75.05933380126953
inline-6,30.463014602661133
inline-6,12.225500106811523
inline-6,54.82949447631836
inline-6,11.027569770812988
inline-6,37.161376953125
inline-6,88.80717468261719
inline-6,28.01154327392578
inline-6,20.979658126831055
inline-6,33.33457565307617
inline-6,27.644155502319336
inline-6,85.81979370117188
inline-6,27.044233322143555
inline-6,29.31353187561035
inline-6,11.280967712402344
inline-6,19.17156982421875
inline-6,52.856754302978516
inline-6,20.545225143432617
inline-6,63.46415328979492
inline-6,64.6599349975586
inline-6,46.3707275390625
inline-6,29.971315383911133
inline-6,13.079176902770996
inline-6,41.781131744384766
inline-6,12.535514831542969
inline-6,53.597328186035156
inline-6,65.26319885253906
inline-6,20.186664581298828
inline-6,61.938507080078125
inline-6,10.000322341918945
inline-6,31.34884262084961
inline-6,38.35654067993164
inline-6,80.72393798828125
inline-6,54.25029373168945
inline-6,31.028358459472656
inline-6,15.07425594329834
inline-6,66.73428344726562
inline-6,25.985721588134766
inline-6,28.8219051361084
inline-6,11.672325134277344
inline-6,76.57396697998047
inline-6,49.414493560791016
inline-6,26.285985946655273
inline-6,10.931279182434082
inline-6,46.954193115234375
inline-6,34.29498291015625
inline-6,17.126365661621094
inline-6,42.224456787109375
inline-6,22.2101993560791
inline-6,20.394447326660156
inline-6,12.066401481628418
inline-6,70.59745788574219
inline-6,18.448978424072266
inline-6,49.66661834716797
single-cylinder,15.375208854675293
single-cylinder,25.255165100097656
single-cylinder,12.72834587097168
single-cylinder,31.411258697509766
single-cylinder,15.023628234863281
single-cylinder,6.997846603393555
single-cylinder,21.639936447143555
single-cylinder,18.90928840637207
single-cylinder,8.719405174255371
single-cylinder,14.232817649841309
single-cylinder,9.645282745361328
single-cylinder,11.572717666625977
single-cylinder,18.317222595214844
single-cylinder,11.660858154296875
single-cylinder,11.86695671081543
single-cylinder,20.871837615966797
single-cylinder,17.541156768798828
single-cylinder,33.161624908447266
single-cylinder,7.2183051109313965
single-cylinder,23.120271682739258
single-cylinder,18.91676902770996
single-cylinder,12.025786399841309
single-cylinder,18.920940399169922
single-cylinder,21.433149337768555
single-cylinder,9.870497703552246
single-cylinder,22.073759078979492
single-cylinder,21.321142196655273
single-cylinder,14.845343589782715
single-cylinder,16.426210403442383
single-cylinder,8.89379596710205
single-cylinder,6.347117900848389
single-cylinder,23.082618713378906
single-cylinder,21.011817932128906
single-cylinder,20.61316680908203
single-cylinder,13.210860252380371
single-cylinder,12.356168746948242
single-cylinder,16.646244049072266
single-cylinder,19.880525588989258
single-cylinder,7.5343427658081055
single-cylinder,10.344156265258789
single-cylinder,13.490269660949707
single-cylinder,10.851988792419434
single-cylinder,12.530997276306152
single-cylinder,7.955517768859863
single-cylinder,26.05410385131836
single-cylinder,9.39096736907959
single-cylinder,11.563436508178711
single-cylinder,18.603063583374023
single-cylinder,12.116354942321777
single-cylinder,23.159238815307617
single-cylinder,18.350826263427734
single-cylinder,9.603612899780273
single-cylinder,17.984661102294922
single-cylinder,20.59317398071289
single-cylinder,12.46565055847168
single-cylinder,15.719843864440918
single-cylinder,6.0988898277282715
single-cylinder,9.928382873535156
single-cylinder,12.183676719665527
single-cylinder,11.427115440368652
single-cylinder,23.852243423461914
single-cylinder,21.78175926208496
single-cylinder,13.651934623718262
single-cylinder,15.750683784484863
single-cylinder,21.020395278930664
single-cylinder,13.359681129455566
single-cylinder,8.77977466583252
single-cylinder,21.0941162109375
single-cylinder,13.313830375671387
single-cylinder,16.115476608276367
single-cylinder,12.657112121582031
single-cylinder,10.17271900177002
single-cylinder,16.318784713745117
single-cylinder,10.888605117797852
single-cylinder,11.668070793151855
single-cylinder,22.255210876464844
single-cylinder,23.705793380737305
single-cylinder,9.037854194641113
single-cylinder,17.95195770263672
single-cylinder,8.890636444091797
single-cylinder,11.639514923095703
single-cylinder,12.718452453613281
single-cylinder,14.526247024536133
single-cylinder,16.031848907470703
single-cylinder,5.552379131317139
single-cylinder,13.530834197998047
single-cylinder,12.92025375366211
single-cylinder,8.558320045471191
single-cylinder,10.043025016784668
single-cylinder,16.696979522705078
single-cylinder,11.602063179016113
single-cylinder,30.565080642700195
single-cylinder,10.673629760742188
single-cylinder,19.234905242919922
single-cylinder,15.522452354431152
single-cylinder,11.908287048339844
single-cylinder,12.094778060913086
single-cylinder,14.507922172546387
single-cylinder,21.710311889648438
single-cylinder,14.458369255065918
single-cylinder,22.6886043548584
single-cylinder,17.95547103881836
single-cylinder,9.198469161987305
single-cylinder,12.189112663269043
single-cylinder,21.555219650268555
single-cylinder,13.595345497131348
single-cylinder,9.085882186889648
single-cylinder,24.270326614379883
single-cylinder,14.33789348602295
single-cylinder,10.342635154724121
single-cylinder,12.4022216796875
single-cylinder,21.70128059387207
single-cylinder,9.732254981994629
single-cylinder,8.214153289794922
single-cylinder,16.005104064941406
single-cylinder,11.612451553344727
single-cylinder,15.183879852294922
single-cylinder,10.064621925354004
single-cylinder,17.310161590576172
single-cylinder,13.721199989318848
single-cylinder,20.977293014526367
single-cylinder,16.088151931762695
single-cylinder,16.774564743041992
single-cylinder,14.43506908416748
single-cylinder,11.701440811157227
single-cylinder,15.068147659301758
single-cylinder,10.965551376342773
single-cylinder,11.628643035888672
single-cylinder,11.325102806091309
single-cylinder,14.927522659301758
single-cylinder,16.89396095275879
single-cylinder,20.94222640991211
single-cylinder,11.601367950439453
single-cylinder,13.169493675231934
single-cylinder,8.990402221679688
single-cylinder,19.759702682495117
single-cylinder,5.9501872062683105
single-cylinder,27.038854598999023
single-cylinder,8.455262184143066
single-cylinder,23.164432525634766
single-cylinder,7.478398323059082
single-cylinder,13.3649263381958
single-cylinder,12.994715690612793
single-cylinder,19.080554962158203
single-cylinder,11.811843872070312
single-cylinder,14.312137603759766
single-cylinder,11.811460494995117
single-cylinder,21.534482955932617
single-cylinder,20.90519905090332
single-cylinder,23.517353057861328
single-cylinder,9.010988235473633
single-cylinder,7.83726692199707
single-cylinder,19.09377670288086
single-cylinder,15.98572063446045
single-cylinder,13.197031021118164
single-cylinder,10.704286575317383
single-cylinder,11.229228019714355
single-cylinder,13.511174201965332
single-cylinder,19.779157638549805
single-cylinder,23.582714080810547
single-cylinder,27.95014762878418
single-cylinder,8.02081298828125
single-cylinder,13.593109130859375
single-cylinder,10.985498428344727
single-cylinder,7.483224868774414
single-cylinder,17.794618606567383
single-cylinder,18.27678871154785
single-cylinder,20.592058181762695
single-cylinder,10.339324951171875
single-cylinder,15.842840194702148
single-cylinder,9.513575553894043
single-cylinder,11.347896575927734
single-cylinder,11.261223793029785
single-cylinder,20.93174171447754
single-cylinder,11.477802276611328
single-cylinder,24.25206756591797
single-cylinder,16.396900177001953
single-cylinder,14.808042526245117
single-cylinder,9.157252311706543
single-cylinder,18.232088088989258
single-cylinder,14.990591049194336
single-cylinder,17.849538803100586
single-cylinder,16.139881134033203
single-cylinder,10.925496101379395
single-cylinder,17.646997451782227
single-cylinder,15.604652404785156
single-cylinder,17.46041488647461
single-cylinder,17.743288040161133
single-cylinder,8.714582443237305
single-cylinder,14.687397003173828
single-cylinder,14.0076904296875
single-cylinder,12.672486305236816
single-cylinder,9.263761520385742
single-cylinder,9.332518577575684
single-cylinder,20.959789276123047
single-cylinder,14.02578067779541
single-cylinder,13.32530403137207
single-cylinder,7.450770378112793
single-cylinder,17.91147232055664
single-cylinder,11.771653175354004
single-cylinder,17.432382583618164
single-cylinder,19.491043090820312
single-cylinder,20.025775909423828
single-cylinder,8.923941612243652
single-cylinder,22.8104248046875
single-cylinder,20.095657348632812
single-cylinder,26.025537490844727
single-cylinder,20.57162857055664
single-cylinder,10.776689529418945
single-cylinder,11.716872215270996
single-cylinder,6.830929756164551
single-cylinder,19.214908599853516
single-cylinder,15.899171829223633
single-cylinder,13.01553726196289
single-cylinder,20.431303024291992
single-cylinder,20.502033233642578
single-cylinder,14.907902717590332
single-cylinder,14.254664421081543
single-cylinder,12.11349105834961
single-cylinder,14.000831604003906
single-cylinder,21.16568946838379
single-cylinder,14.515554428100586
single-cylinder,13.151598930358887
single-cylinder,22.78574562072754
single-cylinder,9.02334213256836
single-cylinder,9.905975341796875
single-cylinder,17.11073875427246
single-cylinder,11.931203842163086
single-cylinder,6.457282066345215
single-cylinder,13.40599536895752
single-cylinder,15.315678596496582
single-cylinder,24.76015281677246
single-cylinder,10.170089721679688
single-cylinder,15.856244087219238
single-cylinder,20.530271530151367
single-cylinder,14.701642036437988
single-cylinder,11.189613342285156
single-cylinder,17.300792694091797
single-cylinder,14.99620246887207
single-cylinder,10.488449096679688
single-cylinder,8.146036148071289
single-cylinder,13.872308731079102
single-cylinder,15.740200996398926
single-cylinder,21.805362701416016
single-cylinder,6.977241516113281
single-cylinder,14.381694793701172
single-cylinder,25.464765548706055
single-cylinder,14.002836227416992
single-cylinder,18.260601043701172
single-cylinder,25.903667449951172
single-cylinder,17.559574127197266
single-cylinder,14.643678665161133
single-cylinder,17.82598114013672
single-cylinder,19.431007385253906
single-cylinder,6.799532890319824
single-cylinder,18.319374084472656
single-cylinder,28.292964935302734
single-cylinder,20.78864097595215
single-cylinder,18.15378189086914
single-cylinder,19.257553100585938
single-cylinder,7.890557765960693
single-cylinder,10.30010986328125
single-cylinder,11.818199157714844
single-cylinder,14.426326751708984
single-cylinder,17.338146209716797
single-cylinder,17.479389190673828
single-cylinder,9.895349502563477
single-cylinder,9.853808403015137
single-cylinder,15.94369125366211
single-cylinder,20.740718841552734
single-cylinder,17.898963928222656
single-cylinder,13.77865982055664
single-cylinder,15.302667617797852
single-cylinder,15.50317096710205
single-cylinder,18.40154457092285
single-cylinder,18.62196159362793
single-cylinder,20.724414825439453
single-cylinder,9.541305541992188
single-cylinder,8.565155982971191
single-cylinder,11.482333183288574
single-cylinder,21.919897079467773
single-cylinder,20.32248306274414
single-cylinder,7.578206539154053
single-cylinder,11.635028839111328
single-cylinder,16.089336395263672
single-cylinder,21.762109756469727
single-cylinder,8.486374855041504
single-cylinder,16.045347213745117
single-cylinder,16.204864501953125
single-cylinder,14.584990501403809
single-cylinder,14.199596405029297
single-cylinder,9.593413352966309
single-cylinder,8.282875061035156
single-cylinder,20.576797485351562
single-cylinder,17.525833129882812
single-cylinder,14.542032241821289
single-cylinder,10.855253219604492
single-cylinder,13.375014305114746
single-cylinder,15.045167922973633
single-cylinder,13.353249549865723
single-cylinder,12.988730430603027
single-cylinder,7.147949695587158
single-cylinder,6.931718349456787
single-cylinder,20.473609924316406
single-cylinder,12.5819730758667
single-cylinder,11.3731050491333
single-cylinder,13.881991386413574
single-cylinder,22.982702255249023
single-cylinder,24.091594696044922
single-cylinder,14.838357925415039
single-cylinder,18.09033203125
single-cylinder,14.943781852722168
single-cylinder,9.248708724975586
single-cylinder,13.39346981048584
single-cylinder,17.756954193115234
single-cylinder,15.197955131530762
single-cylinder,19.43707275390625
single-cylinder,16.84441566467285
single-cylinder,19.62514305114746
single-cylinder,19.305448532104492
single-cylinder,8.779036521911621
single-cylinder,30.291635513305664
single-cylinder,29.114349365234375
single-cylinder,13.479975700378418
single-cylinder,18.66162872314453
single-cylinder,10.42852783203125
single-cylinder,18.98002052307129
single-cylinder,10.416709899902344
single-cylinder,13.982709884643555
single-cylinder,15.203465461730957
single-cylinder,19.389192581176758
single-cylinder,8.834400177001953
single-cylinder,21.617952346801758
single-cylinder,20.17267608642578
single-cylinder,11.511871337890625
single-cylinder,18.800445556640625
single-cylinder,16.89581871032715
single-cylinder,31.777599334716797
single-cylinder,11.375650405883789
single-cylinder,11.634469032287598
single-cylinder,23.101469039916992
single-cylinder,8.966134071350098
single-cylinder,7.695874214172363
single-cylinder,17.158924102783203
single-cylinder,11.152400970458984
single-cylinder,8.546746253967285
single-cylinder,26.472524642944336
single-cylinder,6.495008945465088
single-cylinder,17.68144989013672
single-cylinder,7.684722423553467
single-cylinder,13.479902267456055
single-cylinder,12.00529670715332
single-cylinder,13.919903755187988
single-cylinder,8.081042289733887
single-cylinder,11.766511917114258
single-cylinder,19.40235710144043
single-cylinder,9.091330528259277
single-cylinder,14.841385841369629
single-cylinder,22.235626220703125
single-cylinder,11.520561218261719
single-cylinder,10.59000015258789
single-cylinder,20.269533157348633
single-cylinder,22.80866241455078
single-cylinder,18.671308517456055
single-cylinder,17.7391414642334
single-cylinder,23.23181915283203
single-cylinder,16.87714958190918
single-cylinder,14.254331588745117
single-cylinder,21.334400177001953
single-cylinder,11.199164390563965
single-cylinder,12.777310371398926
single-cylinder,14.547825813293457
single-cylinder,6.177331924438477
single-cylinder,10.229815483093262
single-cylinder,15.935397148132324
single-cylinder,17.900196075439453
single-cylinder,13.81084156036377
single-cylinder,10.435826301574707
single-cylinder,17.34391975402832
single-cylinder,20.822744369506836
single-cylinder,22.882312774658203
single-cylinder,17.382312774658203
single-cylinder,21.191600799560547
single-cylinder,9.512459754943848
single-cylinder,19.298019409179688
single-cylinder,19.403310775756836
single-cylinder,20.230056762695312
single-cylinder,9.687891960144043
single-cylinder,7.824257850646973
single-cylinder,9.936856269836426
single-cylinder,17.381959915161133
single-cylinder,12.468086242675781
single-cylinder,12.361817359924316
single-cylinder,18.53973388671875
single-cylinder,9.78984546661377
single-cylinder,12.282282829284668
single-cylinder,13.48161506652832
single-cylinder,16.77179527282715
single-cylinder,14.974686622619629
single-cylinder,10.165658950805664
single-cylinder,13.658502578735352
single-cylinder,11.725109100341797
single-cylinder,7.901843547821045
single-cylinder,16.75815773010254
single-cylinder,13.063775062561035
single-cylinder,16.58043098449707
single-cylinder,10.121661186218262
single-cylinder,13.946949005126953
single-cylinder,14.259851455688477
single-cylinder,21.930898666381836
single-cylinder,22.237539291381836
single-cylinder,18.364551544189453
single-cylinder,11.280025482177734
single-cylinder,19.5374698638916
single-cylinder,13.811656951904297
single-cylinder,11.77049732208252
single-cylinder,33.46501541137695
single-cylinder,18.037189483642578
single-cylinder,9.027761459350586
single-cylinder,18.560827255249023
single-cylinder,23.930185317993164
single-cylinder,21.921342849731445
single-cylinder,14.385489463806152
single-cylinder,13.830841064453125
single-cylinder,10.028817176818848
single-cylinder,8.501496315002441
single-cylinder,23.98833656311035
single-cylinder,12.794794082641602
single-cylinder,6.336730003356934
single-cylinder,18.923311233520508
single-cylinder,20.16742706298828
single-cylinder,21.384244918823242
single-cylinder,19.511146545410156
single-cylinder,10.463749885559082
single-cylinder,30.79227638244629
single-cylinder,16.040637969970703
single-cylinder,15.794179916381836
single-cylinder,14.421542167663574
single-cylinder,8.781004905700684
single-cylinder,13.466797828674316
single-cylinder,11.347254753112793
single-cylinder,11.96772289276123
single-cylinder,10.536311149597168
single-cylinder,19.854549407958984
single-cylinder,20.35951042175293
single-cylinder,9.310443878173828
single-cylinder,12.35884952545166
single-cylinder,10.894009590148926
single-cylinder,16.668296813964844
single-cylinder,19.73833465576172
single-cylinder,5.65544319152832
single-cylinder,18.7124080657959
single-cylinder,11.230315208435059
single-cylinder,18.409255981445312
single-cylinder,17.36075210571289
single-cylinder,19.490942001342773
single-cylinder,8.757552146911621
single-cylinder,19.452789306640625
single-cylinder,14.853979110717773
single-cylinder,13.324962615966797
single-cylinder,17.726224899291992
single-cylinder,20.595640182495117
single-cylinder,15.950751304626465
single-cylinder,17.902318954467773
single-cylinder,14.09292221069336
single-cylinder,25.039060592651367
single-cylinder,16.610586166381836
single-cylinder,22.50450897216797
single-cylinder,14.347128868103027
single-cylinder,7.457878112792969
single-cylinder,12.565563201904297
single-cylinder,22.54109764099121
single-cylinder,13.126945495605469
single-cylinder,14.166786193847656
single-cylinder,9.232929229736328
single-cylinder,34.78733444213867
single-cylinder,20.7237491607666
single-cylinder,12.297348976135254
single-cylinder,20.467174530029297
single-cylinder,15.32697582244873
single-cylinder,9.185898780822754
single-cylinder,8.817483901977539
single-cylinder,7.422828674316406
single-cylinder,12.800390243530273
single-cylinder,7.708029270172119
single-cylinder,20.918785095214844
single-cylinder,12.164518356323242
single-cylinder,17.655412673950195
single-cylinder,7.687504768371582
single-cylinder,14.852072715759277
single-cylinder,13.091983795166016
single-cylinder,9.20897388458252
single-cylinder,10.615038871765137
single-cylinder,7.6060709953308105
single-cylinder,17.465946197509766
single-cylinder,8.996955871582031
single-cylinder,9.214179039001465
single-cylinder,6.884756565093994
single-cylinder,21.931814193725586
single-cylinder,15.32594108581543
single-cylinder,7.622694969177246
single-cylinder,13.553353309631348
single-cylinder,8.444664001464844
single-cylinder,11.021211624145508
single-cylinder,15.9683256149292
single-cylinder,13.071207046508789
single-cylinder,7.530955791473389
single-cylinder,16.79414939880371
single-cylinder,12.933032035827637
single-cylinder,8.464802742004395
single-cylinder,9.417552947998047
single-cylinder,5.807009220123291
single-cylinder,18.5853271484375
single-cylinder,18.63357162475586
single-cylinder,7.9218902587890625
single-cylinder,19.763307571411133
single-cylinder,29.20998191833496
single-cylinder,6.819492816925049
single-cylinder,15.870862007141113
single-cylinder,18.54059410095215
single-cylinder,20.289819717407227
single-cylinder,19.161376953125
single-cylinder,29.215347290039062
single-cylinder,16.972370147705078
single-cylinder,17.430500030517578
single-cylinder,31.949922561645508
single-cylinder,27.32221031188965
single-cylinder,9.492622375488281
single-cylinder,9.8501558303833
single-cylinder,15.250911712646484
single-cylinder,31.45439910888672
single-cylinder,31.373598098754883
single-cylinder,7.8880696296691895
single-cylinder,7.178650379180908
single-cylinder,15.951956748962402
single-cylinder,13.993151664733887
single-cylinder,23.272539138793945
single-cylinder,12.56545352935791
single-cylinder,18.509164810180664
single-cylinder,9.977227210998535
single-cylinder,18.877798080444336
single-cylinder,11.19754695892334
single-cylinder,10.438729286193848
single-cylinder,12.82345962524414
single-cylinder,19.38728904724121
single-cylinder,20.36536979675293
single-cylinder,16.0972957611084
single-cylinder,12.41939926147461
single-cylinder,19.240875244140625
single-cylinder,17.735633850097656
single-cylinder,9.147204399108887
single-cylinder,17.936119079589844
single-cylinder,7.46894645690918
single-cylinder,14.97064208984375
single-cylinder,15.723724365234375
single-cylinder,11.780387878417969
single-cylinder,16.533246994018555
single-cylinder,15.623696327209473
single-cylinder,11.397220611572266
single-cylinder,9.38927173614502
single-cylinder,20.46617889404297
single-cylinder,12.66125774383545
single-cylinder,13.123005867004395
single-cylinder,15.762266159057617
single-cylinder,18.862876892089844
single-cylinder,13.038352966308594
single-cylinder,17.98436164855957
single-cylinder,16.907224655151367
single-cylinder,23.257944107055664
single-cylinder,14.239316940307617
single-cylinder,19.036483764648438
single-cylinder,20.333404541015625
single-cylinder,15.161725044250488
single-cylinder,25.34128189086914
single-cylinder,10.170997619628906
single-cylinder,11.74988842010498
single-cylinder,20.296634674072266
single-cylinder,12.15699577331543
single-cylinder,18.14508819580078
single-cylinder,16.638063430786133
single-cylinder,11.156320571899414
single-cylinder,15.178586959838867
single-cylinder,9.883498191833496
single-cylinder,9.712395668029785
single-cylinder,23.563749313354492
single-cylinder,15.153979301452637
single-cylinder,16.725257873535156
single-cylinder,20.543014526367188
single-cylinder,12.956311225891113
single-cylinder,13.149168014526367
single-cylinder,15.657417297363281
single-cylinder,17.608251571655273
single-cylinder,20.878183364868164
single-cylinder,10.174034118652344
single-cylinder,9.992452621459961
single-cylinder,12.850912094116211
single-cylinder,7.501768112182617
single-cylinder,14.88719367980957
single-cylinder,33.82725143432617
single-cylinder,10.054611206054688
single-cylinder,17.29914093017578
single-cylinder,21.019710540771484
single-cylinder,9.466224670410156
single-cylinder,19.199731826782227
single-cylinder,25.282758712768555
single-cylinder,9.421266555786133
single-cylinder,19.830623626708984
single-cylinder,15.184090614318848
single-cylinder,17.177122116088867
single-cylinder,18.824676513671875
single-cylinder,11.494300842285156
single-cylinder,14.271631240844727
single-cylinder,11.019031524658203
single-cylinder,15.956838607788086
single-cylinder,16.434276580810547
single-cylinder,17.122224807739258
single-cylinder,10.703606605529785
single-cylinder,17.00914764404297
single-cylinder,16.46499252319336
single-cylinder,17.4085750579834
single-cylinder,12.731243133544922
single-cylinder,10.092451095581055
single-cylinder,22.920249938964844
single-cylinder,13.308104515075684
single-cylinder,12.721476554870605
single-cylinder,13.942882537841797
single-cylinder,8.129944801330566
single-cylinder,10.677391052246094
single-cylinder,9.223175048828125
single-cylinder,14.22842788696289
single-cylinder,12.746528625488281
single-cylinder,17.113094329833984
single-cylinder,21.104164123535156
single-cylinder,13.847131729125977
single-cylinder,15.913601875305176
single-cylinder,17.504838943481445
single-cylinder,13.599238395690918
single-cylinder,8.870992660522461
single-cylinder,15.639045715332031
single-cylinder,9.182666778564453
single-cylinder,10.48572826385498
single-cylinder,10.156929016113281
single-cylinder,27.030649185180664
single-cylinder,9.530338287353516
single-cylinder,12.49643325805664
single-cylinder,18.8449649810791
single-cylinder,12.93481731414795
single-cylinder,17.414657592773438
single-cylinder,22.07589340209961
single-cylinder,7.515409469604492
single-cylinder,18.93118667602539
single-cylinder,14.834223747253418
single-cylinder,9.937093734741211
single-cylinder,14.857548713684082
single-cylinder,15.95527458190918
single-cylinder,10.736030578613281
single-cylinder,15.941864013671875
single-cylinder,19.53339385986328
single-cylinder,6.96914005279541
single-cylinder,12.608956336975098
single-cylinder,17.69944190979004
single-cylinder,10.385082244873047
single-cylinder,18.34801483154297
single-cylinder,12.571228981018066
single-cylinder,18.855831146240234
single-cylinder,12.002455711364746
single-cylinder,9.682796478271484
single-cylinder,10.953875541687012
single-cylinder,21.499248504638672
single-cylinder,15.331418991088867
single-cylinder,11.335619926452637
single-cylinder,14.922776222229004
single-cylinder,12.313485145568848
single-cylinder,13.401944160461426
single-cylinder,13.12321662902832
single-cylinder,12.759787559509277
single-cylinder,13.844035148620605
single-cylinder,18.860437393188477
single-cylinder,16.653980255126953
single-cylinder,20.419775009155273
single-cylinder,11.510690689086914
single-cylinder,10.785270690917969
single-cylinder,16.424726486206055
single-cylinder,7.314292907714844
single-cylinder,10.19796085357666
single-cylinder,19.40839958190918
single-cylinder,11.813678741455078
single-cylinder,9.40351676940918
single-cylinder,21.867456436157227
single-cylinder,11.137843132019043
single-cylinder,24.772218704223633
single-cylinder,7.823379993438721
single-cylinder,10.323328018188477
single-cylinder,14.44628620147705
single-cylinder,22.648357391357422
single-cylinder,13.444372177124023
single-cylinder,9.353891372680664
single-cylinder,11.443169593811035
single-cylinder,12.798462867736816
single-cylinder,14.776823043823242
single-cylinder,17.410789489746094
single-cylinder,13.438187599182129
single-cylinder,21.574146270751953
single-cylinder,6.579092502593994
single-cylinder,22.40727996826172
single-cylinder,8.585654258728027
single-cylinder,15.911311149597168
single-cylinder,9.840470314025879
single-cylinder,9.540275573730469
single-cylinder,14.866522789001465
single-cylinder,18.199729919433594
single-cylinder,20.735383987426758
single-cylinder,10.520779609680176
single-cylinder,11.946359634399414
single-cylinder,17.308773040771484
single-cylinder,11.5612211227417
single-cylinder,12.682368278503418
single-cylinder,7.968461990356445
single-cylinder,21.254364013671875
single-cylinder,22.303953170776367
single-cylinder,14.289725303649902
single-cylinder,11.55252742767334
single-cylinder,14.466599464416504
single-cylinder,9.419931411743164
single-cylinder,10.581412315368652
single-cylinder,19.833171844482422
single-cylinder,14.02733039855957
single-cylinder,10.262300491333008
single-cylinder,8.516682624816895
single-cylinder,17.055248260498047
single-cylinder,9.302905082702637
single-cylinder,10.997982025146484
single-cylinder,11.117776870727539
single-cylinder,9.763962745666504
single-cylinder,18.328628540039062
single-cylinder,15.353592872619629
single-cylinder,20.922887802124023
single-cylinder,11.631048202514648
single-cylinder,15.301088333129883
single-cylinder,18.43689727783203
single-cylinder,14.089990615844727
single-cylinder,12.897966384887695
single-cylinder,15.888596534729004
single-cylinder,21.29642677307129
single-cylinder,20.67206573486328
single-cylinder,23.96461296081543
single-cylinder,9.377835273742676
single-cylinder,12.991540908813477
single-cylinder,19.96632194519043
single-cylinder,18.472393035888672
single-cylinder,9.64988899230957
single-cylinder,21.04375648498535
single-cylinder,13.211921691894531
single-cylinder,12.1878662109375
single-cylinder,18.595354080200195
single-cylinder,9.944868087768555
single-cylinder,15.490313529968262
single-cylinder,18.154386520385742
single-cylinder,16.08589744567871
single-cylinder,17.360843658447266
single-cylinder,19.86006736755371
single-cylinder,17.242982864379883
single-cylinder,14.480934143066406
single-cylinder,11.968463897705078
single-cylinder,19.798999786376953
single-cylinder,12.184420585632324
single-cylinder,10.002523422241211
single-cylinder,20.994417190551758
single-cylinder,10.033208847045898
single-cylinder,17.852415084838867
single-cylinder,11.79760456085205
single-cylinder,23.514331817626953
single-cylinder,13.915331840515137
single-cylinder,14.91132640838623
single-cylinder,13.796313285827637
single-cylinder,13.884055137634277
single-cylinder,16.90361976623535
single-cylinder,10.365835189819336
single-cylinder,13.19405460357666
single-cylinder,11.493186950683594
single-cylinder,11.297871589660645
single-cylinder,10.073723793029785
single-cylinder,26.63079261779785
single-cylinder,23.882400512695312
single-cylinder,10.07511043548584
single-cylinder,19.77591896057129
single-cylinder,18.377826690673828
single-cylinder,8.579933166503906
single-cylinder,20.343849182128906
single-cylinder,18.272476196289062
single-cylinder,10.657798767089844
single-cylinder,19.701221466064453
single-cylinder,21.39668083190918
single-cylinder,14.805036544799805
single-cylinder,15.781664848327637
single-cylinder,9.574213981628418
single-cylinder,13.47066879272461
single-cylinder,8.432167053222656
single-cylinder,11.318127632141113
single-cylinder,10.496155738830566
single-cylinder,10.626435279846191
single-cylinder,10.021519660949707
single-cylinder,19.654191970825195
single-cylinder,21.346797943115234
single-cylinder,20.736204147338867
single-cylinder,24.649179458618164
single-cylinder,9.662878036499023
single-cylinder,10.302803039550781
single-cylinder,17.49851417541504
single-cylinder,13.921067237854004
single-cylinder,20.5528621673584
single-cylinder,12.910674095153809
single-cylinder,16.8935489654541
single-cylinder,22.726539611816406
single-cylinder,9.231757164001465
single-cylinder,11.804818153381348
single-cylinder,21.24932289123535
single-cylinder,8.624661445617676
single-cylinder,9.699979782104492
single-cylinder,4.860146522521973
single-cylinder,7.419364929199219
single-cylinder,13.195923805236816
single-cylinder,15.023616790771484
single-cylinder,23.31208610534668
single-cylinder,15.677675247192383
single-cylinder,23.86570167541504
single-cylinder,11.465989112854004
single-cylinder,11.780989646911621
single-cylinder,19.185157775878906
single-cylinder,7.6088056564331055
single-cylinder,23.684837341308594
single-cylinder,24.430084228515625
single-cylinder,14.604318618774414
single-cylinder,20.107351303100586
single-cylinder,15.832215309143066
single-cylinder,9.850475311279297
single-cylinder,10.89791202545166
single-cylinder,6.700307369232178
single-cylinder,13.943562507629395
single-cylinder,19.76167106628418
single-cylinder,11.428838729858398
single-cylinder,25.428003311157227
single-cylinder,14.58248233795166
single-cylinder,14.47701358795166
single-cylinder,15.435784339904785
single-cylinder,11.904182434082031
single-cylinder,8.275357246398926
single-cylinder,18.168046951293945
single-cylinder,23.58114242553711
single-cylinder,10.66739559173584
single-cylinder,12.59997272491455
single-cylinder,14.185137748718262
single-cylinder,10.461380004882812
single-cylinder,15.030360221862793
single-cylinder,10.517169952392578
single-cylinder,13.34688949584961
single-cylinder,17.823305130004883
single-cylinder,19.624290466308594
single-cylinder,21.2579345703125
single-cylinder,17.503557205200195
single-cylinder,19.246076583862305
single-cylinder,10.414462089538574
single-cylinder,11.83426284790039
single-cylinder,18.677547454833984
single-cylinder,31.326784133911133
single-cylinder,15.294073104858398
single-cylinder,11.27747631072998
single-cylinder,6.253195285797119
single-cylinder,35.65281677246094
single-cylinder,9.999751091003418
single-cylinder,19.215604782104492
single-cylinder,12.933917045593262
single-cylinder,19.19213104248047
single-cylinder,18.086074829101562
single-cylinder,22.203901290893555
single-cylinder,18.6141300201416
single-cylinder,16.26426887512207
single-cylinder,16.402488708496094
single-cylinder,8.001036643981934
single-cylinder,9.690447807312012
single-cylinder,11.605781555175781
single-cylinder,11.200676918029785
single-cylinder,10.938390731811523
single-cylinder,7.608418941497803
single-cylinder,15.237378120422363
single-cylinder,12.733893394470215
single-cylinder,12.164615631103516
single-cylinder,12.649925231933594
single-cylinder,7.788655757904053
single-cylinder,9.79669189453125
single-cylinder,20.736425399780273
single-cylinder,8.611373901367188
single-cylinder,16.22123146057129
single-cylinder,10.342844009399414
single-cylinder,19.709739685058594
single-cylinder,20.187496185302734
single-cylinder,17.659252166748047
single-cylinder,11.352755546569824
single-cylinder,9.688156127929688
single-cylinder,11.538296699523926
single-cylinder,23.385234832763672
single-cylinder,13.78963851928711
single-cylinder,10.105304718017578
single-cylinder,12.838945388793945
single-cylinder,15.25052261352539
single-cylinder,23.093521118164062
single-cylinder,22.27753448486328
single-cylinder,19.96925163269043
single-cylinder,12.530935287475586
single-cylinder,21.078672409057617
single-cylinder,18.226346969604492
single-cylinder,10.82050895690918
single-cylinder,16.278432846069336
single-cylinder,15.982025146484375
single-cylinder,10.56544303894043
single-cylinder,9.72398853302002
single-cylinder,7.202877044677734
single-cylinder,11.388092994689941
single-cylinder,19.422576904296875
single-cylinder,8.442408561706543
single-cylinder,33.56352233886719
single-cylinder,25.512229919433594
single-cylinder,5.788211822509766
single-cylinder,19.976041793823242
single-cylinder,15.424463272094727
single-cylinder,10.065364837646484
single-cylinder,15.859143257141113
single-cylinder,26.79620361328125
single-cylinder,11.884248733520508
single-cylinder,15.54529094696045
single-cylinder,13.647289276123047
single-cylinder,18.7674617767334
single-cylinder,10.922684669494629
single-cylinder,16.318395614624023
single-cylinder,19.35146713256836
single-cylinder,12.419843673706055
single-cylinder,16.63076400756836
single-cylinder,10.947493553161621
single-cylinder,16.47795295715332
single-cylinder,10.627693176269531
single-cylinder,15.398737907409668
single-cylinder,7.224607467651367
single-cylinder,15.352304458618164
single-cylinder,14.325434684753418
single-cylinder,19.570804595947266
single-cylinder,16.510887145996094
single-cylinder,9.651619911193848
single-cylinder,14.898076057434082
single-cylinder,5.144908428192139
single-cylinder,16.64798355102539
single-cylinder,7.997061729431152
single-cylinder,14.894715309143066
single-cylinder,21.863210678100586
single-cylinder,8.555014610290527
single-cylinder,23.818185806274414
single-cylinder,11.501531600952148
single-cylinder,15.164298057556152
single-cylinder,5.118678569793701
single-cylinder,8.384593963623047
single-cylinder,7.740603446960449
single-cylinder,20.945226669311523
single-cylinder,10.834434509277344
single-cylinder,9.5685453414917
single-cylinder,12.906959533691406
single-cylinder,18.982519149780273
single-cylinder,22.221426010131836
single-cylinder,10.58566951751709
single-cylinder,15.368831634521484
single-cylinder,18.023784637451172
single-cylinder,29.486562728881836
single-cylinder,18.052162170410156
single-cylinder,17.4893798828125
single-cylinder,9.227797508239746
single-cylinder,22.417938232421875
single-cylinder,20.709943771362305
single-cylinder,25.530033111572266
single-cylinder,11.287931442260742
single-cylinder,13.170692443847656
single-cylinder,10.143635749816895
single-cylinder,14.236359596252441
single-cylinder,7.5909104347229
single-cylinder,15.685407638549805
single-cylinder,19.352188110351562
single-cylinder,15.380669593811035
single-cylinder,12.11655044555664
single-cylinder,20.408926010131836
single-cylinder,16.970977783203125
single-cylinder,17.723318099975586
single-cylinder,16.13787841796875
single-cylinder,15.592967987060547
single-cylinder,25.62920379638672
single-cylinder,21.90485191345215
single-cylinder,23.680875778198242
single-cylinder,21.250341415405273
single-cylinder,21.08884048461914
single-cylinder,13.687483787536621
single-cylinder,9.61032485961914
single-cylinder,21.805177688598633
single-cylinder,9.70113468170166
single-cylinder,19.260047912597656
