class,r,median_deg,p25_deg,p75_deg,n_train_clips
V6,5,17.380342483520508,9.753765106201172,24.776475429534912,43
V8,5,16.994611263275146,14.795981168746948,23.832402229309082,48
inline-4,5,11.792251110076904,9.356680154800415,25.88027596473694,47
inline-6,5,18.220982551574707,13.897039651870728,20.56780242919922,50
single-cylinder,5,20.58721923828125,15.971401691436768,25.88583993911743,47
