freq_hz,V6,V8,inline-4,inline-6,single-cylinder
0.0,9.101265056813064e-09,8.715690941072278e-09,1.0428778992806582e-08,7.538617767211695e-09,8.944235074408155e-09
10.7666015625,0.5421858284803819,0.649575926624445,0.9698229294135218,0.49520459913140424,0.34878406015116764
21.533203125,0.7667665142866115,0.9186390621352241,1.3715368126388685,0.7003250537030035,0.4932551526197405
32.2998046875,0.9390933154048992,1.1250984961116075,1.6797824489438735,0.857719440209691,0.6041116863386728
43.06640625,1.0843716569607638,1.2991518532488902,1.9396458588270435,0.9904091982628085,0.6975681203023353
53.8330078125,1.1742971219104428,1.403191058400595,2.087797504678944,1.0730941658221964,0.7587439610212624
64.599609375,1.1411276284032466,1.347419619605248,1.9737345141324676,1.045077379546032,0.7513047512336002
75.3662109375,1.1064546943469589,1.2879585348598233,1.8511550540114778,1.015746767180959,0.7435256588246922
86.1328125,1.0700200386025593,1.223835166952759,1.7175812256720586,0.9848837599366547,0.7353709486585804
96.8994140625,1.031472887460974,1.1534515937746823,1.5688364452364156,0.9521948948219149,0.7267931600078202
107.666015625,1.017727379022336,1.1156868380446163,1.4675133941457237,0.9445237497072813,0.7423893931735202
118.4326171875,1.0303071320497224,1.1163134758238817,1.4290491558454794,0.9626380907078982,0.7809095565245697
129.19921875,1.0412331441016789,1.1141711034836783,1.3863000429832768,0.978591440389244,0.8167176783073608
139.9658203125,1.050632701533457,1.1092490670825423,1.3386762509472108,0.9926331779379222,0.8503531357302624
150.732421875,1.0585681932012725,1.10131788410355,1.28504891928428,1.0049052886004992,0.88218309136206
161.4990234375,1.0545643992607574,1.0889670065189438,1.2388751301852494,1.0110133088845197,0.910343415454218
172.265625,1.044722993478401,1.072980344577216,1.1917804040747668,1.0128564624082195,0.9354205471129082
183.0322265625,1.0325992680870963,1.0534631693666376,1.1379799138762725,1.0118749541966858,0.9585202016386952
193.798828125,1.0178880412342348,1.02968856077004,1.0755879631374785,1.0078167503816509,0.9799743648259058
204.5654296875,1.0,1.0,1.0,1.0,1.0
215.33203125,0.9885193597419979,0.9862351076289071,0.984673471619516,0.999476947267323,1.0029251761291527
226.0986328125,0.9753791977229375,0.9713072445364518,0.9671311799781848,0.9971293237825931,1.004576251082723
236.865234375,0.9602996366612625,0.9546651960845245,0.9463125956451164,0.9926169280683435,1.0053112941136493
247.6318359375,0.9429854202042166,0.9360166553236013,0.9220230484666746,0.9855872505775745,1.0051581435309713
258.3984375,0.9230288393578571,0.9136744099682337,0.8956097118495449,0.9736399764167736,0.9973795297176343
269.1650390625,0.9013172447161438,0.8851891526979543,0.8729457237234254,0.9537052477988467,0.9654209914091298
279.931640625,0.8778198236009627,0.8550887240797426,0.8483731289387741,0.9320991155163811,0.9317849756247288
290.6982421875,0.8522394654452994,0.8230623841542408,0.8215811079242542,0.9084142066013247,0.8961812141506991
301.46484375,0.824049464328408,0.7886410212766822,0.7920342012083537,0.8819291716452005,0.8582016244969461
312.2314453125,0.8006841832469778,0.7582442270645795,0.7648793464623913,0.8555267536002512,0.821143411083045
322.998046875,0.784870353339069,0.7340877676771084,0.7427483536286237,0.8317433801289355,0.7862244401050007
333.7646484375,0.7680170181966043,0.7087198029460515,0.7195953258384106,0.8066244604460074,0.74924168525944
344.53125,0.7499728957504026,0.6819462366600604,0.6952612902362163,0.7798950338870114,0.7097641712347951
355.2978515625,0.730501573682548,0.653505074869728,0.6695265352801858,0.7511350171898683,0.6671653765458339
366.064453125,0.71986018351922,0.6340212143649968,0.6492358846822759,0.728428559580187,0.6376642270789213
376.8310546875,0.712692445625712,0.6179910488289584,0.630859568294459,0.7080102766749453,0.6132578072298402
387.59765625,0.7049998014900026,0.6012554401688598,0.6116385712502752,0.6866368714850105,0.5875052575717606
398.3642578125,0.6967186079344664,0.583719898070529,0.5914069943527674,0.664135669034884,0.5601410772117436
409.130859375,0.6877516277819758,0.5652583508933118,0.5699144903191724,0.6402532276705674,0.5307861386917319
419.8974609375,0.6952290194565972,0.5605515917538155,0.5620227234614233,0.6300777121856888,0.5200693867858647
430.6640625,0.7029185005209249,0.5561983151721682,0.5543870314379977,0.6201588963732141,0.5096468515071892
441.4306640625,0.7102081802697642,0.551646799179714,0.5464218387012256,0.6099127100446479,0.4987040030770504
452.197265625,0.7171182369171003,0.5468847832882613,0.538073865701703,0.5993019072117968,0.4871656222248934
462.9638671875,0.7260779092839853,0.5432302277009411,0.5307673413944405,0.5899555372999266,0.4773149288874783
473.73046875,0.7435534423814916,0.5444661271882753,0.5288419183781278,0.5866758792164891,0.47600122392840644
484.4970703125,0.7603057228468862,0.5456026744437058,0.5267683782144719,0.5832349693331977,0.4743861632915442
495.263671875,0.7764250618216845,0.5466402076875967,0.5245385624724695,0.5796214246968575,0.47245849998097567
506.0302734375,0.7919800106977254,0.5475781350343112,0.5221425811357628,0.575821730564452,0.47019821274865325
516.796875,0.8097732143262263,0.5495572314938288,0.522146577101968,0.5753090150012844,0.4711783365948291
527.5634765625,0.8301295964880746,0.5528308241187309,0.5250757202296187,0.5787881764340047,0.4761353503371427
538.330078125,0.8497493647680093,0.5560390979358494,0.5278472224904699,0.5820797001400303,0.4807792828101792
549.0966796875,0.8687232120575408,0.5591842936550957,0.5304692756152423,0.5851871659173626,0.48513067374052177
559.86328125,0.8871222529270405,0.562268060100744,0.532948073351554,0.58811214244153,0.4892031232189763
570.6298828125,0.8972079241700534,0.5617548106984852,0.5356030931975201,0.5913767975513218,0.49226964457339234
581.396484375,0.9036969105736458,0.5596979658328097,0.5381858526546072,0.5947325565091226,0.4948582882502953
592.1630859375,0.9099887503730242,0.5576187138680243,0.5405588571856328,0.5979668034471283,0.49730813921164607
602.9296875,0.9160977864608327,0.5555164629184917,0.5427306981179398,0.6010818310449575,0.4996236244664757
613.6962890625,0.9220367256583113,0.5533903674333023,0.5447075358994274,0.6040790470883413,0.5018075358222803
624.462890625,0.9179817772185564,0.5487722643067002,0.5476695791488354,0.6062868573387751,0.5013225190941686
635.2294921875,0.9131408055404794,0.5439499183578319,0.5504556666863358,0.6084088731045272,0.5006458248399238
645.99609375,0.9080773826871358,0.5390619153808163,0.5530078237022333,0.6104857995044434,0.4999261367502292
656.7626953125,0.9027871458014479,0.53410538050256,0.5553355073165476,0.6125178778732203,0.4991629363465497
667.529296875,0.8959435681888384,0.5287904588711776,0.5569839099756765,0.6135770958570959,0.4976244111180623
678.2958984375,0.8831872285212183,0.5221601982444841,0.556479086245072,0.6106407363797334,0.49292416389952004
689.0625,0.870042485502226,0.5154091506703231,0.5557968749146696,0.6076341887280768,0.48814658361331836
699.8291015625,0.8564756360609334,0.5085295370803247,0.5549345454075624,0.6045537122143272,0.4832875623141405
710.595703125,0.8424464328407959,0.5015133247408451,0.5538889675502235,0.6013958879302808,0.47834287240777673
721.3623046875,0.8295730049963436,0.49603977775878105,0.5523064650337639,0.5978111425677481,0.47377639265129246
732.12890625,0.8185312681603925,0.4926540650832373,0.5501388531656912,0.5936619153496026,0.4697432278926137
742.8955078125,0.8072349040782242,0.4891928024339014,0.5478531271965327,0.5893753284665778,0.46564294010512025
753.662109375,0.7956630801072911,0.48565252305204304,0.5454453910592386,0.584946796559436,0.46147233865167353
764.4287109375,0.7837901644622605,0.4820286186852037,0.5429099838016848,0.5803696024791186,0.4572273554699206
775.1953125,0.7746438163481489,0.48112945984770444,0.5400321555400541,0.5763781277077249,0.4540574973551612
785.9619140625,0.7667587156795846,0.48146505900381087,0.5369603231191554,0.5726190180268169,0.45137265596851334
796.728515625,0.7587334036916751,0.4817239244148513,0.5337947852907419,0.5687504630609495,0.44863772157878135
807.4951171875,0.7505584457059886,0.4819061406359169,0.5305331111753722,0.564769164569267,0.4458505803888605
818.26171875,0.7422228800441171,0.4820104393406428,0.5271701726164163,0.5606696925210941,0.44300883942089603
829.0283203125,0.739639632368211,0.48677406177882443,0.5263170005318631,0.5601856957868352,0.44247018010588274
839.794921875,0.7374199742940459,0.4917727896474804,0.5255973603180045,0.5599592836188684,0.44206453047660693
850.5615234375,0.7350983889713951,0.4966411758433884,0.5248104213733046,0.5597014979403291,0.4416072722916058
861.328125,0.7326693137574845,0.5013848432800984,0.523954585311281,0.5594099656266992,0.44109736859380877
872.0947265625,0.7303781593629528,0.5060621349703874,0.5231056422909618,0.5593333016380432,0.440333769360487
882.861328125,0.7291551414525521,0.510877420569159,0.522538714585583,0.5604140386323757,0.4385367227578016
893.6279296875,0.7277993836155517,0.515593015715663,0.521902723264289,0.5614739403978918,0.4366603489392448
904.39453125,0.7263067411377281,0.5202129790542666,0.5211991668144066,0.5625122024856024,0.4347024942247473
915.1611328125,0.7246723603405819,0.524740946453882,0.5204293772246711,0.5635287444506093,0.4326606061045982
925.927734375,0.722670517906038,0.5275021775049804,0.5191928254824363,0.5647718996958297,0.42951304256684836
936.6943359375,0.7202358800493525,0.5278644537922916,0.5173356668887982,0.566323118681405,0.424840753306238
947.4609375,0.7176814272301616,0.5281746441435579,0.5154225314685669,0.5678327074317974,0.42004789784473257
958.2275390625,0.7150013241271229,0.5284327062812342,0.5134533193225879,0.5693003843898603,0.4151261007598421
968.994140625,0.7121890264546201,0.5286384710951382,0.511427530955085,0.5707258277759986,0.4100657103742211
979.7607421875,0.708688051792349,0.5260102452021538,0.5080609294271075,0.5714675297438981,0.4042766582319516
990.52734375,0.704801182421525,0.5218646359239576,0.5039836453095149,0.5718362489380269,0.398056271831436
1001.2939453125,0.7008096590165419,0.5175976478126568,0.49984785358673284,0.5721589536499821,0.3916929847700519
1012.060546875,0.6967067736846421,0.5132031929017015,0.4956502575866414,0.5724345980960782,0.3851757095837407
1022.8271484375,0.6924840733902365,0.5086742531185398,0.49138925892275925,0.5726629409416187,0.37849100571355376
1033.59375,0.6906074449538322,0.5045597601138248,0.4875108407233177,0.5729311844570159,0.37375538230573147
1044.3603515625,0.6892180385816176,0.5004561324383007,0.48367814303720874,0.5731607741984893,0.36943625669345803
1055.126953125,0.6877433928892409,0.49623125276230895,0.4797824089842109,0.5733290649269974,0.36504673764930295
1065.8935546875,0.6861809446981688,0.4918799209477544,0.4758224730741808,0.5734377459854174,0.3605829964086987
1076.66015625,0.6845264947584634,0.48739533030981247,0.47179490543612557,0.5734869782635471,0.3560405660796506
1087.4267578125,0.6833096939193989,0.4833073453261202,0.4680121906273015,0.5719511242536625,0.35280414329757603
1098.193359375,0.6823031827914954,0.47941641598196066,0.46432124984232565,0.5695148907127892,0.35027743786413645
1108.9599609375,0.6812255025575067,0.4754433836444579,0.46054895784535355,0.566989081776986,0.3477276401944022
1119.7265625,0.6800747444674607,0.4713840628366086,0.4566904528775021,0.5643719276584767,0.34515399251205314
1130.4931640625,0.6788489452356727,0.4672340566936812,0.45274057348242175,0.5616616585694852,0.342555816806697
1141.259765625,0.678055505140318,0.4636506542154223,0.44948689129946284,0.559036942630479,0.3406044630153705
1152.0263671875,0.6791027544461876,0.4624721253573193,0.4490972512947263,0.556987166383943,0.34114276338370575
1162.79296875,0.6801013033599232,0.46125529304300145,0.4486280249630675,0.5548386038015524,0.3416735258717996
1173.5595703125,0.6810512064172393,0.4599988889461046,0.448080111396882,0.5525902493220707,0.3421969100115094
1184.326171875,0.6819520273324268,0.4587011374097173,0.4474532441984232,0.5502402124903736,0.3427128360369064
1195.0927734375,0.6828043114626215,0.45736144654820327,0.4467495545496673,0.5477873670778768,0.343221343830955
1205.859375,0.6827871872485901,0.45651141421856434,0.4473607042810516,0.5453861270680271,0.34421028181222757
1216.6259765625,0.6818376659412687,0.45620955254375956,0.4493741717527545,0.5430575690243378,0.34571841622196503
1227.392578125,0.6808615857414847,0.45587340377956176,0.45125823651884217,0.5406309486488837,0.34720804493629537
1238.1591796875,0.679857965006396,0.4555021646526065,0.4530228218953908,0.5381034503702035,0.3486796465507897
1248.92578125,0.6788260947717266,0.4550953278323483,0.4546770853049543,0.5354718563923407,0.3501334603632333
1259.6923828125,0.6777654842160554,0.45465255509842256,0.45622865238304094,0.5327323053601482,0.35156992508623286
1270.458984375,0.6750271369710251,0.45380349515232965,0.45817718540390745,0.5300571504695287,0.3523246304185294
1281.2255859375,0.670074421616037,0.4524393255919766,0.46064086506807583,0.5275367715644014,0.3521918600305775
1291.9921875,0.6650758962617295,0.45105017000223807,0.46296345382547843,0.5249482156074528,0.3520508338690279
1302.7587890625,0.6600307428724,0.44963649343611495,0.46516190123276896,0.5222898737007043,0.35190175134870216
1313.525390625,0.654936943626651,0.44819706984478813,0.467246297104616,0.5195575627094131,0.3517444529377432
1324.2919921875,0.6497931351316448,0.44673160328543887,0.4692263982585046,0.5167475821682297,0.3515789785191151
1335.05859375,0.6445888465303942,0.4452361619463364,0.4711375356956332,0.5139899712562331,0.35132213222941533
1345.8251953125,0.6391937920034063,0.4436666080699886,0.4734098751780038,0.5133788313592558,0.3497001319567753
1356.591796875,0.633747746584319,0.44207735285744215,0.47558940834525565,0.5127414664252355,0.3480646113592583
1367.3583984375,0.6282489105945873,0.4404677198679689,0.4776839939309265,0.5120766697806888,0.34641509184129354
1378.125,0.6226960842485152,0.4388375822689326,0.4797010577722143,0.5113843207582672,0.3447514936369521
1388.8916015625,0.6170869225104229,0.4371857562890597,0.481645028731663,0.5106624484579477,0.34307313873584233
1399.658203125,0.6114202255946135,0.4355124110385318,0.4835223003552015,0.5099110126572808,0.3413797878401786
1410.4248046875,0.6057314962505604,0.4334724349135074,0.4841296872184094,0.509199155746875,0.3390455575921569
1421.19140625,0.6000557464063144,0.4307303978680617,0.4823478192880228,0.5086094946379051,0.33545577174692415
1431.9580078125,0.5943171168844313,0.4279514102478571,0.480539744479273,0.5080100594737182,0.3318184254668361
1442.724609375,0.5885128263635236,0.4251336963959828,0.47870389770539634,0.5073998849155276,0.3281312055399671
1453.4912109375,0.5826410206293332,0.4222767067043477,0.47684117805878906,0.5067798156347719,0.32439199816921244
1464.2578125,0.5766985366104788,0.41937803135285856,0.4749489215619807,0.5061484036232703,0.32059811125448584
1475.0244140625,0.570683192878421,0.416436867068151,0.47302812720652254,0.505506413107563,0.3167469723445942
1485.791015625,0.5655451106333298,0.41385645707911695,0.47066691077580197,0.5052216381654412,0.31311185951050347
1496.5576171875,0.5631400856690616,0.41242430522561463,0.46707470365581627,0.5059980923296673,0.31023625790590015
1507.32421875,0.5607167912407791,0.41096915438736487,0.4634381413109512,0.5067644506590809,0.3073257786490698
1518.0908203125,0.5582745183842072,0.4094902858460949,0.45975485946120265,0.5075202707067382,0.304378866304407
1528.857421875,0.5558131580279185,0.4079876573242592,0.45602379251558167,0.5082665178114258,0.30139408508519905
1539.6240234375,0.5533320557433523,0.4064605501035841,0.45224214329774576,0.5090029908608963,0.29836972002398404
1550.390625,0.5508308843162266,0.40490824546579657,0.4484073144296602,0.5097297300775994,0.2953041359192278
1561.1572265625,0.5483091529251211,0.4033303629129871,0.4445165753344192,0.5104471376860298,0.29219539844716463
1571.923828125,0.5477173858981988,0.4027885338899765,0.44067928228717357,0.5112397612749359,0.29018872698443876
1582.6904296875,0.5476420720778892,0.4025137721218314,0.43681881263593786,0.5120396249047431,0.28847212432062364
1593.45703125,0.5475632679719169,0.40222332538430916,0.43290433084149327,0.5128247671180509,0.28674186174155664
1604.2236328125,0.5474798283302997,0.40191609446122706,0.4289314746407327,0.5135940616862747,0.28499712164647073
1614.990234375,0.5473928438673064,0.40159305173613147,0.4248990785435129,0.5143495599543363,0.283237864152402
1625.7568359375,0.5473014420115213,0.40125330938056714,0.4208019144940488,0.5150902161385499,0.281463570780815
1636.5234375,0.5472060590486525,0.4008972056148976,0.4166372186157146,0.5158170760226013,0.2796738427020676
1647.2900390625,0.5471065313715601,0.4005244867738502,0.41240019574906434,0.5165303809411875,0.2778682412035529
1658.056640625,0.5489998477362878,0.40198077910582813,0.41012982095007844,0.5174970470688736,0.2777353511667082
1668.8232421875,0.5510549170271838,0.40356242436018647,0.408017553213949,0.5184716370191014,0.2777531589102411
1679.58984375,0.5530910078897905,0.40510306039541855,0.40588064368622023,0.519431344663032,0.27776945110113277
1690.3564453125,0.5551082839312483,0.40660357503997974,0.40371736078153625,0.520375968888418,0.2777841479734548
1701.123046875,0.5571069087586973,0.4080651520651439,0.4015268387072197,0.5213059119197541,0.2777972495272074
1711.8896484375,0.5590877004078396,0.40948901751973027,0.39930821167059205,0.522221978206029,0.2778088953527652
1722.65625,0.5610505498072489,0.4108759746771032,0.3970601476829189,0.523124288414591,0.27781892591827123
1733.4228515625,0.562995620564065,0.41222636175762645,0.39478008266588466,0.5240124805433957,0.2778273212822435
1744.189453125,0.5643448341154482,0.4139178863527153,0.39323550852865713,0.5238275377208143,0.2781557774342348
1754.9560546875,0.5653077712082843,0.41578021223158723,0.39214704063404804,0.5229788038149223,0.27867784543612445
1765.72265625,0.5662388594444512,0.41757662741703905,0.3910438875636341,0.522121582972196,0.2791942699985746
1776.4892578125,0.5671385896453695,0.41930962628425444,0.3899261825162891,0.5212562371946805,0.2797053502438164
1787.255859375,0.5680061983110506,0.42098039260450715,0.3887925935032784,0.5203818815884874,0.2802108269325829
1798.0224609375,0.5688423398700566,0.42259095569998134,0.387643386922348,0.5194992803801568,0.28071111883599814
1808.7890625,0.5696466871081061,0.42414262617458653,0.3864779633785682,0.5186082324574411,0.28120616612961585
1819.5556640625,0.5704188037394917,0.42563629185677815,0.3852953571801051,0.5177081747060484,0.2816959887549185
1830.322265625,0.5711589079070674,0.42707326335046675,0.38409536852864934,0.5167997909076187,0.282180806068209
1841.0888671875,0.57096028883859,0.4288494698691737,0.38427142413971166,0.5153578160947557,0.2828942923569643
1851.85546875,0.5705932634869001,0.4306269869917912,0.38463678864975115,0.5138271910032999,0.28363178819019147
1862.6220703125,0.5701930258857034,0.4323483595339967,0.3849831723203152,0.5122863896321327,0.28435851562307424
1873.388671875,0.5697585943921578,0.4340150672098823,0.3853112744454899,0.510735411981254,0.28507449459709466
1884.1552734375,0.5692892055062747,0.4356283783458131,0.38562119492443014,0.5091740167159672,0.2857800840589306
1894.921875,0.5687834958352165,0.4371890962151534,0.38591226776276893,0.507601359164834,0.2864753438330288
1905.6884765625,0.5682410290932759,0.43869878508708615,0.38618582494924136,0.5060182839992923,0.2871607923979239
1916.455078125,0.5676603328161891,0.44015795229215743,0.3864413003886345,0.5044241476601516,0.2878364496950986
1927.2216796875,0.5670397709325516,0.4415671474384584,0.3866785608820747,0.502818467478018,0.2885024154319632
1937.98828125,0.5650000261771425,0.44183362280768723,0.3870031665368201,0.5007358697127288,0.28854634651707245
1948.7548828125,0.5621755125048209,0.4414786182582006,0.3873600063189545,0.4983823335279295,0.28824658615785154
1959.521484375,0.5593198044043914,0.4411043351479702,0.38769223760920807,0.4960117430245624,0.2879375530094447
1970.2880859375,0.556430829518742,0.4407098433709951,0.3879994275112415,0.4936226904168967,0.2876188881251744
1981.0546875,0.5535072789907489,0.44029493153954763,0.3882820755208308,0.4912147332579887,0.28729053168059376
1991.8212890625,0.5505477348918623,0.43985934598835547,0.38854074773318814,0.4887876704355906,0.2869524238512569
2002.587890625,0.5475505066149639,0.4394027062195089,0.3887755440474687,0.4863408986129611,0.28660446492975294
2013.3544921875,0.5445137944815094,0.438924504902462,0.38898656436282764,0.4838738144533579,0.2862465751501534
2024.12109375,0.5414355806700998,0.43842440381685044,0.3891739085784202,0.48138589506493884,0.2858785550976369
2034.8876953125,0.5383134110736293,0.43790147285667413,0.38933724369706235,0.47887609466401754,0.28550012559145427
2045.654296875,0.5352927869756499,0.4366071880790174,0.38983127831891295,0.47737410795657165,0.2847694896280761
2056.4208984375,0.5322594560564308,0.43523523945029363,0.3903263119323148,0.4759456076642751,0.2840021812790801
2067.1875,0.5292016386018613,0.43384701396655634,0.3907940064769285,0.47450713220451435,0.2832260189120229
2077.9541015625,0.5261182984333851,0.43244191974216767,0.3912341621544438,0.4730579977956489,0.28244070340467303
2088.720703125,0.5230088356581543,0.43102012588731037,0.39164754485838355,0.4715982848825775,0.2816462148155479
2099.4873046875,0.5198723231690394,0.42958116734898383,0.3920339880901558,0.4701278727979517,0.2808423138468625
2110.25390625,0.5167076702517718,0.4281246636292787,0.3923933919506055,0.46864623864992866,0.28002874125934907
2121.0205078125,0.5135138407277944,0.42665057245064913,0.39272595623804285,0.4671534226609579,0.2792053175796689
2131.787109375,0.510289525739984,0.4251582596499132,0.3930312147564105,0.4656488617167473,0.2783717038026253
2142.5537109375,0.5070337981812121,0.423647598394434,0.39330900100711647,0.4641325960397459,0.2775277204548794
2153.3203125,0.5042159378659345,0.42212936945831203,0.3934326095617343,0.4630667413517107,0.2765564107438005
2164.0869140625,0.5016042770833077,0.4205905936350818,0.3934679405629332,0.4622171225519311,0.2755199123276727
2174.853515625,0.4989738014795321,0.4190242105746456,0.3934755661984413,0.4613612692724861,0.27447487895719763
2185.6201171875,0.4963241838403263,0.4174303048320952,0.3934558194654437,0.46049950329297173,0.273421091276072
2196.38671875,0.49365515148712336,0.41580879185233893,0.39340893346196787,0.4596319452807362,0.2723585293428139
2207.1533203125,0.4909656137056536,0.41415891063955856,0.3933337759975894,0.45875779078679046,0.271286794327781
2217.919921875,0.48825535235306333,0.41248070347129917,0.3932307799686478,0.4578774822580787,0.2702058862309728
2228.6865234375,0.4855238766079309,0.4107738321271971,0.3930993792799295,0.45699093924970174,0.2691156255790507
2239.453125,0.4827702048274141,0.40903762016652445,0.3929387081387573,0.4560976790922662,0.26801567336681853
2250.2197265625,0.47999379165437794,0.40727168709137174,0.39274800065160903,0.4551977822306709,0.2669058700624192
2260.986328125,0.4771938735888336,0.405475441016102,0.3925262245272137,0.45429108777511845,0.2657859763680673
2271.7529296875,0.4758365342161429,0.40493754380482166,0.39274130740821506,0.4541638239450516,0.26521515144239527
2282.51953125,0.47469090248316365,0.404569771436597,0.3930021774019853,0.45414866008160804,0.26472399273779057
2293.2861328125,0.4735375812145843,0.4041793805815344,0.3932391048982421,0.4541275030731961,0.26422888561972646
2304.052734375,0.47237629773183765,0.40376637123963427,0.39345198999783004,0.45410007136266967,0.26372975032227414
2314.8193359375,0.47120699749921,0.4033310816312604,0.3936409325999049,0.45406640517247826,0.26322660678691573
2325.5859375,0.4700296259809884,0.402873765421686,0.3938062324019313,0.4540265849475206,0.2627193951892051
2336.3525390625,0.46884429224859897,0.4023947185537291,0.3939480559025016,0.45398089224494287,0.26220821523655247
2347.119140625,0.4676506690877612,0.40189394102739007,0.3940661367038687,0.45392912595249774,0.26169292733858335
2357.8857421875,0.46644864742704834,0.4013714751202141,0.39416027500772216,0.4538712056252866,0.26117351155381535
2368.65234375,0.465238172730747,0.4008273631097469,0.3942301378168782,0.4538071312633092,0.2606500077652131
2379.4189453125,0.4640194086059973,0.4002619432163523,0.39427595822936595,0.4537375866482062,0.2601223162653655
2390.185546875,0.4631711055828863,0.40003630795606754,0.39437299360871825,0.45361446573043274,0.259841500314158
2400.9521484375,0.46273176587512804,0.4001927348743836,0.39453782721468755,0.45343113180582956,0.25983162928050874
2411.71875,0.46228948123884167,0.40034066400605617,0.39469073952147776,0.4532388282749983,0.25981944503493376
2422.4853515625,0.46184386992403376,0.4004798839633574,0.39483149743105994,0.4530371126909952,0.2598048478700224
2433.251953125,0.4613955863592655,0.4006110289094702,0.39496086683695675,0.45282678950280947,0.259788097025042
2444.0185546875,0.4609442487945424,0.4007338451791211,0.3950784814422668,0.45260753693084516,0.2597690529096177
2454.78515625,0.460489530015584,0.4008480791070374,0.3951836419529034,0.4523787114159113,0.25974763575782134
2465.5517578125,0.4600320299152382,0.4009544071339468,0.395277447259573,0.4521412782967949,0.25972404498447377
2476.318359375,0.459571148600657,0.40105232192930346,0.39535899826987997,0.45189443312450633,0.25969810111623626
2487.0849609375,0.4591074314289751,0.4011423731011991,0.39542906087734636,0.4516389803480352,0.2596699636849657
2497.8515625,0.4586406057216252,0.4012244338169969,0.39548703568704163,0.4513743970755384,0.25963957286621553
2508.6181640625,0.4581708350857475,0.40129854635424234,0.39553305589783966,0.4511010050866115,0.2596070084259143
2519.384765625,0.45769468377139316,0.40121974100944746,0.39542403261987147,0.4504536247626775,0.25972223030960095
2530.1513671875,0.4572134333678289,0.40097419302523657,0.39514944314212935,0.44938563828482153,0.26000368438823634
2540.91796875,0.45673117405356534,0.40072703849429714,0.39487248938438274,0.4483087626456365,0.26028162876601857
2551.6845703125,0.45624763315003486,0.4004780660289014,0.3945929382486025,0.4472223945083805,0.2605559836770194
2562.451171875,0.45576275612152445,0.4002273179065952,0.39431072313535226,0.44612649365060486,0.26082684882864915
2573.2177734375,0.45527657023589085,0.39997475184983267,0.39402577744519485,0.445020899182511,0.26109418433794396
2583.984375,0.454789429975271,0.39972062152388727,0.3937385007747514,0.443905973106144,0.26135818961972473
2594.7509765625,0.4543006809111041,0.39946450415330376,0.39344829372909035,0.4427808305276163,0.2616187250836166
2605.517578125,0.4538108411326672,0.3992066956809005,0.3931555226051141,0.4416459138938717,0.26187587049554817
2616.2841796875,0.4533196652292507,0.3989470692740413,0.39285995430479437,0.4405007405355169,0.2621297056214478
2627.05078125,0.45282718046871023,0.39868558265518045,0.39256148892897585,0.4393453104525516,0.2623802105198337
2637.8173828125,0.4523332505117628,0.39842219354677233,0.3922601930770949,0.4381793018653805,0.26262738519070555
2648.583984375,0.4518383116441165,0.398157240169181,0.3919562665474625,0.437003036553599,0.26287134928295597
2659.3505859375,0.45096680367492165,0.39721597289637284,0.391216979499761,0.43506560160838303,0.2630931783300539
2670.1171875,0.45000441193922014,0.39610855486978563,0.3903712665521244,0.4329371100282691,0.2633057744709304
2680.8837890625,0.4490392934178445,0.39499259677900916,0.3895205919464497,0.4307933339173633,0.26351336529979497
2691.650390625,0.44807106636080124,0.3938676758485886,0.3886645227863979,0.42863346882667663,0.2637161302899865
2702.4169921875,0.4470997307680894,0.3927335384132509,0.38780305907196894,0.42645727342151213,0.26391394979261246
2713.18359375,0.4461253684432802,0.3915900153628144,0.3869361342037255,0.4242644259222745,0.26410696339804757
2723.9501953125,0.44514776124351896,0.3904367684769149,0.386063481783922,0.42205444365957034,0.26429515116480984
2734.716796875,0.444167100043803,0.38927375547800724,0.3851854348097408,0.41982728641094985,0.26447861280030965
2745.4833984375,0.44318305762985155,0.3881003422029085,0.3843013272868146,0.41758202906007624,0.2646572485971365
2756.25,0.44219596121594573,0.38691665548425586,0.3834115255120462,0.41531879227429697,0.2648312380286296
2767.0166015625,0.4412054017842339,0.38572210343641183,0.38251576308768837,0.4130367313821744,0.2650005212703425
2777.783203125,0.4402116520132838,0.3845165592267404,0.3816139068148672,0.41073568549391043,0.26516511826375727
2788.5498046875,0.43921449376024163,0.38329955780224073,0.38070592339386466,0.40841501105031336,0.26532506889183816
2799.31640625,0.43803720404558993,0.38181920954687854,0.3796080982783912,0.4059819953053966,0.2653038710963451
2810.0830078125,0.43665139703046496,0.38003556218016515,0.37828962922894765,0.40341865882425443,0.26507440446159547
2820.849609375,0.43526000010470833,0.3782379209458939,0.37696057086906015,0.40082869508157465,0.2648402515785477
2831.6162109375,0.4338628496611802,0.3764258630686106,0.37562065680098145,0.39821109851612135,0.2646014323886841
2842.3828125,0.4324601093070211,0.3745992194381332,0.3742697871255561,0.39556510490135477,0.2643580067164506
2853.1494140625,0.4310514518279497,0.3727573136137332,0.3729075289464462,0.39288946734134195,0.2641098748544371
2863.916015625,0.42963695902753657,0.37089989193013817,0.37153378236449575,0.3901832204972957,0.26385697697819693
2874.6826171875,0.4282163854950706,0.3690262356690748,0.3701480145842109,0.38744491636103634,0.26359935297069437
2885.44921875,0.4267898130341227,0.3671360911652697,0.3687501923058734,0.38467350914887766,0.2633369629489654
2896.2158203125,0.42535691443041135,0.36522865514535907,0.36733961623539735,0.3818671888505943,0.26306972714708127
2906.982421875,0.42391779875536406,0.36330354711143303,0.36591625307306436,0.3790247890151524,0.2627976455650422
2917.7490234375,0.4224722478661263,0.36136009062276436,0.36447960332309853,0.3761444191874277,0.26252065837840155
2928.515625,0.4210201254234152,0.3593975669610789,0.3630293339883165,0.37322430957964386,0.2622386459382669
2939.2822265625,0.41956140415937315,0.3574153842407405,0.36156497887266065,0.37026248929177846,0.2619516481276024
2950.048828125,0.4182105818044426,0.35552249169647876,0.3601297277108668,0.3676725255490987,0.2615277919251514
2960.8154296875,0.41702988360769866,0.3537844829401226,0.35874948768383275,0.3656895185686534,0.2608974815583166
2971.58203125,0.41584414085745836,0.35203647554425765,0.3573586583463547,0.3636816943368964,0.260263162953576
2982.3486328125,0.41465299907158404,0.350277941039566,0.35595667360322003,0.36164764506809616,0.25962467657907223
2993.115234375,0.4134566763929291,0.34850904853622877,0.3545436333535839,0.359586646758163,0.25898218196666245
3003.8818359375,0.4122548183393568,0.346729332981246,0.3531190714013892,0.35749713073156825,0.25833547970152526
3014.6484375,0.4110473703751531,0.34493866754198077,0.35168272134888895,0.3553779305372778,0.25768454984217914
3025.4150390625,0.40983425069674817,0.343136798553161,0.35023431679833594,0.3532274774997628,0.25702935250565906
3036.181640625,0.4086152684291444,0.3413234512107399,0.3487735247525462,0.35104416272104555,0.25636978798455506
3046.9482421875,0.4073901508937747,0.33949830843312717,0.3472999789146184,0.3488261359684507,0.25570577651293824
3057.71484375,0.40615900716206604,0.33766126452645895,0.3458134461865229,0.346571547009304,0.25503731809080876
3068.4814453125,0.4049215100197374,0.3358119389928254,0.34431346037220306,0.3442781433864358,0.25436431301075607
3079.248046875,0.40367749585964835,0.33395001475063546,0.3427996218750378,0.34194335086308114,0.25368668150685175
3090.0146484375,0.40242693741394236,0.3320753649672529,0.34127173089671714,0.33956471586982356,0.2530044036376134
3100.78125,0.4011693438611982,0.33018737661826814,0.3397290548434375,0.3371387189423361,0.25231727998822007
3111.5478515625,0.40022633957163717,0.3286672451925991,0.3383243395233956,0.33539326574835593,0.25153050875267546
3122.314453125,0.39952855511771845,0.32743688406372423,0.3370279148875182,0.334191700515869,0.25066588597093603
3133.0810546875,0.39882643507457854,0.32620168215589096,0.33572189993274765,0.3329728597413422,0.24979729483425459
3143.84765625,0.3981199794422173,0.3249616817466442,0.3344061614602113,0.3317361400880341,0.2489246954596673
3154.6142578125,0.3974090246134943,0.32371684055843897,0.33308046637187955,0.3304807169957305,0.24804806790569212
3165.380859375,0.3966934069812691,0.3224670317586385,0.3317445482700065,0.32920576590421785,0.24716733240639988
3176.1474609375,0.3959729902062582,0.32121225534724285,0.33039814075684376,0.3279103616971589,0.2462823892543806
3186.9140625,0.3952476106813209,0.3199524690467064,0.3290410773338007,0.32659353903576654,0.24539325839111634
3197.6806640625,0.3945169957278903,0.31868750374684746,0.3276729251045378,0.3252541314690065,0.2444997802847498
3208.447265625,0.3937810635423955,0.317417422863984,0.3262935175704631,0.32389097254584537,0.2436019748767635
3219.2138671875,0.39303951417841265,0.31614207842670705,0.32490252173439305,0.3225027148142257,0.2426997225182645
3229.98046875,0.39229207495737484,0.3148613858799255,0.3234995379997071,0.3210878298210687,0.2417929434433244
3240.7470703125,0.391538582272141,0.3135753452236392,0.3220843332683764,0.31964470866839645,0.24088159776897888
3251.513671875,0.39077865437271697,0.3122838084864394,0.3206564413443444,0.31817140056740995,0.23996558578781732
3262.2802734375,0.3900121003841059,0.3109868390846437,0.31921566242929983,0.3166659748405361,0.23904490749983978
3273.046875,0.38923853855631285,0.309684246769298,0.31776146372774894,0.3151258974734588,0.23811942331467156
3283.8134765625,0.38905960688039987,0.30917245594235826,0.31664279298857095,0.31443147699489077,0.23732383794402992
3294.580078125,0.3889243310431241,0.3087220309726989,0.31554237049506423,0.31379527851190453,0.23653593004400428
3305.3466796875,0.3887848286880537,0.30826991490121974,0.31443232438294605,0.31314789818797056,0.23574503092166083
3316.11328125,0.38864093620804896,0.30781602317282986,0.31331232165503325,0.312488813131246,0.23495106081107098
3326.8798828125,0.3884925990673955,0.30736046148139323,0.31218212921329674,0.31181768145091066,0.23415403965371695
3337.646484375,0.38833959912324023,0.3069031029942733,0.3110412808616795,0.3111338193653236,0.23335386774218783
3348.4130859375,0.38818171823272873,0.3064439899890154,0.3098895102024343,0.3104368246499903,0.23255054507648382
3359.1796875,0.38801892912800423,0.3059832281594832,0.3087264842383773,0.30972607385694434,0.2317440915980871
3369.9462890625,0.38785074098764594,0.3055205638404043,0.30755160357457834,0.3090007826484213,0.2309343278336585
3380.712890625,0.38767704474022663,0.3050561027256419,0.306364568513571,0.3082602873540055,0.23012127372468044
3391.4794921875,0.38749759497503544,0.30458984481519585,0.3051648129601436,0.30750378352470764,0.2293049292711523
3402.24609375,0.38731209174564885,0.30412176897029386,0.30395187071823887,0.3067304063778646,0.22848519476566387
3413.0126953125,0.3871201533020718,0.30365181177461764,0.30272514239292564,0.3059391503522399,0.2276620502667331
3423.779296875,0.3869214251621671,0.3031799943669398,0.30148406188899185,0.30512890933047404,0.2268354359499135
3434.5458984375,0.386715498308084,0.30270627446971476,0.30022792991235103,0.3042984766390829,0.22600531193224105
3445.3125,0.38650199098982757,0.3022307154992609,0.29895611376835457,0.3034465249372348,0.22517165827223326
3456.0791015625,0.3862993635464092,0.301868185546677,0.29772462358331353,0.3026670742005244,0.2243848272122422
3466.845703125,0.3861155781919971,0.3016484902815336,0.2965509750090942,0.3019945749569076,0.22365837896010898
3477.6123046875,0.3859271845697959,0.3014264908901614,0.2953639066483684,0.30131204021215247,0.222928760012319
3488.37890625,0.38573431901909006,0.3012024410378326,0.29416305220423494,0.30061924874278706,0.22219609001776458
3499.1455078125,0.3855365179863145,0.300976044781729,0.2929475125842967,0.2999155368783952,0.2214601296786604
3509.912109375,0.3853336996678993,0.3007474289544873,0.2917165551947494,0.2992004420608085,0.22072093881945312
3520.6787109375,0.38512553684956313,0.30051655127856175,0.2904693475426339,0.2984734413981838,0.21997843767421368
3531.4453125,0.38491183865630985,0.3002834117539524,0.28920499053555404,0.29773393155377953,0.21923258635997842
3542.2119140625,0.38469233240957085,0.3000479892418867,0.28792245188223997,0.29698122874595484,0.2184833449937825
3552.978515625,0.384466609091496,0.2998102837423642,0.2866205327928298,0.29621458885939506,0.2177306138682158
3563.7451171875,0.3842343687556607,0.29957021070029455,0.28529793457830754,0.295433207445111,0.21697439298327836
3574.51171875,0.3839951478485006,0.29932783353199555,0.2839532253507823,0.2946361794979899,0.21621458263155924
3585.2783203125,0.38374842828073746,0.2990830465436035,0.28258470682461756,0.29382245923434636,0.21545112298861233
3596.044921875,0.3834938010345204,0.29883593429020927,0.2811905475153012,0.29299102098171875,0.2146840140544374
3606.8115234375,0.3832304480741473,0.2985863488004043,0.2797684830419851,0.29214041673192764,0.21391309629717767
3617.578125,0.3829577422389134,0.29833435349050585,0.27831598262607166,0.291269258810466,0.21313836971683314
3628.3447265625,0.3826747836895458,0.2980799483605146,0.2768300992424848,0.290375898096907,0.21235977448895768
3639.111328125,0.38235885830138266,0.2978003035358654,0.27532826529379467,0.28946634784744335,0.21158823854575226
3649.8779296875,0.3817256714000756,0.297188695424022,0.274100188329887,0.28865307003074364,0.21096879628667253
3660.64453125,0.38108703092742097,0.2965647845464408,0.2728565770473564,0.28782790648023077,0.2103435311148142
3671.4111328125,0.38044299141913257,0.29592823268275803,0.2715966655526799,0.28699043486018555,0.20971238320573027
3682.177734375,0.37979322566092905,0.2952784268085634,0.2703193882548695,0.28613997138896724,0.20907507337867154
3692.9443359375,0.3791374337063866,0.2946147116219026,0.2690235630139227,0.2852757317288116,0.20843138227733463
3703.7109375,0.37847542468050793,0.2939364529595929,0.2677079743901187,0.2843970119868531,0.20778111048689843
3714.4775390625,0.37780684410115534,0.2932428898258157,0.2663710905964123,0.28350290715797893,0.207124018709577
3725.244140625,0.37713139202190493,0.29253324008597886,0.26501122999702575,0.2825923915697285,0.2064598078231391
3736.0107421875,0.37644860488919196,0.2918065524953095,0.263626361309137,0.2816643389935169,0.20578819864683479
3746.77734375,0.37575804641730876,0.29106185467026074,0.26221422015189705,0.28071750253341093,0.2051089119999145
3757.5439453125,0.3750591985169776,0.2902980262558777,0.26077200934896255,0.27975041407000584,0.2044215889356999
3768.310546875,0.3743514340274928,0.2895138412033406,0.2592964488780725,0.27876138426042457,0.20372591039047724
3779.0771484375,0.3736339894488661,0.2887077986597848,0.25778340957414864,0.27774842209341905,0.20302141771015786
3789.84375,0.3729060194775391,0.2878783554947998,0.25622779658027883,0.27670917455569677,0.20230777188954555
3800.6103515625,0.37216646066709813,0.28702371491270234,0.2546231830508162,0.2756408864094698,0.20158445445010528
3811.376953125,0.37141392235685017,0.28614174189744485,0.2529609110589831,0.274540058301636,0.2008510266792303
3822.1435546875,0.3706467139396771,0.28522996321261646,0.2512293257033465,0.27340240654132864,0.20010685044949292
3832.91015625,0.3698626267191837,0.28428560967898725,0.24941169387542234,0.27222250109787177,0.19935134745791155
3843.6767578125,0.36872599337892786,0.28334947912795627,0.2480341511255771,0.27135411852542246,0.1988204653209249
3854.443359375,0.36746627293335793,0.28240394182305345,0.2468169798194381,0.2705918226634035,0.19836055491880186
3865.2099609375,0.3661982357914832,0.28143496161917586,0.2455862555279196,0.26981772151247024,0.19789127202008253
3875.9765625,0.3649213911318819,0.2804409953859131,0.24434106250876586,0.26903101062363366,0.19741203832178544
3886.7431640625,0.36363557534741414,0.2794205422704005,0.2430806015687364,0.2682309659928038,0.19692241511130407
3897.509765625,0.3623406248309392,0.2783719745871364,0.24180399026529337,0.2674168636158903,0.1964218639686212
3908.2763671875,0.36103610329674896,0.27729319959761917,0.24051011305787157,0.2665877180428816,0.19590976670779117
3919.04296875,0.3597216562627065,0.2761817652042101,0.23919768790731383,0.26574248349009216,0.19538538549397552
3929.8095703125,0.35839701105024435,0.2750349233664526,0.2378652995755885,0.2648799935064878,0.19484802237530002
3940.576171875,0.35706159503437035,0.27384914390929804,0.23651116652776252,0.26399873975021354,0.19429670021914097
3951.3427734375,0.35571497192937723,0.2726204104659247,0.23513322418129615,0.2630971133232922,0.19373050171732048
3962.109375,0.35435659637813044,0.2713435651757828,0.2337289417575938,0.2621731634369246,0.19314821043942954
3972.8759765625,0.3529857048806406,0.2700120972968668,0.23229500593467556,0.26122433596557076,0.19254843048171977
3983.642578125,0.35160147940120645,0.2686177204302603,0.23082735414690034,0.26024773489287023,0.19192956652562176
3994.4091796875,0.35020291102912815,0.26714935785904487,0.22932042534129862,0.2592395189749002,0.1912896044814411
4005.17578125,0.3487886636394253,0.2655916839729798,0.2277664939832071,0.25819472073915334,0.1906261114883596
4015.9423828125,0.3473571556964078,0.26392248192191,0.22615410496950325,0.25710654259167237,0.18993599661664817
4026.708984375,0.34590598762868224,0.2621069572858964,0.22446482690606587,0.25596529092213893,0.18921513197950857
4037.4755859375,0.34443180548987007,0.26008501253402394,0.2226646441305717,0.2547557214222109,0.1884578541960189
4048.2421875,0.34294518920838546,0.2585314395698717,0.22112623044124383,0.2538767402343311,0.1879419281706217
4059.0087890625,0.34146209048042037,0.2578809572549493,0.2200953377597093,0.25351453707701366,0.18777848778317008
4069.775390625,0.33996792100261924,0.2572082158123261,0.21905497130829643,0.2531442492073562,0.1876054754843006
4080.5419921875,0.3384623808285589,0.2565128558828654,0.2180047481402437,0.2527656151794374,0.18742255226881818
4091.30859375,0.33694525181538465,0.2557944969686575,0.2169443352583677,0.25237819254631344,0.1872294190144904
4102.0751953125,0.33541626128452967,0.2550526106003842,0.2158732664666105,0.25198157908348967,0.18702569683315698
4112.841796875,0.333875082021713,0.25428656261486277,0.21479117546807067,0.25157537256647133,0.18681090712924725
4123.6083984375,0.33232152315193714,0.25349563429381994,0.2136975627669719,0.2511591104370901,0.1865846510731188
4134.375,0.33075517565735135,0.2526788955312548,0.2125918955678208,0.2507321491361545,0.18634633042030815
4145.1416015625,0.32917571232367493,0.25183531052730324,0.2114735744756859,0.2502938451044732,0.18609532698486936
4155.908203125,0.3275827786687699,0.250963462984191,0.21034191684634063,0.2498434944491812,0.18583090293196414
4166.6748046875,0.3259758293355018,0.25006174635518935,0.20919605688710768,0.24937999105291828,0.18555220077786133
4177.44140625,0.32435453710958956,0.24912823701197848,0.20803521205460443,0.24890253046669525,0.18525824338993693
4188.2080078125,0.32271838390175533,0.24816035602428385,0.20685825015840648,0.2484096646823322,0.18494777445481766
4198.974609375,0.32106660621201016,0.24715482688232937,0.20566383920977901,0.24789974457940137,0.18461931830282668
4209.7412109375,0.31939854961179276,0.24610737955402073,0.20445026427322494,0.24737067859053116,0.1842710004346444
4220.5078125,0.3177134233332575,0.24501217973808034,0.20321552736564163,0.2468199125901817,0.18390046775538113
4231.2744140625,0.31601008212642157,0.2438606450927734,0.20195674806139002,0.24624376622422767,0.18350446980345117
4242.041015625,0.3142871625984476,0.24263939477495186,0.20066983049510934,0.24563693012934154,0.18307832033055627
4252.8076171875,0.31254272873150774,0.24132530296723242,0.19934828122171594,0.24499123914828472,0.18261480052016946
4263.57421875,0.3108210362570874,0.23998030627375946,0.1980311275111484,0.24435996791535655,0.18215136047571115
4274.3408203125,0.3096710143991733,0.23990678562215087,0.1973177975939222,0.24454505151651085,0.1822899138934777
4285.107421875,0.3085093491664325,0.23980386093765318,0.19659725828766694,0.24472285485431447,0.182418396862774
4295.8740234375,0.3073359860231508,0.23967233549363132,0.19586964279125665,0.24489365948591352,0.1825368692080462
4306.640625,0.3061507886300452,0.23951273775940327,0.195134584807789,0.2450571436317122,0.18264535087077663
4317.4072265625,0.3049536479156886,0.23932544823287893,0.19439200108796803,0.24521340784783419,0.18274380196800083
4328.173828125,0.3037443730050834,0.23911069944055804,0.1936415919343287,0.2453623515781558,0.18283206296786197
4338.9404296875,0.3025227457553761,0.23886868163139557,0.1928831741984189,0.24550375359920526,0.18291007404591378
4349.70703125,0.30128852075585627,0.2385992891115279,0.1921163649334785,0.2456374127987352,0.18297765572881672
4360.4736328125,0.30004153439938264,0.23830247960340942,0.19134088109190028,0.2457630878420485,0.18303464848471437
4371.240234375,0.2987815412752456,0.23797797830299458,0.1905563896765012,0.24588065806179765,0.1830808130158212
4382.0068359375,0.2975082687048769,0.23762542585114638,0.18976254104023774,0.245989882123285,0.1831158900828695
4392.7734375,0.29622138947399634,0.23724412466836417,0.18895875243803892,0.2460903175795674,0.18313950079769917
4403.5400390625,0.2949206581718928,0.2368333560363751,0.18814465757300197,0.24618178342962177,0.18315128621363186
4414.306640625,0.2936056930485725,0.23639189390635984,0.18731937400259005,0.24626355566935823,0.18315078767657866
4425.0732421875,0.2922760850861838,0.235918237425453,0.18648225238229485,0.24633515162938308,0.1831373870005944
4435.83984375,0.2909314798025894,0.23541018816128936,0.18563214387183286,0.24639592775050542,0.1831104261167689
4446.6064453125,0.2895713318406543,0.23486438504900267,0.18476748338443919,0.24644475780414063,0.18306906748285276
4457.373046875,0.28819501403967396,0.23427495150976904,0.18388562359250396,0.24648003289231027,0.1830121544928836
4468.1396484375,0.2868019537746564,0.23362876036571434,0.18298243533094757,0.24650048600785654,0.1829383710090413
4478.90625,0.2853911966706164,0.23289718971854045,0.18204283382734543,0.2465021351282842,0.1828457228831139
4489.6728515625,0.2839615156740003,0.23209869371685476,0.18104325953094544,0.24647884633005146,0.18273149807353306
4500.439453125,0.2830573680802905,0.23222246123127926,0.18045806693003602,0.24681619201360747,0.18284241259708203
4511.2060546875,0.28248676091019637,0.23288467556507514,0.18009809697437415,0.24739459083673068,0.18310049525867328
4521.97265625,0.28190407407956797,0.2335129198910692,0.17973328190968813,0.2479656490628288,0.18334976378516754
4532.7392578125,0.28130955299911486,0.23410884303353557,0.17936383818414747,0.2485293063582279,0.1835904175913863
4543.505859375,0.28070338854383514,0.23467407267797538,0.17899001554564056,0.24908624650456843,0.18382255638474002
4554.2724609375,0.28008555344587155,0.23520998284461764,0.17861139774768667,0.24963648961307533,0.18404625993115717
4565.0390625,0.279455993169511,0.23571724997418936,0.1782281679387378,0.2501792714572085,0.18426156811360195
4575.8056640625,0.2788149531254635,0.2361972480869199,0.17784065911597746,0.250715657931879,0.1844685208150387
4586.572265625,0.27816221517087547,0.23665010401544512,0.17744837178363013,0.2512448445880976,0.1846671579184314
4597.3388671875,0.27749772477003376,0.23707723405753908,0.17705212178479562,0.2517673543177068,0.1848573797163699
4608.10546875,0.27682159099436493,0.23747954718043013,0.17665119317552885,0.25228308656458376,0.18503918620885368
4618.8720703125,0.276133786576012,0.23785816373907342,0.1762459189530143,0.25279222232975024,0.18521251757143692
4629.638671875,0.275433984300695,0.2382127455131052,0.17583699841133676,0.25329413816524005,0.18537723421374444
4640.4052734375,0.2747225659184072,0.2385453852410272,0.17542551379134447,0.25378983963228957,0.18553331619429408
4651.171875,0.273998986072015,0.23885745694306795,0.17501156499219248,0.25427848205946,0.18568042450789
4661.9384765625,0.2732634083686579,0.2391506094435014,0.1745933205293694,0.2547603268926732,0.18581841956415726
4672.705078125,0.2725154510583416,0.23942589968096498,0.1741665846383601,0.255235233353356,0.1859470022408642
4683.4716796875,0.2717551959446369,0.2396798397579559,0.17373167366648926,0.2557030204404855,0.18606587341577868
4694.23828125,0.27098207040255184,0.23990154320650983,0.17328873746248927,0.2561629842611968,0.1861744348444376
4705.0048828125,0.27019659252136463,0.24009582966681323,0.17283977400946307,0.2566169147144902,0.1862722677557161
4715.771484375,0.26939758978323575,0.24026261458377457,0.17238295182289967,0.2570618755615556,0.18635821554365123
4726.5380859375,0.268585662081013,0.24040297603480426,0.17191945304280148,0.25749993825854,0.1864308623630128
4737.3046875,0.2677598277718537,0.2405156879710829,0.17144849512578675,0.25792917212786953,0.18648681816184032
4748.0712890625,0.26776991687884677,0.24167455777053243,0.1712901050153239,0.258452647196266,0.18662732584485459
4758.837890625,0.26778123303939283,0.24282002558806148,0.17113414578430228,0.25897477481260556,0.1867654206085325
4769.6044921875,0.2677804422715475,0.24393649100938405,0.17097469008285088,0.2594917338441905,0.1868994273683761
4780.37109375,0.2677681172003021,0.24502560285877384,0.17081243720505598,0.26000499241042585,0.18702944583179543
4791.1376953125,0.26774472137922095,0.24608888312786853,0.17064755364950904,0.26051517395927826,0.18715559564768358
4801.904296875,0.267710309344018,0.24712715622880554,0.1704797230688858,0.26102153437543246,0.1872778369330766
4812.6708984375,0.2676649356304064,0.24814109860231276,0.17030831276853728,0.2615228669854055,0.18739606998056346
4823.4375,0.2676090092562376,0.2491320419910728,0.1701343383898731,0.262021343801467,0.18751043438051893
4834.2041015625,0.26754266656079434,0.2501006839745863,0.16995738368641466,0.26251565759401047,0.18762097001590775
4844.970703125,0.2674660166155048,0.2510474896058539,0.1697768992128076,0.26300594914160863,0.1877275572378366
4855.7373046875,0.267379686581073,0.25197393859896766,0.16959464985412717,0.2634948530147006,0.18783031569519879
4866.50390625,0.2672827766182273,0.2528790797091541,0.1694080715320572,0.26397758274180183,0.18792892632427996
4877.2705078125,0.2671762411019529,0.25376447720559636,0.16921854618491092,0.26445721534029504,0.18802362842286546
4888.037109375,0.2670599709608232,0.25463055386374894,0.16902660660818264,0.26493433403569755,0.1881143222835454
4898.8037109375,0.26693393892698125,0.2554768234918395,0.16883008832017685,0.2654061634789973,0.18820074866705136
4909.5703125,0.26679817226828406,0.25630383569795856,0.16863065630681318,0.26587515723961036,0.18828292751486597
4920.3369140625,0.26665294366329895,0.25711165389842516,0.16842764457372422,0.26634041031242467,0.18836089870995348
4931.103515625,0.2664982258441692,0.25789924229337424,0.16822022062795017,0.266801902586215,0.1884344229545284
4941.8701171875,0.2663339915430377,0.25866313412407554,0.16800730222864335,0.26725945305995896,0.188503440424144
4952.63671875,0.2661601589563346,0.2593989748033438,0.16778471026114833,0.26771280028773536,0.18856777164546173
4963.4033203125,0.2659769189590572,0.2601402481472075,0.16756285088745743,0.2681624671613867,0.18862729696958852
4974.169921875,0.2657842988190617,0.2608748416388838,0.16734851725011984,0.26860646266966537,0.18868189674763192
4984.9365234375,0.2655819985899243,0.26159565265073004,0.16713398381447195,0.26904858783404423,0.18873111232550294
4995.703125,0.26541784609236313,0.26228733443373325,0.16689813855906252,0.26940057448920096,0.18874080388581305
5006.4697265625,0.2655583300902761,0.2628718637776896,0.16653460553353408,0.2691674049497264,0.18852184641214045
5017.236328125,0.265691424499013,0.26345041084895915,0.16616800893391456,0.26893117850409326,0.1883008349658095
5028.0029296875,0.26581734746142793,0.26402312361895103,0.16579826551090882,0.26869006503085185,0.1880777296638559
5038.76953125,0.26593658979894186,0.2645903191692564,0.165425375264516,0.26844563320553055,0.18785259033072613
5049.5361328125,0.2660484970829936,0.26515161700196566,0.1650492715953002,0.2681964752423986,0.18762519761011698
5060.302734375,0.26615309658143954,0.26570724964357906,0.16466988790382375,0.2679412235781745,0.18739555150202816
5071.0693359375,0.2662518062228303,0.2662579780899157,0.1642873407391019,0.2676860523588494,0.18716383147979915
5081.8359375,0.2663434807571824,0.26680304134515653,0.16390141365296423,0.26742390254454435,0.1869297184797156
5092.6025390625,0.266428447398777,0.2673429678786201,0.16351215659498922,0.2671591583822497,0.18669331220918842
5103.369140625,0.26650686975475496,0.26787756744135194,0.16311948631588039,0.26688805907294166,0.18645447307784244
5114.1357421875,0.2665788296286859,0.268407241670034,0.16272343611535578,0.2666147274176889,0.18621324096864222
5124.90234375,0.2666442452169997,0.26893177917693906,0.16232387279454263,0.2663354227286924,0.18596943640824856
5135.6689453125,0.2667030074482696,0.26945137021102167,0.16192081300330022,0.2660505070079975,0.18572307933814364
5146.435546875,0.2667554162689192,0.269966226160009,0.16151427339148677,0.26576285616073975,0.18547405010943466
5157.2021484375,0.26680125353609563,0.2704762836075834,0.1611042539591032,0.2654704188419971,0.18522226895619337
5167.96875,0.26684117367835963,0.2709822824107908,0.16069137075093934,0.2651758698446584,0.18496779570286564
5178.7353515625,0.26687414051715563,0.2714837997941759,0.16027509097150044,0.2648731154676313,0.1847103312272204
5189.501953125,0.26690094482032856,0.27198269596974073,0.15985726275515724,0.2645677868538393,0.18444989547073887
5200.2685546875,0.266920986695031,0.27248064090053187,0.15943605461739868,0.26425580142466293,0.18418622919415426
5211.03515625,0.2669347842305401,0.27298285586341764,0.15901416383541347,0.2639424082097559,0.1839194121633948
5221.8017578125,0.26694184660543524,0.27347405752570325,0.158583981423552,0.26362109117230653,0.18364912531474642
5232.568359375,0.2669422828911432,0.27395860047457393,0.15814893725280763,0.2632947262174509,0.1833752290578343
5243.3349609375,0.26693576587338275,0.2744369709018027,0.15770798238205147,0.2629622474502788,0.1830972647385699
5254.1015625,0.2669227863735757,0.27491100788061906,0.15726378078875303,0.26262596766163315,0.1828153918888101
5264.8681640625,0.2669032898560082,0.2753810707701591,0.15681618262417998,0.262286952746425,0.1825294509766979
5275.634765625,0.26667786648435726,0.2747451107921129,0.15616247585270893,0.2614719453643987,0.18211558545678863
5286.4013671875,0.2664473985592099,0.2740888364534584,0.15549906221333085,0.26063879765766973,0.18169573749224371
5297.16796875,0.2662145855983833,0.2734278058909362,0.1548274901429504,0.25979352288243085,0.18127146251866805
5307.9345703125,0.2659789095125987,0.272761384941364,0.15414701039790346,0.2589332853559957,0.18084248135531233
5318.701171875,0.2657403430340006,0.27208980613124173,0.15345760632833164,0.25805750185284704,0.18040877406069425
5329.4677734375,0.2654995678590062,0.27141347109725183,0.15275984402944712,0.2571698527271102,0.17997034063481376
5340.234375,0.26525562961263033,0.2707311749293478,0.15205169221842854,0.25626406327667023,0.17952680218951095
5351.0009765625,0.2650087191698703,0.27004329812543887,0.15133330074400864,0.2553424060699215,0.17907811884182104
5361.767578125,0.2647590819414365,0.26935000979570717,0.150604852754639,0.2544054643323808,0.17862419088433365
5372.5341796875,0.2645060907666236,0.26865031641783355,0.14986406721961074,0.25344827059154096,0.17816469925333503
5383.30078125,0.26425048187756395,0.26794561315081944,0.14911344161780138,0.2524759934321565,0.17769980348068193
5394.0673828125,0.2639914917742693,0.26723412433775384,0.148349129831739,0.25148294137762994,0.17722894520487503
5404.833984375,0.2637291477245955,0.2665159768112735,0.1475710319622684,0.2504695970973548,0.1767519848355397
5415.6005859375,0.2634636951392535,0.2657922486487883,0.14678087959474503,0.24943831360462407,0.1762689423141578
5426.3671875,0.2631945068575387,0.26506173494025215,0.14597525950803514,0.24838293686467122,0.17577941881108705
5437.1337890625,0.2629219100937314,0.26432413974284596,0.14515335585903855,0.24730592044691302,0.17528309526261368
5447.900390625,0.26264538675855403,0.2635795264728882,0.1443152685469109,0.2462048912268322,0.17477979219539824
5458.6669921875,0.2623647732448662,0.2628275357712426,0.143458000596997,0.24507761685848348,0.1742691307212809
5469.43359375,0.26207996048124044,0.2620678716950901,0.1425810858132411,0.24392413756431658,0.17375083165951183
5480.2001953125,0.26179097573553395,0.26130049196688576,0.14168207666634106,0.24274113499225194,0.1732245759463767
5490.966796875,0.2614968919006175,0.26052393801130985,0.14075804278108062,0.2415266784647154,0.1726897852788946
5501.7333984375,0.2611975999050639,0.2597370049183158,0.13980661987745444,0.24027803285514457,0.17214612065186938
5512.5,0.26089359057029493,0.2589437513322712,0.13882788287982867,0.23899948185440612,0.17159322311862277
5523.2666015625,0.26058355503918695,0.25814290892681063,0.1378135901079055,0.23768032629094557,0.17103041466876268
5534.033203125,0.26026664800818117,0.25733310368170603,0.13675730639110825,0.23631710703411,0.17045685776004024
5544.7998046875,0.25994292401299074,0.2565157730335043,0.1356583574101397,0.2349117145390236,0.16987211367984867
5555.56640625,0.2594665545557824,0.2555664518882799,0.13477243505256212,0.23382928820181426,0.16940414691894923
5566.3330078125,0.25882518729745424,0.2544676796197455,0.1341586046938482,0.23313074492217722,0.16907022680085734
5577.099609375,0.25817932084276407,0.25335294757778815,0.13353607478370833,0.2324169774454222,0.1687305834773972
5587.8662109375,0.25752870978100173,0.2522213679339529,0.13290168184889625,0.23168583387050415,0.16838499759226536
5598.6328125,0.2568741448800126,0.25107384965546753,0.13226206085829895,0.23094300567402,0.16803366856028312
5609.3994140625,0.256214726300524,0.24990836342014847,0.13161132608669276,0.23018332427121543,0.16767617761032585
5620.166015625,0.2555507812568169,0.24872598730540596,0.13095505523690648,0.2294115560223503,0.16731268427425078
5630.9326171875,0.2548820916060373,0.24752414238096482,0.13028648014117994,0.2286206217763214,0.16694273986871003
5641.69921875,0.25420852100890184,0.24630301889577985,0.12960863939881484,0.2278131359923428,0.16656629453999805
5652.4658203125,0.2535299876618398,0.2450617924377139,0.12892057564290757,0.22698686632447004,0.16618322863922258
5663.232421875,0.2528463824934251,0.24379860279476548,0.1282176518876742,0.22613937931451114,0.16579325301489278
5673.9990234375,0.2521574600929462,0.24251347110570728,0.12750462166791351,0.22527262575126475,0.16539614831070523
5684.765625,0.2514632749961169,0.24120523473803848,0.12677863785770394,0.22438445373368507,0.1649917649655437
5695.5322265625,0.25076360906008327,0.2398733018061219,0.12604039975113127,0.2234741392576817,0.16457989359384673
5706.298828125,0.2500582168741349,0.23851483971440995,0.12528594468170826,0.22253778074565808,0.164160115424489
5717.0654296875,0.24934685302756104,0.2371291297446292,0.1245152726494358,0.22157463408229952,0.16373216124746234
5727.83203125,0.24862968112750183,0.23571507268059683,0.12372825878036971,0.220584075819639,0.16329576185275832
5738.5986328125,0.24790615581682274,0.23427027984099233,0.12292248051999767,0.21956266693824858,0.16285048849851066
5749.365234375,0.24717624982766684,0.23279399022999725,0.12209689725212018,0.21850970354526303,0.16239602212100637
5760.1318359375,0.24643949960646994,0.23128155331760758,0.1212476378844767,0.2174191321620395,0.16193175450504005
5770.8984375,0.24569576881394858,0.22973330732418715,0.12037456921819326,0.21629034945183623,0.16145736658689785
5781.6650390625,0.24494456662868058,0.22814354478109486,0.11947027374100057,0.21511667848804433,0.16097205073655446
5792.431640625,0.24418578397923962,0.22651148355373882,0.11853493460135071,0.21389759637882103,0.1604753582706617
5803.1982421875,0.24341835741921292,0.22483152186734173,0.11755767111626357,0.21262139839137537,0.1599664017932655
5813.96484375,0.24264261416288105,0.22310124990181043,0.11653360487699656,0.21128715940937026,0.1594445431769379
5824.7314453125,0.24185724535312084,0.22131415691513928,0.11544599445013536,0.20988226969490217,0.15890865572793933
5835.498046875,0.24106091486495188,0.2194628654756404,0.11426663497421455,0.2083910424926849,0.1583574532206728
5846.2646484375,0.24025261378767526,0.21754006156794375,0.1129385173313709,0.20679658437394843,0.15778958960509543
5857.03125,0.2394966669953351,0.2162802329898621,0.11200884746877518,0.20583150703301592,0.1574606249453104
5867.7978515625,0.23879160202366737,0.21565120652927638,0.11161556946980551,0.2054986461525738,0.1573514054477415
5878.564453125,0.23808037451637723,0.21500863011536092,0.11121638909575389,0.20515824356285953,0.15723680175000052
5889.3310546875,0.23736284813418035,0.2143523769154792,0.110811381270986,0.2048086099209959,0.15711686370579248
5900.09765625,0.2366392137520742,0.21368295426017703,0.11040236083015373,0.2044532043576357,0.15699173090549232
5910.8642578125,0.23590917142363496,0.21299930521081728,0.1099876711122678,0.20408899007784556,0.15686126375872508
5921.630859375,0.2351722848631543,0.2122994850003074,0.1095655638821131,0.20371401629282715,0.1567251830847413
5932.3974609375,0.23442901762419735,0.2115857343385579,0.10913966880899294,0.20333192313425538,0.1565838976839243
5943.1640625,0.23367876981391517,0.21085536860143078,0.10870672252050631,0.20293947269494975,0.15643699875589073
5953.9306640625,0.2329215959680217,0.21010857803788047,0.10826828177848735,0.20253811298309052,0.15628453615434568
5964.697265625,0.23215730521151998,0.20934426343172405,0.10782243184912897,0.20212547087416016,0.15612637028891446
5975.4638671875,0.23138570666941216,0.20856185403609775,0.10736998025060288,0.20170223014979877,0.15596243136440968
5986.23046875,0.23060650039527464,0.20776044088377316,0.10691116840586626,0.20126696291305138,0.1557926595563849
5996.9970703125,0.2298194682462534,0.20693805806888516,0.10644301599012489,0.20081822115573728,0.15561668594742084
6007.763671875,0.2290250465080562,0.20609622758307136,0.10597002679028918,0.20035944389728502,0.1554348595134549
6018.5302734375,0.22822240351105277,0.20523163063901068,0.10548865438635177,0.19988676978254694,0.15524661192224623
6029.296875,0.227411593790956,0.2043440769877483,0.10499957309761036,0.19939959547478128,0.1550520628226879
6040.0634765625,0.22659200382099004,0.2034302267031909,0.10450021052081943,0.19889554784947044,0.15485062394105734
6050.830078125,0.2257636063332978,0.20248988953638358,0.10399233154105367,0.19837454646171554,0.1546423750432828
6061.5966796875,0.22492637406002225,0.20152137438550632,0.10347581128436849,0.1978373354268314,0.15442707683157905
6072.36328125,0.22407985708152764,0.20052167954482972,0.10294904303935307,0.1972801137233446,0.1542043803300091
6083.1298828125,0.22322352367460743,0.1994884797493514,0.10241146071079428,0.19670115178592906,0.15397402629930504
6093.896484375,0.22235727840176298,0.19841841393420548,0.10186204033235229,0.19609876027170742,0.15373557602686058
6104.6630859375,0.22148084858442718,0.19730879747525243,0.10130176424571918,0.19547147106127477,0.1534888300978544
6115.4296875,0.22059352525832457,0.19615447251194304,0.10072812664708711,0.19481487979641648,0.15323317032634062
6126.1962890625,0.219694926673461,0.1949501966286363,0.10014046986701809,0.19412576868117587,0.15296811811674865
6136.962890625,0.21878479378519733,0.19369072740969118,0.09953974294748583,0.1934015835900127,0.15269333446388236
6147.7294921875,0.21786206314712078,0.1923646710565977,0.09892096758059259,0.1926331538044524,0.15240757302510927
6158.49609375,0.21692593035745758,0.19096183868089323,0.09828440183915657,0.19181362139686273,0.1521104349707868
6169.2626953125,0.21600384051401425,0.18955976730100732,0.09765772611407833,0.19098338981771895,0.15182817326212553
6180.029296875,0.21545446137039082,0.18940000045659752,0.09741914195683231,0.1907880696031789,0.15191116971070712
6190.7958984375,0.21490010584291253,0.18923260251522633,0.09717711127873412,0.1905893707028848,0.1519900083602669
6201.5625,0.21434003769944787,0.18905670678721165,0.09693069336273988,0.19038538255048773,0.15206466926932255
6212.3291015625,0.21377478866320315,0.18887356046014545,0.09668122019758435,0.19017785482253877,0.15213541167714167
6223.095703125,0.21320390881454193,0.1886825505096178,0.09642840873566165,0.1899668880751618,0.1522020461396441
6233.8623046875,0.2126273708856075,0.1884822817766275,0.09616959499950091,0.18974970695934434,0.1522644928909013
6244.62890625,0.2120452703138988,0.18827478358335842,0.095908183885307,0.18952932815879547,0.15232314078981501
6255.3955078125,0.21145722534942105,0.1880583014116725,0.09564226065927284,0.18930382099594148,0.1523776608019299
6266.162109375,0.21086323599217455,0.18783281412279704,0.09537157557351093,0.18907342680547914,0.1524281127516923
6276.9287109375,0.21026312500109048,0.18759859652077776,0.09509665309858531,0.18883748191699232,0.15247463622947716
6287.6953125,0.20965675603688508,0.18735461280575005,0.09481610297125377,0.1885959662192562,0.15251699193749918
6298.4619140625,0.20904427907277048,0.1871020678877606,0.09453234774602863,0.18835062938882213,0.15255543911502575
6309.228515625,0.20842514875161205,0.186838805611989,0.09424214902529698,0.1880979318501385,0.15258969858130708
6319.9951171875,0.2077995014126928,0.18656539672529973,0.093946672299203,0.18783952272363247,0.1526198301607896
6330.76171875,0.20716698257387609,0.1862815664236469,0.09364600914197112,0.18757459756031522,0.15264590364866096
6341.5283203125,0.20652771494051658,0.1859869130703482,0.09333992645557396,0.18730434292244572,0.15266774954232284
6352.294921875,0.20588108498583813,0.18568014720026677,0.09302689245296504,0.18702582257121364,0.1526852681343649
6363.0615234375,0.20522717451341024,0.18536124767462925,0.09270710693245518,0.18673939850866414,0.15269853919071555
6373.828125,0.20456572447859495,0.18502911527725305,0.09237950430305586,0.1864446282878534,0.15270729350136591
6384.5947265625,0.20389674851531947,0.18468427847745697,0.0920454498532211,0.18614245713634336,0.15271177036410172
6395.361328125,0.20321967399859323,0.1843243485939207,0.09170172183519813,0.18583029070614432,0.15271150115409327
6406.1279296875,0.2025345009284158,0.1839496849857807,0.09134933589039652,0.18550871222277365,0.15270667531542023
6416.89453125,0.20184088845657822,0.18355859655121756,0.09098529504416242,0.18517522789436508,0.15269715325770822
6427.6611328125,0.20113850936879915,0.183149201939457,0.09060636089888426,0.18482939527397466,0.1526824862976094
6438.427734375,0.20042736366507893,0.18272173367699895,0.09020842093934203,0.18447117413915295,0.15266299349883752
6449.1943359375,0.19970631972936323,0.1822716257889306,0.089764277620551,0.18409435012145975,0.1526378373191435
6459.9609375,0.198976291034852,0.18180065393216246,0.0893412046985634,0.1837032069117613,0.15260768579817885
6470.7275390625,0.1982356960458553,0.18130268786259857,0.08893966836943669,0.18328656266911014,0.1525715219203551
6481.494140625,0.19748464383379943,0.1807755925641914,0.08854795545723097,0.18284035492611175,0.15252928586122586
6492.2607421875,0.1967227935504753,0.18021623949857468,0.08815956419193367,0.1823647646837883,0.1524810075330143
6503.02734375,0.19595298105298414,0.17962456524943024,0.087770948153537,0.1818676554310081,0.15242835204947783
6513.7939453125,0.19554814881792748,0.1796542652251376,0.08766801039910237,0.18160363527280335,0.15259784467675283
6524.560546875,0.1951391855025748,0.17967840570361293,0.08756178429747768,0.18133597498292356,0.1527645754087544
6535.3271484375,0.1947265819283476,0.1796985720928119,0.08745465077852708,0.18106759068895328,0.1529288732799375
6546.09375,0.19431016085417738,0.17971444731114372,0.08734655989267338,0.18079793938782557,0.15309072831956075
6556.8603515625,0.19388956779792638,0.17972520694647132,0.08723573842991293,0.18052559318258427,0.15324991120057993
6567.626953125,0.19346492546494962,0.179731442884431,0.08712293563390865,0.1802508738528256,0.15340668116226272
6578.3935546875,0.19303632929274572,0.17973368359434205,0.08700960836733992,0.17997508862815606,0.15356114788276085
6589.16015625,0.1926033020938223,0.17973063961106686,0.0868934173249909,0.1796965079432498,0.15371292250317276
6599.9267578125,0.19216619835031634,0.17972368495483362,0.08677646038911885,0.179416941808332,0.15386245370684612
6610.693359375,0.19172424092831095,0.17971028297291286,0.08665492474197023,0.17913224731110916,0.15400915322005868
6621.4599609375,0.19127837056886388,0.17969413295053552,0.08653510403031786,0.17884888015471798,0.1541538486143182
6632.2265625,0.19082782377198654,0.17967255026356233,0.08641213649527885,0.17856209409012358,0.15429602141108958
6642.9931640625,0.19037240966268099,0.1796451966916298,0.08628619696037497,0.17827235167549424,0.15443547219555137
6653.759765625,0.1899126326962978,0.17961458774869452,0.08616051549828797,0.17798222714759526,0.15457305845143526
6664.5263671875,0.18944756576570748,0.17957691845566193,0.08603038019886858,0.17768737648188557,0.15470764351426028
6675.29296875,0.18897783603161494,0.17953519051826256,0.08590020327480052,0.17739200292433277,0.15484005495553388
6686.0595703125,0.18850276179760178,0.1794870575327212,0.08576627180748585,0.17709236578713844,0.15496978426746266
6696.826171875,0.18802260210830676,0.17943416832331216,0.08563154114693022,0.17679101919584225,0.1550973000748763
6707.5927734375,0.18753716608873336,0.17937533911876175,0.0854946876293274,0.17648754081472498,0.15522216366516778
6718.359375,0.18704629013174073,0.1793110772496155,0.08535631897453907,0.17618134741826966,0.1553447838387209
6729.1259765625,0.18654960612126278,0.17923969161405426,0.08521480349636369,0.17587147366768957,0.1554645424095898
6739.892578125,0.1860471958608701,0.17916207004053308,0.0850722557269186,0.17555812067523177,0.1555819379148276
6750.6591796875,0.18553889574342183,0.17907789544746092,0.08492852581747105,0.17524217333478453,0.15569666126146137
6761.42578125,0.18502447399213634,0.17898640683901867,0.08478554515168733,0.17492156019020058,0.15580881215690173
6772.1923828125,0.18450388970522777,0.17888815382329795,0.08464935762845233,0.17459716613536816,0.1559184603963361
6782.958984375,0.18397672023091724,0.1787815721311155,0.08454002632808921,0.17426704038148885,0.15602535671123793
6793.7255859375,0.18344287013170577,0.178666429235971,0.08441371217135323,0.17393136392958528,0.15612956092605357
6804.4921875,0.18290205309509788,0.17854171047677314,0.08427471082191547,0.17359039822557842,0.1562306343281765
6815.2587890625,0.1823543918264489,0.17840815571056745,0.08413029826824137,0.1732443242704915,0.15632927486948087
6826.025390625,0.1817992318971969,0.17826373561517067,0.08397965866723076,0.1728913722765478,0.1564250238958778
6836.7919921875,0.18123649150377194,0.17810690706017257,0.08382331648944763,0.17253091879578164,0.1565176819925463
6847.55859375,0.18066572072653775,0.17793616919270763,0.08366200432869661,0.1721622599353271,0.15660711953985246
6858.3251953125,0.18014626805568387,0.17780075421450042,0.08352286978038528,0.17176584758475041,0.15670527151484498
6869.091796875,0.17978445086463082,0.17779874603108964,0.08345592069658714,0.171313465695761,0.15683433278712275
6879.8583984375,0.17941963420933682,0.17779447599899498,0.08338866359039411,0.1708593944638947,0.1569621875997323
6890.625,0.1790518317237299,0.17778811322839858,0.08332084038898842,0.17040363388915125,0.1570889157186019
6901.3916015625,0.17868081163102773,0.17777915038875475,0.08325176844814351,0.1699456811909126,0.15721429778742868
6912.158203125,0.17830671027051437,0.17776836961465442,0.08318308777898989,0.16948656204163984,0.1573385830747387
6922.9248046875,0.17792930949933583,0.1777549887715067,0.0831126921743396,0.16902531110254637,0.15746144254607738
6933.69140625,0.17754858204963503,0.17773945177353864,0.08304203849687197,0.16856185798434523,0.15758330494330997
6944.4580078125,0.1771643915821289,0.177721251290205,0.08296997790630256,0.16809628313193545,0.1577037215830888
6955.224609375,0.17677683353431542,0.17770154995400606,0.08289810046418472,0.16762953177287923,0.15782318103172602
6965.9912109375,0.176385730665126,0.17767931196507802,0.08282556535262846,0.16716065867961433,0.1579413542547663
6976.7578125,0.17599081029599356,0.1776544316295566,0.08275143185459027,0.166689060515399,0.1580581614862816
6987.5244140625,0.17559233147155648,0.17762817727380673,0.08267778120246877,0.16621650706800933,0.15817407135110143
6998.291015625,0.17518977610253725,0.1775981179389628,0.08260103367653777,0.16574015259914648,0.15828830613142333
7009.0576171875,0.1747834577692885,0.1775668536940722,0.08252534341666547,0.16526288306955847,0.15840166348653187
7019.82421875,0.17437304925752886,0.17753294710258868,0.08244828786833958,0.16478280802412112,0.15851380441123117
7030.5908203125,0.17395841422797495,0.1774967152461031,0.08237007515480024,0.1643003799653909,0.158624698993298
7041.357421875,0.17353967538598178,0.17745845406743374,0.08229202893985288,0.16381673517756476,0.1587343671742145
7052.1240234375,0.17311639644584212,0.17741736029321667,0.08221190981743631,0.16332962120347333,0.15884279898323964
7062.890625,0.1726884683361282,0.17737322253572416,0.08213018398360802,0.16283957099057172,0.1589497650933289
7073.6572265625,0.17225610919969478,0.17732773189677595,0.08204875784724484,0.16234826382612502,0.1590558537782048
7084.423828125,0.17181870550976458,0.17727851026443833,0.08196454285946793,0.1618531154177554,0.15916028732006493
7095.1904296875,0.1713765026770488,0.17722746012825805,0.08188017802295824,0.1613558050527279,0.15926381352448848
7105.95703125,0.170929268924765,0.17717422212909886,0.0817950389679962,0.16085646345400306,0.15936616318146704
7116.7236328125,0.170476486163635,0.17711715801207256,0.0817064617171118,0.16035271749706298,0.15946689757839405
7127.490234375,0.17001835890258438,0.17705807514224908,0.08161694374918306,0.1598467492497908,0.15956660498899175
7138.2568359375,0.16955439632019167,0.1769951450157858,0.08152240584870886,0.15933624592134293,0.15966470711027897
7149.0234375,0.16908463931824239,0.17692988962432069,0.08142264821737925,0.15882313818929306,0.15976159280115665
7159.7900390625,0.16860878795031226,0.17686169594344414,0.0813159975443453,0.158305374708719,0.15985736176903598
7170.556640625,0.168126651341404,0.1767906273894739,0.08122715389571378,0.15778315659186817,0.1599517747161309
7181.3232421875,0.16763775230402458,0.17671530994218207,0.08113972548511345,0.15725616205914483,0.16004444278354044
7192.08984375,0.1671420635703176,0.1766373607176832,0.08105379556183982,0.1567276089065051,0.16013609383536198
7202.8564453125,0.16663913522064705,0.1765557333467268,0.08096807376180637,0.15619678318547145,0.1602262492760245
7213.623046875,0.1661286264068032,0.17646966683349374,0.08088104494782627,0.1556623173327625,0.16031471966144772
7224.3896484375,0.16561055076271447,0.17638122220832697,0.08079531482286345,0.15512601130299086,0.16040229268017578
7235.15625,0.16520410972411034,0.17620670050054074,0.08071425498340255,0.154575124635293,0.16040989038486325
7245.9228515625,0.16483457572960059,0.17600657973895975,0.0806387312221222,0.15402103022725108,0.16039207267058955
7256.689453125,0.16446182412799557,0.17580334100839892,0.08056083485590715,0.15346282307375284,0.16037282914034426
7267.4560546875,0.16408638664250222,0.1756001974023152,0.08048397078096221,0.15290326846819796,0.1603535058441702
7278.22265625,0.1637076497463434,0.17539474967000243,0.0804059828405218,0.1523399430080067,0.16033326523981908
7288.9892578125,0.1633261451627256,0.1751895978805082,0.0803295599868449,0.15177580304321422,0.1603128750743517
7299.755859375,0.16294134116844264,0.17498256474023943,0.08025200494274358,0.15120861622787585,0.16029158754218914
7310.5224609375,0.16255310142421078,0.1747738827756967,0.08017394207793702,0.15063830211709237,0.16026954223370599
7321.2890625,0.16216161680502725,0.1745641967194484,0.08009603738679258,0.1500656752154655,0.1602469983881699
7332.0556640625,0.16176660099839618,0.17435314721235803,0.08001774142395683,0.1494904137433995,0.16022368679557214
7342.822265625,0.16136806763824563,0.17414093507276676,0.07993917906337485,0.1489124674228325,0.16019988663666226
7353.5888671875,0.16096583948350737,0.17392767656392444,0.07986112452349765,0.14833210775529848,0.16017547826254802
7364.35546875,0.16055995743596624,0.17371353022662703,0.07978341963066311,0.14774944535253318,0.16015066108805018
7375.1220703125,0.1601499306742007,0.17349703748555476,0.07970407472669892,0.14716321320737913,0.16012464742462518
7385.888671875,0.15973619548391915,0.17328098865871,0.07962730222597937,0.14657565372139286,0.1600988531175036
7396.6552734375,0.15931779749013536,0.173061240546635,0.07954648380947701,0.1459826843159555,0.1600714734625534
7407.421875,0.1588954865589099,0.1728420631814241,0.07946910358889703,0.1453892825191866,0.16004413369056772
7418.1884765625,0.15846855372596694,0.17262117357562062,0.0793902165560605,0.1447921500902308,0.16001606605448437
7428.955078125,0.15803684901809514,0.17239792699665624,0.07931019733279912,0.14419141775204916,0.15998687172466133
7439.7216796875,0.15760049514064978,0.17217437390548718,0.07923191801982254,0.1435887346250691,0.1599574879507581
7450.48828125,0.15715896037042398,0.1719485061187021,0.07915215686937892,0.1429822404210035,0.15992703730756155
7461.2548828125,0.1567122856092032,0.17172197246057586,0.07907304506344302,0.14237298092353798,0.15989646701547225
7472.021484375,0.15626018454449153,0.17149378997817535,0.07899423295497265,0.14176093602144782,0.1598649495029824
7482.7880859375,0.15580220725665267,0.1712629651491817,0.07891388905945716,0.14114475826267636,0.1598322753845294
7493.5546875,0.15533851735282747,0.17103221430589272,0.07883567634591786,0.14052678054929224,0.159799651119782
7504.3212890625,0.1548685831098093,0.17079955040367004,0.07875715560998317,0.13990556492872697,0.15976614942982098
7515.087890625,0.15439190007224865,0.17056411732221796,0.07867813537827308,0.1392797740045365,0.15973149113389734
7525.8544921875,0.15390855004371584,0.17032817691021981,0.07860192897276616,0.13865147923286766,0.1596965038035186
7536.62109375,0.15341783769386336,0.1700898795250607,0.07853079244938187,0.13801817676624212,0.15966069887237289
7547.3876953125,0.15291959941555144,0.16985027153599136,0.07845799926500828,0.13738174700417147,0.15962404642823727
7558.154296875,0.15241335802128697,0.16960919440221622,0.07838358271936423,0.13674118438541977,0.15958709486186975
7568.9208984375,0.15189847271643675,0.16936632047275754,0.07830734301413847,0.13609658946611045,0.1595492359580657
7579.6875,0.1513744390456509,0.16912086761302397,0.07822964644623376,0.1354476102998109,0.15951021047755767
7590.4541015625,0.15084068438393808,0.1688736919433118,0.07815190825368128,0.13479421671968378,0.15947073631370204
7601.220703125,0.15029639069559614,0.1686236942474381,0.07807243015084353,0.1341360065012349,0.15942998589499077
7611.9873046875,0.1497411625967026,0.16837333719242756,0.07799467530843185,0.13347477959907694,0.15938917565183314
7622.75390625,0.14925151369326298,0.1680456122291689,0.07790014573288746,0.13286145763421667,0.15927936788054173
7633.5205078125,0.14889311861823082,0.16758544228527383,0.07777885983362634,0.1323392294617535,0.15904926311836426
7644.287109375,0.1485321467307366,0.16712345440692247,0.07765722428732254,0.13181458794232326,0.1588182310772684
7655.0537109375,0.14816846169149694,0.1666596485941151,0.07753463969904503,0.1312871610182681,0.15858627175725357
7665.8203125,0.14780196806301363,0.16619343296121464,0.07741133916682212,0.13075661685438075,0.1583532455679457
7676.5869140625,0.1474329112559966,0.1657268791079504,0.07728932067375681,0.13022487607262195,0.15811986043195952
7687.353515625,0.14706084135081032,0.16525779917134312,0.07716571211913945,0.1296893845474518,0.1578854582803854
7698.1201171875,0.14668601739209314,0.16478808507155324,0.07704351047762298,0.1291527265712476,0.1576504977673117
7708.88671875,0.14630786675485435,0.16431466111714674,0.07691835348610088,0.12861154356948004,0.15741385219899898
7719.6533203125,0.14592683935872966,0.16384112089949007,0.0767952194524699,0.12806921422790288,0.15717709695253457
7730.419921875,0.14554278523050695,0.16336664000644638,0.0766728346625023,0.1275251150985502,0.1569397334908655
7741.1865234375,0.14515499540591145,0.16288782566498983,0.07654712822562716,0.12697616916403812,0.15670030608579733
7751.953125,0.1447639061706504,0.1624080178012141,0.07642187133494943,0.12642459871469955,0.15646055961701508
7762.7197265625,0.14436940845329724,0.16192688876414182,0.07629745526216129,0.12587127858880964,0.15621996563524268
7773.486328125,0.14397120230742763,0.1614437198354996,0.07617214842190598,0.12531464011084015,0.15597844437455158
7784.2529296875,0.14356931500089876,0.16095912403969703,0.07604752422587811,0.12475555811906625,0.15573631489865614
7795.01953125,0.14316326934621712,0.16047112490148274,0.0759205107750559,0.1241923834930605,0.1554923707478876
7805.7861328125,0.14275339255766373,0.1599825761551769,0.075795312158886,0.12362701674355978,0.15524849639230653
7816.552734375,0.14233912564417556,0.15949112082761846,0.07566849018144477,0.12305827130830502,0.15500287715704006
7827.3193359375,0.14192050950753812,0.1589981329390359,0.07554186800231387,0.12248652930056618,0.15475669956027427
7838.0859375,0.14149733963882508,0.15850307345072456,0.07541533739740833,0.12191182088718011,0.15450951491866133
7848.8525390625,0.14106922065411429,0.1580050545342285,0.0752869503332036,0.12133291928343852,0.15426086457811278
7859.619140625,0.1406362616248324,0.1575062323443684,0.07516011170590316,0.12075191605671326,0.15401192508607336
7870.3857421875,0.14019784902420324,0.15700372143866406,0.0750310669722604,0.12016616658095257,0.1537612307436075
7881.15234375,0.1397541328254386,0.1565006186473232,0.0749036622497473,0.1195783557046574,0.15351033698632038
7891.9189453125,0.13930447223390488,0.15599455642779758,0.0747748339642741,0.11898631141555753,0.1532580373545438
7902.685546875,0.13884874454424706,0.15548634862283858,0.07464613887767402,0.11839137111009698,0.15300453126309901
7913.4521484375,0.13838641803325893,0.154975466763127,0.07451650307403004,0.11779192589029755,0.1527500580097713
7924.21875,0.13791719275451586,0.15446237590166376,0.0743864926485544,0.11718895115055912,0.15249444809196308
7934.9853515625,0.13744063242231025,0.1539468435119483,0.07425603267688045,0.11658208488883591,0.15223779124634343
7945.751953125,0.1369563280187916,0.15342977856120868,0.07412601392647498,0.1159721114428926,0.15198044641959063
7956.5185546875,0.1364635296778989,0.15290956393333013,0.07399478806127804,0.11535764313822303,0.15172168574760733
7967.28515625,0.13596143299785846,0.15238599880997145,0.07386131446509103,0.11473829786155723,0.15146131978631325
7978.0517578125,0.13544960169296302,0.15186082713988433,0.07372929773158297,0.11411533256444087,0.1512004353464844
7988.818359375,0.13492695868287063,0.15133302369259016,0.07359759734539964,0.11348836513360398,0.15093815500290686
7999.5849609375,0.1343923314497422,0.15080225024772517,0.07346558893682094,0.1128565710088327,0.15067464825817928
8010.3515625,0.13384453384180947,0.15026888730319893,0.07333401342458135,0.11222031219217256,0.150410214234533
8021.1181640625,0.13328192978766829,0.1497331990936709,0.07320273760980726,0.11158032274332552,0.15014457375121854
8031.884765625,0.13270267870698876,0.1491936002111847,0.07307008818165023,0.11093508426482468,0.14987701888562036
8042.6513671875,0.13239391113121893,0.14857756352645102,0.07291093217766437,0.11053208548815043,0.14947987429846854
8053.41796875,0.13208308483226525,0.14795807065237374,0.07275086875635256,0.11012631136246388,0.1490810945097828
8064.1845703125,0.13177040431905374,0.1473365061785671,0.07259080533504078,0.10971980317707454,0.14868102849550033
8074.951171875,0.13145574688622866,0.146712394482645,0.07243103328626513,0.10931148498146016,0.14827987567044248
8085.7177734375,0.13113897619450662,0.14608483716676515,0.0722698293495991,0.10890135677562027,0.14787654922383348
8096.484375,0.1308201467796004,0.1454545635185875,0.07210843393955209,0.10848948894884163,0.14747179696125315
8107.2509765625,0.1304990541325851,0.14482059058517954,0.07194569821584096,0.10807512733019699,0.1470650704919427
8118.017578125,0.13017593003024314,0.14418456719081504,0.0717838865593145,0.1076602227084848,0.1466572671825979
8128.7841796875,0.129850515427935,0.14354532013360696,0.07162122575996951,0.10724309579644027,0.14624775887653194
8139.55078125,0.12952279669173264,0.14290281770539612,0.07145798221555269,0.10682422926345675,0.1458363860418876
8150.3173828125,0.12919263748235196,0.1422569225041597,0.0712939894274725,0.10640283877177041,0.14542336803496878
8161.083984375,0.1288600650676501,0.14160781420946603,0.07112948881868707,0.10598000027190374,0.14500848549947154
8171.8505859375,0.12852503854584196,0.14095564079272416,0.07096483003623905,0.10555540203987333,0.14459202758688675
8182.6171875,0.12818746247942886,0.14030045510086595,0.07079987988125577,0.10512899379761764,0.14417401423869677
8193.3837890625,0.12784721416305547,0.13964173923395948,0.07063440525570762,0.10470053421044011,0.14375417624489267
8204.150390625,0.12750419815922315,0.13897937692875437,0.07046789833888978,0.10426977188803131,0.14333230421991258
8214.9169921875,0.12715834629829004,0.13831338932402334,0.07030072542770455,0.10383675710845307,0.1429086374615418
8225.68359375,0.12680954950882947,0.13764358617081188,0.07013289484708132,0.10340168092834034,0.1424828269938431
8236.4501953125,0.12645783505869787,0.13697068618739305,0.06996521411519085,0.10296497573902494,0.14205549100276216
8247.216796875,0.12610314841218173,0.136295112149222,0.0697984158258373,0.10252736554459704,0.1416268488446024
8257.9833984375,0.12574495784607484,0.13561412658522812,0.06962874959823853,0.10208524038021788,0.14119547470339214
8268.75,0.1253834951371595,0.13492984337268601,0.06945907504571038,0.10164198898725411,0.14076207650174705
8279.5166015625,0.12501856941043818,0.1342416600565722,0.06928915490775876,0.10119645497028407,0.1403268436837467
8290.283203125,0.12465003069269939,0.13355003112050115,0.06911911405832831,0.10074899027574008,0.13988995572273055
8301.0498046875,0.1242776335732321,0.1328537516544259,0.06894785360671211,0.10029866978728515,0.1394505750764495
8311.81640625,0.12390124171275294,0.13215337126643803,0.06877592299826361,0.09984571472839109,0.13900931993084928
8322.5830078125,0.12352075967376284,0.13144937614831093,0.06860403817692824,0.09939144238427718,0.13856593104666215
8333.349609375,0.12313583297412455,0.1307407305001796,0.06843120431361872,0.09893419357890419,0.13812039845314708
8344.1162109375,0.12274629800669783,0.13002797336074928,0.06825773775566021,0.09847451131533916,0.13767278197475075
8354.8828125,0.122351813923273,0.12931041771990576,0.06808341372995334,0.09801205370276186,0.13722278248924094
8365.6494140625,0.12195212167921134,0.12858826439599022,0.06790832381072348,0.09754722296566697,0.13677027037698408
8376.416015625,0.12154677135487643,0.1278609109339794,0.06773182281592778,0.09707886270863282,0.13631524563798023
8387.1826171875,0.12113566751277005,0.12712998501937456,0.06755636243733158,0.09660929577811485,0.1358587252878173
8397.94921875,0.12071804665290323,0.12639359473201475,0.06737914966105539,0.0961363401062305,0.1353992037445955
8408.7158203125,0.12029352702528183,0.12565290270440146,0.06720210754583605,0.09566116214401407,0.13493783761427766
8419.482421875,0.11986127696027503,0.12490624954287406,0.06702365435505,0.09518261555165597,0.13447331075904367
8430.2490234375,0.11942061476146482,0.12415453364527373,0.06684448105785451,0.09470083105211698,0.13400663022374096
8441.015625,0.11897073602707749,0.1233983257584654,0.06666563659537802,0.09421763876684712,0.133537566681325
8451.7822265625,0.11851007285535033,0.12263585022553804,0.06648523953353189,0.09372996167846337,0.13306574124363518
8462.548828125,0.11803719368380435,0.12186802658310586,0.06630423891429067,0.0932397405201518,0.13259119379363624
8473.3154296875,0.1176761263588115,0.12119493635073227,0.06612221849117361,0.09286418350961605,0.13212739480249988
8484.08203125,0.11740921494313453,0.12059584239235424,0.06593831247150343,0.09257823206084784,0.1316714527553184
8494.8486328125,0.11714084469712145,0.11999284833040474,0.06575313273760545,0.09229063149165193,0.13121303796435416
8505.615234375,0.11687130193326892,0.11938837455436277,0.06556886458349832,0.09200360409236069,0.1307538853385517
8516.3818359375,0.11660034124086616,0.11878007466045426,0.06538380556107962,0.09171516890733858,0.1302925291789747
8527.1484375,0.11632788081634259,0.11816813889763318,0.06519740622499588,0.0914253561034227,0.1298287401585794
8537.9150390625,0.11605397519541204,0.11755287377810474,0.06501040333151664,0.0911346081275572,0.1293628273703383
8548.681640625,0.11577870618164478,0.1169347549242559,0.06482346703747419,0.09084340764913519,0.12889539902945607
8559.4482421875,0.11550196470361344,0.11631341240756318,0.06463610617202291,0.09055139266611198,0.12842604633554927
8570.21484375,0.11522355988632114,0.1156878632750941,0.06444721351952562,0.09025763806214977,0.12795401151229735
8580.9814453125,0.1149437916761921,0.11505980919805478,0.06425886198745243,0.08996384323573836,0.1274806804927077
8591.748046875,0.1146622374214464,0.11442686149512486,0.06406859988403708,0.08966780600776961,0.12700419871894314
8602.5146484375,0.11437915616672387,0.11379081696198788,0.06387847514195977,0.0893715475563293,0.12652597206549324
8613.28125,0.11409433658613409,0.1131504812579835,0.06368690186213333,0.08907336848292742,0.12604514304862646
8624.0478515625,0.11380785366628303,0.11250680562788541,0.06349525782040519,0.0887747268513569,0.12556242956169966
8634.814453125,0.11351967332235023,0.11185900793710166,0.06330265641177396,0.08847503943610047,0.1250769442087582
8645.5810546875,0.11322982282219247,0.11120809227733808,0.0631102381515939,0.08817481907338884,0.12459013274725576
8656.34765625,0.11293807038902703,0.11055248381002536,0.06291651287746719,0.08787278870045194,0.124100449712328
8667.1142578125,0.11264447055856776,0.109892901253436,0.06272223399552256,0.0875700846014867,0.12360828396287639
8677.880859375,0.11234880518796031,0.10922816083629716,0.062526415001603,0.08726520849025093,0.12311288769332168
8688.6474609375,0.11205144921023551,0.10856068294808752,0.06233122870233243,0.0869606340473862,0.12261638467150915
8699.4140625,0.1117518913530788,0.10788786751975973,0.062134431529185685,0.08665413898256011,0.12211640186106668
8710.1806640625,0.1114503293084521,0.10721073978179207,0.06193736795829137,0.0863466383564976,0.12161418560462696
8720.947265625,0.1111466471879641,0.10652948998313878,0.061739530168945116,0.08603808189113707,0.12110963619477907
8731.7138671875,0.11084077000500854,0.1058433359892085,0.06154104303509068,0.08572836903035484,0.12060226506521146
8742.48046875,0.11053253415244492,0.10515211925920588,0.061341402898487274,0.08541703721598204,0.1200919126840668
8753.2470703125,0.1102219328133096,0.10445589264006253,0.06114081788237463,0.08510456911741228,0.1195783796365241
8764.013671875,0.10990906824206523,0.10375561794593871,0.060940528401263044,0.0847916284050615,0.11906332106559944
8774.7802734375,0.10959351096996779,0.10304928699342283,0.06073845322275306,0.08447652573605262,0.1185442642275095
8785.546875,0.10927534280058755,0.10233784045790298,0.06053571204987568,0.08416031192187756,0.11802237569895874
8796.3134765625,0.10895435922499927,0.10162104581287834,0.06033228407030683,0.08384257971023586,0.11749787483625031
8807.080078125,0.1086307374842718,0.1008995372215315,0.060128560555737356,0.08352450057996734,0.1169705622245632
8817.8466796875,0.10830396630609092,0.10017175041467923,0.05992335520370036,0.08320452093896251,0.11643951058497848
8828.61328125,0.10797403205652861,0.09943807645961748,0.05971735482088644,0.08288287709411131,0.11590542784011168
8839.3798828125,0.10764090746772778,0.09869948773989208,0.05951130032603047,0.08256096174772645,0.11536901194183671
8850.146484375,0.10730408808433893,0.09795361671295631,0.059303339422297714,0.08223660791534351,0.11482781008785323
8860.9130859375,0.10696371706261015,0.09720278864381138,0.05909562826645245,0.0819119172199464,0.11428481350047903
8871.6796875,0.10661921496058574,0.09644498477966068,0.05888651852243518,0.08158506959569745,0.11373787847038624
8882.4462890625,0.10627034318451896,0.09568038480007238,0.05867635983728949,0.0812569599920971,0.1131869551438692
8893.212890625,0.10591684268977104,0.09490962286822852,0.058465560132564535,0.08092751801985823,0.11263311039022206
8903.9794921875,0.10555810676652952,0.09413155749040147,0.05825368234945722,0.08059653753892826,0.11207517763274005
8914.74609375,0.10519352870498153,0.0933463049298406,0.058041067810081275,0.08026402357711268,0.11151373517440542
8925.5126953125,0.1048223450051392,0.0925537277845238,0.057827233668519135,0.07992994093976837,0.11094817480001276
8936.279296875,0.1046271207848253,0.09208796663523754,0.0576657924713599,0.07975802516300344,0.11056165902283054
8947.0458984375,0.10444493741699631,0.09164505649928885,0.057507581346882844,0.07959816103765534,0.11018687880787567
8957.8125,0.1042620450848922,0.09120001134729315,0.05734907468740518,0.07943780921510783,0.10981107160659177
8968.5791015625,0.10407827336440849,0.0907526092221362,0.057189843759053165,0.07927698477877934,0.10943344973043505
8979.345703125,0.10389379267964931,0.09030343144006876,0.05703057120605294,0.07911629609321741,0.10905503019499321
8990.1123046875,0.10370850759311638,0.08985165358895342,0.05687063265868534,0.07895515993290553,0.10867456665763434
9000.87890625,0.10352229539945437,0.08939718054431305,0.056710090553921774,0.07879321932360482,0.1082927271580092
9011.6455078125,0.103335401509374,0.08894060419178478,0.056549032303523594,0.07863150999338803,0.10790886359794888
9022.412109375,0.10314765549877039,0.08848177655995874,0.056387561969110885,0.07846911688153078,0.10752416249563973
9033.1787109375,0.10295892102836018,0.08801986795200537,0.05622533406610454,0.07830631148956675,0.10713685902991371
9043.9453125,0.10276962074992264,0.08755629995039134,0.05606328931154935,0.0781440189338332,0.10674897726120654
9054.7119140625,0.10257914795364524,0.08708923876658127,0.0558998043441744,0.07798007222986564,0.10635842333389502
9065.478515625,0.10238810253237647,0.08662086169416768,0.05573688963447658,0.07781733219938186,0.10596753040138761
9076.2451171875,0.102195918678089,0.08614868492735307,0.05557247227498712,0.07765290785382727,0.10557372601249088
9087.01171875,0.10200293042202778,0.08567434143633203,0.05540804659056829,0.07748891589960445,0.10517879492985419
9097.7783203125,0.10180904232669422,0.08519750885482046,0.05524332120868349,0.07732456194333615,0.10478255768013867
9108.544921875,0.10161411123584019,0.08471728350028297,0.055077334599965624,0.07715943370491637,0.10438346879848022
9119.3115234375,0.10141840301106918,0.08423488085215296,0.05491159357667078,0.07699438088358897,0.10398383152606325
9130.078125,0.10122137229524657,0.08374816060968947,0.05474413345541432,0.076827839831632,0.10358051505019532
9140.8447265625,0.10102363261514885,0.08326007163169084,0.05457717282993373,0.07666225909065544,0.10317702907172956
9151.611328125,0.10082472723417531,0.08276774961444976,0.05440883026614034,0.07649534095323485,0.10277020289500846
9162.3779296875,0.1006249765496429,0.08227340355971847,0.05424072912530552,0.07632920212577231,0.10236256908826175
9173.14453125,0.10042414196780527,0.08177602409109809,0.054071957827637955,0.0761624197391188,0.10195331005072213
9183.9111328125,0.10022199852884443,0.08127420019550828,0.05390175880454536,0.0759939228705571,0.10154086037604368
9194.677734375,0.10001908477293062,0.08077056365015521,0.05373203846490409,0.07582684384333864,0.10112757315911587
9205.4443359375,0.09981490306167833,0.08026273105841245,0.053560977811598236,0.0756584475309006,0.10071124486616491
9216.2109375,0.09960947384598033,0.07975160081812116,0.05338954253646071,0.07548938252024029,0.10029365028909965
9226.9775390625,0.09940303571958334,0.07923735789354311,0.053217682689913906,0.0753208906794849,0.09987341346565323
9237.744140625,0.09919522056642091,0.07871901404705246,0.05304475308991412,0.07515095083054918,0.09945106284510209
9248.5107421875,0.09898628061416812,0.07819724571937732,0.05287141973082872,0.0749811970104421,0.09902632921743801
9259.27734375,0.09877609315746924,0.0776719894941989,0.05269732464068569,0.07481072924185751,0.09859970114897235
9270.0439453125,0.09856471273203853,0.07714336163476761,0.05252319625082426,0.07464090503246387,0.09817118861044638
9280.810546875,0.09835194164591397,0.07661059057587848,0.05234803556969359,0.07447002498377221,0.0977401335329502
9291.5771484375,0.09813767764463296,0.07607377672670139,0.05217213396982849,0.0742984812646646,0.0973067153898227
9302.34375,0.09792203661658684,0.07553235462506618,0.05199522505348228,0.07412635432003968,0.09687009663881527
9313.1103515625,0.09770486858856317,0.07498718039126852,0.051817820803825555,0.07395384023433903,0.09643163330071157
9323.876953125,0.0974862485471685,0.07443794222841044,0.05164007939452045,0.07378129598180128,0.0959910561655034
9334.6435546875,0.09726607423793952,0.07388459257425337,0.05146160539141073,0.07360853050579144,0.0955478367839141
9345.41015625,0.09704440019659008,0.07332692532576311,0.05128259026787738,0.0734354231389614,0.09510246372225632
9356.1767578125,0.0968209537445527,0.07276432217383674,0.051102555340468626,0.07326177276906379,0.0946537006086379
9366.943359375,0.09659549628808096,0.07219677783378123,0.05092174203214303,0.07308706153206183,0.09420256445864734
9377.7099609375,0.0963683823093123,0.07162417075765334,0.050739946382125346,0.07291205868230125,0.09374791860780365
9388.4765625,0.0961393050448588,0.07104766886264681,0.05055809662006516,0.07273744297361666,0.0932917073506137
9399.2431640625,0.095908012267045,0.0704655969010221,0.05037531030342555,0.07256192728762562,0.09283239519295397
9410.009765625,0.095674633498191,0.06987824553090388,0.05019168733136169,0.0723860747386204,0.09236996219334286
9420.7763671875,0.09546073079601172,0.0695651327443054,0.0500389831478117,0.07223278698375776,0.09204824626230808
9431.54296875,0.09524638499116082,0.06925500052466414,0.04988628312672618,0.07207940872838409,0.09172778664464683
9442.3095703125,0.0950314188425687,0.0689430662246463,0.04973303782275212,0.07192523607963366,0.09140623024546907
9453.076171875,0.09481577099755822,0.06862947253096809,0.04957910987455192,0.07177085226302354,0.09108278937623104
9463.8427734375,0.09459948917487888,0.0683144836782884,0.04942466994318112,0.07161607124972505,0.09075807225213739
9474.609375,0.09438279151738393,0.06799860171246028,0.049270246661669514,0.07146150643209231,0.09043338504026692
9485.3759765625,0.09416522810543776,0.06768076969484657,0.049114770276564565,0.07130595113664208,0.09010636467498856
9496.142578125,0.09394707843457184,0.06736116730501514,0.0489586320595567,0.07115006903378979,0.08977780881558663
9506.9091796875,0.09372847884406957,0.06704117384788803,0.04880267282853508,0.07099469976716821,0.0894491632195154
9517.67578125,0.09350895896340256,0.06671906122879331,0.04864615582723062,0.07083868694135541,0.08911919151488322
9528.4423828125,0.09328856651131959,0.06639424813148026,0.04848831516212078,0.07068127135761779,0.08878666730053972
9539.208984375,0.09306779912620687,0.06606854192101874,0.048330270536235675,0.07052422280373143,0.08845306624616188
9549.9755859375,0.09284620007146331,0.0657416836474427,0.04817204692436434,0.07036699827662878,0.08811919598177533
9560.7421875,0.09262411019529862,0.0654128066210695,0.04801299914446348,0.07020930113574515,0.08778320194954294
9571.5087890625,0.09240119546646783,0.06508256614385392,0.047853722428998345,0.07005152857776863,0.087446609672847
9582.275390625,0.0921773877153287,0.06475005853326148,0.04769336763515084,0.06989279570881143,0.0871074748571811
9593.0419921875,0.0919531232275892,0.06441647812995245,0.047532933754472276,0.06973435948041921,0.08676795118261343
9603.80859375,0.09172799980236247,0.0640802289565842,0.04737130940886189,0.0695747919956358,0.08642572543721881
9614.5751953125,0.09150189473429315,0.06374224111915766,0.047209393690715355,0.06941491781467563,0.08608299118403019
9625.341796875,0.09127550335372796,0.06340347643183251,0.047047286499188296,0.0692555413865272,0.08573911029561948
9636.1083984375,0.09104805534371428,0.06306188971834613,0.04688411787913807,0.06909500353515104,0.08539300593195259
9646.875,0.09081974157924941,0.06271851677856256,0.0467204414383826,0.06893401318121835,0.08504583469899242
9657.6416015625,0.09059080747104366,0.06237311451659547,0.04655599077917475,0.06877295243799911,0.0846962206344724
9668.408203125,0.09036123256820429,0.0620267451557753,0.04639163169419226,0.0686119922509038,0.08434679601403257
9679.1748046875,0.09013088734841233,0.06167782328814604,0.04622601554484116,0.06845009689185833,0.08399468926424764
9689.94140625,0.08989941732953002,0.06132641761471932,0.046059904062179094,0.06828781439173713,0.0836409572836701
9700.7080078125,0.08966723152940824,0.060973511088427614,0.045893251459093405,0.06812527547350043,0.08328604875564755
9711.474609375,0.0894342072426916,0.060617708550269725,0.04572559153952704,0.06796200249556147,0.08292846308365028
9722.2412109375,0.08920036492027286,0.06026091248979296,0.045557806746016484,0.06779876471226566,0.0825707677335013
9733.0078125,0.08896553413804753,0.05990100902972247,0.04538901047356035,0.06763480292487996,0.08221026063437366
9743.7744140625,0.0887298716861917,0.059539123809707266,0.0452196980554696,0.06747058471937874,0.0818484473681669
9754.541015625,0.08849325485935003,0.059174242168655446,0.04504919517244657,0.06730544139754002,0.08148400681169102
9765.3076171875,0.08825593588519726,0.05880849912261403,0.04487875888886034,0.06714076566167651,0.0811191574548318
9776.07421875,0.08801786022802024,0.05844017186160442,0.04470759833639931,0.06697566759009357,0.08075229899364912
9786.8408203125,0.08777840754407779,0.0580687847632402,0.04453535970555547,0.06680969468023495,0.08038301265701805
9797.607421875,0.08753827316371696,0.057695378912078515,0.044362750615345316,0.06664343015761796,0.08001288379276776
9808.3740234375,0.08729693218069554,0.057319135180675884,0.04418912588372422,0.06647663268754578,0.07963984347212788
9819.140625,0.0870547458941149,0.05694055561488504,0.04401488926977824,0.06630952852129625,0.07926535739403429
9829.9072265625,0.08681157114772803,0.05655879994848888,0.04383961620209767,0.0661415897392208,0.0788883985721579
9840.673828125,0.08656734658885631,0.05617466617015902,0.0436636688151199,0.06597338951122379,0.07850950044114527
9851.4404296875,0.08632208585142886,0.05578813314112268,0.04348728853180303,0.06580518425542073,0.07812913661119704
9862.20703125,0.08607561169437647,0.05539842929617436,0.04330991758186469,0.06563610918914832,0.07774644461321133
9872.9736328125,0.08582800592126935,0.055005602197552905,0.04313163088967105,0.06546643581394018,0.07736140450570601
9883.740234375,0.08557982752317086,0.05461112098996413,0.04295310693698374,0.06529730041399358,0.07697497846519336
9894.5068359375,0.08533000623670417,0.054212729109417546,0.04277325099556168,0.06512678739515292,0.07658579052940706
9905.2734375,0.08507927147703638,0.05381190627000509,0.04259309119420873,0.06495664140616379,0.07619490258227031
9916.0400390625,0.084827214226317,0.05340746870045337,0.04241171595313585,0.06478537924420245,0.07580159174505584
9926.806640625,0.08486115589099122,0.053257800904722485,0.04238492632970072,0.0648325149271542,0.07570639110941714
9937.5732421875,0.08508253680288079,0.053275726584010634,0.042459030690485414,0.0650224503612739,0.07580524103628362
9948.33984375,0.08530297697371289,0.05329467220908374,0.04253347221091848,0.06521196345967444,0.07590546194004598
9959.1064453125,0.08552311719812075,0.053313945485134254,0.04260797200585896,0.06540144136343157,0.07600540864842921
9969.873046875,0.08574239166807703,0.053332626875547934,0.04268227200248909,0.06559019526309852,0.07610504127846905
9980.6396484375,0.08596090263804505,0.05335138225166654,0.042756189052357715,0.06577807935229611,0.07620422023979063
9991.40625,0.08617903185801858,0.053369582735000205,0.04282976478011306,0.06596516904811724,0.07630335433277756
10002.1728515625,0.0863961453503284,0.05338807916115243,0.04290335715772759,0.0661518866862805,0.07640234385001893
10012.939453125,0.08661314977121158,0.05340709877193017,0.042977128521328366,0.06633845851806484,0.07650162750412155
10023.7060546875,0.08682898167425494,0.05342524640833223,0.04305025470288587,0.06652385887100883,0.07660001877689934
10034.47265625,0.08704484084515504,0.053444118047700696,0.043123584845218194,0.06670943016936304,0.07669854964005204
10045.2392578125,0.08725950023035856,0.053462736021796124,0.04319670686431033,0.06689411154602289,0.076797120386169
10056.005859375,0.08747368924503368,0.053481126754084576,0.04326968319713508,0.0670784309206378,0.07689518760986261
10066.7724609375,0.08768730563471709,0.05349934837619128,0.04334223912101502,0.06726179501207834,0.07699296568206512
10077.5390625,0.08790058799315552,0.053518447257366715,0.04341528621574101,0.06744554624459465,0.07709126223280295
10088.3056640625,0.0881130795837482,0.053536832704962116,0.0434877672152548,0.06762833716613054,0.07718859660702851
10099.072265625,0.08832514852256203,0.05355576247595552,0.043560352276388666,0.06781088675296934,0.07728641456219552
10109.8388671875,0.08853609266228513,0.05357341863589119,0.04363218809385873,0.06799192799795388,0.07738327532622069
10120.60546875,0.0887467982082615,0.05359159269575905,0.043704273659216725,0.06817301952100026,0.07748071439322729
10131.3720703125,0.08895679478996313,0.05360994115050199,0.043776192725982765,0.06835364848587801,0.07757776958670307
10142.138671875,0.08916655277791802,0.053628337167483775,0.0438480535182414,0.06853406125509,0.07767449076035333
10152.9052734375,0.08937556089981305,0.053646564074283525,0.043919593800711296,0.06871358913041395,0.07777126677307959
10163.671875,0.08958420090564159,0.05366548327589083,0.04399141713078662,0.06889313208915632,0.07786816243469862
10174.4384765625,0.08979228192040752,0.0536835463572016,0.04406280340205885,0.06907210187799402,0.07796433023221996
10185.205078125,0.08999929267179622,0.05370154073750133,0.044133919113119036,0.06924997560508424,0.07806055785418797
10195.9716796875,0.09020631705711295,0.053720576202358504,0.04420548853284196,0.06942832697376176,0.07815735879376674
10206.73828125,0.09041264611208329,0.05373877140099912,0.044276479369958405,0.06960563758655969,0.07825342688387772
10217.5048828125,0.0906182934706353,0.05375665480274176,0.044347216296722,0.06978251078021977,0.07834868235859213
10228.271484375,0.09082335457026718,0.05377432153206381,0.044417703475598105,0.06995848902437946,0.07844425191165019
10239.0380859375,0.0910280748216897,0.05379308219287518,0.0444886776628549,0.07013489965987091,0.07854015548453376
10249.8046875,0.0912326314659721,0.05381155748025465,0.04455930636553395,0.07031083265377507,0.0786355106666588
10260.5712890625,0.0914357224629548,0.05382923477896307,0.04462949384694453,0.07048539808439755,0.0787308558780428
10271.337890625,0.09163888844654336,0.0538476096571721,0.04469995188856671,0.070660365739515,0.07882618613331531
10282.1044921875,0.09184161132746031,0.05386576786296054,0.0447700519582164,0.07083467475202251,0.07892101785153491
10292.87109375,0.09204380930213464,0.053883191496395914,0.04483961506990737,0.07100795809206885,0.07901535103270131
10303.6376953125,0.09224551645538788,0.05390186760211655,0.04490979422638813,0.07118174421273356,0.0791102126631441
10314.404296875,0.092446630532757,0.053919962391586446,0.044979652873079715,0.07135493202446254,0.07920463558098008
10325.1708984375,0.0926473151413825,0.053938194583079524,0.04504934502117889,0.07152749638822503,0.07929935762104796
10335.9375,0.09284727033484051,0.05395569220221954,0.04511868335977094,0.07169935183131602,0.07939320223590277
10346.7041015625,0.09304659155062894,0.05397342234785957,0.04518795509892576,0.07187072963281972,0.07948753541706917
10357.470703125,0.09324611045837898,0.05399174437913671,0.0452573059249121,0.07204222810167156,0.07958145481248183
10368.2373046875,0.09344479087953453,0.05401010340326631,0.04532678578730709,0.07221347518021448,0.07967557860808616
10379.00390625,0.09364280323819973,0.05402767500811069,0.04539561630519345,0.07238359603017282,0.0797690343640392
10389.7705078125,0.09384071334240195,0.05404567467310347,0.04546455088469989,0.0725538274918672,0.07986248014925144
10400.537109375,0.09403783949572353,0.054063373110584644,0.045533231553853935,0.07272330981044034,0.07995576640260668
10411.3037109375,0.09423454299726515,0.0540812723664067,0.045601828973712,0.07289232454303855,0.0800491074950379
10422.0703125,0.09443079657917078,0.05409879640901281,0.04567033065687935,0.07306122363609495,0.08014204975782656
10432.8369140625,0.09462713196464664,0.05411760463206301,0.045739227774202494,0.0732301679794066,0.08023556533822625
10443.603515625,0.09482256069388617,0.05413547746441927,0.04580759209603182,0.07339834809617886,0.0803283480691579
10454.3701171875,0.0950173349945637,0.054153033215184505,0.04587567337025482,0.07356586957034121,0.08042092141452745
10465.13671875,0.09449002918096944,0.053820832116796696,0.04561229757267671,0.0731633232962232,0.07994998337279204
10475.9033203125,0.093576842292751,0.053300284553247416,0.045171284427413125,0.07245614224556625,0.07917687703786971
10486.669921875,0.09265496377519766,0.05277566249125161,0.04472656668848007,0.07174244013029173,0.07839756890200833
10497.4365234375,0.09172333018189621,0.05224409634240862,0.04427635865847957,0.07102058291339063,0.07760891818177382
10508.203125,0.09078296405747438,0.051709364662347254,0.04382284979389432,0.07029303924769843,0.07681341756243136
10518.9697265625,0.08983223614749232,0.05116784743623465,0.04336389642535476,0.06955691814466052,0.07600900808595194
10529.736328125,0.08887114645195004,0.0506198723150482,0.04289973997581901,0.06881232518820686,0.07519580940122829
10540.5029296875,0.08789993356459354,0.050066860881254914,0.042430929890639624,0.06806039666253416,0.07437393118641189
10551.26953125,0.08691811348096644,0.049507602940115615,0.04195702911101306,0.0673001672288557,0.07354317402668197
10562.0361328125,0.08592452050019252,0.04894179726411842,0.041477567278417816,0.06653107880068551,0.07270267545293664
10572.802734375,0.08491936594816216,0.04836929059716099,0.040992357081937394,0.06575274423694731,0.07185229587480128
10583.5693359375,0.08390247940077013,0.0477899825300726,0.04050132775967053,0.06496524398254057,0.07099162649189199
10594.3359375,0.08287254518392918,0.04720345028739847,0.040004358600138394,0.06416797972852878,0.07012063240661519
10605.1025390625,0.0818305858422667,0.04660987883340004,0.03950125812995958,0.06336105203103642,0.06923857079876229
10615.869140625,0.08077416090260509,0.04600762462849638,0.038991152231526965,0.0625429424925963,0.06834475368719989
10626.6357421875,0.07970451105242571,0.045398399913280305,0.038474731873997414,0.061714485729034645,0.06743968459435155
10637.40234375,0.0786206341979932,0.044781887606159934,0.0379518097464544,0.060875802407699575,0.06652231659240587
10648.1689453125,0.07752035572773315,0.0441548085550134,0.037420683400795955,0.06002371998289074,0.06559184205133718
10658.935546875,0.07640489587823412,0.04351926606772891,0.03688211456808061,0.059159902658454486,0.06464788706835548
10669.7021484375,0.07527289125665979,0.04287438288523771,0.03633564537717982,0.05828339012340961,0.06369004782844831
10680.46875,0.0741240555505139,0.042220777316642456,0.03578134242753081,0.057394298017298485,0.06271782080919185
10691.2353515625,0.07295649364375352,0.04155531289653694,0.035217524083355274,0.05648980574085359,0.06173009427295784
10702.001953125,0.07176992604084677,0.040879337221683534,0.034644752277400936,0.05557109482852712,0.06072617525324278
10712.7685546875,0.07056369149626768,0.04019249093294599,0.03406260243825854,0.054637380942554985,0.059705430607989225
10723.53515625,0.06933640616628751,0.039493230899913814,0.03347006724944697,0.05368682390587477,0.05866708760476539
10734.3017578125,0.0680872724660962,0.03878202746028037,0.032867100923854004,0.05271974549808199,0.05761002453520173
10745.068359375,0.06681453843589812,0.03805707324897602,0.0322527648256673,0.051734280403083435,0.05653317453000494
10755.8349609375,0.0655169497542836,0.03731802740329032,0.03162645747872382,0.05072956383821583,0.0554354507783996
10766.6015625,0.06419325209984289,0.0365640443723131,0.030987433801824657,0.04970468577056031,0.05431528787403919
10777.3681640625,0.06284138674939219,0.03579365765368576,0.030334696884651433,0.04865766021667506,0.05317146440114407
10788.134765625,0.0614603856940169,0.03500716054787961,0.029668098959703383,0.04758840170385508,0.05200287360745616
10798.9013671875,0.060047065411443584,0.03420225421335892,0.02898597504106184,0.04649421030018071,0.05080724714938487
10809.66796875,0.05859973529455382,0.0333778790691396,0.02828735319319653,0.045373612858441104,0.0495827753374278
10820.4345703125,0.05711595827865184,0.03253230437820333,0.027570907671069615,0.044224537922489426,0.0483270402668776
10831.201171875,0.05559318141065127,0.031665577702788654,0.026835982886475544,0.0430456933461369,0.047038381809348086
10841.9677734375,0.054026421489732135,0.030772768424152518,0.026079594352154272,0.04183236807499123,0.04571295624416059
10852.734375,0.05241361979271173,0.029854597902915225,0.025301232166168988,0.04058389843863673,0.044348196105492364
10863.5009765625,0.05074899894244327,0.028906056249936026,0.024497541381892883,0.03929470105830886,0.04293989374061579
10874.267578125,0.04902824039211607,0.027925930628128228,0.02366691112544889,0.037962319850687674,0.04148389882856537
10885.0341796875,0.04724501459048472,0.026910416058398348,0.02280614878633813,0.03658166164811147,0.039974991686395886
10895.80078125,0.04539148202873719,0.025854682331173485,0.021911424896946936,0.035146519623849216,0.03840670878121555
10906.5673828125,0.04345905674048303,0.024753801470057808,0.020978514555506304,0.03365008361442785,0.03677158701334085
10917.333984375,0.04143627259196441,0.023601725143699234,0.020002179300069197,0.03208398986426426,0.03506031620330746
10928.1005859375,0.0393103170989966,0.02239094380307982,0.018975904873226975,0.030437901203849788,0.033261158296202936
10938.8671875,0.037062027775256766,0.021110388658321228,0.017890671213765405,0.028697149008649243,0.031358910404595784
10949.6337890625,0.03466820308314357,0.019746615449956907,0.016735033624723263,0.026843411952937386,0.02933354380238256
10960.400390625,0.032096626049921265,0.01828202218615641,0.015493716900912329,0.024852342885280026,0.02715764393701946
10971.1669921875,0.02929986764727691,0.0166889395345698,0.014143676596598265,0.022686806429220416,0.0247913876687139
10981.93359375,0.026206809896355866,0.014927298951457469,0.012650616083084272,0.020291949219318366,0.022174098052746047
10992.7001953125,0.022695741014368415,0.012927341165586602,0.010955712448473468,0.017573259811924608,0.019203354390607774
11003.466796875,0.018531013887628203,0.010555194329160472,0.008945335606882703,0.014348574504324488,0.015679455202297892
11014.2333984375,0.013103404948177749,0.007463649475728593,0.006325308041541912,0.010145974609659048,0.01108704902637289
11025.0,0.0,0.0,0.0,0.0,0.0
