frequency_hz,V6,V8,inline-4,inline-6,single-cylinder
21.533203125,-2.4233041646019964,-1.7387235738291804,-1.8257454505607957,-3.665566121743185,-5.405071645920095
32.2998046875,-2.0649505791367044,-1.3483600463893766,-1.4217692833975129,-3.2612904258229922,-4.9630327694089384
43.06640625,-1.7833434751679933,-1.0008521675982989,-1.040456591455746,-2.884701212033833,-4.557416499165144
53.8330078125,-1.4663576391132682,-0.6949564448624013,-0.7205727393863842,-2.540721868403728,-4.1821653181267315
64.599609375,-1.1808001602640597,-0.4132975089170353,-0.40464241021871417,-2.205796782579884,-3.8114331887686963
75.3662109375,-0.8985310807875644,-0.15612444122724067,-0.11895371221123674,-1.798283818127137,-3.3371124616765724
86.1328125,-0.6920380641193097,-0.007884441197627157,-0.007439833873021162,-1.519695616974337,-3.002979972683746
96.8994140625,-0.6362953725476129,0.0,0.0,-1.3761200959939743,-2.7576320929516136
107.666015625,-0.5875753650119536,-0.020033867798771254,-0.05849758852988651,-1.2370990743262962,-2.5602607030285576
118.4326171875,-0.5405937404839758,-0.06747384511225551,-0.10387645740734353,-1.1097146078703513,-2.359345267807089
129.19921875,-0.5111129816134962,-0.07310944670371955,-0.13515844057001025,-0.9352931738490823,-2.095860994913077
139.9658203125,-0.362279091522822,-0.07804220246707849,-0.18303474872674175,-0.7558397851431571,-1.8387244072514781
150.732421875,-0.3080790074570887,-0.08106801479830206,-0.1725497414166195,-0.5353297763545638,-1.473623444700183
161.4990234375,-0.18413063205971386,-0.06567799817572129,-0.2102620071888105,-0.3416102267836135,-1.1815428086397277
172.265625,-0.08966180236482413,-0.06603510106333288,-0.22696025093737682,-0.2061583277656606,-0.9216646983501431
183.0322265625,-0.038344748298968945,-0.13448348686603806,-0.28857569900604507,-0.10596671462307253,-0.7059882353652851
193.798828125,0.0,-0.21337534346419262,-0.3834600209412876,-0.02929417018348701,-0.49020551155018116
204.5654296875,-0.06256882513255424,-0.3510381617860928,-0.5178499232899195,-0.00952898290083351,-0.3323256675440808
215.33203125,-0.12389909216557804,-0.4852996651571979,-0.657427025336592,0.0,-0.1675763603710544
226.0986328125,-0.14259751731341447,-0.683044792569578,-0.8132192388167673,-0.02891614049676597,-0.06642346752214706
236.865234375,-0.280867488205471,-0.887800062846781,-0.9518915433831586,-0.10482196415320996,0.0
247.6318359375,-0.3922217969367692,-1.1225438770062628,-1.129988993252037,-0.2390095340033274,-0.05958262390454827
258.3984375,-0.5895563719726743,-1.397500841452299,-1.325390354677627,-0.395752303001224,-0.1132553978690014
269.1650390625,-0.7893958041887754,-1.656340917882563,-1.5504719103249096,-0.5968860402305453,-0.2759929892584517
279.931640625,-1.0131990427783002,-1.9576238963824077,-1.7732604763374091,-0.8081706182300769,-0.4374484920797515
290.6982421875,-1.2865742416982016,-2.2532546155130384,-2.0274850613139233,-1.0781863143118229,-0.6432928944259257
301.46484375,-1.54030924965457,-2.5863191606939933,-2.2752306361584114,-1.3862062106972615,-0.8814472475420827
312.2314453125,-1.8406564541420884,-2.927784222370334,-2.5863119638040364,-1.7242654570142957,-1.1814167173815453
322.998046875,-2.1747017076009896,-3.2726899789875805,-2.8412725013853652,-2.0979436601911106,-1.5120042345316067
333.7646484375,-2.475267157825934,-3.6133931935952557,-3.1648371521492016,-2.469347311568448,-1.81518102908482
344.53125,-2.7808033919658737,-3.9025404895315603,-3.4656894273363523,-2.840748134863964,-2.1316713727211316
355.2978515625,-3.0694466794211115,-4.207422162350522,-3.722901715391038,-3.208860769791357,-2.436900011197317
366.064453125,-3.3590467892521465,-4.5154120787939895,-3.9920089127805616,-3.5928366540610464,-2.742781172019536
376.8310546875,-3.6411845419362914,-4.796726618356291,-4.236941866310261,-3.983822864240937,-3.073790633254679
387.59765625,-3.8806695111054132,-5.018745591493759,-4.458447892517652,-4.314643299473775,-3.4279112826328713
398.3642578125,-4.097505423400183,-5.258138241642108,-4.672347717274881,-4.614802095954669,-3.7569115553808565
409.130859375,-4.265964810363071,-5.458998222896315,-4.832656794608962,-4.937473375712915,-4.004514966956269
419.8974609375,-4.433110511295517,-5.62102194143749,-5.020627156371292,-5.215386905440521,-4.260275679920352
430.6640625,-4.570544237563218,-5.774935656154112,-5.138856579355782,-5.452822457355998,-4.497979850690089
441.4306640625,-4.665676417398489,-5.921096225842429,-5.305423752373816,-5.653212907310258,-4.678647038074845
452.197265625,-4.725287625566032,-6.032156220034993,-5.439886157278762,-5.8328887952386355,-4.833759798513944
462.9638671875,-4.79028480311697,-6.101163298300946,-5.521223607413683,-5.978966806617581,-4.944017285253243
473.73046875,-4.8270000316532204,-6.17017630415977,-5.598646711238064,-6.067991575127933,-4.9999072444844685
484.4970703125,-4.812068264476642,-6.257225234964442,-5.6888616943734975,-6.148558744266751,-5.048142478415918
495.263671875,-4.787948863693166,-6.279178989438489,-5.744572888595448,-6.226893410050932,-5.064198888746621
506.0302734375,-4.734359499298493,-6.328595333457122,-5.782876325695437,-6.257759289691559,-5.114059040590251
516.796875,-4.669627576284976,-6.341400200514776,-5.830997553497997,-6.283345498445238,-5.121767843179928
527.5634765625,-4.570727636672436,-6.366238267679644,-5.863462567141862,-6.307289478730217,-5.172259208782947
538.330078125,-4.532013951163463,-6.389955165050798,-5.874409046460952,-6.3299085442668686,-5.19326994568623
549.0966796875,-4.432337600548329,-6.420371841261405,-5.886681694848461,-6.350343504555135,-5.1958269591975315
559.86328125,-4.370880004434711,-6.482833713529998,-5.92225955019914,-6.364930893178777,-5.195554811689356
570.6298828125,-4.279751049220726,-6.493565165561128,-5.959905077983052,-6.380005999381011,-5.2114652435010465
581.396484375,-4.2402313567488,-6.55558826979502,-5.986475028985482,-6.438014128550406,-5.210797365638141
592.1630859375,-4.190191019870956,-6.621314766117137,-5.997168150302515,-6.466975051857396,-5.227258774324125
602.9296875,-4.1832794680057965,-6.682246939679748,-6.051616639851094,-6.4958439743306995,-5.242569733850838
613.6962890625,-4.150783862764675,-6.782291186263163,-6.071281700005541,-6.5355104603083385,-5.253353095367012
624.462890625,-4.158381575168556,-6.8430027224906915,-6.110857248058156,-6.582499620529884,-5.271035521394631
635.2294921875,-4.143803074370122,-6.9190244513956936,-6.153237216545955,-6.6518371566623316,-5.299994966461252
645.99609375,-4.216063644395043,-6.99235239781374,-6.1942490680437725,-6.702259782662191,-5.356296794862956
656.7626953125,-4.234063807514544,-7.057578227969083,-6.21673323710656,-6.781974849806884,-5.406647097876295
667.529296875,-4.308800026490187,-7.148302542370469,-6.251576212349931,-6.862440633220071,-5.4578909564641185
678.2958984375,-4.401252190816396,-7.228007567963606,-6.309838730380112,-6.938074966978337,-5.573383574400278
689.0625,-4.4780634675726425,-7.337996508638919,-6.389203189430088,-6.998511382385677,-5.638067832595696
699.8291015625,-4.607626843094755,-7.4487328833902025,-6.449158639026537,-7.129748907635416,-5.7224242717912395
710.595703125,-4.718130853745714,-7.540802078495085,-6.551629270609517,-7.181564704855096,-5.774248043402537
721.3623046875,-4.892064922532088,-7.645165831185845,-6.633478634292784,-7.308706765749457,-5.818482900954451
732.12890625,-4.984798407304212,-7.7593944626401745,-6.708234425273417,-7.391867611622033,-5.857552442530224
742.8955078125,-5.121629523691177,-7.849345159106206,-6.765190509283935,-7.530636048908841,-5.922569933529827
753.662109375,-5.240651885796237,-7.969842450393581,-6.863751404508434,-7.624567647018437,-5.991583981728215
764.4287109375,-5.357780288552943,-8.043150554926452,-6.934194209467972,-7.730669502265096,-6.071830635539922
775.1953125,-5.467584821006982,-8.118471577737072,-7.006900677830428,-7.791096120888537,-6.061916449275877
785.9619140625,-5.624254258001156,-8.155715583633931,-7.067277347952066,-7.924038151860315,-6.109062919855275
796.728515625,-5.694180002106488,-8.172922472090246,-7.133467372352072,-7.97842200779525,-6.120539514549559
807.4951171875,-5.842245769574229,-8.190197699997633,-7.160811363900213,-8.131464697902453,-6.181633363640933
818.26171875,-5.897106500314542,-8.242258789689568,-7.252616281330714,-8.169704129148087,-6.20700398238524
829.0283203125,-6.026702182988886,-8.258123413704265,-7.288666066262723,-8.271595355025736,-6.2756155462903696
839.794921875,-6.118990754215168,-8.286421472978564,-7.367712958318381,-8.327345224351644,-6.299270115286435
850.5615234375,-6.2028149102911865,-8.291527202282012,-7.433559509064144,-8.370325658026383,-6.290520869810625
861.328125,-6.267114284167216,-8.333476277751956,-7.531759366319269,-8.421975345944707,-6.297538777881056
872.0947265625,-6.328605340625874,-8.350898978803311,-7.5748250487066535,-8.466614303809902,-6.322827021428599
882.861328125,-6.383162894979631,-8.391072225425148,-7.648489623714578,-8.513660485590544,-6.369450493731326
893.6279296875,-6.4300507270904195,-8.418710658442038,-7.702609487725642,-8.558796641603523,-6.400061593740367
904.39453125,-6.458401062994237,-8.480559881711965,-7.806419538906258,-8.592769447457297,-6.49466650764099
915.1611328125,-6.504204463446382,-8.515510249334728,-7.832864690083927,-8.64710742530055,-6.545241755576544
925.927734375,-6.55014337154902,-8.60241855887556,-7.902301919360546,-8.670634785441177,-6.615499529265859
936.6943359375,-6.615951935923047,-8.658992787520628,-7.9588157445315755,-8.64852551960972,-6.713917758239745
947.4609375,-6.667955295180393,-8.73757234004687,-8.00587981735727,-8.69446460164367,-6.8477795391
958.2275390625,-6.747446778337388,-8.813690574023681,-8.0093023923751,-8.70467193807677,-6.959867313149282
968.994140625,-6.788615782832946,-8.92719311035507,-8.074766346101327,-8.75326870160479,-7.09351300326444
979.7607421875,-6.845042992260242,-9.021830063881705,-8.111931763391212,-8.771179604085162,-7.214949365313215
990.52734375,-6.903842189027726,-9.180710125432185,-8.177748562339568,-8.783143270333818,-7.37250966195075
1001.2939453125,-6.979534245143108,-9.288819335407268,-8.199929766620572,-8.781763655123157,-7.434921191907507
1012.060546875,-7.035644259933471,-9.402991865428437,-8.252623371658437,-8.780678274074948,-7.586092727601919
1022.8271484375,-7.095336123830253,-9.464207869185277,-8.321948629409007,-8.809515337005475,-7.707327050650478
1033.59375,-7.127937455955489,-9.584899121850558,-8.3844625423765,-8.857713047485715,-7.799591519704179
1044.3603515625,-7.186191043680595,-9.68091769201984,-8.445586461715168,-8.913018850894503,-7.899567616268164
1055.126953125,-7.211489261011912,-9.77683745952428,-8.552936972694603,-8.954599567083333,-7.9898118119923565
1065.8935546875,-7.291399836568609,-9.894254648146905,-8.633802624556012,-8.990695019885552,-8.106192210544522
1076.66015625,-7.3072570588469885,-10.012672811515362,-8.734254942302536,-9.027751600495213,-8.185123698644697
1087.4267578125,-7.381762726168854,-10.083256334378607,-8.809838348368423,-9.10334193873141,-8.277212466767649
1098.193359375,-7.389955452334931,-10.192475527764564,-8.908746259440933,-9.17134833217049,-8.387432247548963
1108.9599609375,-7.455897168564194,-10.27563074339227,-8.960031843947958,-9.2268371536574,-8.46633348133291
1119.7265625,-7.49296194057201,-10.412971220689716,-9.034441038151503,-9.255458382992115,-8.515007522918847
1130.4931640625,-7.513116906457676,-10.497679065685865,-9.104035209297201,-9.309955828996536,-8.557465797769293
1141.259765625,-7.535950113916065,-10.600025495744418,-9.168198739312903,-9.316137869201517,-8.608294248693024
1152.0263671875,-7.591066398968908,-10.695919887650483,-9.206153306043685,-9.387168791895906,-8.681636818320685
1162.79296875,-7.600167422716023,-10.725661230283354,-9.219047088106237,-9.414188732209094,-8.64923091243635
1173.5595703125,-7.662422336036129,-10.787333481970599,-9.240317827381004,-9.437016877719914,-8.67969552159075
1184.326171875,-7.67241547616509,-10.87228389808537,-9.250578992287856,-9.459485422866367,-8.683855917321955
1195.0927734375,-7.737215705508407,-10.910713598139342,-9.262696299944787,-9.486158498441412,-8.679873434367328
1205.859375,-7.75099751198252,-10.99072412346047,-9.32146014463884,-9.538667044691055,-8.667880132910607
1216.6259765625,-7.798528826678218,-11.028641326100008,-9.300507695736894,-9.591621914000374,-8.66577219796413
1227.392578125,-7.857576349772763,-11.08703738406842,-9.318437700042583,-9.645050216969892,-8.683917547018803
1238.1591796875,-7.919841673185549,-11.129049617712909,-9.316044780086106,-9.701934460862837,-8.670735547172669
1248.92578125,-7.9488149212270605,-11.188977861957426,-9.338106759034838,-9.736891294726188,-8.662827272776093
1259.6923828125,-8.01026710756124,-11.260629178222516,-9.33875057890665,-9.787111071509852,-8.667290269105159
1270.458984375,-8.07564942784078,-11.284669679825036,-9.335916928652185,-9.86428597461814,-8.671263064244345
1281.2255859375,-8.138715216807899,-11.33387634691072,-9.351472872236918,-9.927220766156374,-8.666944480673944
1291.9921875,-8.210532252015838,-11.393669938473842,-9.344138272353572,-9.99116461590064,-8.664239199385044
1302.7587890625,-8.273373762314495,-11.461593075285368,-9.332966151305559,-10.049750854541964,-8.675765067550133
1313.525390625,-8.323068017955446,-11.503679473143961,-9.380266459736369,-10.110756368348516,-8.680086598057754
1324.2919921875,-8.383172799263576,-11.557028531996338,-9.387264816747498,-10.174759519012406,-8.690095317432926
1335.05859375,-8.441871498012546,-11.595648774359901,-9.439950672286582,-10.214589121193727,-8.707036183099591
1345.8251953125,-8.546078245911492,-11.649468148281265,-9.428564221119126,-10.286779270844434,-8.70822610371371
1356.591796875,-8.625044585198328,-11.697161151060708,-9.472376525067595,-10.359755422441651,-8.794846995642551
1367.3583984375,-8.676955503637597,-11.762323740630123,-9.5125033011794,-10.395283012942672,-8.811135745249771
1378.125,-8.740093103358738,-11.787123087485007,-9.525110974644644,-10.45420307620166,-8.844939683168397
1388.8916015625,-8.771773392828884,-11.86447016705711,-9.586057664344718,-10.49529871155938,-8.91695413338775
1399.658203125,-8.843353760696342,-11.904202941353041,-9.63604734933223,-10.527972143958976,-8.968096263081508
1410.4248046875,-8.897666815565106,-11.966066803800533,-9.661159047634042,-10.566142361447458,-9.034718616911483
1421.19140625,-8.969733460598558,-12.027494556347033,-9.698649077701276,-10.604636424486939,-9.106928160113524
1431.9580078125,-9.051302444618415,-12.09375679537667,-9.723752727619027,-10.651823450072895,-9.18425056476278
1442.724609375,-9.085367498749928,-12.16894082788631,-9.753694726249439,-10.669285510299046,-9.27774580628156
1453.4912109375,-9.11482188484166,-12.214524931989697,-9.834014552844334,-10.681433152427315,-9.314601151508494
1464.2578125,-9.163357443745863,-12.28840351301892,-9.869274469310302,-10.753039995859462,-9.413675577088151
1475.0244140625,-9.235343244767563,-12.338226554461588,-9.933291219594494,-10.735988877153433,-9.48384042416726
1485.791015625,-9.326733112346762,-12.384265136418303,-9.955151462081473,-10.789323065526288,-9.550904758918211
1496.5576171875,-9.371948153888216,-12.424638510917564,-9.99204696939956,-10.824120762230677,-9.621428729546745
1507.32421875,-9.442236701754506,-12.488600229019504,-10.072166779079513,-10.836111952000136,-9.708703023313905
1518.0908203125,-9.47441809217624,-12.550383991878515,-10.128467409142534,-10.845384083546199,-9.787621080042149
1528.857421875,-9.492815058856152,-12.607761433960071,-10.193920083641167,-10.85067283055389,-9.851853894603996
1539.6240234375,-9.523929005380975,-12.65336313886737,-10.296495231999613,-10.890667745935604,-9.886833502599524
1550.390625,-9.583605813810337,-12.73181300619435,-10.33572250793002,-10.90437802319848,-9.960298543285589
1561.1572265625,-9.604133399532156,-12.781860261991444,-10.416408860410609,-10.888296017434866,-9.988575810247012
1571.923828125,-9.634529660155842,-12.834300338121533,-10.465663671027034,-10.944272239114143,-10.069062459407595
1582.6904296875,-9.626295861070997,-12.894126560477666,-10.547338677670096,-10.928421156208168,-10.095095212508953
1593.45703125,-9.687586944101206,-12.960098535698652,-10.61615329924173,-10.927403173593957,-10.154237372443733
1604.2236328125,-9.705269807703008,-13.000171171477941,-10.690648546320082,-10.972050975705702,-10.17029702580995
1614.990234375,-9.737660543499029,-13.037504146216811,-10.750861753263699,-10.962546027322254,-10.196239667910376
1625.7568359375,-9.768662465130308,-13.085276117004252,-10.808870569947556,-11.009762704492502,-10.19308851930769
1636.5234375,-9.781986562335497,-13.099077349370766,-10.8649401612887,-10.989859737505869,-10.248464604510836
1647.2900390625,-9.78192250307455,-13.123701434473283,-10.915947448301266,-11.008790971062503,-10.230055101886157
1658.056640625,-9.802321222380215,-13.11409737174451,-10.96084855125429,-11.030069101489183,-10.25236752380697
1668.8232421875,-9.78509948086856,-13.126532368072485,-11.063378079724924,-11.003832497566952,-10.259511884496055
1679.58984375,-9.813862108875938,-13.085722142848098,-11.085883103888857,-11.017593645265109,-10.2880262917375
1690.3564453125,-9.777554356386116,-13.050996374113481,-11.150419645045172,-11.026525421882376,-10.292948930684044
1701.123046875,-9.807758334106637,-13.022707488350946,-11.19417757223149,-11.047327780538007,-10.301843095318873
1711.8896484375,-9.826571041315479,-12.993968170381628,-11.239614900656832,-11.081570857331906,-10.273773218636828
1722.65625,-9.88621803325762,-13.009873024318164,-11.2958786587691,-11.094995216868892,-10.287578146266096
1733.4228515625,-9.944848706625233,-12.986295036118197,-11.353595849166568,-11.118529612933175,-10.25932913722803
1744.189453125,-9.984783132626532,-12.967199134039834,-11.40559367181993,-11.16118766497507,-10.259310593687523
1754.9560546875,-10.049413461815092,-12.947299958604574,-11.446704728536012,-11.15850882330693,-10.25023487261917
1765.72265625,-10.084705587522777,-12.943267737417674,-11.477001560431876,-11.20712058920558,-10.219176317813616
1776.4892578125,-10.11966382102107,-12.95001732363993,-11.557752180631448,-11.227145669241706,-10.198679775202228
1787.255859375,-10.161562957194683,-12.937706491988873,-11.589929976718079,-11.257657814198254,-10.18355820518077
1798.0224609375,-10.211323512115744,-12.96413911802303,-11.609657605444909,-11.24158523225908,-10.191405838208835
1808.7890625,-10.213694483970421,-12.944254666116734,-11.654983563509106,-11.28892827072587,-10.20030670345002
1819.5556640625,-10.222294326383505,-12.924200571243595,-11.698153886802839,-11.273212725276164,-10.20921708132156
1830.322265625,-10.221819053708593,-12.934517596396859,-11.710741721393546,-11.325698007424537,-10.18512362087211
1841.0888671875,-10.238524103655521,-12.924740844573606,-11.758612972952102,-11.349547792573574,-10.201597107634607
1851.85546875,-10.241779358722003,-12.94148519784305,-11.79986419684234,-11.385606394096575,-10.196164409254036
1862.6220703125,-10.282315996885224,-12.92847181849573,-11.84112285779476,-11.429772581356113,-10.205154370473347
1873.388671875,-10.302989758499976,-12.920658606897621,-11.82345135779536,-11.462242062335564,-10.198165805557574
1884.1552734375,-10.361438215082398,-12.919051571752245,-11.875152662587876,-11.478157312971918,-10.201251702206424
1894.921875,-10.355693944166628,-12.893936684226617,-11.8810366196577,-11.520547495914744,-10.186077830308312
1905.6884765625,-10.38403260773476,-12.885015578570101,-11.921469706216309,-11.52306910180021,-10.202701084563552
1916.455078125,-10.416563592011848,-12.89630001787275,-11.934904502596027,-11.573060250229895,-10.177696737343291
1927.2216796875,-10.45560641746669,-12.896561002877892,-11.977799160821519,-11.575859332822388,-10.22650677216853
1937.98828125,-10.491133840792827,-12.902588478564379,-11.960879508778131,-11.604933351613195,-10.209822367155407
1948.7548828125,-10.538648486741064,-12.932108704684701,-11.986483612718947,-11.655801143239822,-10.2256363541297
1959.521484375,-10.574189809250694,-12.963562401816418,-11.963863830281763,-11.672498876037372,-10.237167038211457
1970.2880859375,-10.626931041857585,-13.02816776483212,-12.01691267783764,-11.706637553260359,-10.245913197170479
1981.0546875,-10.667631631468254,-13.099535364259275,-12.0259124353447,-11.760670079300958,-10.25048471235544
1991.8212890625,-10.74697330587199,-13.15722806708618,-12.0559348858244,-11.801414223949076,-10.303710709333705
2002.587890625,-10.811664358643938,-13.21997036750092,-12.088623257511108,-11.858901914820478,-10.319006914586913
2013.3544921875,-10.856269095484365,-13.21752805906208,-12.09764912283702,-11.88909641140845,-10.339019965799006
2024.12109375,-10.956842215958577,-13.267415930313238,-12.11527080967915,-11.940874418775346,-10.359762705046597
2034.8876953125,-11.039783685598689,-13.312918128396763,-12.166817481156546,-11.97440627135071,-10.381430754985578
2045.654296875,-11.122271465731707,-13.34600796119025,-12.194158940665881,-12.007988109405236,-10.432302349117146
2056.4208984375,-11.211961775420495,-13.39132558252361,-12.257952132836293,-12.071538694074858,-10.459524605354064
2067.1875,-11.265386396597151,-13.408835475697533,-12.267493917521527,-12.121998064085028,-10.525914276670262
2077.9541015625,-11.307071782984227,-13.429841740287404,-12.320050555940997,-12.131728790385191,-10.573748190163911
2088.720703125,-11.346915405053494,-13.465357747248916,-12.309945078364073,-12.18058964810406,-10.58844285499716
2099.4873046875,-11.427257858243099,-13.521266954865691,-12.345457657794743,-12.21505397121182,-10.63277820729457
2110.25390625,-11.498729972416953,-13.599364289245155,-12.368100387639387,-12.267363685613129,-10.679596907241777
2121.0205078125,-11.52252057829823,-13.599549881964691,-12.382249800892481,-12.266313448993754,-10.703648851074908
2131.787109375,-11.581879027910468,-13.674825114753492,-12.414083622497952,-12.29699230787671,-10.741831308951019
2142.5537109375,-11.634678825746235,-13.703831240313352,-12.446152249423625,-12.314989495674244,-10.772770719480812
2153.3203125,-11.659397819459773,-13.742962980466416,-12.442119235226665,-12.358321542948138,-10.817960391039854
2164.0869140625,-11.688147422008363,-13.802125600330545,-12.485219655264885,-12.361972581475337,-10.854655946822572
2174.853515625,-11.760906140663028,-13.854691990023579,-12.465382544830424,-12.442086461725394,-10.884508900584304
2185.6201171875,-11.792112574446318,-13.864477504709555,-12.559783485294426,-12.456200107506787,-10.89338663128243
2196.38671875,-11.865970129621356,-13.872100215948056,-12.543943741555152,-12.47288370541414,-10.91918978466318
2207.1533203125,-11.895755441784118,-13.898076056144149,-12.584599496625929,-12.481539453584773,-10.945169427090667
2217.919921875,-11.9446147968419,-13.984776114422278,-12.612618799898971,-12.550861495672914,-10.984625927573138
2228.6865234375,-11.943447108782156,-13.971442649702283,-12.65266319562079,-12.601437111761586,-11.035807166537762
2239.453125,-11.96361949004292,-14.02316718961304,-12.671746752291874,-12.635039500373558,-11.040657288573248
2250.2197265625,-12.011838620515412,-14.072374024502903,-12.705162270253108,-12.650484413492467,-11.07416316747664
2260.986328125,-12.091014250208143,-14.08536873850072,-12.737767295642534,-12.687358360271668,-11.101585846439304
2271.7529296875,-12.127038322663008,-14.09386822883961,-12.789748995731525,-12.68023810609964,-11.109152600928507
2282.51953125,-12.160077857592078,-14.128136223999217,-12.807814262350744,-12.715423772764344,-11.16074180088854
2293.2861328125,-12.13521610791625,-14.19114570016113,-12.85976537329633,-12.758507690746125,-11.182198131916289
2304.052734375,-12.180438184570573,-14.207412975485862,-12.875490598474823,-12.784228055468013,-11.209039758486677
2314.8193359375,-12.219862461266459,-14.215823055308547,-12.92444363799408,-12.808694250813014,-11.20780639705987
2325.5859375,-12.287768749634672,-14.267871743824042,-12.937361767659763,-12.793803659620002,-11.238520588669651
2336.3525390625,-12.303126448346397,-14.291040191152788,-12.990412182944855,-12.832179689488116,-11.2684345234586
2347.119140625,-12.322342076987006,-14.31749406117266,-13.020575662827559,-12.829915703342593,-11.275923218641664
2357.8857421875,-12.304847327241074,-14.335287097773321,-13.071893083908796,-12.85470522911512,-11.26939396126545
2368.65234375,-12.305217691396159,-14.380551512867306,-13.077151236217327,-12.87977733827643,-11.302579025439108
2379.4189453125,-12.313167886474211,-14.411219896214686,-13.141054274909289,-12.887761327965093,-11.312446708793077
2390.185546875,-12.36250854682607,-14.419330282873958,-13.199219439329047,-12.895106138560914,-11.3241965871012
2400.9521484375,-12.372181414782354,-14.458278803381447,-13.253979698880679,-12.952266747642485,-11.336358493024902
2411.71875,-12.379600906638913,-14.472833636547772,-13.306295375111969,-12.9674409835411,-11.363913816501265
2422.4853515625,-12.356894863842687,-14.492766254718845,-13.341979967749017,-13.039170926254627,-11.36792912410557
2433.251953125,-12.40077826055986,-14.525095779935533,-13.379527273358036,-13.040810294324622,-11.388725292204912
2444.0185546875,-12.419119406329159,-14.531598464433344,-13.42177339193967,-13.074297842863006,-11.379294605306061
2454.78515625,-12.473033373009429,-14.581119274420978,-13.4951098588975,-13.101721647305864,-11.407314233754247
2465.5517578125,-12.501735977447535,-14.606124957071117,-13.551893549520365,-13.132557978218266,-11.414253996161582
2476.318359375,-12.551079834116884,-14.658764921644018,-13.591454581087023,-13.174564685009406,-11.435152486992651
2487.0849609375,-12.571705024160615,-14.692638600960372,-13.631026700788265,-13.21315084014769,-11.436707268896225
2497.8515625,-12.570657426039652,-14.711247508628297,-13.670408897950242,-13.212661007002302,-11.449355543584781
2508.6181640625,-12.594545976830219,-14.75989495191076,-13.70961901372653,-13.230302822495762,-11.45865262188958
2519.384765625,-12.606683858321038,-14.778271706200602,-13.74299273159331,-13.242397657010438,-11.457920877907219
2530.1513671875,-12.623162227970887,-14.79418489016637,-13.788259321510814,-13.272874296199513,-11.458158792725198
2540.91796875,-12.621731303156437,-14.838551237593801,-13.810612897612593,-13.288165338150145,-11.47158799094383
2551.6845703125,-12.608360827245619,-14.816429370377229,-13.796807888969454,-13.313323139826563,-11.48402798914396
2562.451171875,-12.63307652890526,-14.823735704847596,-13.849518820283283,-13.336788745816785,-11.465108846552436
2573.2177734375,-12.656308906314603,-14.80903986800277,-13.829116550539798,-13.354262882206546,-11.458604969515585
2583.984375,-12.666700659165851,-14.805891347748087,-13.869767684140133,-13.356334260423475,-11.45079031919463
2594.7509765625,-12.69414067771994,-14.815259374429559,-13.899169429013327,-13.410098788752459,-11.49282859365047
2605.517578125,-12.685049080360212,-14.827439930346493,-13.938970391890535,-13.439529455544944,-11.475933133425016
2616.2841796875,-12.710417455775115,-14.854668887682177,-13.982535558079862,-13.447859794332327,-11.474639849817104
2627.05078125,-12.718321072978522,-14.870819519249302,-14.027607736741027,-13.49812915915669,-11.479321096562755
2637.8173828125,-12.735078894993968,-14.872534859147645,-14.085425366646017,-13.519196347864904,-11.493084631997904
2648.583984375,-12.774961070309484,-14.925761859944654,-14.149814656467573,-13.566492736741788,-11.484238630171463
2659.3505859375,-12.757414929064286,-14.963598686740095,-14.14889605732147,-13.609522721838735,-11.52153035106973
2670.1171875,-12.778784642139957,-15.007547530034387,-14.222705990125302,-13.652987268524988,-11.519979864278989
2680.8837890625,-12.77277268765522,-15.070697430199921,-14.240765851616086,-13.701140872228708,-11.56100687011195
2691.650390625,-12.800018411468333,-15.146643925448267,-14.2903644717851,-13.742060201843637,-11.577086888479744
2702.4169921875,-12.85524562327728,-15.189190892861532,-14.315355251920211,-13.805432528704847,-11.632880869056885
2713.18359375,-12.896684982149136,-15.241611948180584,-14.411664564736672,-13.865586453875181,-11.656632711831419
2723.9501953125,-12.925404698587222,-15.292605253344924,-14.444892305402496,-13.940967599629055,-11.690533538143912
2734.716796875,-12.962361495881531,-15.310662063977514,-14.492379951667084,-14.03060302783012,-11.708248690334237
2745.4833984375,-12.976935369081378,-15.359334405044233,-14.499975894452819,-14.090505425078332,-11.735144594319376
2756.25,-13.047463581010774,-15.384395073376698,-14.559985516748952,-14.160288603059207,-11.728653780774385
2767.0166015625,-13.064620241564324,-15.437469623844038,-14.587776126061941,-14.244730091187074,-11.760196643486209
2777.783203125,-13.130373880944045,-15.454801929440418,-14.618049414487963,-14.329282096810484,-11.769697511206296
2788.5498046875,-13.179672365073099,-15.473480677020628,-14.625871828346627,-14.38624448218413,-11.76212758146435
2799.31640625,-13.189108835783227,-15.500864505659965,-14.699097006157391,-14.416539051858136,-11.757570761032467
2810.0830078125,-13.226921551872774,-15.539452016024725,-14.687590640238707,-14.46455951637625,-11.786351396918013
2820.849609375,-13.248042857400321,-15.552424548703403,-14.721897158468133,-14.494344443882879,-11.786351225096245
2831.6162109375,-13.28458473474064,-15.632825858309399,-14.735302280909512,-14.495408881096218,-11.84771754257533
2842.3828125,-13.311862537057973,-15.665622018319517,-14.788833223647485,-14.527245047582788,-11.853767743103703
2853.1494140625,-13.328699301082676,-15.70674046533323,-14.801921233096143,-14.54719586286097,-11.903391417655266
2863.916015625,-13.408780650053192,-15.738703894163574,-14.80818151803977,-14.566906648507675,-11.948369520690521
2874.6826171875,-13.430850032036108,-15.797750090685295,-14.843369732210814,-14.621566405101458,-11.976685847933558
2885.44921875,-13.43767138991349,-15.799300789305931,-14.90837918527131,-14.652710772087584,-12.024309911500168
2896.2158203125,-13.471570245901471,-15.859002321817695,-14.880059880151308,-14.713148559509948,-12.06284290503723
2906.982421875,-13.48745045689844,-15.895064575541006,-14.921364032557587,-14.74298434989843,-12.137512509259906
2917.7490234375,-13.514989040031281,-15.961149677136124,-14.894304299121405,-14.776645693267186,-12.174370280083918
2928.515625,-13.54955050196493,-16.003102301439878,-14.960035392754369,-14.900596089143605,-12.211673887187958
2939.2822265625,-13.607508503849889,-16.060554730105437,-14.956301032831291,-14.946142440525138,-12.298295631856925
2950.048828125,-13.655395140622439,-16.12025183954741,-15.002860025294108,-15.032669758490767,-12.344146951312046
2960.8154296875,-13.654386703635126,-16.16641270090463,-15.041799180482226,-15.084398963193786,-12.379985842398929
2971.58203125,-13.67933709834098,-16.19132311518195,-15.071108463778884,-15.11084266264299,-12.431540240666491
2982.3486328125,-13.710665789734332,-16.273279705009948,-15.072500907334486,-15.152834132766122,-12.443689308307267
2993.115234375,-13.74985737371664,-16.29409854418573,-15.100468562032365,-15.233096967263721,-12.503177558664103
3003.8818359375,-13.773635609135354,-16.36023701577334,-15.08823305688972,-15.305801401966425,-12.493820709019595
3014.6484375,-13.792868387852725,-16.43049624721429,-15.156695349838262,-15.374887009034454,-12.515804043174876
3025.4150390625,-13.811818183952603,-16.478638495739826,-15.155962704361949,-15.377097537832658,-12.523691062293048
3036.181640625,-13.827825325836073,-16.50322089704322,-15.20961725680594,-15.4500611128164,-12.52020032703265
3046.9482421875,-13.853395962511389,-16.52652120778624,-15.240621642659416,-15.47540981176393,-12.57188920442603
3057.71484375,-13.864241818152376,-16.57991238026191,-15.291350852270012,-15.542247232583042,-12.579895613430995
3068.4814453125,-13.889467283045402,-16.63233742941433,-15.304414465347051,-15.581286184895877,-12.607645131829166
3079.248046875,-13.923957085053065,-16.69424036411044,-15.346073587148595,-15.649756586966564,-12.634748485175564
3090.0146484375,-13.956847715644258,-16.754143633269596,-15.37624279609182,-15.602434383924514,-12.647967096721347
3100.78125,-13.991833113131687,-16.77577888904907,-15.412841946701116,-15.651932370022442,-12.686935464552528
3111.5478515625,-14.034195943615483,-16.796813752880013,-15.445698499311332,-15.67209754688602,-12.737616853911746
3122.314453125,-14.065504883403378,-16.818575619164854,-15.472293308996388,-15.704072379747208,-12.780981013648322
3133.0810546875,-14.076445174125563,-16.860002276443975,-15.488858378520813,-15.733845842015995,-12.818700431686077
3143.84765625,-14.097178583989553,-16.920111414993826,-15.50405879239764,-15.754782770003425,-12.845885057411563
3154.6142578125,-14.127872638550595,-16.973669562057587,-15.498617047186556,-15.741734117409262,-12.923607181481376
3165.380859375,-14.141574784255472,-16.998279115634958,-15.538471074831044,-15.759856953920094,-12.961413192266535
3176.1474609375,-14.188013054566024,-17.00868078273573,-15.552320936077066,-15.79203546483395,-13.031025429840673
3186.9140625,-14.18813118636309,-17.047155682482074,-15.572222250601541,-15.840931787845266,-13.070843119944964
3197.6806640625,-14.216633231029228,-17.079832199424825,-15.607330362951753,-15.862552917965699,-13.095056948153918
3208.447265625,-14.226490119181712,-17.10843008802924,-15.61359001266366,-15.863623029056013,-13.127107402318128
3219.2138671875,-14.263166066425711,-17.15032933593406,-15.653986327725754,-15.918929750201615,-13.129850618777386
3229.98046875,-14.312549814852932,-17.20123278388181,-15.662592646771017,-15.92398899077506,-13.148935452999842
3240.7470703125,-14.298741883043668,-17.245661146129958,-15.719483858750003,-15.991355716738271,-13.158728989476629
3251.513671875,-14.307889646708066,-17.30613261216238,-15.730832287097783,-16.026495141266846,-13.145772943286795
3262.2802734375,-14.327663871376576,-17.346418939035516,-15.729167973240507,-16.059392992250718,-13.167224529899238
3273.046875,-14.297253603997103,-17.396990389517384,-15.71526168894733,-16.053283900951936,-13.158225856948427
3283.8134765625,-14.312369561678867,-17.431588935967852,-15.730340446213471,-16.09713572061227,-13.167663454622444
3294.580078125,-14.306701681522703,-17.452177540688783,-15.706603516957358,-16.126025789322895,-13.18148833914812
3305.3466796875,-14.318292201633927,-17.496759591819536,-15.721744178885213,-16.16652860062015,-13.208541716301799
3316.11328125,-14.334607732999292,-17.53996925132073,-15.691814232938132,-16.16522726682178,-13.241704984996593
3326.8798828125,-14.335253701411744,-17.57809604202999,-15.702036181852147,-16.22055254626234,-13.295929353211227
3337.646484375,-14.399201241645109,-17.594685703627704,-15.663709418914262,-16.202523551383713,-13.30781336299842
3348.4130859375,-14.411393993815242,-17.59773113616917,-15.694606674814818,-16.2588120600186,-13.357802906747368
3359.1796875,-14.424671525390206,-17.635933091129566,-15.71506826866376,-16.298072497030493,-13.359001037432368
3369.9462890625,-14.448623942372727,-17.648422581116698,-15.763619541929014,-16.35010286774384,-13.396879259186106
3380.712890625,-14.465465578818268,-17.676740412090606,-15.797576238296756,-16.385396683760877,-13.428446314596341
3391.4794921875,-14.493654993474024,-17.725186878047534,-15.847795044200165,-16.386801463110032,-13.455384162427203
3402.24609375,-14.517810469898166,-17.741879139543336,-15.834871680720681,-16.448076188409505,-13.472873865555085
3413.0126953125,-14.53222600962031,-17.760360836961183,-15.875075643228705,-16.476357339676703,-13.512343845514135
3423.779296875,-14.542726779514286,-17.769185887924813,-15.891720702459349,-16.517619230728926,-13.51057470724721
3434.5458984375,-14.53847519770985,-17.84337068814817,-15.93436985724481,-16.569078165984674,-13.55334353755095
3445.3125,-14.550104060162564,-17.86471694944764,-15.950824552203411,-16.585164762653807,-13.557025135929674
3456.0791015625,-14.58104872372509,-17.890878789040745,-15.953582997155898,-16.616547135966247,-13.62335835189466
3466.845703125,-14.599668641450535,-17.91149877641798,-15.987751493301392,-16.626717248807196,-13.641469877972098
3477.6123046875,-14.630065296506391,-17.93785378449199,-15.990839135216643,-16.662886523147478,-13.670006922562859
3488.37890625,-14.64211004426781,-17.947662064280546,-16.02794691299823,-16.73643002384312,-13.717823074561863
3499.1455078125,-14.676189292836266,-17.984205253700402,-16.084646357314945,-16.728738467129624,-13.75989719587279
3509.912109375,-14.67722703174411,-18.002480296633863,-16.153903028697478,-16.794911396790145,-13.76166616177719
3520.6787109375,-14.676087016615583,-18.035697775363,-16.16117391729733,-16.77464091387197,-13.771326844873979
3531.4453125,-14.698599167354907,-18.00175494154571,-16.21906687845138,-16.799929240954178,-13.795922952948688
3542.2119140625,-14.719146043380377,-18.00565224280713,-16.220551157671085,-16.82049989912995,-13.826202123561503
3552.978515625,-14.75289669651077,-18.01546536787465,-16.27069936136507,-16.854794855821208,-13.831673353382932
3563.7451171875,-14.775527585624943,-18.031627993383424,-16.284881313615198,-16.897978755395464,-13.853444640603056
3574.51171875,-14.777981298455206,-18.026135108098046,-16.288644143488884,-16.93318964166048,-13.863327084577993
3585.2783203125,-14.813884423671716,-18.07231020294335,-16.311547727083674,-16.94963471847738,-13.879642175120665
3596.044921875,-14.852095093439232,-18.084955723331372,-16.337326051394594,-16.97702142754805,-13.89283475659856
3606.8115234375,-14.88787252630074,-18.114900754470003,-16.326371580470845,-17.009211337253845,-13.930556766984015
3617.578125,-14.934183338094954,-18.104568672695933,-16.38228031642856,-17.07307802138246,-13.970634559964603
3628.3447265625,-14.95838184170767,-18.131168509355255,-16.38170755385693,-17.10597431127726,-13.988970658779843
3639.111328125,-15.03204467283901,-18.147107350361132,-16.44394123828049,-17.15268468940314,-14.028934841769416
3649.8779296875,-15.045966556580858,-18.184542920890124,-16.490748822316945,-17.205495947426996,-14.05155528646169
3660.64453125,-15.11671008677311,-18.224410142767216,-16.50552263937834,-17.241237968625857,-14.095231399401369
3671.4111328125,-15.150070096506344,-18.24005407325884,-16.59211006878429,-17.300748800234746,-14.149741371084446
3682.177734375,-15.202808525235096,-18.25069761507101,-16.602443250015273,-17.32384347355695,-14.17915459581854
3692.9443359375,-15.209830006874917,-18.258805814450383,-16.652813597918303,-17.392664776708404,-14.229709987820103
3703.7109375,-15.28596404494046,-18.30344604716474,-16.697037645497524,-17.44425625585287,-14.26436577493251
3714.4775390625,-15.33055077601961,-18.339628577497606,-16.743909919265057,-17.510947370208655,-14.302398836619952
3725.244140625,-15.378265264972399,-18.39609052018708,-16.821561012536637,-17.578521644096835,-14.345556236492124
3736.0107421875,-15.423848201381702,-18.397052296192506,-16.84441472498916,-17.620029182410736,-14.381315590389269
3746.77734375,-15.482555354313714,-18.417098266065693,-16.891467345781685,-17.655960336409297,-14.464246470846387
3757.5439453125,-15.498042870182928,-18.421870910587504,-16.94777191772224,-17.709489995557423,-14.509627304044983
3768.310546875,-15.568549824020003,-18.463453535949057,-16.996280624482022,-17.746167805902086,-14.541913167888758
3779.0771484375,-15.59434817044621,-18.480408277248575,-17.054300615923555,-17.80336100913146,-14.603666940002269
3789.84375,-15.642490415589442,-18.498151784412734,-17.09358312127632,-17.869733300755744,-14.647351063551964
3800.6103515625,-15.638805348185361,-18.512492621279776,-17.13281429039563,-17.910724240296965,-14.719096949842752
3811.376953125,-15.694232316322228,-18.52830519333888,-17.220960177205498,-17.94682208371911,-14.791901902499278
3822.1435546875,-15.76848351884227,-18.532027524269353,-17.226799207090078,-17.984105631068037,-14.859388542378914
3832.91015625,-15.798683920755504,-18.57216067815466,-17.31087753814551,-18.046086496371796,-14.921754820313893
3843.6767578125,-15.832971458227124,-18.605849344270702,-17.331857214872418,-18.135650294311784,-14.9382089445979
3854.443359375,-15.882966193426775,-18.651857617191094,-17.406661362543403,-18.204032709162394,-15.004500775202315
3865.2099609375,-15.914472702864082,-18.68411783023587,-17.424924771489657,-18.295087069639475,-15.072471750750946
3875.9765625,-15.964178234154357,-18.70508883532403,-17.527959173580754,-18.38518277981076,-15.1539659794689
3886.7431640625,-16.02100872978938,-18.768177512453423,-17.578785593157832,-18.446685916866716,-15.187540168844569
3897.509765625,-16.07286036282406,-18.777013435404037,-17.66356356470147,-18.510974365001964,-15.249983678928423
3908.2763671875,-16.126636065755143,-18.837902245644337,-17.686984788761585,-18.57905975502993,-15.290101134656833
3919.04296875,-16.13579051836491,-18.859978208555546,-17.7621348581251,-18.67677253166575,-15.357065268276358
3929.8095703125,-16.189382850904508,-18.92979627611944,-17.826761763642544,-18.769244993418614,-15.404231202614513
3940.576171875,-16.25918143506682,-18.96770728471422,-17.94510127863712,-18.868876921188864,-15.489780010098489
3951.3427734375,-16.326534971417544,-19.026366732648917,-17.9846380979184,-18.960707658995197,-15.540493655599454
3962.109375,-16.407535873908262,-19.07853083332004,-18.063924145101485,-19.05356335325498,-15.6480313081453
3972.8759765625,-16.461307780201142,-19.153545523502387,-18.101778745030764,-19.122187482914725,-15.698169825882957
3983.642578125,-16.532659854842045,-19.197743409655565,-18.191004926568468,-19.218788654086126,-15.814524341758178
3994.4091796875,-16.59205915383005,-19.2735610682829,-18.237288378645136,-19.320606903333427,-15.875763532319828
4005.17578125,-16.655881454514937,-19.30275700431594,-18.295139280468213,-19.4255287578209,-15.972263050598142
4015.9423828125,-16.751146745333756,-19.38000591698347,-18.355833988964328,-19.54217787580812,-16.04378008194036
4026.708984375,-16.808240235231,-19.435575457746754,-18.40922673305598,-19.640562661674036,-16.131275541966666
4037.4755859375,-16.872978169327904,-19.48841724671398,-18.465843481058748,-19.68040750093646,-16.209028083799556
4048.2421875,-16.93310936103482,-19.53214865724901,-18.544703753366562,-19.79328745807889,-16.320277712530544
4059.0087890625,-16.988318561689503,-19.574628128159205,-18.636014944541746,-19.833726173748598,-16.369693524462356
4069.775390625,-17.068019102803735,-19.640108461537586,-18.69225504514998,-19.935980383853767,-16.459896357561075
4080.5419921875,-17.121329253778065,-19.676408569674997,-18.759919435530442,-20.040508161835575,-16.53261841901554
4091.30859375,-17.22514988278799,-19.76299163210405,-18.826077721723912,-20.123217583599786,-16.62817020278951
4102.0751953125,-17.292042899663784,-19.833010213574642,-18.938438469418518,-20.19967264268804,-16.706882412274652
4112.841796875,-17.351212004224603,-19.879173929654918,-19.02615600913202,-20.269492583629187,-16.790140416556913
4123.6083984375,-17.403624990774173,-19.930797201047188,-19.09602899280512,-20.316615919780624,-16.872598852039975
4134.375,-17.455888456981505,-20.003920043545325,-19.14606013889664,-20.418658306486442,-16.96147021734932
4145.1416015625,-17.511851823782226,-20.072468973921083,-19.221983969919,-20.468092836021942,-17.022679203425394
4155.908203125,-17.577265682897114,-20.160694736656644,-19.270759506948487,-20.581743996826024,-17.10883470803529
4166.6748046875,-17.647480426064874,-20.19674021294009,-19.354919285877518,-20.666928157350885,-17.20443783109856
4177.44140625,-17.726270245244713,-20.270669243364125,-19.43386605219644,-20.72821214864572,-17.2899165975647
4188.2080078125,-17.779954939079403,-20.320588490950744,-19.53418527469115,-20.823637374450353,-17.384787818734686
4198.974609375,-17.84614268378272,-20.408379753671802,-19.59980005831968,-20.9195112744474,-17.468021199107927
4209.7412109375,-17.90701989625041,-20.481077290583126,-19.70619865385304,-21.01575901336864,-17.594359140606826
4220.5078125,-18.014866660396027,-20.540641833694647,-19.82721483833933,-21.173923433464065,-17.705812209770148
4231.2744140625,-18.091733221758876,-20.592189243882387,-19.92218924206891,-21.261650032686724,-17.833615635343865
4242.041015625,-18.196688062474113,-20.653253482161404,-20.038162775166086,-21.401717414040167,-17.95848320936739
4252.8076171875,-18.293655951128624,-20.71197857329009,-20.13203820936662,-21.500330094582388,-18.05740094177515
4263.57421875,-18.3390681260658,-20.797007043772137,-20.223922949716666,-21.614085269616115,-18.164242096402276
4274.3408203125,-18.397918672223444,-20.848557994067512,-20.297148652268167,-21.72941310423125,-18.27725084548954
4285.107421875,-18.443266138451246,-20.878217937428786,-20.365217065299127,-21.802485364447012,-18.39519970449277
4295.8740234375,-18.486183116493912,-20.898770674722385,-20.444953305828932,-21.88035907533651,-18.517934833157593
4306.640625,-18.58118265753563,-20.956507727158126,-20.53083888097984,-21.936985667696405,-18.59736246057555
4317.4072265625,-18.64055633415071,-21.01194131558417,-20.580636156728385,-22.030255627400262,-18.712933002029548
4328.173828125,-18.709448484117523,-21.068762009108113,-20.639809715044905,-22.10836202775801,-18.783516416974685
4338.9404296875,-18.743939491260733,-21.145911352604674,-20.698382086883726,-22.19692003916265,-18.872332460749465
4349.70703125,-18.7787423106591,-21.226533855399058,-20.77296659383995,-22.25827708784418,-18.978666495713664
4360.4736328125,-18.859590709015183,-21.295270733374554,-20.83467866243928,-22.347913505705158,-19.07112819104585
4371.240234375,-18.948935841158413,-21.391619476610945,-20.924025318037483,-22.421975536309034,-19.174284341134296
4382.0068359375,-19.027563466663473,-21.45238520347783,-21.00451410451056,-22.523443075754496,-19.24144468345646
4392.7734375,-19.143932153776813,-21.54204373641971,-21.067290156753756,-22.615209640197556,-19.368709641851947
4403.5400390625,-19.184998377741138,-21.585820533937703,-21.08892485230873,-22.740876399956438,-19.476500416021
4414.306640625,-19.227834587860084,-21.659707269116154,-21.15942372367241,-22.8222108477874,-19.585476219775472
4425.0732421875,-19.278133158875423,-21.749917924082048,-21.244484723638685,-22.933906328125637,-19.704726420827836
4435.83984375,-19.359713901279136,-21.812633326309555,-21.305741678716164,-23.02798419766854,-19.828635041076097
4446.6064453125,-19.43182744741008,-21.880054880208018,-21.413290166473445,-23.14959939256933,-19.954941875088153
4457.373046875,-19.487750731753575,-21.933688215695078,-21.502384043659664,-23.236914963099373,-20.064549629350207
4468.1396484375,-19.542650853496813,-21.99320750402947,-21.59086679365569,-23.345242413059164,-20.206591840363405
4478.90625,-19.611290571692773,-22.0723365262102,-21.684192741926445,-23.44540201902304,-20.336401668501654
4489.6728515625,-19.62697024066512,-22.142408256014427,-21.754945625379037,-23.55327274178225,-20.412937455875113
4500.439453125,-19.68130333904659,-22.23248224336484,-21.83989767649748,-23.60968292328731,-20.51954115907402
4511.2060546875,-19.73067509516106,-22.31729324860322,-21.89729905588545,-23.67290423025919,-20.60362372025922
4521.97265625,-19.806238258033734,-22.35127496263323,-21.956466574379682,-23.728044468300293,-20.715138820832284
4532.7392578125,-19.872768158757168,-22.405843642721173,-22.047126042185305,-23.801875159583705,-20.799166908794533
4543.505859375,-19.905663283549192,-22.44579624973266,-22.097968997326397,-23.872951123340687,-20.89144781285701
4554.2724609375,-19.971408406625972,-22.498015218243516,-22.169813283892005,-23.942039393902306,-20.971054371223502
4565.0390625,-20.008439405491448,-22.562402681211438,-22.206947907627022,-24.01531381239427,-21.040691251770347
4575.8056640625,-20.025807440980046,-22.623880865177124,-22.244569041893257,-24.036832433923735,-21.132994505937972
4586.572265625,-20.09716814497292,-22.704552582174188,-22.300814732722948,-24.11528379480418,-21.22699451311551
4597.3388671875,-20.136520953791536,-22.76337763134558,-22.386463927403753,-24.182000782131556,-21.32113441547668
4608.10546875,-20.186618463335048,-22.828496324866627,-22.455702866422975,-24.2506557636856,-21.429552535500047
4618.8720703125,-20.24439486356561,-22.91589216122065,-22.530668872346283,-24.328233401726195,-21.538616434471976
4629.638671875,-20.24605461792952,-22.98078843777441,-22.557775843438705,-24.37006547621861,-21.64793256896366
4640.4052734375,-20.32337510641072,-23.03204771978863,-22.607739662431214,-24.453248814169232,-21.75560510423682
4651.171875,-20.384424796053192,-23.11200828849673,-22.632761794038913,-24.534439407609284,-21.90763421631735
4661.9384765625,-20.435481352109583,-23.173319668785545,-22.697814752823426,-24.603653100179205,-22.00824261024965
4672.705078125,-20.52630526687655,-23.25562645456947,-22.791452667140664,-24.71227549980288,-22.129676867372034
4683.4716796875,-20.56435365958222,-23.276859939357546,-22.84941168822895,-24.77814980378241,-22.25185768355717
4694.23828125,-20.62871236253324,-23.325284075792048,-22.88093234250692,-24.86473253465451,-22.35377416403469
4705.0048828125,-20.713397565291938,-23.354207233284416,-22.977108373112006,-24.951679075098813,-22.455034674251046
4715.771484375,-20.731787074436046,-23.401499463890243,-23.041334835219445,-25.049583741213933,-22.537334256288617
4726.5380859375,-20.81752560640833,-23.458572901921336,-23.14648534102055,-25.12142333697468,-22.64772136378798
4737.3046875,-20.849374541563,-23.553384404480422,-23.22209318175048,-25.183362568543274,-22.72593362214295
4748.0712890625,-20.89958442710212,-23.615347613954984,-23.3202839118196,-25.24207227029204,-22.814111824077496
4758.837890625,-20.98103347769909,-23.66637176873157,-23.386289178484805,-25.285104553220705,-22.899770440645984
4769.6044921875,-21.014951573280385,-23.697514361664467,-23.419464553502273,-25.351060075354614,-22.996121005636468
4780.37109375,-21.079244039510115,-23.765351772814974,-23.461103711102997,-25.407805781958285,-23.098189189491737
4791.1376953125,-21.119429999050745,-23.83831860135544,-23.553061352460773,-25.433369089425177,-23.196990874856166
4801.904296875,-21.153593006973363,-23.884410602154087,-23.57186443413685,-25.4578088913434,-23.28338905568665
4812.6708984375,-21.211186427802346,-23.922045357009537,-23.641458158127314,-25.468022717512543,-23.328051062872586
4823.4375,-21.239149812473944,-23.953100808252888,-23.639901052542903,-25.510410169554806,-23.39346358833695
4834.2041015625,-21.272173112502966,-23.97582422072661,-23.712123789332004,-25.535841424250766,-23.464763592149087
4844.970703125,-21.32746838912914,-24.008146857863995,-23.73387151209775,-25.557783212611998,-23.50365257410611
4855.7373046875,-21.340297867174087,-24.057995960508777,-23.751142933005756,-25.612434069418022,-23.577831115564322
4866.50390625,-21.37510546930436,-24.087190472410192,-23.806956114178472,-25.63091628665859,-23.61934667585948
4877.2705078125,-21.383755448028477,-24.13284079951428,-23.8578314710105,-25.676741479331255,-23.713423243643902
4888.037109375,-21.429412871937814,-24.173437503636016,-23.898921324692587,-25.74353460143143,-23.7677319205975
4898.8037109375,-21.48043503793907,-24.234312557868574,-23.92575292258034,-25.787173639398848,-23.858023998071516
4909.5703125,-21.556333501490105,-24.311411351734183,-23.965621647016814,-25.860727455715324,-23.931297086431186
4920.3369140625,-21.614000383920846,-24.354876925713764,-24.021789369638824,-25.92605722629858,-24.025748313238505
4931.103515625,-21.690411475388213,-24.404723405625315,-24.01453189714625,-25.973515859577173,-24.104652878442547
4941.8701171875,-21.680901672222884,-24.458569282215834,-24.04531451825746,-26.053108888271368,-24.18528865873083
4952.63671875,-21.709822465225418,-24.49780142727095,-24.102041462837374,-26.10224593333206,-24.275550733583795
4963.4033203125,-21.753492238857522,-24.56499238090344,-24.1288163439407,-26.165124217911142,-24.355531167108875
4974.169921875,-21.840322497641434,-24.59359109019474,-24.19667478161439,-26.22518876159512,-24.378775893349975
4984.9365234375,-21.879408975950728,-24.63593664409999,-24.220146409757014,-26.274128559602428,-24.46563995715155
4995.703125,-21.902096755975357,-24.66699327492698,-24.276613047086812,-26.347268316631325,-24.54045611637306
5006.4697265625,-21.906562768475187,-24.683636594473466,-24.283085981436447,-26.396710020147356,-24.632518902359298
5017.236328125,-21.91940638704942,-24.737552168018823,-24.32514265374426,-26.428169120501682,-24.690634370145638
5028.0029296875,-21.933173265859043,-24.734469304801202,-24.366526238160503,-26.469202892939887,-24.758624121215096
5038.76953125,-21.996105956105797,-24.77997691131724,-24.407957605437844,-26.508374838337073,-24.85224225988745
5049.5361328125,-22.047786992842166,-24.7994551226044,-24.44132820155083,-26.534346680271987,-24.906221431681452
5060.302734375,-22.076266999092322,-24.849143541392934,-24.478879860112333,-26.569093672008,-24.96959548519089
5071.0693359375,-22.09526064350641,-24.867984619408542,-24.500265111926154,-26.562017781784185,-25.032259100016596
5081.8359375,-22.122024474197133,-24.899348023811807,-24.520927667512062,-26.580710971088646,-25.072755711871288
5092.6025390625,-22.140324717731847,-24.911095648970434,-24.586518253309126,-26.572853994483932,-25.12731356224855
5103.369140625,-22.169687650834558,-24.941980819194594,-24.604854988840316,-26.619547668559196,-25.194012933115037
5114.1357421875,-22.201948711877133,-24.965261047038577,-24.668642747980133,-26.646427807298746,-25.234450730456768
5124.90234375,-22.24189040765679,-25.04122366476173,-24.676058613256302,-26.682218340712293,-25.293248676304035
5135.6689453125,-22.2730964662796,-25.065955677029017,-24.749025728201065,-26.673689681868062,-25.337535130733396
5146.435546875,-22.285557801400255,-25.109903713219914,-24.77281896152266,-26.72098018061344,-25.369600174036417
5157.2021484375,-22.298724259828948,-25.11847900823792,-24.810287405599237,-26.75441031905622,-25.427352628028103
5167.96875,-22.342916588996562,-25.17305065144141,-24.847696556292867,-26.80083880436001,-25.47511493362273
5178.7353515625,-22.382947556287018,-25.20740878668436,-24.869115136588945,-26.85739036256005,-25.549669711240302
5189.501953125,-22.422412960523374,-25.272248244554984,-24.891119588994627,-26.89792503243214,-25.568488311454768
5200.2685546875,-22.456458553375487,-25.30573024818206,-24.938690890913385,-26.90530551371479,-25.5975036431204
5211.03515625,-22.53288995500305,-25.341241476346003,-24.963673406900085,-26.971548250137218,-25.67069190154913
5221.8017578125,-22.542554725776778,-25.360042775329518,-25.035642457407786,-27.017641347031073,-25.741925307848934
5232.568359375,-22.59361325818783,-25.377186148149104,-25.04851442194714,-27.07420043010049,-25.776821924331617
5243.3349609375,-22.646682219556453,-25.393447726268654,-25.10786015604128,-27.096034574597628,-25.867252445222785
5254.1015625,-22.687658681569452,-25.45597000357505,-25.116830919903542,-27.107153062532472,-25.89110317270065
5264.8681640625,-22.703028176898943,-25.490293282779962,-25.176591485447986,-27.138906003114435,-25.95982980843042
5275.634765625,-22.702440892832346,-25.50761206550999,-25.231924846989067,-27.13558110193559,-25.986061014273417
5286.4013671875,-22.740893947782773,-25.52747506876893,-25.235131738037566,-27.19407792626924,-26.027051735655224
5297.16796875,-22.767360927023645,-25.55710548799381,-25.280829562083213,-27.211535019308403,-26.073251720568983
5307.9345703125,-22.78015106200555,-25.593330642375044,-25.315642428408545,-27.231700741587673,-26.10570451695129
5318.701171875,-22.823978937758437,-25.619723106447818,-25.354187956180184,-27.249192585598397,-26.13451450503318
5329.4677734375,-22.822355896620483,-25.66963016435344,-25.381703596360623,-27.27349501469295,-26.15891216946496
5340.234375,-22.843435918406307,-25.692012509168816,-25.416892158006974,-27.31398053637003,-26.15684826517385
5351.0009765625,-22.91509698145923,-25.686603875753864,-25.48025542770578,-27.380703188469855,-26.196128800366427
5361.767578125,-22.94090518884178,-25.72926683432113,-25.479820286059862,-27.439585135939872,-26.233524771276095
5372.5341796875,-23.019009688410428,-25.762125888820247,-25.526993317394954,-27.482108037491955,-26.262240803578738
5383.30078125,-23.057054265627258,-25.792903818936463,-25.56212681716972,-27.497477793418398,-26.318595336347773
5394.0673828125,-23.113224190631374,-25.811142968236005,-25.600706389976462,-27.531765215656055,-26.358547455421004
5404.833984375,-23.129730936096365,-25.826275857039374,-25.62197086757979,-27.54244160676174,-26.382879942598375
5415.6005859375,-23.169833564116775,-25.858004222803928,-25.650943002737815,-27.566160777277215,-26.408693551463635
5426.3671875,-23.206787865807218,-25.859765394869076,-25.683452007100506,-27.5981006684194,-26.477840797667323
5437.1337890625,-23.23889453703656,-25.91823962882437,-25.68661896421295,-27.63188157640599,-26.511307710307104
5447.900390625,-23.260024581811397,-25.963786154942152,-25.68567654092725,-27.653940469232303,-26.54928928026675
5458.6669921875,-23.294667302400352,-25.968318546065507,-25.7292048997099,-27.680459705271932,-26.575892334276748
5469.43359375,-23.306525821465872,-26.01346143306863,-25.749943485190748,-27.74666146931845,-26.63562055725216
5480.2001953125,-23.328386169117774,-26.035396762449786,-25.813740452451146,-27.77668083168549,-26.666421000975042
5490.966796875,-23.35195396528616,-26.08653175729032,-25.863138111550562,-27.811921875601904,-26.723131943072655
5501.7333984375,-23.41096784927884,-26.107721723423904,-25.905058297572378,-27.852055630512865,-26.769702772061176
5512.5,-23.439981609030834,-26.162087141066888,-25.95639946664781,-27.883267400812738,-26.82170903900842
5523.2666015625,-23.531841547897233,-26.18871780301708,-26.005112774909257,-27.934062800511573,-26.831598961405415
5534.033203125,-23.558989596773714,-26.224856818771883,-26.04835007641963,-27.960152619432026,-26.898401765977216
5544.7998046875,-23.587818583616748,-26.24052842755087,-26.142878278224675,-27.99948603054018,-26.92745869491324
5555.56640625,-23.610478322523335,-26.271175247025376,-26.198925701494307,-28.030459946669634,-26.956375359472833
5566.3330078125,-23.65731951494508,-26.2819332499092,-26.26708346558157,-28.03207076965488,-26.96020476483729
5577.099609375,-23.692787529910895,-26.345017107881716,-26.305830999350984,-28.054191185957638,-27.013898919219695
5587.8662109375,-23.75117190567322,-26.35283811626757,-26.349604921527703,-28.09414459470728,-27.0522237243071
5598.6328125,-23.78053933069287,-26.42197602691747,-26.37431715765095,-28.134789600545208,-27.065980315338813
5609.3994140625,-23.838004190555477,-26.438608334684343,-26.40636471368769,-28.173681677379143,-27.134628830906536
5620.166015625,-23.82592384800257,-26.50381147210095,-26.448003932272485,-28.19257835592038,-27.18922116671805
5630.9326171875,-23.871264360660632,-26.50466207883518,-26.51234970895102,-28.21840809222712,-27.22966898022729
5641.69921875,-23.89347273710164,-26.57310213671872,-26.560561364846137,-28.226547715442255,-27.290544609142163
5652.4658203125,-23.931793048546883,-26.61229547031378,-26.59628291534633,-28.23858621334097,-27.343755556770905
5663.232421875,-23.988040939909308,-26.65174634492368,-26.63163504937225,-28.2680014928388,-27.41500424397899
5673.9990234375,-24.04835399852471,-26.66153920877627,-26.67346203485862,-28.332201102043246,-27.4301979832798
5684.765625,-24.085525881785298,-26.71442944958598,-26.732656267698562,-28.362388626396573,-27.479037350648426
5695.5322265625,-24.135821063877017,-26.72297812877097,-26.792753446292934,-28.392258769270956,-27.572706947924324
5706.298828125,-24.181536851563084,-26.76262512923808,-26.85415392761987,-28.400549745353434,-27.570827826098228
5717.0654296875,-24.23749287882044,-26.816257454298697,-26.901938797394294,-28.456269703811024,-27.611714064119017
5727.83203125,-24.272639336681333,-26.881810466211345,-26.946582281766585,-28.480867070812568,-27.637597787899956
5738.5986328125,-24.354180985527453,-26.905541818788276,-26.954686461735136,-28.54940176351297,-27.69424351397699
5749.365234375,-24.4491733322694,-26.94777115368988,-27.000955522837653,-28.628492954375965,-27.70309625670928
5760.1318359375,-24.485637901290882,-27.00227216622114,-27.03659990485587,-28.67501007049211,-27.728092659966332
5770.8984375,-24.52396774073804,-27.043266041768092,-27.100688867978906,-28.71320813894998,-27.788072835454457
5781.6650390625,-24.571035497460375,-27.097058989413906,-27.132000674897814,-28.734236922677063,-27.806630017456666
5792.431640625,-24.639644976362327,-27.173150331841548,-27.195852777100388,-28.78885980167909,-27.82855450903183
5803.1982421875,-24.695082040057986,-27.20978307332333,-27.239369867879475,-28.83768640655169,-27.86268691770213
5813.96484375,-24.76923523874856,-27.223762688165753,-27.29353782231034,-28.884315839368725,-27.89147615855365
5824.7314453125,-24.83807716749453,-27.24259285033871,-27.380609234719632,-28.948792031868106,-27.929514720649355
5835.498046875,-24.864526542073715,-27.295612773858434,-27.46655465609307,-28.96098012914604,-27.943167261286813
5846.2646484375,-24.893179744448634,-27.320014436497388,-27.566503343779132,-28.953354997139563,-28.01403471162365
5857.03125,-24.935347594270798,-27.35657535899704,-27.642648836775294,-28.992149579019998,-28.056188175821834
5867.7978515625,-25.003056771924804,-27.39429137819558,-27.709153844179237,-29.008818662574267,-28.111597461735506
5878.564453125,-25.0584785052943,-27.43327412407227,-27.76397166061479,-29.08778014890655,-28.15666830381462
5889.3310546875,-25.098898903681565,-27.439433725584898,-27.83183683330722,-29.08622065453304,-28.180959443479825
5900.09765625,-25.157711065562655,-27.507144180455896,-27.92291775837729,-29.148885286484973,-28.21101730823167
5910.8642578125,-25.185847705476988,-27.562670482671887,-27.973905712192625,-29.186519819638292,-28.226108335475207
5921.630859375,-25.251216780710134,-27.64256762020495,-28.032798329302345,-29.19610953138342,-28.26718699701708
5932.3974609375,-25.312797235872353,-27.677036055016345,-28.06292012802792,-29.262461746804394,-28.335645620381445
5943.1640625,-25.37952324580118,-27.75770723181994,-28.10015588928332,-29.297693718564243,-28.36926340341292
5953.9306640625,-25.43294304784583,-27.789494874334743,-28.15818065829722,-29.32646705832201,-28.41164661746181
5964.697265625,-25.454868904231304,-27.866935347974827,-28.226791624690485,-29.385935749234886,-28.437658960024045
5975.4638671875,-25.51655915586524,-27.9172859096226,-28.282311924765146,-29.418006665164455,-28.470958908506773
5986.23046875,-25.56681318366026,-27.985359189594874,-28.34218275395953,-29.493234366310293,-28.50702169447256
5996.9970703125,-25.618925930921392,-27.99873482307977,-28.376422241859665,-29.515232853039095,-28.527494989485536
6007.763671875,-25.65773759493579,-28.043196617209773,-28.466861051370124,-29.52548722800419,-28.56593192208633
6018.5302734375,-25.688656275184936,-28.0854847833889,-28.487280436398965,-29.59884026605687,-28.60078275045203
6029.296875,-25.75653588047267,-28.124302583134437,-28.58546985847921,-29.59887588480411,-28.60166519791512
6040.0634765625,-25.774904598713956,-28.181156547387456,-28.65495299490808,-29.687553671104293,-28.629988391775104
6050.830078125,-25.859977441941933,-28.25076292677359,-28.720348194840135,-29.71855285945855,-28.668556577779764
6061.5966796875,-25.937875687630154,-28.28983478262784,-28.793595055855885,-29.75658442634309,-28.679589064044794
6072.36328125,-25.993028244330425,-28.34753481135856,-28.87112252443546,-29.79636348716287,-28.708110656513657
6083.1298828125,-26.03754521978539,-28.408701065340683,-28.939214950454776,-29.849473395412872,-28.726130319337766
6093.896484375,-26.088664588204626,-28.485215861524892,-29.005225390318884,-29.923548931231164,-28.79938802714576
6104.6630859375,-26.140134143365508,-28.548323165594915,-29.092362312908243,-29.981737104804328,-28.86432068785807
6115.4296875,-26.21309292807311,-28.591876116371896,-29.199241093843156,-30.02458619967507,-28.93140670246017
6126.1962890625,-26.245246506110167,-28.678701293001264,-29.243733022882086,-30.097871578338772,-28.981523307922945
6136.962890625,-26.337379701277612,-28.724218126629594,-29.305152396563543,-30.122444121110366,-29.065782029424724
6147.7294921875,-26.40285344341574,-28.796684771703557,-29.399767854392067,-30.19300289115985,-29.13561920165918
6158.49609375,-26.454726386831304,-28.848805193737128,-29.469573709002816,-30.268027513558593,-29.204901746327508
6169.2626953125,-26.508626695137,-28.896608942475755,-29.522302275394694,-30.31210744801879,-29.24342559576822
6180.029296875,-26.533856282479867,-28.945878978534378,-29.609764229379092,-30.34591475352432,-29.303901282163924
6190.7958984375,-26.586899854081278,-28.989668851063676,-29.690864218027016,-30.405784131881212,-29.33436934345715
6201.5625,-26.677852978432252,-29.003932736770118,-29.736992196030286,-30.459276378732582,-29.37212327872025
6212.3291015625,-26.782984016072113,-29.071355309869123,-29.803686335613243,-30.51794255912814,-29.402708392092126
6223.095703125,-26.85175956820594,-29.094855313151797,-29.882353654744456,-30.57680387353075,-29.45840788498759
6233.8623046875,-26.88239386921068,-29.17628861646815,-29.956837068160944,-30.632645709185663,-29.45729094605206
6244.62890625,-26.924563508423244,-29.22154422775907,-30.00827891704195,-30.708440269512202,-29.47032828681597
6255.3955078125,-26.971833017517618,-29.305445859195718,-30.082952014178836,-30.76370831662163,-29.484888914508264
6266.162109375,-27.01549164327329,-29.373301914614025,-30.161256552460078,-30.81730447779724,-29.535303732242607
6276.9287109375,-27.105745429248007,-29.434215688718254,-30.2221189148028,-30.878457632909832,-29.57570597533547
6287.6953125,-27.142363729375727,-29.52951130996848,-30.286831514630116,-30.913980559869795,-29.60832947583784
6298.4619140625,-27.17507335698025,-29.607412848083523,-30.34653910536185,-30.971468214038662,-29.653078247351093
6309.228515625,-27.149156996559114,-29.69053186432055,-30.436198993860984,-31.025500297692876,-29.6931244656632
6319.9951171875,-27.20231700557804,-29.766893462328124,-30.530502222201065,-31.068903903115288,-29.730325711075427
6330.76171875,-27.247884361880285,-29.844173016404937,-30.602223494177338,-31.16099405140003,-29.774288734211613
6341.5283203125,-27.28913392822106,-29.88207374120231,-30.65067897084175,-31.196454951306258,-29.797775202442818
6352.294921875,-27.336476321439097,-29.926448938858496,-30.681509785048675,-31.248266432621772,-29.84823212246117
6363.0615234375,-27.378683267893617,-29.995063601448862,-30.754024157439567,-31.313993348453177,-29.889403348446088
6373.828125,-27.432338051088863,-30.086717325123587,-30.8131415850277,-31.368868438906215,-29.932973522726954
6384.5947265625,-27.462830081987555,-30.140136679147176,-30.877291856441484,-31.43721823938456,-29.989774243483918
6395.361328125,-27.531273125366763,-30.24728576212219,-30.965274234010213,-31.491022159609773,-30.057555755846067
6406.1279296875,-27.610552683013747,-30.27602122566036,-31.001174733076347,-31.536181922077528,-30.06795064183117
6416.89453125,-27.672914679927715,-30.334066066861205,-31.075163944995502,-31.614335936610722,-30.126757203513616
6427.6611328125,-27.751045488610803,-30.368580558426114,-31.145456868001194,-31.62019747933734,-30.127222654120775
6438.427734375,-27.810087838753955,-30.44413762288809,-31.236235321898786,-31.68383022227758,-30.19971438995477
6449.1943359375,-27.89594356810342,-30.49841123172319,-31.34188463652917,-31.724391690325493,-30.222131062401093
6459.9609375,-27.967741670972597,-30.54546193354303,-31.431225742250952,-31.76972140305743,-30.282198783487917
6470.7275390625,-28.051455116611404,-30.59070863158347,-31.53831417257237,-31.823347151884978,-30.327430314122427
6481.494140625,-28.16780330815506,-30.64935930255523,-31.64237308977694,-31.864399722740753,-30.392902274943655
6492.2607421875,-28.243332570920288,-30.673651592982097,-31.710617640890852,-31.909204638522287,-30.38904638808325
6503.02734375,-28.289613683792112,-30.755515981771346,-31.79412204555812,-31.95629111112886,-30.437414137609203
6513.7939453125,-28.372469120153692,-30.818003767173373,-31.848067523530055,-31.98550482696476,-30.45460739906796
6524.560546875,-28.41084170541371,-30.873906313196215,-31.922845033873408,-32.046195405544275,-30.52880607030122
6535.3271484375,-28.462547367099152,-30.955964623241933,-31.997539338500857,-32.119665879807286,-30.545883583604997
6546.09375,-28.492883200558428,-31.01916369951691,-32.05216424371277,-32.16708898305855,-30.613165007383817
6556.8603515625,-28.520723488682407,-31.068044162673687,-32.088625700451225,-32.22473283712701,-30.666858990605725
6567.626953125,-28.531914448397245,-31.110942598374102,-32.14114064999694,-32.27654064834816,-30.70334941711571
6578.3935546875,-28.532225303023303,-31.15955820960246,-32.1771215619781,-32.32844854426598,-30.725311212056763
6589.16015625,-28.53472331070728,-31.23231112605285,-32.23963740141279,-32.38436532902113,-30.76430021266788
6599.9267578125,-28.589629444558494,-31.279251433688643,-32.27396794356431,-32.43754838065294,-30.799428351882277
6610.693359375,-28.586920068963817,-31.318663010582632,-32.309992313987436,-32.494948131701804,-30.831867445073225
6621.4599609375,-28.606191081406262,-31.35378805389257,-32.36126045823195,-32.54048170839407,-30.881185856743702
6632.2265625,-28.62532692043014,-31.407038396546852,-32.38364211068223,-32.5563653374725,-30.937172825151833
6642.9931640625,-28.695450236546687,-31.467658443679394,-32.41451951120309,-32.584434158959,-30.990420566151453
6653.759765625,-28.747594263307633,-31.555651402886248,-32.47727058157545,-32.62195556189353,-31.003515018603082
6664.5263671875,-28.8018677684421,-31.604739696621806,-32.515431504459855,-32.67671517911575,-31.034428699695116
6675.29296875,-28.85834870475623,-31.65028825764677,-32.57184126695104,-32.731728340759,-31.069701130483786
6686.0595703125,-28.90565307003853,-31.71073097928003,-32.651048497092134,-32.76368913122349,-31.087277522357827
6696.826171875,-28.926099574994456,-31.76082515041471,-32.73388593982227,-32.82327710505643,-31.151980528233267
6707.5927734375,-28.96545198788691,-31.84073434874675,-32.79468760139897,-32.87128470289905,-31.189962775875482
6718.359375,-29.017645165761298,-31.886532967206293,-32.846691483195876,-32.92250235792007,-31.19449943738989
6729.1259765625,-29.075524196976414,-31.921041273168946,-32.91917983336288,-32.95613011977157,-31.229620184090518
6739.892578125,-29.070591791863137,-31.952955873778016,-33.01158898269131,-33.02010037713922,-31.258245715990714
6750.6591796875,-29.0888947396548,-31.997315155148137,-33.1028444752896,-33.05771192330218,-31.283490859694865
6761.42578125,-29.117620756011558,-32.0594611524792,-33.16033641849788,-33.11423976695343,-31.336551728954007
6772.1923828125,-29.13715045835063,-32.13355603199796,-33.21317777057543,-33.161000515996726,-31.344458945276447
6782.958984375,-29.224813059502637,-32.21194719640611,-33.247913766717666,-33.23484633395569,-31.41443794330899
6793.7255859375,-29.278919194797002,-32.28529732213813,-33.31721210135655,-33.30301371275084,-31.44527972403472
6804.4921875,-29.362919499943427,-32.34244654584703,-33.396915578802556,-33.36793929203632,-31.474882077171834
6815.2587890625,-29.419964460977905,-32.4263006685463,-33.49425858356806,-33.44676935343275,-31.542296739651732
6826.025390625,-29.49212368565582,-32.534081216814066,-33.57586231415428,-33.518449906890375,-31.553112884173327
6836.7919921875,-29.57325624302912,-32.599923670755,-33.615850359776694,-33.57208132838622,-31.59303906577063
6847.55859375,-29.634637119066607,-32.66677528883068,-33.65965803770532,-33.642837069803896,-31.62832931470815
6858.3251953125,-29.711510289862396,-32.71943321396242,-33.7053325856419,-33.70915221371057,-31.66309296052438
6869.091796875,-29.797605140705347,-32.778340363987745,-33.773341665978705,-33.76625392220557,-31.730019987600492
6879.8583984375,-29.79116456765018,-32.816262941817264,-33.865911261522506,-33.80307798788614,-31.78100859596029
6890.625,-29.834806368870904,-32.8702560031349,-33.912117323436846,-33.82655428323279,-31.809047536378085
6901.3916015625,-29.851857822679797,-32.911974001568375,-33.99999762604153,-33.869703733287125,-31.870176053982387
6912.158203125,-29.87456689403203,-32.96138658347869,-34.022043608192284,-33.87989633189792,-31.89335770454166
6922.9248046875,-29.886861987224027,-32.97066152279687,-34.04176353145924,-33.92137105398544,-31.93994795836463
6933.69140625,-29.924182310887307,-33.01069794253094,-34.0722970813428,-33.95470856920222,-31.949930351021298
6944.4580078125,-29.938860488600586,-33.05865183783732,-34.142657315974034,-34.02637650534364,-31.95085939005487
6955.224609375,-29.950302719040234,-33.086362914244845,-34.19154005531145,-34.050149757164114,-31.969819645423012
6965.9912109375,-29.983270794406284,-33.13029802270879,-34.23567275963923,-34.07793405830555,-32.01038631905846
6976.7578125,-30.00203363469412,-33.15291238713336,-34.26692529677413,-34.108535841581336,-32.00126678255787
6987.5244140625,-30.050136932559106,-33.191883585227686,-34.28978698828906,-34.15018308206498,-32.041225158190194
6998.291015625,-30.056038233539677,-33.220192738379744,-34.2763185508498,-34.15817070859366,-32.084008091784405
7009.0576171875,-30.108093286814455,-33.2567872202246,-34.29786635658567,-34.22638167507134,-32.12955470552508
7019.82421875,-30.120209425396144,-33.289432689864505,-34.35488943106463,-34.27730373225431,-32.186736313569284
7030.5908203125,-30.127543846939187,-33.37129111015756,-34.39462699556461,-34.34905176952067,-32.193047612120665
7041.357421875,-30.19466656465162,-33.40475738753747,-34.42411239833108,-34.3301569623838,-32.24033892444466
7052.1240234375,-30.214605909179568,-33.480944515210744,-34.474033556999814,-34.35772606629848,-32.261572029059586
7062.890625,-30.26674783592259,-33.51719189506952,-34.493445323292256,-34.38711513668443,-32.274737046403
7073.6572265625,-30.30919660270214,-33.56143987816617,-34.482219631597516,-34.455901386777434,-32.28519944726338
7084.423828125,-30.307771421272804,-33.61116382911194,-34.497174261308146,-34.496318051000316,-32.30537974400589
7095.1904296875,-30.329120951097483,-33.67184689899506,-34.529429568698035,-34.562699816183326,-32.298895265904584
7105.95703125,-30.37975570616773,-33.71627909215768,-34.58659627125702,-34.5789220866716,-32.28191027412645
7116.7236328125,-30.422876619236877,-33.772690579199526,-34.611794074140114,-34.58526837979914,-32.31020835489383
7127.490234375,-30.45119477361581,-33.802188177856486,-34.67664276694867,-34.63301872654,-32.387364582667026
7138.2568359375,-30.50725188471887,-33.84849812917327,-34.70609968477689,-34.68973532250657,-32.42625908099228
7149.0234375,-30.552609439414976,-33.894298632549265,-34.71814470921605,-34.75921262930196,-32.4724271350185
7159.7900390625,-30.582578877057802,-33.935257397544405,-34.77393027338193,-34.804245678997766,-32.49273951775271
7170.556640625,-30.633297800831013,-33.992200310882616,-34.8088698348257,-34.85677383669573,-32.56484447091957
7181.3232421875,-30.672063941318942,-34.03121537612015,-34.90007625280839,-34.87877205654353,-32.5835471591943
7192.08984375,-30.739203051562615,-34.09686122661418,-34.95462400946937,-34.930034173409794,-32.613993740401526
7202.8564453125,-30.768028174456273,-34.132950332009955,-34.979328200643124,-34.965486072059434,-32.66544925194547
7213.623046875,-30.814314730661057,-34.1744209191866,-35.02436425393752,-35.032445352841535,-32.66329179015516
7224.3896484375,-30.85872246630465,-34.187303220328296,-35.058113453100496,-35.050459205939504,-32.66874715328389
7235.15625,-30.874673147280387,-34.24674885430752,-35.04914160434342,-35.11371852545644,-32.67481211641053
7245.9228515625,-30.90264247918886,-34.269291197581815,-35.09397686613682,-35.12262007338091,-32.683681774668436
7256.689453125,-30.90916908193135,-34.35476577507655,-35.09125560435113,-35.15516145877003,-32.71684682595034
7267.4560546875,-30.95920500883177,-34.36419461923721,-35.15936109447751,-35.16846557159186,-32.67685480704973
7278.22265625,-31.005381432998345,-34.422944501075975,-35.138325630792856,-35.239135790137404,-32.704703569765904
7288.9892578125,-31.042738465823252,-34.4538290740542,-35.152408798530935,-35.28950781179959,-32.71679678217032
7299.755859375,-31.07670698511484,-34.52848826467295,-35.18741231187463,-35.327706860821415,-32.73234581378433
7310.5224609375,-31.065324553204597,-34.56007915616906,-35.23092204207646,-35.3673779897421,-32.724990190763556
7321.2890625,-31.138847159104422,-34.611694406128976,-35.22458152016983,-35.386756929192096,-32.73381784586208
7332.0556640625,-31.11978914838472,-34.629366402975386,-35.309498385680946,-35.406740943858395,-32.76982576484223
7342.822265625,-31.147696168316017,-34.66112929407753,-35.31016682058472,-35.41438575106749,-32.775891300542206
7353.5888671875,-31.146415579792016,-34.641974507956554,-35.340694639917615,-35.467144358313575,-32.73863055598512
7364.35546875,-31.177033637538766,-34.67146239813858,-35.31992982678339,-35.475847865576846,-32.78191723807784
7375.1220703125,-31.187698755712066,-34.679385322765214,-35.3783663843729,-35.540368923953665,-32.76260393002817
7385.888671875,-31.227334808375957,-34.700512525578986,-35.42217588936557,-35.51131159469778,-32.77561474758486
7396.6552734375,-31.228587232037036,-34.72849917322562,-35.43497050405665,-35.57993377041749,-32.768559087272116
7407.421875,-31.282846335261134,-34.77039445729804,-35.41471491822524,-35.5651149620339,-32.79823491179865
7418.1884765625,-31.260014332217928,-34.802719307940635,-35.456745971101704,-35.62434497530124,-32.81224361629953
7428.955078125,-31.320021873355447,-34.85068007540573,-35.448714476448686,-35.632115702501586,-32.82881198415439
7439.7216796875,-31.358103479346713,-34.887424024122026,-35.507709524179326,-35.70793087797189,-32.85319990839472
7450.48828125,-31.395853407745147,-34.895880984335804,-35.52368284228778,-35.70486417128237,-32.91588387729128
7461.2548828125,-31.398960421937456,-34.96264459134867,-35.54864191305686,-35.76166117207805,-32.951429657474485
7472.021484375,-31.429280483711285,-34.99693848950963,-35.560622313336,-35.73670860617661,-32.979662094029564
7482.7880859375,-31.420317122995993,-35.019234641430764,-35.54841960570969,-35.812852692497394,-32.980619603793166
7493.5546875,-31.464604294698916,-35.02398436043836,-35.53901091430939,-35.841119564208874,-33.03159346460132
7504.3212890625,-31.489810577678202,-35.06214392468311,-35.594774464049515,-35.907835608355356,-33.06036440950095
7515.087890625,-31.570830005704426,-35.10140333379094,-35.61218642612567,-35.90021104879369,-33.072987689611836
7525.8544921875,-31.57670182657334,-35.12988656570235,-35.6164247340852,-35.92998823308793,-33.10890498099342
7536.62109375,-31.610866582818847,-35.178660441941425,-35.613573009662936,-35.943555004809056,-33.14977390308753
7547.3876953125,-31.655358299607467,-35.26236286350578,-35.64464611714028,-35.99356037935519,-33.16444886317691
7558.154296875,-31.669165644542293,-35.28008398397851,-35.641867282973855,-36.02829667819002,-33.185825748357125
7568.9208984375,-31.70535941449334,-35.31659771367539,-35.67003218120629,-36.05517506887011,-33.22010043977562
7579.6875,-31.764614265466225,-35.38336227575221,-35.66164185503159,-36.073091587310145,-33.228453578666354
7590.4541015625,-31.76411920228095,-35.42209218342099,-35.712430174987546,-36.05886923429275,-33.22017246841753
7601.220703125,-31.803134290345536,-35.42272927489321,-35.682383187898616,-36.10574909563204,-33.2230277494189
7611.9873046875,-31.795036592178466,-35.46725219329189,-35.68313451338351,-36.13759960524718,-33.24992758764582
7622.75390625,-31.82958090185495,-35.479655928449375,-35.690227492648,-36.17305316731001,-33.23260157819994
7633.5205078125,-31.843713559087025,-35.511853906876865,-35.71932857086299,-36.20530329561092,-33.2311447675706
7644.287109375,-31.866978155837042,-35.51686890667161,-35.72360005805478,-36.22180657750211,-33.20616202764531
7655.0537109375,-31.88321523985464,-35.55836159168884,-35.75264830603678,-36.234463787751636,-33.230558104391115
7665.8203125,-31.928693361333313,-35.56322331909657,-35.67394726544919,-36.26082869973632,-33.24256498515608
7676.5869140625,-31.94365170473527,-35.56749692042055,-35.676958864145455,-36.269794806134755,-33.27297031433165
7687.353515625,-31.969622035077716,-35.58677541086374,-35.62409939114283,-36.30755928354386,-33.29894223811884
7698.1201171875,-32.033913248114835,-35.63744560038547,-35.636059460039924,-36.298716858447726,-33.29383226480729
7708.88671875,-32.05815069205333,-35.62903073454865,-35.63914009206294,-36.323360160827036,-33.27851160142761
7719.6533203125,-32.09284751657654,-35.69458071649111,-35.64905881065131,-36.3657926241579,-33.30084376288854
7730.419921875,-32.12332829688493,-35.686813829705876,-35.662652337721454,-36.38806879711775,-33.28844366826655
7741.1865234375,-32.1705594191847,-35.70849306361402,-35.68140067168225,-36.381489301313664,-33.33066242476569
7751.953125,-32.232162238461676,-35.737993865043485,-35.69285211488494,-36.43863409189089,-33.32060681884825
7762.7197265625,-32.23308084008958,-35.78513246500304,-35.759634765710196,-36.49847531529723,-33.310814639219984
7773.486328125,-32.29266126988876,-35.79262940055249,-35.792805809607636,-36.5341363713706,-33.3132704619534
7784.2529296875,-32.32907538205533,-35.8118752934472,-35.86815995992859,-36.53848877278022,-33.337952377515414
7795.01953125,-32.32833933034279,-35.81249865125874,-35.89293222987753,-36.57490618247128,-33.36350966474747
7805.7861328125,-32.33808556079227,-35.84871286586052,-35.84730079873029,-36.61899828163275,-33.38509236779906
7816.552734375,-32.37021574148069,-35.83741806995707,-35.87108108428337,-36.62121237674318,-33.36587884849014
7827.3193359375,-32.367612013442304,-35.865871498355126,-35.815218560369466,-36.633337265728784,-33.394681617371376
7838.0859375,-32.36800858333738,-35.90113359189472,-35.79785754148241,-36.69610999219609,-33.4308104395204
7848.8525390625,-32.3868358639035,-35.90193305707177,-35.795619589956736,-36.67683189016469,-33.43856509794542
7859.619140625,-32.40345013469063,-35.90904133806194,-35.76832433753655,-36.66461711329965,-33.46475940094653
7870.3857421875,-32.38232525412823,-35.94925601035589,-35.78030770833194,-36.670564533844434,-33.4883980598358
7881.15234375,-32.42457703733458,-35.975643309574494,-35.752829281585086,-36.67861223905698,-33.47321957688804
7891.9189453125,-32.46093289278393,-36.0311186296418,-35.765342308368304,-36.709358628205386,-33.47690844993722
7902.685546875,-32.50199161416861,-36.053977597934704,-35.84644283993797,-36.71324014219417,-33.495532456963566
7913.4521484375,-32.51919596300383,-36.12192977023034,-35.81301635335539,-36.73910115750791,-33.529263663279814
7924.21875,-32.57716083216321,-36.158820065104436,-35.84198117479944,-36.76955273393144,-33.547036029641845
7934.9853515625,-32.612071279765495,-36.20611154145774,-35.841623599759714,-36.77125331342916,-33.53593440581343
7945.751953125,-32.61213155747085,-36.25785444491373,-35.87198464783714,-36.80399214771992,-33.56783918339134
7956.5185546875,-32.66223154369739,-36.29106837202969,-35.90619830404605,-36.8124842370261,-33.56404139164887
7967.28515625,-32.719943507924704,-36.33654233212979,-35.919475774867145,-36.85072883559677,-33.59900276612435
7978.0517578125,-32.73632406787384,-36.38368771605827,-35.92185151457659,-36.92207785381124,-33.58791587636953
7988.818359375,-32.748302749631215,-36.398707551900806,-35.90522298568021,-36.92529679227452,-33.63678551019014
7999.5849609375,-32.77962741401939,-36.44489079119521,-35.85700279480378,-36.97817079847146,-33.65230514973005
8010.3515625,-32.78085621025645,-36.45171814429772,-35.86925007994147,-36.9882491583105,-33.645992580914296
8021.1181640625,-32.79590533728543,-36.45137794381792,-35.85640597112966,-36.99177207470287,-33.64559102559736
8031.884765625,-32.785333008419286,-36.44858450498328,-35.846873022470554,-37.01404530427142,-33.64520491857925
8042.6513671875,-32.8690054754621,-36.461022288542296,-35.81001310708276,-37.04628609208825,-33.62262182698175
8053.41796875,-32.89553144922306,-36.48843020286601,-35.75070232507036,-37.06169624039718,-33.61627139345453
8064.1845703125,-32.886825593229574,-36.485860995202586,-35.73751318460331,-37.06417025809609,-33.592754804960734
8074.951171875,-32.89515371391477,-36.49547600978475,-35.71562911070869,-37.07330190467718,-33.615653272997626
8085.7177734375,-32.90024995385612,-36.527224816715766,-35.71841805487141,-37.11113269046871,-33.58710827028822
8096.484375,-32.89582218927155,-36.51698776835357,-35.73999335554763,-37.10084679443046,-33.591582407832696
8107.2509765625,-32.96358172058362,-36.54405338072566,-35.75338359391045,-37.12811600458283,-33.60657999070865
8118.017578125,-32.943677818890144,-36.59387696814882,-35.73050377084534,-37.16387224803203,-33.64611815944409
8128.7841796875,-33.004321275463866,-36.66173282239913,-35.75786689315081,-37.20468745978583,-33.657997793372665
8139.55078125,-32.99844651285806,-36.729503924500634,-35.77981735854721,-37.23456265562876,-33.70947700487499
8150.3173828125,-33.00515748635822,-36.77499531061023,-35.81449943143535,-37.29146521116881,-33.77181726951978
8161.083984375,-33.07697465939828,-36.875010022344036,-35.8576771381297,-37.301521833761626,-33.77722974116143
8171.8505859375,-33.09344985429771,-36.924260336977966,-35.885536249658664,-37.328765631085744,-33.82619703499252
8182.6171875,-33.113812664400676,-36.99003262512123,-35.88811045309321,-37.31736961873536,-33.81427162908749
8193.3837890625,-33.15041352545287,-37.060319464200454,-35.880185437840325,-37.330233676180896,-33.877794315992325
8204.150390625,-33.16181432982244,-37.07500896243115,-35.87431322077388,-37.32767776807215,-33.86189733627685
8214.9169921875,-33.240228126154484,-37.11372129699591,-35.92687144371026,-37.35768264601884,-33.87334648781605
8225.68359375,-33.27834590290717,-37.08513671665867,-35.93974048320974,-37.364133914777774,-33.9016709988487
8236.4501953125,-33.3102249878531,-37.06439451522079,-35.947239921249576,-37.37426819674907,-33.91349081908158
8247.216796875,-33.31591727406407,-37.07566034102542,-35.97173447566236,-37.390851969720885,-33.912999518096655
8257.9833984375,-33.30661194041722,-37.04103329606499,-35.95967379748132,-37.427390239741065,-33.941121795857875
8268.75,-33.34380970030693,-37.05534913672561,-35.95891142215711,-37.39856922194909,-33.92620928606721
8279.5166015625,-33.40364466455079,-37.06297049790363,-35.95774216883336,-37.45411188354084,-33.99422586123777
8290.283203125,-33.45602062735535,-37.076896514500724,-35.994438785278874,-37.469080256163394,-33.930791126034926
8301.0498046875,-33.475951485842515,-37.14389466721464,-35.99856085229373,-37.54079512711165,-33.99377981853374
8311.81640625,-33.521912333821184,-37.18820938121552,-36.009685307701496,-37.56223558720143,-33.968120283170656
8322.5830078125,-33.502478207147945,-37.278590437042595,-36.010016386314405,-37.600820056072784,-33.96151142775424
8333.349609375,-33.544378929129955,-37.326320328105695,-36.01118334600263,-37.608674576440784,-33.971249869913756
8344.1162109375,-33.5685552986317,-37.36236337113521,-35.987113968507565,-37.61785454839517,-33.98269666519107
8354.8828125,-33.636784792353275,-37.38659504271931,-35.95085134809268,-37.62426264651355,-34.00323127682738
8365.6494140625,-33.70515936522114,-37.44871623326212,-35.971296623208744,-37.68440441535534,-34.03587394517542
8376.416015625,-33.719977705821194,-37.48867632402701,-35.99322933499523,-37.71166173631633,-34.01526099791603
8387.1826171875,-33.737463355121896,-37.546148598803605,-35.958904704962855,-37.74025489546565,-34.06883257800599
8397.94921875,-33.75390031200812,-37.53552658291351,-35.962813430507445,-37.735491372113174,-34.057798275843425
8408.7158203125,-33.74261287289623,-37.62160378375128,-35.96816587060844,-37.718196843567995,-34.098751039837374
8419.482421875,-33.78352781927709,-37.60116529710849,-35.97853597467339,-37.73644383940747,-34.09693550856616
8430.2490234375,-33.83530794774969,-37.6748733887731,-35.98495858469805,-37.73244336925482,-34.071671744847805
8441.015625,-33.8793146794266,-37.75217528768762,-36.01043037299126,-37.75887043271611,-34.08597154343859
8451.7822265625,-33.88920527461561,-37.778434384656485,-36.022058291205504,-37.78013573383194,-34.08624788099454
8462.548828125,-33.910088220905344,-37.75950102410118,-36.01063839939365,-37.765015804341886,-34.093254696723015
8473.3154296875,-33.95091817076754,-37.795800793373026,-36.0214054369692,-37.75242504045135,-34.11213231386183
8484.08203125,-33.9747340756433,-37.83518449039231,-36.07297099992636,-37.768317452343894,-34.16147283328356
8494.8486328125,-34.02977322653559,-37.86098852576447,-36.10853138089392,-37.77402765912619,-34.1823091496288
8505.615234375,-34.06939114919341,-37.85482450391215,-36.16247774801924,-37.78857988127258,-34.19738262012821
8516.3818359375,-34.148176818638056,-37.90624560541169,-36.19313982983204,-37.803004170380504,-34.266876174626404
8527.1484375,-34.147978731150516,-37.88770009821658,-36.21634417972126,-37.86020800977431,-34.32208562098646
8537.9150390625,-34.20246231803988,-37.861352299532136,-36.22369041297293,-37.86215789474293,-34.35688190469468
8548.681640625,-34.237284233078,-37.92043599908713,-36.25043106882103,-37.87645759585105,-34.42916553148072
8559.4482421875,-34.292579047569525,-37.9992897550555,-36.29586142125436,-37.8969547116284,-34.4468760893646
8570.21484375,-34.33325668763283,-38.04290040868832,-36.29470576649741,-37.92206205564745,-34.483647123155556
8580.9814453125,-34.38735803488852,-38.067237839247234,-36.27043174926955,-37.93827982202718,-34.474128013528976
8591.748046875,-34.426789733040245,-38.12862065920904,-36.27787304254324,-37.98329603899463,-34.51964866545702
8602.5146484375,-34.50478525525732,-38.13766439271276,-36.24215947004632,-38.03682537456599,-34.5355892011358
8613.28125,-34.53028063648922,-38.198910043746565,-36.24607498907677,-38.06584399045102,-34.54873712270514
8624.0478515625,-34.589516540705894,-38.20477750235543,-36.23900717866422,-38.063570946334444,-34.593773937297776
8634.814453125,-34.66784493654353,-38.273516206949715,-36.25744282269838,-38.09193632503751,-34.58809482742972
8645.5810546875,-34.71177845215761,-38.33992669331558,-36.27714468345538,-38.14497711595453,-34.57888312206078
8656.34765625,-34.719645437634014,-38.384484991886396,-36.24652183127579,-38.168402490484084,-34.60434816046622
8667.1142578125,-34.701543884138566,-38.351065993419326,-36.2617800158411,-38.20725002616582,-34.63729695265359
8677.880859375,-34.728070270660474,-38.398723596778375,-36.28839006877091,-38.22043858324929,-34.647535677901686
8688.6474609375,-34.76820339122855,-38.405169930433374,-36.330743475693076,-38.205225243981545,-34.67722359379236
8699.4140625,-34.760130961825396,-38.457105946649044,-36.36002863944616,-38.19844182988412,-34.7141286677681
8710.1806640625,-34.78251904682747,-38.4526822762417,-36.36755409988312,-38.191217550176475,-34.7401949928349
8720.947265625,-34.77932397792259,-38.53085523344208,-36.40738357950503,-38.21584442926,-34.7400672432054
8731.7138671875,-34.79339567095062,-38.573464164728115,-36.406274747587084,-38.25054368695079,-34.77232708940954
8742.48046875,-34.81098372372422,-38.581096285884286,-36.41565840947388,-38.24015330915455,-34.7978684676299
8753.2470703125,-34.84517312503663,-38.59726312207083,-36.442559225742244,-38.27378553132965,-34.82499601301814
8764.013671875,-34.94952845768588,-38.67488697653289,-36.45302729233301,-38.26380015700412,-34.84999532956852
8774.7802734375,-34.97614505821875,-38.69956568034226,-36.47184272228176,-38.30199969406091,-34.88072594103754
8785.546875,-35.02287315379595,-38.77399509240148,-36.454585307413474,-38.33907313062679,-34.91257926187395
8796.3134765625,-35.09751774695965,-38.78155413582139,-36.455997406738476,-38.37311829486703,-34.931428552818424
8807.080078125,-35.12771340203363,-38.80181445755941,-36.44921790712089,-38.37445910898575,-34.965613674593975
8817.8466796875,-35.16813352666683,-38.829337606275814,-36.4625858765704,-38.40177104814445,-35.007557985266025
8828.61328125,-35.206582186661706,-38.82287844546756,-36.50922683485648,-38.37969320683896,-35.0399071632238
8839.3798828125,-35.22398429286705,-38.86428413925559,-36.53513329997224,-38.420964998070545,-35.07873887208767
8850.146484375,-35.25528673578868,-38.88489361033282,-36.56386518342302,-38.42568165075624,-35.11515237017631
8860.9130859375,-35.24919571115209,-38.91955788052115,-36.57021864511576,-38.47505990509187,-35.14155976168599
8871.6796875,-35.3061591767259,-38.942180645551964,-36.59270442377721,-38.47038236326605,-35.18645333019261
8882.4462890625,-35.338404900369724,-38.96327685986285,-36.606406632223376,-38.49179945066376,-35.20084047800187
8893.212890625,-35.3442835539989,-39.041554214953564,-36.6399177053378,-38.50030823453235,-35.19749547127207
8903.9794921875,-35.37478181875541,-39.102107326822264,-36.682086661520046,-38.54003538745806,-35.273441280985345
8914.74609375,-35.427121999188834,-39.14686088271266,-36.680267161463874,-38.532456860793246,-35.27252778357464
8925.5126953125,-35.47468530849271,-39.21186686593268,-36.70217574984185,-38.554543733255144,-35.31379354710629
8936.279296875,-35.54732135995968,-39.26037856222644,-36.70536204151032,-38.55824314728983,-35.312725049748195
8947.0458984375,-35.61320006337997,-39.328377013891185,-36.699904088354025,-38.594888023529904,-35.353607284504186
8957.8125,-35.68257830664129,-39.37157702906841,-36.752352424648876,-38.611289955477545,-35.395644650566446
8968.5791015625,-35.70280531499777,-39.40105039889809,-36.731465626724315,-38.63560298642298,-35.42253206174582
8979.345703125,-35.749829347875014,-39.42239700278728,-36.766048908888685,-38.65056483550355,-35.447490138330046
8990.1123046875,-35.78797808797672,-39.421048955556515,-36.751932471906244,-38.66214254172457,-35.51775087307687
9000.87890625,-35.816683092961945,-39.45948321689283,-36.80550396881836,-38.68726998259558,-35.43915454125987
9011.6455078125,-35.85243549204068,-39.50722469239511,-36.81233970425243,-38.696847186819795,-35.49304227556963
9022.412109375,-35.869867342735276,-39.539352159329475,-36.850356388607594,-38.73365804844705,-35.51187138946812
9033.1787109375,-35.93990064486588,-39.567291734416436,-36.87235252125107,-38.742736997935694,-35.58914792998337
9043.9453125,-35.98902639256246,-39.58398236635278,-36.91546573096255,-38.758457669458124,-35.569578995929106
9054.7119140625,-36.01911289817544,-39.602658842481546,-36.93134771005717,-38.76033198206861,-35.57528400534236
9065.478515625,-36.05336086484049,-39.681809995436396,-36.98980386902627,-38.801217391781606,-35.57820610039529
9076.2451171875,-36.085313967153944,-39.75275432966367,-37.01567473059467,-38.84069479174626,-35.607463795090425
9087.01171875,-36.12073822894786,-39.83490692074697,-37.00335036131566,-38.847864956508104,-35.59653651631355
9097.7783203125,-36.17239032717912,-39.8710591262527,-36.987327187049864,-38.85507642469226,-35.64978421503042
9108.544921875,-36.227367694743386,-39.90168008807417,-37.01464049043062,-38.8760214589019,-35.671303497831246
9119.3115234375,-36.26726580300396,-39.91052447527712,-37.00174734878247,-38.88255661699887,-35.69204476191253
9130.078125,-36.268273783805846,-39.90811206332711,-37.010056503188586,-38.89755105119396,-35.65703901110796
9140.8447265625,-36.24179928446276,-39.926997005776435,-37.02830659213997,-38.89473104454727,-35.714453323938045
9151.611328125,-36.26514101466178,-39.98039894466675,-37.00356842958901,-38.93427603060492,-35.72810459922067
9162.3779296875,-36.29025682127403,-40.00110642663283,-37.02369945655704,-38.94642085339415,-35.7562241555218
9173.14453125,-36.317334357285205,-40.01657065856511,-37.02931491756041,-38.9497122044722,-35.76664435358142
9183.9111328125,-36.37464443229552,-40.052732566002284,-37.07446450267269,-38.98332733298382,-35.83708333369194
9194.677734375,-36.44536191244653,-40.09266105189197,-37.10272347127307,-39.018346028022535,-35.8512927295959
9205.4443359375,-36.47413053631101,-40.12544029847623,-37.11290638766577,-39.05530999824763,-35.84572649164237
9216.2109375,-36.500676045978345,-40.20469545873744,-37.140299869891614,-39.08808654306392,-35.829650482208216
9226.9775390625,-36.52788006991477,-40.26653706167419,-37.19599596620973,-39.12700286507358,-35.871824282336775
9237.744140625,-36.552985674036584,-40.34247908984837,-37.22450604952863,-39.152253433692785,-35.92183397285089
9248.5107421875,-36.58415859481682,-40.37977687736695,-37.25549488478995,-39.11669828973932,-35.94188640560679
9259.27734375,-36.636832305402244,-40.40044091793716,-37.2651283063574,-39.12442949094843,-35.9896211263627
9270.0439453125,-36.66136780337606,-40.455269540627334,-37.24244508339101,-39.1531541296946,-36.01905882465981
9280.810546875,-36.69455810263898,-40.473955909608854,-37.27908852232718,-39.15231712717639,-36.028939847400714
9291.5771484375,-36.712625613632824,-40.525715735552716,-37.25022608443577,-39.138172512788465,-36.082173013935375
9302.34375,-36.72233424906697,-40.55121542616461,-37.29468162296438,-39.17817678260697,-36.12810678269495
9313.1103515625,-36.79722968048057,-40.54772203700347,-37.30608522397874,-39.1807463408695,-36.18963700420752
9323.876953125,-36.84073859758158,-40.60739721478109,-37.307763687441486,-39.192844752543294,-36.214138427926244
9334.6435546875,-36.9333317902818,-40.60643415839674,-37.32703260380125,-39.23544661834203,-36.236355174813674
9345.41015625,-36.98538957977155,-40.64463875845489,-37.40468742704003,-39.3076176286194,-36.292009016281405
9356.1767578125,-37.05939763873446,-40.720029127171095,-37.429107357284835,-39.332920666880796,-36.29672485908919
9366.943359375,-37.110679861246716,-40.73826203903646,-37.49840297114502,-39.33016885174158,-36.30985103542426
9377.7099609375,-37.13425597752357,-40.757824654974705,-37.51737736553034,-39.392371950714505,-36.33295389106165
9388.4765625,-37.13781719877889,-40.791823762448146,-37.57586964631231,-39.41540469650015,-36.357540215306805
9399.2431640625,-37.20043909950404,-40.87160981940419,-37.60605932487058,-39.393212385907795,-36.36577584989655
9410.009765625,-37.1536519955684,-40.951010608384784,-37.63860945423607,-39.44969168419954,-36.408161651541214
9420.7763671875,-37.166208781863126,-40.953976945285945,-37.63793824570358,-39.46819956694793,-36.44752557621772
9431.54296875,-37.19739956160617,-41.022224350894525,-37.630332051590074,-39.48257315260795,-36.43679984912299
9442.3095703125,-37.243357420847126,-41.05407464206551,-37.65851501986965,-39.46665934017896,-36.46001645994647
9453.076171875,-37.272145161096404,-41.08522704802089,-37.724917595204516,-39.45940028994405,-36.49054585773299
9463.8427734375,-37.34900371704415,-41.11421690365684,-37.761974774567456,-39.47521759918173,-36.51256289199377
9474.609375,-37.39305072886278,-41.16406295796915,-37.78242190987766,-39.50209248890108,-36.57451351821911
9485.3759765625,-37.45640079818371,-41.20686495057753,-37.823891268201834,-39.54665479459667,-36.59353986759726
9496.142578125,-37.48141598385806,-41.1885095954104,-37.84154920082082,-39.62023021362295,-36.647050711905315
9506.9091796875,-37.555543452421865,-41.20710671856735,-37.83366652491299,-39.62001312180061,-36.691362695807875
9517.67578125,-37.60912920718159,-41.247176574604666,-37.90681206618668,-39.665377566733326,-36.69602612830574
9528.4423828125,-37.64185757106406,-41.300242468464724,-37.931687699450094,-39.70142094468553,-36.7569319135176
9539.208984375,-37.66818454441927,-41.35185895672409,-37.92490398409494,-39.74317848419802,-36.78121395260616
9549.9755859375,-37.715769253039184,-41.40457215749897,-37.908412632870466,-39.803935216539536,-36.824203599825005
9560.7421875,-37.72722275282008,-41.44863479486069,-37.95053620967128,-39.82949618528389,-36.884522857542876
9571.5087890625,-37.79406795445317,-41.503806724286235,-38.04213276973721,-39.839078901435684,-36.8914895478474
9582.275390625,-37.83798433934793,-41.55528331492287,-38.06242136741708,-39.85040179880094,-36.92772005384818
9593.0419921875,-37.8898073452126,-41.650194480351196,-38.10975562506605,-39.84389223944155,-36.94660882714437
9603.80859375,-37.9304802102848,-41.70992400459448,-38.160491835145926,-39.87842018448468,-36.96427650842544
9614.5751953125,-37.992185137928566,-41.774321309732116,-38.167935310241695,-39.88127741635267,-37.00611631982563
9625.341796875,-38.05627986962701,-41.75341016296313,-38.257726566291694,-39.91540717758107,-37.01754876413104
9636.1083984375,-38.10151163082868,-41.77301960651577,-38.28784285770933,-39.938575483728215,-37.0516203849177
9646.875,-38.12169692209695,-41.79590890639914,-38.364861768065346,-39.95344253891021,-37.07068907341296
9657.6416015625,-38.16875223811173,-41.84590527924772,-38.33298838912444,-39.98894976865156,-37.11735386591618
9668.408203125,-38.15188993446117,-41.8731872311428,-38.3372923738715,-40.02973021483913,-37.12454657172038
9679.1748046875,-38.18757279647632,-41.905224773542514,-38.34040387423638,-40.0241655272563,-37.17412520557673
9689.94140625,-38.18559466468602,-41.94165107169837,-38.371970532966586,-40.0152371797503,-37.21549781073741
9700.7080078125,-38.21275659828116,-41.99465840281215,-38.42378778169611,-40.04638603324159,-37.23695502037125
9711.474609375,-38.23930614003067,-42.08184748110211,-38.434085010056556,-40.05716438342219,-37.310255999817166
9722.2412109375,-38.26701598820426,-42.162436096048225,-38.44946390008192,-40.063492145235585,-37.332537581201805
9733.0078125,-38.26049430843542,-42.2140002130897,-38.50583357615192,-40.066734277931175,-37.39738997130382
9743.7744140625,-38.303512896969316,-42.23042821373168,-38.518893472484486,-40.05786905468207,-37.44134859149121
9754.541015625,-38.3082983417985,-42.2560010563206,-38.572320917725555,-40.04322381846866,-37.470194156455726
9765.3076171875,-38.37161003722922,-42.30426191482641,-38.60265322468519,-40.05674305516878,-37.488377527932954
9776.07421875,-38.40891111658346,-42.369030528460904,-38.63431947330905,-40.108074278361094,-37.51123463305691
9786.8408203125,-38.46839205659594,-42.40241629222023,-38.632719340985645,-40.20438346337158,-37.544387080480824
9797.607421875,-38.515183204229,-42.429667647208134,-38.66004230343491,-40.25323922982703,-37.59793116222128
9808.3740234375,-38.54436711888564,-42.433607133002894,-38.750618405750394,-40.30377052842218,-37.58546095339841
9819.140625,-38.549354604325664,-42.48711681511749,-38.769455973960895,-40.334138944600156,-37.63844970197338
9829.9072265625,-38.65075223394404,-42.545216833335935,-38.79475438546167,-40.38452997983266,-37.643860056639305
9840.673828125,-38.69743033577945,-42.616783257252415,-38.79980804939634,-40.41999258110495,-37.66652386780427
9851.4404296875,-38.767968368437536,-42.69880499751695,-38.82915445749438,-40.47801274472152,-37.683105214338994
9862.20703125,-38.80084436167687,-42.77038688369952,-38.845889841179215,-40.48172461108944,-37.76064094056104
9872.9736328125,-38.82647487407706,-42.80595287583298,-38.93833557847954,-40.563736579202114,-37.797399479465824
9883.740234375,-38.88324455577422,-42.8760758175683,-38.98084199701497,-40.57585934350096,-37.82620320860808
9894.5068359375,-38.89706955325965,-42.90248294233936,-39.003493491500166,-40.565178108094216,-37.8318074263655
9905.2734375,-38.964979912341576,-42.91665183394445,-39.00263527838669,-40.6150475423444,-37.89533295708138
9916.0400390625,-39.01990330039054,-42.945467369283755,-38.99445088077409,-40.605415439590175,-37.912773160473115
9926.806640625,-39.02075389817922,-42.96517464536765,-38.965530538656644,-40.62427947874321,-37.97144835915198
9937.5732421875,-39.00827308338895,-42.969695015442234,-38.9629968744811,-40.66285110359303,-37.995850614691996
9948.33984375,-39.02188160354124,-42.96355265508433,-38.95143341324054,-40.69878488713683,-38.016725259536756
9959.1064453125,-39.0326093100302,-42.922386050598355,-38.938621333306706,-40.72563269534719,-37.98076473125987
9969.873046875,-39.008262524445435,-42.92859487533099,-38.90756067303515,-40.66559705757497,-37.994943251933556
9980.6396484375,-38.94384475024195,-42.89026220305837,-38.88355734392602,-40.608209614865075,-37.94853574741361
9991.40625,-38.9670213588105,-42.914886633668125,-38.835361479646224,-40.576535783315244,-37.97203235999577
10002.1728515625,-38.92607616457163,-42.92609236371009,-38.81351665046505,-40.53996052644108,-37.95505443491317
10012.939453125,-38.910936575795056,-42.916741135307866,-38.82876428732176,-40.545221463515475,-37.901140755387225
10023.7060546875,-38.88147585551066,-42.89806315037526,-38.84244597907553,-40.53260556092118,-37.85015923247449
10034.47265625,-38.8703495347193,-42.88980354579563,-38.84698920157033,-40.51536169472726,-37.812099326990065
10045.2392578125,-38.82890008080566,-42.89780664938972,-38.864207409323946,-40.48974326470297,-37.81293305336178
10056.005859375,-38.86143765631443,-42.893581084088844,-38.85475968988495,-40.432817423091706,-37.82855983968304
10066.7724609375,-38.86721583560015,-42.88329757415182,-38.81031827859575,-40.4001915050006,-37.79318884289318
10077.5390625,-38.91607455424177,-42.904830885140385,-38.81682271133211,-40.3615452651913,-37.809343828243094
10088.3056640625,-38.93699481504073,-42.93368829077187,-38.823134101213974,-40.363085265697755,-37.750845811430324
10099.072265625,-38.913556346363414,-42.94902950676756,-38.81376500294402,-40.34991204075557,-37.72156842343224
10109.8388671875,-38.92314791677484,-42.94356910201288,-38.77878210383389,-40.31418631135503,-37.75497576045527
10120.60546875,-38.92671078517357,-42.96091213141305,-38.77464546808265,-40.283333111086705,-37.755226550523865
10131.3720703125,-38.95223533722899,-42.983970396330186,-38.72771592829595,-40.27458304734674,-37.764151817705645
10142.138671875,-38.925372873448865,-42.99055804625815,-38.740546343129445,-40.248720945216924,-37.749733031165086
10152.9052734375,-38.871324545994156,-43.005170837753745,-38.73810586578643,-40.25583428390743,-37.737884382423374
10163.671875,-38.87135085527652,-42.982878450414866,-38.75469048720242,-40.251656633164494,-37.72902997182589
10174.4384765625,-38.80003733689586,-42.92913037466233,-38.71749322246732,-40.27722530425423,-37.70557345662759
10185.205078125,-38.77023851826479,-42.84423346776474,-38.73405335514595,-40.24130689719961,-37.72148172283534
10195.9716796875,-38.76461318367651,-42.79095283324387,-38.68424403342877,-40.193845888705475,-37.72237138438984
10206.73828125,-38.74926215700358,-42.79378492792314,-38.65935387782284,-40.205919250472604,-37.71754254390615
10217.5048828125,-38.74100272385159,-42.79644068842723,-38.619128597688984,-40.222245791652256,-37.69700844316781
10228.271484375,-38.67549992522392,-42.72899291414107,-38.649022345936174,-40.17422959565952,-37.64818856083778
10239.0380859375,-38.67935935129489,-42.70078653149574,-38.62834624687885,-40.155539007206485,-37.638036976641516
10249.8046875,-38.650771312795996,-42.69734492729615,-38.64085501283752,-40.12285291530247,-37.62281229161314
10260.5712890625,-38.677555208334674,-42.70009381742664,-38.61794683852536,-40.08583585964508,-37.66006484124837
10271.337890625,-38.721060000686286,-42.694871721361835,-38.652274388096004,-40.05788213561321,-37.65867858362628
10282.1044921875,-38.6706213596099,-42.687801657188324,-38.6281378805742,-40.03535907826683,-37.66355599496043
10292.87109375,-38.64039836474545,-42.70931035130916,-38.6416851553257,-40.02334752406392,-37.658173757856645
10303.6376953125,-38.62371705721531,-42.65669594991745,-38.66229531235757,-39.99469519619585,-37.65574167317454
10314.404296875,-38.62332215425616,-42.659596854398465,-38.64825689410231,-39.927829963689256,-37.64749807355138
10325.1708984375,-38.64208835468164,-42.68532839706348,-38.63360011578865,-39.94650819068066,-37.633724194306915
10335.9375,-38.65460946826432,-42.682721842151686,-38.592087975006486,-39.93698102827905,-37.59635444391056
10346.7041015625,-38.694494290593774,-42.653143551073086,-38.56469077021236,-39.947329431338325,-37.57980604601861
10357.470703125,-38.65411463802665,-42.623034175790885,-38.561273806338505,-39.961954668116306,-37.537244047498156
10368.2373046875,-38.62507599519392,-42.60650653187587,-38.53223346894364,-39.92656717441749,-37.54061104897334
10379.00390625,-38.636445399976516,-42.614050636992985,-38.507274904399964,-39.9152819652482,-37.513538958533324
10389.7705078125,-38.657453863251995,-42.57104376826792,-38.484666151896285,-39.87854650233744,-37.50762134584672
10400.537109375,-38.65721341452389,-42.59438502053423,-38.474257543349914,-39.828053265381094,-37.453744410068246
10411.3037109375,-38.64376293226645,-42.55345008423014,-38.4797630858346,-39.83496689199195,-37.4393002959046
10422.0703125,-38.61395510372582,-42.53018388382736,-38.49191704060626,-39.77234733607476,-37.46981427871617
10432.8369140625,-38.57742082689943,-42.543062253374465,-38.51707999783679,-39.77953479912539,-37.474637466418294
10443.603515625,-38.55464246787021,-42.565165357580625,-38.52871105278868,-39.757495158049565,-37.49865857738845
10454.3701171875,-38.57530936239501,-42.612801794783394,-38.54836389005582,-39.774610974316055,-37.52159530204993
10465.13671875,-38.62230443856339,-42.6543421130702,-38.6027481981671,-39.8077146327837,-37.54793432566584
10475.9033203125,-38.682113979135536,-42.70900866379295,-38.66441853161117,-39.854754850621234,-37.614602951755764
10486.669921875,-38.752354301735856,-42.78960548179483,-38.72321972696516,-39.92046810602942,-37.64293835561759
10497.4365234375,-38.78938592001348,-42.91440127970258,-38.82519464761168,-40.01878606478816,-37.766647160952395
10508.203125,-38.84172152868938,-42.98503747762229,-38.880157451892444,-40.09782198604095,-37.835074686647715
10518.9697265625,-38.94449893153351,-43.08981095003811,-38.97005599642019,-40.22293495668844,-37.91324393810545
10529.736328125,-39.06719634127127,-43.167898013410394,-39.05035787391465,-40.29471251201723,-38.002274295457646
10540.5029296875,-39.16912961863611,-43.264740226168946,-39.1294061874314,-40.39937349789671,-38.11728969597772
10551.26953125,-39.29284830429891,-43.38672993618821,-39.23576421275924,-40.44821990848009,-38.21427250001675
10562.0361328125,-39.397181886417485,-43.49115401352659,-39.346333588611444,-40.5833206237298,-38.284278777597414
10572.802734375,-39.49490980882663,-43.61879643065758,-39.45657881438368,-40.68161415617787,-38.36170265209502
10583.5693359375,-39.599697646425604,-43.772390202715535,-39.57276845728095,-40.81914300221064,-38.48910653100995
10594.3359375,-39.74117715810002,-43.83558425540765,-39.64953749887521,-40.91145671582471,-38.580336225647294
10605.1025390625,-39.908700501576234,-43.968106665991925,-39.795608022594585,-40.99952703951118,-38.701735340291904
10615.869140625,-40.029199319005215,-44.11044292960439,-39.91028429511998,-41.10720264219011,-38.87983526042961
10626.6357421875,-40.123602006250664,-44.26448626673058,-40.03285568634377,-41.182399001724185,-39.01907849406191
10637.40234375,-40.225399972806194,-44.38478545258915,-40.18034658921042,-41.35700342677364,-39.1060005291375
10648.1689453125,-40.29539693514582,-44.484916723818664,-40.285192694606984,-41.526203772162056,-39.2097988210538
10658.935546875,-40.39442943574336,-44.65317067993299,-40.43464395870945,-41.64266308047546,-39.397304656457145
10669.7021484375,-40.53750186878324,-44.78803596858933,-40.58441992931629,-41.78700047583906,-39.54906499249196
10680.46875,-40.66542293812187,-44.90370340109631,-40.74474921146659,-41.93252645327078,-39.67773400861104
10691.2353515625,-40.778305460604805,-45.05366303178823,-40.903298635959466,-42.099524320123194,-39.78930069609277
10702.001953125,-40.92323391636395,-45.195420232909015,-41.09257632119909,-42.302914687285025,-39.9646247013699
10712.7685546875,-41.10041721184293,-45.31309344013189,-41.22702742307199,-42.42810252748855,-40.05072367039232
10723.53515625,-41.25240103651466,-45.46665534196186,-41.39486805868152,-42.65016978470449,-40.22174877596029
10734.3017578125,-41.43184119896872,-45.652991252049404,-41.52999271786937,-42.75942231586737,-40.422069847903074
10745.068359375,-41.591485555224345,-45.77637139832634,-41.68283208133617,-42.93715976676079,-40.623432551813536
10755.8349609375,-41.83613371391993,-45.91564808477691,-41.81164414626439,-43.13456559948496,-40.83232521768653
10766.6015625,-41.99838889497678,-46.06876018684423,-41.9141902335877,-43.310642471874786,-40.98514552500652
10777.3681640625,-42.16388385869367,-46.231446337713635,-42.09894602353184,-43.47515341600765,-41.20165675326499
10788.134765625,-42.351727775347435,-46.40476343567977,-42.2894413782978,-43.648491868384156,-41.41678782606934
10798.9013671875,-42.503027687089585,-46.62099653856379,-42.43331795532476,-43.79108135233221,-41.60159439525973
10809.66796875,-42.6541524514683,-46.78651029016893,-42.624464702406385,-44.056610649562195,-41.81991053527833
10820.4345703125,-42.88947715813289,-46.977026002721324,-42.82507598766307,-44.24718990786598,-41.97523568757041
10831.201171875,-43.10746946446903,-47.163151581478,-43.04488840875904,-44.46286774012807,-42.206187511340026
10841.9677734375,-43.425034054098994,-47.48395865546549,-43.35368999276233,-44.718376431737816,-42.45203046503731
10852.734375,-43.68005137029456,-47.73526719623464,-43.636433438029115,-44.90558003275713,-42.628670970878694
10863.5009765625,-44.00250441746535,-47.994132575159185,-43.94908488359032,-45.18236054459112,-42.929845539239984
10874.267578125,-44.38390534277246,-48.21479445088021,-44.22701799570422,-45.4722902104144,-43.22364255759261
10885.0341796875,-44.71335341754553,-48.550768106130214,-44.496683888862904,-45.820297071102246,-43.57202064601977
10895.80078125,-45.04977465417215,-48.8786702330576,-44.816190552178,-46.19084024822508,-43.89555279994709
10906.5673828125,-45.39506826545365,-49.258417606562325,-45.198008750502076,-46.5208857714564,-44.27325908025866
10917.333984375,-45.830563498468884,-49.584891273643294,-45.6234130211348,-46.91300884321086,-44.790158833993985
10928.1005859375,-46.287761304684516,-50.06272463549431,-46.10429706294115,-47.39643590881965,-45.23404626901943
10938.8671875,-46.732186468648024,-50.43998846068322,-46.56194710080634,-47.90461424916094,-45.749152323901896
10949.6337890625,-47.30214352391766,-51.07493364099095,-47.08955555358197,-48.57352339234366,-46.39653737066325
10960.400390625,-47.990209586606575,-51.806766914543886,-47.743090884021974,-49.23757871465489,-47.06680099193698
10971.1669921875,-48.683133265088145,-52.71781022613253,-48.535632871525515,-50.07700445279566,-47.93055209051515
10981.93359375,-49.68785561087314,-53.64273512131961,-49.77314883402028,-51.227224698577594,-49.166710291903286
10992.7001953125,-50.77551850099862,-54.583107727863215,-51.13907159490621,-52.48375613299075,-50.59945232505503
11003.466796875,-51.9955890343442,-55.69844040052303,-52.59567851506722,-53.90861267043561,-52.16854719625836
11014.2333984375,-53.12538006948655,-56.8352703834935,-54.097906611895695,-55.46456193654984,-53.734659582268385
11025.0,-54.323477559499295,-57.80817178461545,-55.77184969149632,-57.05393943974248,-55.54986087808366
