,V6,V8,inline-4,inline-6,single-cylinder
V6,0.0,45.487103,48.78683,50.039337,61.525276
V8,45.487103,0.0,22.045881,28.324125,28.461645
inline-4,48.78683,22.045881,0.0,22.133297,33.0514
inline-6,50.039337,28.324125,22.133297,0.0,27.79507
single-cylinder,61.525276,28.461645,33.0514,27.79507,0.0
