{
  "overall": 0.288135593220339,
  "macro": 0.2951418026418026
}