,precision,recall,f1-score,support
V6,0.5,0.0625,0.1111111111111111,16.0
V8,0.25,0.4,0.3076923076923077,10.0
inline-4,0.4666666666666667,0.5384615384615384,0.5,13.0
inline-6,0.2857142857142857,0.36363636363636365,0.32,11.0
single-cylinder,0.08333333333333333,0.1111111111111111,0.09523809523809523,9.0
accuracy,0.288135593220339,0.288135593220339,0.288135593220339,0.288135593220339
macro avg,0.3171428571428571,0.2951418026418026,0.26680830280830287,59.0
weighted avg,0.346771589991929,0.288135593220339,0.2666414188448087,59.0
