class,EVR_at_5,test_recon_MSE,n_train_clips
V6,0.9603493809700012,669.0641479492188,38
V8,0.9551283717155457,646.3671264648438,50
inline-4,0.9504280686378479,792.2744750976562,47
inline-6,0.9511240720748901,983.8153686523438,49
single-cylinder,0.9486508369445801,1014.6441040039062,50
