class,r,median_deg,p25_deg,p75_deg,n_train_clips
V6,5,13.045442581176758,11.611927509307861,17.788984775543213,38
V8,5,18.69607448577881,12.91254997253418,24.791962146759033,50
inline-4,5,30.977737426757812,21.07606029510498,40.00944900512695,47
inline-6,5,28.59772300720215,20.88975238800049,50.33535861968994,49
single-cylinder,5,14.286438465118408,11.820114135742188,17.128339767456055,50
