class,theta_max_deg
V6,12.6669282913208
V6,11.831232070922852
V6,10.33009147644043
V6,11.694282531738281
V6,17.562152862548828
V6,11.873100280761719
V6,9.497196197509766
V6,24.605852127075195
V6,19.804645538330078
V6,28.298656463623047
V6,21.98141098022461
V6,28.97415542602539
V6,9.522456169128418
V6,19.67760467529297
V6,19.140932083129883
V6,10.023776054382324
V6,11.340691566467285
V6,13.46751594543457
V6,14.540306091308594
V6,11.9243803024292
V6,19.485136032104492
V6,17.638885498046875
V6,7.67910099029541
V6,7.434476852416992
V6,10.901704788208008
V6,25.742734909057617
V6,11.823033332824707
V6,12.187898635864258
V6,8.349860191345215
V6,10.41533088684082
V6,13.081123352050781
V6,25.137636184692383
V6,37.79335021972656
V6,7.994729042053223
V6,6.795089244842529
V6,28.190279006958008
V6,17.992733001708984
V6,16.049522399902344
V6,15.624939918518066
V6,10.590669631958008
V6,22.409482955932617
V6,10.119193077087402
V6,9.334372520446777
V6,13.040730476379395
V6,16.064302444458008
V6,7.861397743225098
V6,26.195878982543945
V6,28.77893829345703
V6,15.88864803314209
V6,40.59587097167969
V6,6.307670593261719
V6,55.215553283691406
V6,11.106152534484863
V6,23.47406768798828
V6,16.952774047851562
V6,11.21717357635498
V6,9.498541831970215
V6,12.96672534942627
V6,9.637207984924316
V6,17.653024673461914
V6,15.744491577148438
V6,11.746902465820312
V6,12.650923728942871
V6,19.85997772216797
V6,13.375855445861816
V6,10.201509475708008
V6,9.256163597106934
V6,11.187676429748535
V6,9.710655212402344
V6,11.215628623962402
V6,8.141600608825684
V6,19.45404052734375
V6,15.896803855895996
V6,25.84857749938965
V6,32.225074768066406
V6,27.967941284179688
V6,14.60969352722168
V6,11.017745018005371
V6,12.485806465148926
V6,13.111899375915527
V6,9.182817459106445
V6,15.063667297363281
V6,8.986205101013184
V6,29.27739906311035
V6,14.529787063598633
V6,20.365646362304688
V6,18.96779441833496
V6,9.780882835388184
V6,24.564096450805664
V6,28.423168182373047
V6,7.663316249847412
V6,28.20195198059082
V6,14.021130561828613
V6,13.347052574157715
V6,40.9267692565918
V6,25.5477294921875
V6,9.194686889648438
V6,23.79892349243164
V6,24.983293533325195
V6,16.473678588867188
V6,11.393245697021484
V6,12.79065990447998
V6,10.506499290466309
V6,21.31220817565918
V6,15.666157722473145
V6,20.608753204345703
V6,15.928703308105469
V6,14.075716972351074
V6,14.220171928405762
V6,14.268887519836426
V6,40.76009750366211
V6,13.431587219238281
V6,10.44965648651123
V6,33.91489791870117
V6,12.471597671508789
V6,9.496575355529785
V6,7.481782913208008
V6,20.99773597717285
V6,29.185611724853516
V6,30.90233612060547
V6,13.18200397491455
V6,31.81584930419922
V6,19.566001892089844
V6,11.411763191223145
V6,17.084321975708008
V6,19.641427993774414
V6,18.798294067382812
V6,10.635912895202637
V6,21.591861724853516
V6,17.927932739257812
V6,11.263864517211914
V6,8.316020965576172
V6,10.567008018493652
V6,17.13786506652832
V6,14.391358375549316
V6,18.139856338500977
V6,45.29428482055664
V6,9.35094928741455
V6,10.344270706176758
V6,9.830033302307129
V6,15.360660552978516
V6,19.52308464050293
V6,7.958182334899902
V6,22.133724212646484
V6,19.875131607055664
V6,8.349624633789062
V6,26.822114944458008
V6,11.744117736816406
V6,28.41665267944336
V6,17.767276763916016
V6,12.874567985534668
V6,11.62199878692627
V6,10.140958786010742
V6,17.494482040405273
V6,25.239831924438477
V6,20.8807315826416
V6,24.18916893005371
V6,9.022602081298828
V6,9.81832504272461
V6,12.09497356414795
V6,6.943395137786865
V6,9.668816566467285
V6,13.483373641967773
V6,36.2811279296875
V6,15.476420402526855
V6,5.938315391540527
V6,17.0325870513916
V6,9.64383602142334
V6,19.988754272460938
V6,20.121782302856445
V6,19.982158660888672
V6,14.491254806518555
V6,30.052305221557617
V6,8.625457763671875
V6,20.641366958618164
V6,12.493796348571777
V6,16.507930755615234
V6,10.614557266235352
V6,13.821195602416992
V6,7.6002116203308105
V6,29.78375816345215
V6,17.77992820739746
V6,11.635926246643066
V6,13.09831428527832
V6,8.086870193481445
V6,19.276090621948242
V6,12.801068305969238
V6,18.707862854003906
V6,9.562091827392578
V6,9.824570655822754
V6,30.533945083618164
V6,21.836240768432617
V6,9.962156295776367
V6,13.594111442565918
V6,18.444530487060547
V6,26.789369583129883
V6,8.865056037902832
V6,16.9967098236084
V6,25.634281158447266
V6,24.2587833404541
V6,7.250792503356934
V6,11.363142967224121
V6,10.460683822631836
V6,11.301636695861816
V6,8.474146842956543
V6,9.253148078918457
V6,14.13984489440918
V6,8.607016563415527
V6,11.584968566894531
V6,13.504916191101074
V6,20.976337432861328
V6,20.412372589111328
V6,16.861637115478516
V6,15.826432228088379
V6,20.894601821899414
V6,40.65721130371094
V6,26.186437606811523
V6,10.194835662841797
V6,8.03536319732666
V6,12.805846214294434
V6,22.986873626708984
V6,14.510990142822266
V6,12.885552406311035
V6,16.572982788085938
V6,11.363940238952637
V6,20.726036071777344
V6,14.919672966003418
V6,9.130346298217773
V6,19.440717697143555
V6,13.788792610168457
V6,5.707189559936523
V6,10.732381820678711
V6,14.070576667785645
V6,12.195208549499512
V6,17.64812469482422
V6,11.94556713104248
V6,23.853788375854492
V6,13.494895935058594
V6,18.761112213134766
V6,8.890349388122559
V6,25.815690994262695
V6,14.2582426071167
V6,12.726469993591309
V6,6.42663049697876
V6,14.528928756713867
V6,16.586793899536133
V6,11.470609664916992
V6,42.3556022644043
V6,13.230168342590332
V6,5.810990810394287
V6,22.019672393798828
V6,9.123822212219238
V6,11.53768253326416
V6,22.874767303466797
V6,21.41645050048828
V6,24.631248474121094
V6,40.239933013916016
V6,39.46114730834961
V6,12.932574272155762
V6,15.08524227142334
V6,23.191354751586914
V6,11.235066413879395
V6,15.317242622375488
V6,9.904725074768066
V6,12.033126831054688
V6,10.130266189575195
V6,12.123056411743164
V6,11.628355026245117
V6,9.730719566345215
V6,7.661728382110596
V6,18.051015853881836
V6,17.326452255249023
V6,14.601311683654785
V6,15.31620979309082
V6,12.660416603088379
V6,11.485883712768555
V6,12.180795669555664
V6,26.241323471069336
V6,14.549497604370117
V6,14.899190902709961
V6,10.580909729003906
V6,15.668081283569336
V6,15.256767272949219
V6,10.399848937988281
V6,8.520140647888184
V6,8.970077514648438
V6,16.844863891601562
V6,17.91675567626953
V6,42.79392623901367
V6,11.095403671264648
V6,7.8457770347595215
V6,17.522802352905273
V6,8.228004455566406
V6,6.801003456115723
V6,10.98875904083252
V6,16.711450576782227
V6,14.80242919921875
V6,42.03506088256836
V6,7.124142169952393
V6,32.0400505065918
V6,15.60594654083252
V6,11.915236473083496
V6,28.600875854492188
V6,11.047475814819336
V6,16.638826370239258
V6,20.209909439086914
V6,14.378244400024414
V6,9.233375549316406
V6,14.639396667480469
V6,11.817014694213867
V6,16.423686981201172
V6,14.917045593261719
V6,15.398967742919922
V6,18.019237518310547
V6,20.634138107299805
V6,15.703498840332031
V6,18.9593563079834
V6,11.826333999633789
V6,7.009861469268799
V6,9.409388542175293
V6,8.756093978881836
V6,10.489461898803711
V6,13.312451362609863
V6,14.066545486450195
V6,9.642999649047852
V6,13.96721076965332
V6,12.732048988342285
V6,21.513744354248047
V6,11.411124229431152
V6,28.919780731201172
V6,20.95988655090332
V6,8.271963119506836
V6,7.416614055633545
V6,15.140636444091797
V6,9.895727157592773
V6,30.146961212158203
V6,10.441839218139648
V6,20.106159210205078
V6,18.077669143676758
V6,8.384735107421875
V6,43.921630859375
V6,22.538728713989258
V6,9.61423110961914
V6,13.206795692443848
V6,14.614580154418945
V6,8.526177406311035
V6,9.572919845581055
V6,13.610897064208984
V6,10.631674766540527
V6,11.29999828338623
V6,15.142178535461426
V6,17.460073471069336
V6,10.267627716064453
V6,25.659015655517578
V6,7.74247932434082
V6,13.229705810546875
V6,15.591328620910645
V6,12.599143028259277
V6,10.18802261352539
V6,18.85074806213379
V6,19.939050674438477
V6,8.565064430236816
V6,18.918657302856445
V6,9.203274726867676
V6,19.537090301513672
V6,4.760903358459473
V6,18.83652687072754
V6,10.14216136932373
V6,31.383811950683594
V6,7.150638580322266
V6,10.416029930114746
V6,7.570122718811035
V6,14.259892463684082
V6,10.262395858764648
V6,6.369228839874268
V6,10.055061340332031
V6,8.418672561645508
V6,7.594761848449707
V6,14.39049243927002
V6,16.537412643432617
V6,15.249757766723633
V6,8.219792366027832
V6,10.695696830749512
V6,12.077014923095703
V6,9.435006141662598
V6,10.15615463256836
V6,9.969003677368164
V6,18.77821159362793
V6,10.744056701660156
V6,12.956082344055176
V6,13.117273330688477
V6,11.5868558883667
V6,25.71429443359375
V6,27.07276153564453
V6,8.508169174194336
V6,19.00334930419922
V6,24.540992736816406
V6,10.484283447265625
V6,11.361063003540039
V6,22.933427810668945
V6,8.198075294494629
V6,10.74938678741455
V6,31.14272117614746
V6,10.848596572875977
V6,14.269330978393555
V6,9.437942504882812
V6,11.278121948242188
V6,11.224263191223145
V6,21.67226219177246
V6,28.5246639251709
V6,19.49749183654785
V6,13.559501647949219
V6,15.444355010986328
V6,19.249174118041992
V6,16.510887145996094
V6,21.365299224853516
V6,13.019478797912598
V6,15.832841873168945
V6,43.45766067504883
V6,17.175827026367188
V6,20.129146575927734
V6,12.631698608398438
V6,17.337995529174805
V6,13.042561531066895
V6,21.362777709960938
V6,7.372592926025391
V6,13.501874923706055
V6,14.50968074798584
V6,19.03139305114746
V6,18.611553192138672
V6,15.797342300415039
V6,12.898165702819824
V6,16.953323364257812
V6,48.55230712890625
V6,15.578426361083984
V6,6.349372386932373
V6,24.753873825073242
V6,16.844039916992188
V6,42.032493591308594
V6,11.821016311645508
V6,11.94162368774414
V6,11.620354652404785
V6,20.4210262298584
V6,5.146393775939941
V6,8.191102027893066
V6,18.83856773376465
V6,25.579566955566406
V6,7.114608287811279
V6,9.677638053894043
V6,8.330012321472168
V6,12.441975593566895
V6,13.245931625366211
V6,21.017168045043945
V6,12.858587265014648
V6,12.366840362548828
V6,26.680835723876953
V6,15.848843574523926
V6,14.542576789855957
V6,9.3154878616333
V6,14.420760154724121
V6,11.25559139251709
V6,12.750707626342773
V6,16.226009368896484
V6,14.173036575317383
V6,26.045223236083984
V6,13.55622386932373
V6,13.268656730651855
V6,13.331244468688965
V6,42.378726959228516
V6,9.588248252868652
V6,22.43526840209961
V6,13.69670295715332
V6,13.286099433898926
V6,13.204239845275879
V6,15.607558250427246
V6,13.88286018371582
V6,9.516158103942871
V6,12.011747360229492
V6,14.879030227661133
V6,8.92321491241455
V6,14.335535049438477
V6,13.653179168701172
V6,12.731103897094727
V6,12.661538124084473
V6,30.95758056640625
V6,17.839420318603516
V6,15.796162605285645
V6,7.716681480407715
V6,9.062865257263184
V6,14.002300262451172
V6,24.093191146850586
V6,16.27337646484375
V6,9.67473316192627
V6,27.518905639648438
V6,17.537872314453125
V6,24.438753128051758
V6,9.96679401397705
V6,8.296401023864746
V6,12.914463996887207
V6,33.261470794677734
V6,13.84062385559082
V6,10.05126667022705
V6,11.619218826293945
V6,8.21996021270752
V6,24.61273193359375
V6,15.329455375671387
V6,23.71446418762207
V6,9.240906715393066
V6,10.134245872497559
V6,10.705059051513672
V6,18.982467651367188
V6,10.88847827911377
V6,13.475534439086914
V6,13.638775825500488
V6,20.367488861083984
V6,17.377214431762695
V6,7.29202127456665
V6,11.147120475769043
V6,9.20899486541748
V6,6.518154621124268
V6,7.396559238433838
V6,7.338902950286865
V6,7.843700885772705
V6,28.770404815673828
V6,14.451815605163574
V6,7.563302040100098
V6,13.385505676269531
V6,20.99481964111328
V6,7.429671764373779
V6,14.57313346862793
V6,7.180234909057617
V6,5.811193466186523
V6,8.44347858428955
V6,12.436220169067383
V6,23.556299209594727
V6,13.444753646850586
V6,19.29343032836914
V6,17.566726684570312
V6,11.050077438354492
V6,12.179677963256836
V6,9.79916000366211
V6,10.475064277648926
V6,9.52276611328125
V6,9.861967086791992
V6,11.388784408569336
V6,13.445650100708008
V6,19.01249122619629
V6,28.627988815307617
V6,23.922040939331055
V6,38.52810287475586
V6,11.760431289672852
V6,10.539318084716797
V6,9.521134376525879
V6,9.428628921508789
V6,29.244888305664062
V6,10.055355072021484
V6,27.659801483154297
V6,11.00637435913086
V6,9.881528854370117
V6,20.918413162231445
V6,8.609001159667969
V6,20.50007438659668
V6,9.43065071105957
V6,13.182093620300293
V6,12.579181671142578
V6,21.951629638671875
V6,13.933170318603516
V6,16.04560661315918
V6,17.21100616455078
V6,11.662614822387695
V6,8.595941543579102
V6,11.555017471313477
V6,18.824018478393555
V6,13.340911865234375
V6,11.803732872009277
V6,14.151750564575195
V6,9.266837120056152
V6,11.96933650970459
V6,17.420076370239258
V6,14.433932304382324
V6,10.651111602783203
V6,11.343469619750977
V6,20.252344131469727
V6,5.746240139007568
V6,7.7278900146484375
V6,33.3162956237793
V6,45.20661544799805
V6,28.421770095825195
V6,15.221348762512207
V6,11.662834167480469
V6,22.712453842163086
V6,10.385725975036621
V6,22.131465911865234
V6,21.204330444335938
V6,19.246150970458984
V6,13.381979942321777
V6,32.42765426635742
V6,11.195541381835938
V6,9.49046802520752
V6,11.875506401062012
V6,15.901716232299805
V6,11.70455551147461
V6,24.130783081054688
V6,14.909747123718262
V6,10.761775016784668
V6,8.750640869140625
V6,16.512365341186523
V6,8.662836074829102
V6,9.127052307128906
V6,17.436063766479492
V6,12.166414260864258
V6,9.940082550048828
V6,27.253217697143555
V6,10.785507202148438
V6,29.078561782836914
V6,12.75898265838623
V6,12.704608917236328
V6,15.757614135742188
V6,30.220500946044922
V6,11.451635360717773
V6,11.475056648254395
V6,9.85494613647461
V6,14.188941955566406
V6,23.5213565826416
V6,7.187117576599121
V6,12.261460304260254
V6,12.971929550170898
V6,17.60794448852539
V6,14.532835006713867
V6,12.960637092590332
V6,15.918034553527832
V6,10.837940216064453
V6,23.077190399169922
V6,31.917749404907227
V6,25.867847442626953
V6,22.790267944335938
V6,16.627206802368164
V6,14.927881240844727
V6,14.425544738769531
V6,6.084472179412842
V6,15.523944854736328
V6,15.345105171203613
V6,20.918832778930664
V6,7.886874675750732
V6,11.59209156036377
V6,15.411142349243164
V6,13.371721267700195
V6,38.782657623291016
V6,5.808798313140869
V6,8.131924629211426
V6,17.9468936920166
V6,19.019105911254883
V6,15.63080883026123
V6,22.169588088989258
V6,11.885310173034668
V6,12.901132583618164
V6,15.459580421447754
V6,20.644447326660156
V6,7.354953765869141
V6,16.105249404907227
V6,11.231437683105469
V6,6.072410583496094
V6,13.689577102661133
V6,8.456632614135742
V6,8.847176551818848
V6,11.36080265045166
V6,11.441981315612793
V6,8.789144515991211
V6,11.771636009216309
V6,11.656447410583496
V6,14.3294095993042
V6,41.21539306640625
V6,20.542129516601562
V6,23.269271850585938
V6,7.641080856323242
V6,23.917617797851562
V6,6.786800384521484
V6,11.414870262145996
V6,11.659235954284668
V6,18.344934463500977
V6,32.20621871948242
V6,16.16485023498535
V6,32.963218688964844
V6,12.791276931762695
V6,18.104930877685547
V6,19.90439224243164
V6,13.446927070617676
V6,11.410175323486328
V6,6.043610095977783
V6,10.413990020751953
V6,15.60877799987793
V6,19.43448829650879
V6,12.534648895263672
V6,7.282840728759766
V6,13.167649269104004
V6,15.783536911010742
V6,20.347049713134766
V6,8.318995475769043
V6,8.291642189025879
V6,9.789644241333008
V6,7.481048583984375
V6,12.482694625854492
V6,24.678495407104492
V6,13.026905059814453
V6,12.094566345214844
V6,17.245967864990234
V6,6.718809604644775
V6,16.002639770507812
V6,14.929459571838379
V6,9.345020294189453
V6,24.536388397216797
V6,25.733131408691406
V6,19.430072784423828
V6,18.423049926757812
V6,9.027739524841309
V6,14.16746997833252
V6,23.63310432434082
V6,13.906609535217285
V6,12.00153636932373
V6,9.597572326660156
V6,14.853113174438477
V6,7.6012187004089355
V6,11.643340110778809
V6,24.640613555908203
V6,32.230628967285156
V6,14.456043243408203
V6,18.085283279418945
V6,10.857392311096191
V6,12.46515941619873
V6,8.984369277954102
V6,5.591246128082275
V6,9.589396476745605
V6,17.481708526611328
V6,8.963109970092773
V6,19.34639549255371
V6,14.491950988769531
V6,18.99464225769043
V6,25.723581314086914
V6,41.13981246948242
V6,10.361828804016113
V6,20.823944091796875
V6,7.798075199127197
V6,13.130719184875488
V6,8.027393341064453
V6,6.530597686767578
V6,16.167070388793945
V6,21.18317222595215
V6,8.161879539489746
V6,22.46608543395996
V6,15.389022827148438
V6,16.87191390991211
V6,18.775102615356445
V6,17.227779388427734
V6,12.024802207946777
V6,22.52097511291504
V6,8.408191680908203
V6,14.694695472717285
V6,11.04170036315918
V6,5.847742080688477
V6,8.420865058898926
V6,10.263508796691895
V6,8.773305892944336
V6,7.857252597808838
V6,12.154677391052246
V6,20.256427764892578
V6,26.639028549194336
V6,32.81110763549805
V6,10.666177749633789
V6,16.98097801208496
V6,11.238028526306152
V6,13.29196834564209
V6,11.922182083129883
V6,13.805919647216797
V6,18.614912033081055
V6,7.668923377990723
V6,17.553775787353516
V6,12.095527648925781
V6,38.777015686035156
V6,22.933391571044922
V6,9.480064392089844
V6,17.459434509277344
V6,31.17338752746582
V6,10.623823165893555
V6,12.558905601501465
V6,14.525511741638184
V6,27.510944366455078
V6,13.207304000854492
V6,7.752865314483643
V6,11.326337814331055
V6,20.730812072753906
V6,48.372676849365234
V6,10.354859352111816
V6,9.927115440368652
V6,15.670862197875977
V6,24.575166702270508
V6,17.621227264404297
V6,24.055727005004883
V6,34.14916229248047
V6,9.13279914855957
V6,13.405450820922852
V6,13.855419158935547
V6,12.42019271850586
V6,26.228042602539062
V6,12.658921241760254
V6,17.301057815551758
V6,19.80010986328125
V6,11.6798677444458
V6,11.901432991027832
V6,17.436906814575195
V6,24.081811904907227
V6,8.022526741027832
V6,15.32880973815918
V6,23.112598419189453
V6,11.201133728027344
V6,10.441481590270996
V6,12.505109786987305
V6,34.913177490234375
V6,18.94510841369629
V6,13.468469619750977
V6,13.051304817199707
V6,31.472694396972656
V6,9.634718894958496
V6,12.405640602111816
V6,6.8529462814331055
V6,13.329999923706055
V6,24.41180419921875
V6,8.8212251663208
V6,25.078369140625
V6,8.165294647216797
V6,19.028722763061523
V6,16.09633445739746
V6,23.225740432739258
V6,10.377614974975586
V6,11.019209861755371
V6,39.467098236083984
V6,14.856575965881348
V6,10.630675315856934
V6,14.577719688415527
V6,28.073158264160156
V6,26.447790145874023
V6,10.402288436889648
V6,12.377775192260742
V6,23.479341506958008
V6,13.03691577911377
V6,13.488733291625977
V6,9.744389533996582
V6,14.352641105651855
V6,14.05899715423584
V6,14.041173934936523
V6,24.53844451904297
V6,14.524109840393066
V6,13.913484573364258
V6,15.601286888122559
V6,21.988725662231445
V6,9.113996505737305
V6,9.252872467041016
V6,14.373126983642578
V6,9.561145782470703
V6,20.134117126464844
V6,29.5882511138916
V6,18.19060707092285
V6,12.394428253173828
V6,5.6577301025390625
V6,7.738827705383301
V6,14.341919898986816
V6,8.424385070800781
V6,39.95322036743164
V6,8.09349536895752
V6,8.289605140686035
V6,26.535400390625
V6,17.033100128173828
V6,10.661620140075684
V6,6.6041717529296875
V6,12.61502456665039
V6,13.876310348510742
V6,9.546619415283203
V6,15.92018985748291
V6,9.906035423278809
V6,8.48003101348877
V6,12.045636177062988
V6,7.811076641082764
V6,27.271833419799805
V6,12.273738861083984
V6,24.34055519104004
V6,23.85298728942871
V6,10.284303665161133
V6,38.28327560424805
V6,11.10423755645752
V6,21.307809829711914
V6,9.341255187988281
V6,11.318161964416504
V6,15.388277053833008
V6,8.228196144104004
V6,17.468765258789062
V6,7.054938316345215
V6,11.979031562805176
V6,28.109363555908203
V6,24.86147689819336
V6,11.128840446472168
V6,10.329158782958984
V6,18.374412536621094
V6,11.059428215026855
V6,12.716341972351074
V6,38.6602668762207
V6,11.805335998535156
V6,16.914350509643555
V6,7.848604202270508
V6,6.915797233581543
V6,11.555222511291504
V6,27.886938095092773
V6,19.181438446044922
V6,19.373180389404297
V6,23.2803955078125
V6,18.20252799987793
V6,11.723243713378906
V6,14.939873695373535
V6,10.163898468017578
V6,12.64863109588623
V6,8.80916976928711
V6,29.41323471069336
V6,13.902460098266602
V6,23.26921272277832
V6,16.62816047668457
V6,12.64644718170166
V6,9.377961158752441
V6,18.066648483276367
V6,29.090070724487305
V6,11.4918851852417
V6,10.159872055053711
V6,12.176440238952637
V6,10.211377143859863
V6,8.937471389770508
V6,11.080166816711426
V6,10.784540176391602
V6,10.108282089233398
V6,9.590092658996582
V6,27.48445701599121
V6,15.126297950744629
V6,17.271175384521484
V6,18.25623893737793
V6,17.59671974182129
V6,14.81400203704834
V6,18.155996322631836
V6,7.586126804351807
V6,10.896105766296387
V6,15.734685897827148
V6,12.59510326385498
V6,10.664166450500488
V6,3.9600744247436523
V6,9.15716552734375
V6,7.727178573608398
V6,23.458717346191406
V6,10.39700984954834
V6,27.57341957092285
V6,7.692864894866943
V6,11.552135467529297
V6,13.111614227294922
V6,18.945327758789062
V6,46.04427719116211
V6,17.109994888305664
V6,5.596710681915283
V6,10.453121185302734
V6,20.261388778686523
V6,13.93298625946045
V6,9.018310546875
V6,28.892778396606445
V6,7.410208225250244
V6,42.167625427246094
V6,12.387203216552734
V6,15.810532569885254
V6,11.020550727844238
V6,15.472694396972656
V6,10.670181274414062
V6,31.470077514648438
V6,9.063081741333008
V6,12.63522720336914
V6,9.367623329162598
V6,10.65665340423584
V6,41.490787506103516
V6,17.411828994750977
V6,24.595417022705078
V6,11.854146003723145
V6,20.761219024658203
V6,12.742318153381348
V6,12.96031665802002
V6,21.370512008666992
V6,7.028641223907471
V6,9.907563209533691
V6,9.195199966430664
V6,10.504045486450195
V6,15.36359977722168
V6,14.429424285888672
V6,30.030263900756836
V6,9.156221389770508
V6,8.677448272705078
V6,16.492395401000977
V6,7.978851318359375
V6,11.420839309692383
V6,17.953609466552734
V6,13.327897071838379
V8,10.32953929901123
V8,15.389087677001953
V8,9.284740447998047
V8,21.705020904541016
V8,16.39792823791504
V8,46.453914642333984
V8,15.419378280639648
V8,15.529876708984375
V8,10.695714950561523
V8,17.58540916442871
V8,14.483979225158691
V8,10.740649223327637
V8,28.285484313964844
V8,29.383075714111328
V8,18.72106170654297
V8,11.636077880859375
V8,17.879451751708984
V8,27.85268211364746
V8,9.34030818939209
V8,16.747814178466797
V8,17.382827758789062
V8,7.219364643096924
V8,10.23414134979248
V8,7.205165386199951
V8,12.423797607421875
V8,11.726823806762695
V8,50.437007904052734
V8,11.567337036132812
V8,16.515056610107422
V8,21.096553802490234
V8,13.436570167541504
V8,21.53797149658203
V8,16.36078453063965
V8,5.891522407531738
V8,12.685649871826172
V8,12.433952331542969
V8,15.859993934631348
V8,16.944644927978516
V8,12.855334281921387
V8,13.70441722869873
V8,10.835761070251465
V8,10.81694221496582
V8,9.263379096984863
V8,14.453142166137695
V8,16.887731552124023
V8,15.348588943481445
V8,12.659855842590332
V8,13.430116653442383
V8,14.54738998413086
V8,8.023822784423828
V8,12.506734848022461
V8,8.983165740966797
V8,11.924644470214844
V8,6.946361064910889
V8,17.81828498840332
V8,9.335993766784668
V8,9.43696403503418
V8,11.553534507751465
V8,9.515807151794434
V8,10.802083969116211
V8,14.444875717163086
V8,14.726286888122559
V8,11.456140518188477
V8,10.238272666931152
V8,12.70422077178955
V8,24.653453826904297
V8,7.648807525634766
V8,6.818514823913574
V8,18.52924919128418
V8,10.881407737731934
V8,11.048563003540039
V8,15.224312782287598
V8,16.005054473876953
V8,9.977049827575684
V8,6.895232677459717
V8,9.550901412963867
V8,8.892448425292969
V8,10.548724174499512
V8,13.247452735900879
V8,6.956942081451416
V8,17.417842864990234
V8,22.3308162689209
V8,14.436945915222168
V8,45.40317916870117
V8,14.700039863586426
V8,20.837121963500977
V8,15.596055030822754
V8,9.017984390258789
V8,20.373817443847656
V8,9.684847831726074
V8,12.55691146850586
V8,17.601566314697266
V8,25.447317123413086
V8,11.799674987792969
V8,10.49887466430664
V8,16.617645263671875
V8,15.914324760437012
V8,13.596362113952637
V8,14.580827713012695
V8,12.413808822631836
V8,11.835660934448242
V8,16.92367935180664
V8,15.981504440307617
V8,16.764055252075195
V8,11.196069717407227
V8,14.07080078125
V8,14.43486499786377
V8,14.99300765991211
V8,15.286067962646484
V8,17.341020584106445
V8,7.43252420425415
V8,15.788168907165527
V8,8.519841194152832
V8,11.120574951171875
V8,21.509645462036133
V8,9.11634635925293
V8,12.524763107299805
V8,18.513553619384766
V8,8.180092811584473
V8,16.969314575195312
V8,25.96076011657715
V8,13.09015941619873
V8,21.865007400512695
V8,11.184331893920898
V8,16.030773162841797
V8,10.998805046081543
V8,14.441725730895996
V8,16.732067108154297
V8,25.71335792541504
V8,16.3804874420166
V8,12.336075782775879
V8,14.886860847473145
V8,12.92007064819336
V8,35.60719299316406
V8,12.136594772338867
V8,18.470796585083008
V8,16.548133850097656
V8,20.293867111206055
V8,7.1492390632629395
V8,20.539209365844727
V8,13.084609031677246
V8,10.841989517211914
V8,13.11385726928711
V8,12.915839195251465
V8,18.373178482055664
V8,18.13123321533203
V8,17.174890518188477
V8,16.821443557739258
V8,10.437447547912598
V8,8.404850959777832
V8,20.50577735900879
V8,10.830745697021484
V8,9.15113353729248
V8,9.992334365844727
V8,22.28864097595215
V8,14.076447486877441
V8,8.578055381774902
V8,11.371044158935547
V8,7.926794528961182
V8,12.667799949645996
V8,13.844605445861816
V8,16.481842041015625
V8,11.296163558959961
V8,19.369586944580078
V8,23.530254364013672
V8,7.962818622589111
V8,14.024991989135742
V8,18.506593704223633
V8,16.014131546020508
V8,17.301366806030273
V8,9.387429237365723
V8,15.68769359588623
V8,21.519237518310547
V8,11.671683311462402
V8,8.078393936157227
V8,8.036046981811523
V8,9.518553733825684
V8,17.402442932128906
V8,12.843754768371582
V8,8.469255447387695
V8,16.06920051574707
V8,20.59348487854004
V8,21.6991024017334
V8,7.420608043670654
V8,11.080930709838867
V8,10.080126762390137
V8,23.86670684814453
V8,11.295831680297852
V8,9.249537467956543
V8,11.103315353393555
V8,13.73110294342041
V8,15.109956741333008
V8,19.254478454589844
V8,14.517748832702637
V8,5.0089111328125
V8,15.510528564453125
V8,9.834972381591797
V8,23.50211524963379
V8,17.712804794311523
V8,14.357738494873047
V8,15.187530517578125
V8,26.091386795043945
V8,9.83719253540039
V8,8.174715042114258
V8,10.860474586486816
V8,19.684478759765625
V8,8.256329536437988
V8,13.07987117767334
V8,13.811199188232422
V8,13.523139953613281
V8,16.607467651367188
V8,16.011829376220703
V8,9.836152076721191
V8,11.609481811523438
V8,25.19407844543457
V8,27.185504913330078
V8,11.883021354675293
V8,14.265714645385742
V8,7.450191497802734
V8,10.048917770385742
V8,8.524910926818848
V8,5.707086563110352
V8,10.186515808105469
V8,4.624189376831055
V8,10.748434066772461
V8,15.869675636291504
V8,9.660049438476562
V8,9.832193374633789
V8,10.365342140197754
V8,19.42460060119629
V8,9.75662899017334
V8,9.354059219360352
V8,14.741232872009277
V8,16.758808135986328
V8,8.517581939697266
V8,11.20565128326416
V8,14.84784984588623
V8,12.436426162719727
V8,10.659256935119629
V8,12.00749683380127
V8,24.950881958007812
V8,6.020373344421387
V8,9.691584587097168
V8,41.51155090332031
V8,13.107247352600098
V8,17.295063018798828
V8,16.69902229309082
V8,17.430877685546875
V8,16.11392593383789
V8,16.09135627746582
V8,22.326473236083984
V8,12.71316146850586
V8,16.850353240966797
V8,14.734413146972656
V8,17.509824752807617
V8,16.40200424194336
V8,9.994027137756348
V8,9.55225944519043
V8,15.141681671142578
V8,21.140905380249023
V8,13.396418571472168
V8,16.4852237701416
V8,11.58835220336914
V8,18.49085807800293
V8,15.038390159606934
V8,16.26512336730957
V8,10.869823455810547
V8,9.164201736450195
V8,11.588641166687012
V8,13.709317207336426
V8,11.006804466247559
V8,16.83783721923828
V8,32.635658264160156
V8,12.550249099731445
V8,7.971836090087891
V8,13.387054443359375
V8,10.454136848449707
V8,19.240461349487305
V8,16.30779266357422
V8,14.807576179504395
V8,17.687463760375977
V8,9.883021354675293
V8,12.61147403717041
V8,9.233353614807129
V8,22.21011734008789
V8,9.28097152709961
V8,13.700135231018066
V8,15.049101829528809
V8,11.740106582641602
V8,9.487422943115234
V8,13.052030563354492
V8,15.592026710510254
V8,13.97853946685791
V8,7.0595526695251465
V8,14.829019546508789
V8,13.966475486755371
V8,18.97785758972168
V8,12.04493236541748
V8,13.879570960998535
V8,10.795759201049805
V8,15.678850173950195
V8,10.817925453186035
V8,7.266658306121826
V8,21.29509925842285
V8,13.252816200256348
V8,6.4351983070373535
V8,12.844538688659668
V8,15.311671257019043
V8,14.446532249450684
V8,11.628032684326172
V8,12.73172378540039
V8,28.48283576965332
V8,11.129071235656738
V8,7.959736347198486
V8,11.657596588134766
V8,16.114295959472656
V8,9.583346366882324
V8,13.618905067443848
V8,18.031585693359375
V8,9.594949722290039
V8,13.683716773986816
V8,7.324639797210693
V8,9.500487327575684
V8,9.426440238952637
V8,22.39256477355957
V8,19.946260452270508
V8,28.169300079345703
V8,18.838207244873047
V8,9.758362770080566
V8,7.316250801086426
V8,11.809791564941406
V8,8.688488006591797
V8,9.746426582336426
V8,21.252695083618164
V8,14.314762115478516
V8,14.208517074584961
V8,19.753477096557617
V8,17.193201065063477
V8,21.260469436645508
V8,19.814208984375
V8,6.896114349365234
V8,12.840144157409668
V8,18.32441520690918
V8,17.492469787597656
V8,15.336224555969238
V8,15.609259605407715
V8,17.09210968017578
V8,25.35245132446289
V8,15.44753360748291
V8,8.007463455200195
V8,10.057134628295898
V8,7.860349655151367
V8,20.092506408691406
V8,25.916601181030273
V8,15.761449813842773
V8,9.344473838806152
V8,14.47504711151123
V8,11.939824104309082
V8,16.19524383544922
V8,10.920395851135254
V8,10.01278305053711
V8,14.76867961883545
V8,4.897690296173096
V8,7.563405990600586
V8,15.1276216506958
V8,29.557071685791016
V8,14.438370704650879
V8,7.1845784187316895
V8,18.544696807861328
V8,7.787420749664307
V8,14.9404296875
V8,12.615259170532227
V8,19.00337028503418
V8,6.513791084289551
V8,26.701356887817383
V8,13.030237197875977
V8,11.070869445800781
V8,14.409208297729492
V8,16.841339111328125
V8,11.484511375427246
V8,10.973053932189941
V8,8.19369125366211
V8,8.367010116577148
V8,18.158252716064453
V8,12.863373756408691
V8,17.836599349975586
V8,19.37592887878418
V8,13.309098243713379
V8,7.791805267333984
V8,11.421667098999023
V8,17.812557220458984
V8,16.01694107055664
V8,9.436380386352539
V8,21.74444580078125
V8,13.693428993225098
V8,7.0763163566589355
V8,18.393470764160156
V8,7.5080952644348145
V8,10.807694435119629
V8,38.7614631652832
V8,15.965482711791992
V8,15.419468879699707
V8,8.910171508789062
V8,20.159669876098633
V8,9.046937942504883
V8,9.915340423583984
V8,16.73187828063965
V8,8.171591758728027
V8,12.15363883972168
V8,9.764647483825684
V8,11.822517395019531
V8,14.429533958435059
V8,12.588022232055664
V8,18.6955623626709
V8,10.435505867004395
V8,14.586170196533203
V8,16.034976959228516
V8,11.523159980773926
V8,15.4468412399292
V8,11.821150779724121
V8,6.318448066711426
V8,18.944433212280273
V8,13.340216636657715
V8,10.663982391357422
V8,16.43641471862793
V8,7.343740463256836
V8,15.854181289672852
V8,8.73945426940918
V8,15.029926300048828
V8,14.559703826904297
V8,19.15713119506836
V8,10.141075134277344
V8,11.828832626342773
V8,26.71718406677246
V8,10.127275466918945
V8,14.885424613952637
V8,10.534256935119629
V8,12.564464569091797
V8,10.196976661682129
V8,15.105095863342285
V8,15.601286888122559
V8,9.129097938537598
V8,9.625614166259766
V8,10.532912254333496
V8,22.40145492553711
V8,19.084630966186523
V8,11.327136993408203
V8,13.968484878540039
V8,19.766611099243164
V8,15.902649879455566
V8,13.270859718322754
V8,14.685187339782715
V8,16.720094680786133
V8,11.118413925170898
V8,32.275962829589844
V8,7.419946670532227
V8,9.958009719848633
V8,7.830151557922363
V8,8.734575271606445
V8,10.994400978088379
V8,7.792208194732666
V8,14.410553932189941
V8,11.605306625366211
V8,14.636396408081055
V8,5.500535011291504
V8,9.639451026916504
V8,17.798429489135742
V8,6.887063980102539
V8,15.725666046142578
V8,14.4357271194458
V8,9.702654838562012
V8,20.044883728027344
V8,21.632925033569336
V8,10.326682090759277
V8,16.097097396850586
V8,10.422185897827148
V8,6.376428127288818
V8,15.237287521362305
V8,17.305925369262695
V8,15.261360168457031
V8,8.827191352844238
V8,10.608659744262695
V8,19.981109619140625
V8,15.494812965393066
V8,9.577272415161133
V8,15.908967971801758
V8,12.320160865783691
V8,12.357620239257812
V8,13.308134078979492
V8,63.371421813964844
V8,8.094392776489258
V8,9.003592491149902
V8,7.418676853179932
V8,8.149481773376465
V8,20.504364013671875
V8,6.850111961364746
V8,13.347156524658203
V8,20.71611213684082
V8,8.777827262878418
V8,17.226131439208984
V8,15.113245964050293
V8,12.236106872558594
V8,9.897733688354492
V8,13.929084777832031
V8,22.820234298706055
V8,19.097328186035156
V8,52.88188171386719
V8,14.403252601623535
V8,16.266136169433594
V8,12.400138854980469
V8,6.397916793823242
V8,21.533832550048828
V8,16.91477394104004
V8,17.60627555847168
V8,9.129313468933105
V8,23.306303024291992
V8,8.707862854003906
V8,12.909037590026855
V8,10.325481414794922
V8,16.181842803955078
V8,12.75296688079834
V8,13.89867877960205
V8,17.040069580078125
V8,11.961956977844238
V8,7.165383815765381
V8,11.42861557006836
V8,14.90673542022705
V8,10.242499351501465
V8,10.767315864562988
V8,15.317462921142578
V8,9.14565658569336
V8,11.97093391418457
V8,14.60309886932373
V8,11.125938415527344
V8,7.184523582458496
V8,13.939678192138672
V8,8.120182991027832
V8,16.563379287719727
V8,19.45343589782715
V8,9.304320335388184
V8,8.905826568603516
V8,12.55295181274414
V8,10.117443084716797
V8,19.677898406982422
V8,13.808066368103027
V8,8.624251365661621
V8,10.226064682006836
V8,10.001049041748047
V8,18.965272903442383
V8,13.515836715698242
V8,9.751770973205566
V8,15.134306907653809
V8,13.245976448059082
V8,6.181107521057129
V8,12.729337692260742
V8,17.78080177307129
V8,6.922799110412598
V8,11.726924896240234
V8,21.957347869873047
V8,48.39122009277344
V8,25.682815551757812
V8,17.03738784790039
V8,13.632314682006836
V8,9.799039840698242
V8,11.802847862243652
V8,10.721501350402832
V8,14.532700538635254
V8,11.981992721557617
V8,29.048290252685547
V8,11.65648078918457
V8,12.663735389709473
V8,9.06438159942627
V8,15.968947410583496
V8,11.220982551574707
V8,9.959609985351562
V8,10.34594440460205
V8,13.996286392211914
V8,8.820268630981445
V8,18.35400390625
V8,12.86029052734375
V8,15.91280460357666
V8,13.004386901855469
V8,6.048959732055664
V8,13.102412223815918
V8,11.191460609436035
V8,10.251349449157715
V8,10.914427757263184
V8,8.237425804138184
V8,12.543960571289062
V8,10.865730285644531
V8,11.959403038024902
V8,24.196277618408203
V8,24.94447135925293
V8,10.756232261657715
V8,8.384593963623047
V8,8.544861793518066
V8,22.022686004638672
V8,18.513036727905273
V8,13.152935028076172
V8,10.211146354675293
V8,14.176857948303223
V8,28.300350189208984
V8,12.608595848083496
V8,10.691720962524414
V8,19.05316734313965
V8,9.484770774841309
V8,11.64897346496582
V8,16.422128677368164
V8,7.363645553588867
V8,13.7205810546875
V8,16.39366912841797
V8,13.546706199645996
V8,5.994627952575684
V8,12.12477970123291
V8,14.619573593139648
V8,14.543704986572266
V8,20.052762985229492
V8,17.216222763061523
V8,13.008392333984375
V8,7.274134159088135
V8,10.765816688537598
V8,16.589725494384766
V8,11.61864185333252
V8,16.987701416015625
V8,18.488962173461914
V8,11.17325210571289
V8,9.045416831970215
V8,9.764102935791016
V8,17.29541778564453
V8,12.192621231079102
V8,18.9016170501709
V8,8.70612621307373
V8,14.686534881591797
V8,9.965728759765625
V8,13.71127700805664
V8,17.42827606201172
V8,13.80609130859375
V8,8.679779052734375
V8,18.332908630371094
V8,14.066277503967285
V8,15.41071891784668
V8,13.34974479675293
V8,16.902843475341797
V8,12.412712097167969
V8,11.114836692810059
V8,10.856595039367676
V8,17.64476776123047
V8,9.314115524291992
V8,17.06649398803711
V8,15.96753215789795
V8,12.656551361083984
V8,14.448366165161133
V8,9.456564903259277
V8,10.908004760742188
V8,20.365253448486328
V8,14.098320960998535
V8,27.75300407409668
V8,13.416082382202148
V8,12.392374992370605
V8,10.493288040161133
V8,12.407166481018066
V8,14.133426666259766
V8,14.9147367477417
V8,17.00272560119629
V8,18.843061447143555
V8,20.734033584594727
V8,11.63904094696045
V8,17.2125301361084
V8,15.427005767822266
V8,7.779654026031494
V8,12.111602783203125
V8,7.844802379608154
V8,9.935490608215332
V8,7.139711380004883
V8,10.455059051513672
V8,22.176538467407227
V8,6.285843849182129
V8,7.549798011779785
V8,8.493313789367676
V8,23.559818267822266
V8,13.529229164123535
V8,8.705652236938477
V8,14.848769187927246
V8,15.620766639709473
V8,13.156822204589844
V8,18.046640396118164
V8,27.835702896118164
V8,12.464289665222168
V8,11.042217254638672
V8,13.000015258789062
V8,12.873157501220703
V8,14.241774559020996
V8,22.691526412963867
V8,8.723098754882812
V8,27.37541389465332
V8,8.35061264038086
V8,8.544447898864746
V8,7.310455322265625
V8,14.258589744567871
V8,19.83175277709961
V8,12.832427024841309
V8,17.815671920776367
V8,13.619312286376953
V8,7.439173698425293
V8,16.4061279296875
V8,11.770530700683594
V8,19.672937393188477
V8,16.94827651977539
V8,12.551129341125488
V8,9.222536087036133
V8,13.522059440612793
V8,9.500321388244629
V8,11.303675651550293
V8,6.336668014526367
V8,11.70171070098877
V8,10.88520622253418
V8,9.630024909973145
V8,16.428844451904297
V8,15.049062728881836
V8,12.64707088470459
V8,24.407400131225586
V8,24.15310287475586
V8,17.020339965820312
V8,10.056020736694336
V8,15.553215980529785
V8,9.365567207336426
V8,29.686344146728516
V8,15.537363052368164
V8,12.767949104309082
V8,23.904197692871094
V8,6.232247829437256
V8,16.794775009155273
V8,17.452661514282227
V8,8.931269645690918
V8,10.36617660522461
V8,12.667426109313965
V8,15.295003890991211
V8,7.187745094299316
V8,10.282925605773926
V8,8.248930931091309
V8,9.327737808227539
V8,9.43062973022461
V8,13.115949630737305
V8,12.01148509979248
V8,16.117753982543945
V8,19.247962951660156
V8,20.101104736328125
V8,14.32609748840332
V8,22.691144943237305
V8,18.347732543945312
V8,15.914275169372559
V8,16.29741668701172
V8,11.576530456542969
V8,15.866053581237793
V8,23.813289642333984
V8,12.207019805908203
V8,11.079776763916016
V8,7.864818096160889
V8,13.744664192199707
V8,14.189332008361816
V8,25.094181060791016
V8,11.47675609588623
V8,12.305747032165527
V8,8.012731552124023
V8,15.440454483032227
V8,11.46043872833252
V8,9.003440856933594
V8,17.45236587524414
V8,11.047369003295898
V8,15.197774887084961
V8,11.446662902832031
V8,15.301101684570312
V8,9.019660949707031
V8,9.349079132080078
V8,10.138165473937988
V8,4.706568241119385
V8,11.58074951171875
V8,10.098607063293457
V8,8.514006614685059
V8,11.99014949798584
V8,16.120471954345703
V8,9.10813045501709
V8,5.889126300811768
V8,11.27703857421875
V8,11.848907470703125
V8,10.318296432495117
V8,16.318056106567383
V8,7.776449203491211
V8,5.40290641784668
V8,6.41196870803833
V8,10.509308815002441
V8,8.256020545959473
V8,9.412856101989746
V8,10.708606719970703
V8,8.589679718017578
V8,17.176891326904297
V8,15.49422550201416
V8,12.815503120422363
V8,14.707898139953613
V8,15.21088695526123
V8,17.325912475585938
V8,13.458597183227539
V8,14.06141471862793
V8,13.391862869262695
V8,13.67360782623291
V8,10.749551773071289
V8,16.297622680664062
V8,8.714334487915039
V8,11.04613971710205
V8,18.4305477142334
V8,7.566959381103516
V8,6.303286552429199
V8,19.47113609313965
V8,12.632728576660156
V8,11.364875793457031
V8,23.997760772705078
V8,6.924697399139404
V8,10.873137474060059
V8,12.31587028503418
V8,10.574305534362793
V8,19.068069458007812
V8,21.255861282348633
V8,17.122875213623047
V8,13.169464111328125
V8,15.518202781677246
V8,13.961621284484863
V8,12.911988258361816
V8,8.78274917602539
V8,13.747408866882324
V8,6.979265213012695
V8,10.50543212890625
V8,14.194443702697754
V8,13.366847038269043
V8,24.62348175048828
V8,15.15617561340332
V8,11.843567848205566
V8,25.094453811645508
V8,7.852154731750488
V8,17.705856323242188
V8,18.57880210876465
V8,15.793415069580078
V8,8.892315864562988
V8,8.388199806213379
V8,9.725828170776367
V8,8.316352844238281
V8,21.830970764160156
V8,12.534806251525879
V8,14.403732299804688
V8,16.712852478027344
V8,10.321823120117188
V8,17.787790298461914
V8,10.483719825744629
V8,12.62540340423584
V8,16.55558967590332
V8,14.030092239379883
V8,18.337913513183594
V8,5.002061367034912
V8,26.586881637573242
V8,24.217573165893555
V8,39.69080352783203
V8,13.525374412536621
V8,19.286298751831055
V8,12.909512519836426
V8,19.92847442626953
V8,18.689220428466797
V8,12.284177780151367
V8,16.177234649658203
V8,11.512316703796387
V8,16.80826759338379
V8,10.975475311279297
V8,21.69403076171875
V8,18.50925064086914
V8,14.041708946228027
V8,12.954879760742188
V8,11.870327949523926
V8,14.333685874938965
V8,19.449722290039062
V8,10.412402153015137
V8,10.738706588745117
V8,20.16529655456543
V8,8.728996276855469
V8,10.214227676391602
V8,9.655407905578613
V8,12.413029670715332
V8,16.674772262573242
V8,13.836339950561523
V8,8.356912612915039
V8,12.323152542114258
V8,9.211917877197266
V8,12.435681343078613
V8,14.841705322265625
V8,12.329983711242676
V8,12.514995574951172
V8,18.08745002746582
V8,12.910934448242188
V8,15.693099975585938
V8,11.857419967651367
V8,10.040205001831055
V8,15.441287994384766
V8,15.327686309814453
V8,9.29201889038086
V8,16.9278564453125
V8,12.506293296813965
V8,22.76372718811035
V8,9.045069694519043
V8,9.006669044494629
V8,20.62448501586914
V8,12.293387413024902
V8,10.409889221191406
V8,13.156566619873047
V8,18.103534698486328
V8,16.12286949157715
V8,14.960485458374023
V8,13.362443923950195
V8,9.815138816833496
V8,18.07868003845215
V8,13.04024600982666
V8,14.602272987365723
V8,17.47455596923828
V8,6.353601932525635
V8,16.4748477935791
V8,10.585799217224121
V8,14.792267799377441
V8,13.033463478088379
V8,11.363350868225098
V8,9.035309791564941
V8,8.98548412322998
V8,14.802550315856934
V8,11.172106742858887
V8,12.25690746307373
V8,11.166799545288086
V8,12.172310829162598
V8,11.377036094665527
V8,12.479202270507812
V8,12.330991744995117
V8,30.38547134399414
V8,20.77312469482422
V8,12.502823829650879
V8,10.760660171508789
V8,8.159256935119629
V8,18.23253631591797
V8,14.839517593383789
V8,8.313470840454102
V8,16.05774688720703
V8,10.506312370300293
V8,8.680729866027832
V8,16.201255798339844
V8,12.83608627319336
V8,15.301088333129883
V8,18.120540618896484
V8,11.913201332092285
V8,19.257076263427734
V8,14.102876663208008
V8,12.33214282989502
V8,12.980645179748535
V8,13.46163558959961
V8,9.486573219299316
V8,15.898362159729004
V8,16.176387786865234
V8,23.176834106445312
V8,10.19360065460205
V8,20.240768432617188
V8,13.299674987792969
V8,16.64623260498047
V8,16.05840301513672
V8,13.91334342956543
V8,10.040753364562988
V8,12.881248474121094
V8,12.254398345947266
V8,7.762808322906494
V8,20.805299758911133
V8,18.327661514282227
V8,8.826591491699219
V8,13.047024726867676
V8,9.256121635437012
V8,7.059163570404053
V8,13.780823707580566
V8,8.131537437438965
V8,19.834148406982422
V8,9.628799438476562
V8,11.973830223083496
V8,19.518138885498047
V8,20.633460998535156
V8,16.833498001098633
V8,15.83851146697998
V8,12.01373291015625
V8,8.66925048828125
V8,7.961585521697998
V8,19.35710334777832
V8,7.053714752197266
V8,20.043548583984375
V8,11.897558212280273
V8,16.901939392089844
V8,13.27707576751709
V8,14.433740615844727
V8,18.569698333740234
V8,11.524664878845215
V8,16.27642250061035
V8,12.329967498779297
V8,8.965367317199707
inline-4,17.5114803314209
inline-4,7.680098056793213
inline-4,14.56149673461914
inline-4,17.712894439697266
inline-4,11.664287567138672
inline-4,9.708812713623047
inline-4,20.419815063476562
inline-4,36.04365921020508
inline-4,15.53421401977539
inline-4,7.597733020782471
inline-4,18.99136734008789
inline-4,12.551726341247559
inline-4,11.946144104003906
inline-4,15.754972457885742
inline-4,14.039091110229492
inline-4,16.969282150268555
inline-4,14.605293273925781
inline-4,10.679067611694336
inline-4,15.614461898803711
inline-4,12.609612464904785
inline-4,16.668212890625
inline-4,13.494353294372559
inline-4,20.86982536315918
inline-4,14.681577682495117
inline-4,15.71609878540039
inline-4,16.21867561340332
inline-4,17.33768653869629
inline-4,14.642289161682129
inline-4,21.004289627075195
inline-4,17.929052352905273
inline-4,12.566865921020508
inline-4,12.740026473999023
inline-4,10.559910774230957
inline-4,17.2010440826416
inline-4,15.89387321472168
inline-4,20.70738410949707
inline-4,6.936131477355957
inline-4,16.87257194519043
inline-4,11.462226867675781
inline-4,12.191117286682129
inline-4,5.323179721832275
inline-4,13.925907135009766
inline-4,13.938870429992676
inline-4,13.621298789978027
inline-4,13.684524536132812
inline-4,14.644030570983887
inline-4,13.406614303588867
inline-4,16.266916275024414
inline-4,45.07218933105469
inline-4,16.79498863220215
inline-4,14.68435287475586
inline-4,14.26723861694336
inline-4,14.469772338867188
inline-4,7.758837699890137
inline-4,13.586262702941895
inline-4,13.482890129089355
inline-4,44.68858337402344
inline-4,11.577159881591797
inline-4,15.01955795288086
inline-4,17.426658630371094
inline-4,14.705636978149414
inline-4,19.637126922607422
inline-4,12.724547386169434
inline-4,12.864509582519531
inline-4,41.68395233154297
inline-4,15.422576904296875
inline-4,15.21523380279541
inline-4,15.237469673156738
inline-4,11.873912811279297
inline-4,14.551889419555664
inline-4,11.675007820129395
inline-4,9.082940101623535
inline-4,8.17058277130127
inline-4,10.492707252502441
inline-4,11.74347972869873
inline-4,12.086282730102539
inline-4,40.21698760986328
inline-4,16.166419982910156
inline-4,11.507986068725586
inline-4,11.586362838745117
inline-4,14.430685043334961
inline-4,35.702701568603516
inline-4,13.43341064453125
inline-4,12.95594596862793
inline-4,13.50049877166748
inline-4,16.308439254760742
inline-4,9.391992568969727
inline-4,35.84919357299805
inline-4,17.96684455871582
inline-4,15.107926368713379
inline-4,13.799134254455566
inline-4,10.77230453491211
inline-4,12.42117691040039
inline-4,12.430034637451172
inline-4,14.539053916931152
inline-4,11.749687194824219
inline-4,14.205512046813965
inline-4,10.017181396484375
inline-4,10.389835357666016
inline-4,20.89893913269043
inline-4,24.35874366760254
inline-4,12.450848579406738
inline-4,16.1279354095459
inline-4,10.918846130371094
inline-4,8.775992393493652
inline-4,10.145942687988281
inline-4,11.250200271606445
inline-4,21.5185489654541
inline-4,14.299614906311035
inline-4,13.100951194763184
inline-4,8.660704612731934
inline-4,30.130800247192383
inline-4,10.514138221740723
inline-4,11.499852180480957
inline-4,12.074893951416016
inline-4,13.33718204498291
inline-4,23.223854064941406
inline-4,9.078656196594238
inline-4,11.565974235534668
inline-4,11.711102485656738
inline-4,11.466917037963867
inline-4,19.08222770690918
inline-4,10.080164909362793
inline-4,29.33407211303711
inline-4,13.975373268127441
inline-4,9.23422622680664
inline-4,8.502973556518555
inline-4,8.713861465454102
inline-4,17.076801300048828
inline-4,15.650632858276367
inline-4,26.748523712158203
inline-4,13.25235366821289
inline-4,9.575959205627441
inline-4,20.878938674926758
inline-4,46.095802307128906
inline-4,12.549715042114258
inline-4,14.54881763458252
inline-4,11.440449714660645
inline-4,23.237897872924805
inline-4,9.371986389160156
inline-4,10.397710800170898
inline-4,11.436609268188477
inline-4,25.110923767089844
inline-4,30.04549217224121
inline-4,32.43247604370117
inline-4,8.161879539489746
inline-4,17.667343139648438
inline-4,10.178363800048828
inline-4,13.6049165725708
inline-4,12.677000045776367
inline-4,43.764530181884766
inline-4,10.983489990234375
inline-4,20.820207595825195
inline-4,22.89002227783203
inline-4,62.03868865966797
inline-4,54.95237731933594
inline-4,71.56844329833984
inline-4,14.273597717285156
inline-4,13.788420677185059
inline-4,9.888809204101562
inline-4,19.750749588012695
inline-4,59.30797576904297
inline-4,8.600191116333008
inline-4,15.718545913696289
inline-4,7.408328533172607
inline-4,16.532167434692383
inline-4,14.365833282470703
inline-4,22.712806701660156
inline-4,23.32673454284668
inline-4,6.659822463989258
inline-4,13.6193265914917
inline-4,19.497655868530273
inline-4,21.240747451782227
inline-4,15.736700057983398
inline-4,13.84280776977539
inline-4,10.41907024383545
inline-4,15.121011734008789
inline-4,13.274458885192871
inline-4,14.123380661010742
inline-4,11.998777389526367
inline-4,62.63007736206055
inline-4,11.40237045288086
inline-4,44.71210479736328
inline-4,15.932971000671387
inline-4,9.958760261535645
inline-4,22.310834884643555
inline-4,13.453094482421875
inline-4,9.53407096862793
inline-4,13.928574562072754
inline-4,23.18036460876465
inline-4,15.245861053466797
inline-4,18.803815841674805
inline-4,26.487834930419922
inline-4,12.765522956848145
inline-4,22.72728157043457
inline-4,16.168222427368164
inline-4,13.745410919189453
inline-4,9.247730255126953
inline-4,11.911431312561035
inline-4,13.749305725097656
inline-4,24.046886444091797
inline-4,12.027654647827148
inline-4,16.291378021240234
inline-4,10.053457260131836
inline-4,6.128614902496338
inline-4,51.609195709228516
inline-4,12.967212677001953
inline-4,7.603981018066406
inline-4,15.707082748413086
inline-4,10.149004936218262
inline-4,10.800115585327148
inline-4,8.291144371032715
inline-4,11.302228927612305
inline-4,11.787945747375488
inline-4,20.146574020385742
inline-4,36.447242736816406
inline-4,9.172431945800781
inline-4,15.913776397705078
inline-4,8.051032066345215
inline-4,12.758488655090332
inline-4,9.493491172790527
inline-4,12.680749893188477
inline-4,10.925929069519043
inline-4,12.439010620117188
inline-4,16.680021286010742
inline-4,10.37253189086914
inline-4,17.22633934020996
inline-4,17.488561630249023
inline-4,9.48282241821289
inline-4,10.872140884399414
inline-4,25.463001251220703
inline-4,16.196847915649414
inline-4,20.535432815551758
inline-4,14.321183204650879
inline-4,15.31801986694336
inline-4,18.762874603271484
inline-4,10.170573234558105
inline-4,27.692468643188477
inline-4,20.576078414916992
inline-4,17.552600860595703
inline-4,20.804454803466797
inline-4,27.852075576782227
inline-4,12.103315353393555
inline-4,12.14378833770752
inline-4,14.315631866455078
inline-4,23.870311737060547
inline-4,11.270261764526367
inline-4,9.308269500732422
inline-4,16.20334815979004
inline-4,11.376550674438477
inline-4,11.990528106689453
inline-4,26.656579971313477
inline-4,8.573749542236328
inline-4,12.065322875976562
inline-4,11.795265197753906
inline-4,10.960487365722656
inline-4,15.425581932067871
inline-4,11.496956825256348
inline-4,21.23954963684082
inline-4,6.931690216064453
inline-4,15.941304206848145
inline-4,35.79678726196289
inline-4,14.805851936340332
inline-4,12.635913848876953
inline-4,9.403203964233398
inline-4,9.96399211883545
inline-4,6.072991371154785
inline-4,13.840509414672852
inline-4,12.67717170715332
inline-4,34.49297332763672
inline-4,53.168357849121094
inline-4,19.51852798461914
inline-4,17.24952507019043
inline-4,17.20575523376465
inline-4,4.903846263885498
inline-4,12.304097175598145
inline-4,11.358115196228027
inline-4,17.278076171875
inline-4,15.102317810058594
inline-4,11.181127548217773
inline-4,13.086600303649902
inline-4,19.902908325195312
inline-4,30.0956974029541
inline-4,16.62592887878418
inline-4,16.907258987426758
inline-4,8.12752914428711
inline-4,46.200347900390625
inline-4,13.70108699798584
inline-4,11.164101600646973
inline-4,14.868706703186035
inline-4,17.87605857849121
inline-4,19.05363655090332
inline-4,8.417038917541504
inline-4,15.040061950683594
inline-4,9.43363094329834
inline-4,25.003816604614258
inline-4,13.615742683410645
inline-4,23.121376037597656
inline-4,12.339192390441895
inline-4,10.544526100158691
inline-4,13.368146896362305
inline-4,21.813386917114258
inline-4,12.358785629272461
inline-4,12.619136810302734
inline-4,14.362929344177246
inline-4,18.136783599853516
inline-4,16.491348266601562
inline-4,6.431022644042969
inline-4,18.61408805847168
inline-4,16.324445724487305
inline-4,24.16356658935547
inline-4,15.68981647491455
inline-4,10.187385559082031
inline-4,12.419859886169434
inline-4,7.400458335876465
inline-4,14.08698844909668
inline-4,14.388554573059082
inline-4,12.024426460266113
inline-4,13.0564603805542
inline-4,9.07811450958252
inline-4,32.98802947998047
inline-4,11.870377540588379
inline-4,14.220186233520508
inline-4,14.615973472595215
inline-4,13.662680625915527
inline-4,16.274009704589844
inline-4,10.064153671264648
inline-4,10.98454761505127
inline-4,28.289714813232422
inline-4,10.189624786376953
inline-4,9.801848411560059
inline-4,10.796579360961914
inline-4,39.222476959228516
inline-4,13.979345321655273
inline-4,16.90090560913086
inline-4,20.94870376586914
inline-4,15.730679512023926
inline-4,14.764808654785156
inline-4,17.40485191345215
inline-4,16.663747787475586
inline-4,17.768428802490234
inline-4,10.14883041381836
inline-4,18.683624267578125
inline-4,11.106950759887695
inline-4,15.676259994506836
inline-4,18.000459671020508
inline-4,8.247739791870117
inline-4,11.36984920501709
inline-4,13.03412914276123
inline-4,19.424373626708984
inline-4,13.741573333740234
inline-4,12.012977600097656
inline-4,8.956552505493164
inline-4,20.8018856048584
inline-4,17.575685501098633
inline-4,8.727173805236816
inline-4,10.255206108093262
inline-4,22.37457275390625
inline-4,17.741294860839844
inline-4,16.69194984436035
inline-4,11.21529483795166
inline-4,25.96176528930664
inline-4,7.063803195953369
inline-4,26.449661254882812
inline-4,9.406818389892578
inline-4,13.383750915527344
inline-4,34.51430892944336
inline-4,8.256114959716797
inline-4,16.605304718017578
inline-4,11.20944595336914
inline-4,13.73465633392334
inline-4,8.767236709594727
inline-4,44.24334716796875
inline-4,21.99908447265625
inline-4,12.801838874816895
inline-4,55.70486831665039
inline-4,7.1523118019104
inline-4,8.664241790771484
inline-4,19.44529151916504
inline-4,10.151504516601562
inline-4,9.972140312194824
inline-4,16.313932418823242
inline-4,10.085159301757812
inline-4,26.217424392700195
inline-4,17.44049644470215
inline-4,16.309398651123047
inline-4,10.08730411529541
inline-4,21.476743698120117
inline-4,30.565811157226562
inline-4,20.46125602722168
inline-4,9.48713207244873
inline-4,13.497514724731445
inline-4,34.117374420166016
inline-4,13.447192192077637
inline-4,10.336164474487305
inline-4,14.824108123779297
inline-4,32.8480110168457
inline-4,15.158029556274414
inline-4,30.965551376342773
inline-4,11.060229301452637
inline-4,15.729798316955566
inline-4,18.192018508911133
inline-4,18.784395217895508
inline-4,11.082673072814941
inline-4,24.148746490478516
inline-4,8.552719116210938
inline-4,11.714886665344238
inline-4,9.79691219329834
inline-4,9.63969612121582
inline-4,13.17246150970459
inline-4,9.980459213256836
inline-4,14.67537784576416
inline-4,15.224781036376953
inline-4,12.975930213928223
inline-4,8.271180152893066
inline-4,7.991216659545898
inline-4,27.078981399536133
inline-4,10.662412643432617
inline-4,13.444680213928223
inline-4,8.528665542602539
inline-4,10.4050874710083
inline-4,41.975914001464844
inline-4,12.019392013549805
inline-4,21.497591018676758
inline-4,29.14599609375
inline-4,19.142234802246094
inline-4,10.28214168548584
inline-4,13.330696105957031
inline-4,8.56302261352539
inline-4,12.0639009475708
inline-4,8.158102035522461
inline-4,15.099604606628418
inline-4,17.20500373840332
inline-4,13.070511817932129
inline-4,8.624661445617676
inline-4,17.051942825317383
inline-4,10.052303314208984
inline-4,9.194900512695312
inline-4,9.223515510559082
inline-4,14.619913101196289
inline-4,12.232964515686035
inline-4,14.519301414489746
inline-4,12.285027503967285
inline-4,17.556913375854492
inline-4,11.11572265625
inline-4,16.54490852355957
inline-4,11.91280460357666
inline-4,15.158526420593262
inline-4,31.242130279541016
inline-4,14.176369667053223
inline-4,16.425643920898438
inline-4,9.70275592803955
inline-4,13.022176742553711
inline-4,13.307540893554688
inline-4,16.440927505493164
inline-4,16.50210189819336
inline-4,18.193058013916016
inline-4,10.624637603759766
inline-4,7.926522254943848
inline-4,17.345821380615234
inline-4,14.821880340576172
inline-4,11.058858871459961
inline-4,17.969114303588867
inline-4,14.247562408447266
inline-4,17.698532104492188
inline-4,9.952933311462402
inline-4,18.25372314453125
inline-4,15.975760459899902
inline-4,35.296573638916016
inline-4,10.184256553649902
inline-4,19.868690490722656
inline-4,14.308944702148438
inline-4,19.441465377807617
inline-4,21.601009368896484
inline-4,21.5887508392334
inline-4,10.05828857421875
inline-4,32.740806579589844
inline-4,79.96336364746094
inline-4,12.15975284576416
inline-4,16.931011199951172
inline-4,50.634403228759766
inline-4,8.372804641723633
inline-4,14.17409610748291
inline-4,12.187397003173828
inline-4,27.614669799804688
inline-4,25.337739944458008
inline-4,12.930209159851074
inline-4,9.159333229064941
inline-4,9.703060150146484
inline-4,46.557987213134766
inline-4,46.329612731933594
inline-4,15.057239532470703
inline-4,21.218669891357422
inline-4,15.637285232543945
inline-4,11.889355659484863
inline-4,11.097906112670898
inline-4,18.683977127075195
inline-4,17.19933319091797
inline-4,11.922347068786621
inline-4,18.459247589111328
inline-4,9.295951843261719
inline-4,22.473546981811523
inline-4,14.399930000305176
inline-4,8.50163459777832
inline-4,7.255553245544434
inline-4,41.73274230957031
inline-4,14.391633033752441
inline-4,8.290055274963379
inline-4,20.138402938842773
inline-4,39.299964904785156
inline-4,20.781240463256836
inline-4,13.894227981567383
inline-4,19.24879264831543
inline-4,12.498641967773438
inline-4,18.48452377319336
inline-4,9.438151359558105
inline-4,25.807706832885742
inline-4,14.479513168334961
inline-4,18.42632484436035
inline-4,9.00723648071289
inline-4,13.470595359802246
inline-4,13.45514965057373
inline-4,5.369654178619385
inline-4,19.27994728088379
inline-4,25.53350257873535
inline-4,10.11291217803955
inline-4,24.604646682739258
inline-4,19.042116165161133
inline-4,9.769760131835938
inline-4,6.78341817855835
inline-4,32.210819244384766
inline-4,16.783449172973633
inline-4,18.652223587036133
inline-4,17.285030364990234
inline-4,23.728124618530273
inline-4,29.62174415588379
inline-4,15.649683952331543
inline-4,8.047544479370117
inline-4,18.020240783691406
inline-4,20.37960433959961
inline-4,12.143560409545898
inline-4,10.392486572265625
inline-4,23.667224884033203
inline-4,23.47580909729004
inline-4,7.751624584197998
inline-4,9.485392570495605
inline-4,7.227729797363281
inline-4,10.274197578430176
inline-4,13.223332405090332
inline-4,11.522612571716309
inline-4,10.951844215393066
inline-4,8.65653133392334
inline-4,27.231342315673828
inline-4,9.11845874786377
inline-4,14.349499702453613
inline-4,11.075190544128418
inline-4,14.452088356018066
inline-4,11.829198837280273
inline-4,42.29939270019531
inline-4,14.728086471557617
inline-4,5.819148063659668
inline-4,19.19911003112793
inline-4,10.765579223632812
inline-4,13.19260311126709
inline-4,25.313629150390625
inline-4,10.82923698425293
inline-4,18.768596649169922
inline-4,11.379216194152832
inline-4,15.773438453674316
inline-4,13.466827392578125
inline-4,9.395298957824707
inline-4,46.50807189941406
inline-4,9.008566856384277
inline-4,21.381437301635742
inline-4,13.075207710266113
inline-4,15.2579345703125
inline-4,8.645087242126465
inline-4,18.738853454589844
inline-4,7.196800708770752
inline-4,12.069080352783203
inline-4,11.497540473937988
inline-4,12.757173538208008
inline-4,30.262554168701172
inline-4,17.619186401367188
inline-4,6.606991767883301
inline-4,13.073396682739258
inline-4,10.439634323120117
inline-4,7.369585037231445
inline-4,11.06311321258545
inline-4,17.715396881103516
inline-4,14.448297500610352
inline-4,8.770842552185059
inline-4,12.641876220703125
inline-4,8.314770698547363
inline-4,13.285950660705566
inline-4,36.537803649902344
inline-4,13.401148796081543
inline-4,28.68043327331543
inline-4,16.240644454956055
inline-4,26.799135208129883
inline-4,10.08322811126709
inline-4,9.63322925567627
inline-4,9.227946281433105
inline-4,13.246453285217285
inline-4,36.75326156616211
inline-4,18.30694007873535
inline-4,6.693542957305908
inline-4,9.020466804504395
inline-4,11.952231407165527
inline-4,52.382362365722656
inline-4,31.37343406677246
inline-4,13.465624809265137
inline-4,19.687307357788086
inline-4,11.166905403137207
inline-4,11.27157211303711
inline-4,39.97748947143555
inline-4,10.962246894836426
inline-4,10.06010627746582
inline-4,11.444632530212402
inline-4,10.724804878234863
inline-4,10.150574684143066
inline-4,9.506217002868652
inline-4,8.261346817016602
inline-4,9.716241836547852
inline-4,12.875333786010742
inline-4,17.394437789916992
inline-4,19.58007049560547
inline-4,6.888800621032715
inline-4,7.388198375701904
inline-4,27.950326919555664
inline-4,15.6222505569458
inline-4,20.400571823120117
inline-4,11.844815254211426
inline-4,18.082027435302734
inline-4,19.395877838134766
inline-4,8.850373268127441
inline-4,18.32375144958496
inline-4,22.100887298583984
inline-4,14.643733978271484
inline-4,12.050396919250488
inline-4,21.79587173461914
inline-4,13.110440254211426
inline-4,6.9681267738342285
inline-4,22.077749252319336
inline-4,14.345296859741211
inline-4,7.153820514678955
inline-4,29.19563102722168
inline-4,12.723182678222656
inline-4,14.039584159851074
inline-4,17.480628967285156
inline-4,13.581071853637695
inline-4,10.970290184020996
inline-4,17.540184020996094
inline-4,15.286898612976074
inline-4,20.04096794128418
inline-4,17.870830535888672
inline-4,19.0751953125
inline-4,20.57239532470703
inline-4,13.95294189453125
inline-4,16.121566772460938
inline-4,13.419864654541016
inline-4,16.875749588012695
inline-4,14.118439674377441
inline-4,12.656084060668945
inline-4,11.818315505981445
inline-4,11.640631675720215
inline-4,32.71821975708008
inline-4,11.279990196228027
inline-4,13.219779014587402
inline-4,17.7023868560791
inline-4,19.5891170501709
inline-4,12.597452163696289
inline-4,16.795272827148438
inline-4,8.449034690856934
inline-4,18.53826332092285
inline-4,17.390336990356445
inline-4,19.780620574951172
inline-4,13.26382064819336
inline-4,9.704620361328125
inline-4,13.629619598388672
inline-4,9.339171409606934
inline-4,12.279633522033691
inline-4,7.476483345031738
inline-4,11.216225624084473
inline-4,8.943316459655762
inline-4,27.848121643066406
inline-4,21.806053161621094
inline-4,13.531798362731934
inline-4,20.9406681060791
inline-4,24.23184585571289
inline-4,15.863880157470703
inline-4,8.928034782409668
inline-4,19.233245849609375
inline-4,9.442086219787598
inline-4,12.828505516052246
inline-4,35.10041427612305
inline-4,15.756998062133789
inline-4,10.423054695129395
inline-4,12.109405517578125
inline-4,21.472013473510742
inline-4,12.058180809020996
inline-4,20.007108688354492
inline-4,23.237239837646484
inline-4,8.307493209838867
inline-4,12.485426902770996
inline-4,10.207793235778809
inline-4,15.288310050964355
inline-4,56.87351989746094
inline-4,20.48147964477539
inline-4,27.94939613342285
inline-4,11.658255577087402
inline-4,12.803919792175293
inline-4,8.73574447631836
inline-4,19.372676849365234
inline-4,13.032448768615723
inline-4,11.293686866760254
inline-4,11.777326583862305
inline-4,15.096628189086914
inline-4,9.49539566040039
inline-4,7.936545372009277
inline-4,13.99074935913086
inline-4,63.7894401550293
inline-4,14.719594955444336
inline-4,19.774333953857422
inline-4,9.6309232711792
inline-4,25.04511260986328
inline-4,13.720063209533691
inline-4,7.9578375816345215
inline-4,15.29292106628418
inline-4,15.146820068359375
inline-4,4.283268451690674
inline-4,21.62412452697754
inline-4,65.48628997802734
inline-4,7.72971773147583
inline-4,13.457643508911133
inline-4,9.025040626525879
inline-4,17.687541961669922
inline-4,39.63137435913086
inline-4,14.793806076049805
inline-4,22.60272979736328
inline-4,9.112293243408203
inline-4,10.245763778686523
inline-4,26.00987434387207
inline-4,29.58711051940918
inline-4,11.725260734558105
inline-4,9.236078262329102
inline-4,20.927841186523438
inline-4,15.172272682189941
inline-4,23.924072265625
inline-4,14.459134101867676
inline-4,17.580028533935547
inline-4,9.646322250366211
inline-4,10.906434059143066
inline-4,9.205388069152832
inline-4,25.215578079223633
inline-4,9.878522872924805
inline-4,16.753761291503906
inline-4,35.17694091796875
inline-4,18.253101348876953
inline-4,17.113523483276367
inline-4,9.794864654541016
inline-4,53.226837158203125
inline-4,14.936999320983887
inline-4,14.250378608703613
inline-4,55.437137603759766
inline-4,18.390430450439453
inline-4,22.9884033203125
inline-4,9.395528793334961
inline-4,22.44260597229004
inline-4,9.427857398986816
inline-4,25.66765785217285
inline-4,25.20923614501953
inline-4,17.039045333862305
inline-4,33.3466682434082
inline-4,17.779762268066406
inline-4,14.435809135437012
inline-4,15.369231224060059
inline-4,59.26123809814453
inline-4,23.835737228393555
inline-4,17.36243438720703
inline-4,9.883955955505371
inline-4,10.3688325881958
inline-4,14.795998573303223
inline-4,16.291025161743164
inline-4,38.51551818847656
inline-4,44.665496826171875
inline-4,16.5889835357666
inline-4,12.622262001037598
inline-4,10.477411270141602
inline-4,17.787343978881836
inline-4,30.58030891418457
inline-4,24.090688705444336
inline-4,8.642973899841309
inline-4,10.304903030395508
inline-4,22.25878143310547
inline-4,17.065317153930664
inline-4,13.808652877807617
inline-4,18.86258316040039
inline-4,14.128432273864746
inline-4,13.234331130981445
inline-4,14.88569164276123
inline-4,41.680389404296875
inline-4,21.611591339111328
inline-4,13.422057151794434
inline-4,22.464494705200195
inline-4,9.533988952636719
inline-4,21.003976821899414
inline-4,10.97929573059082
inline-4,17.640722274780273
inline-4,21.632871627807617
inline-4,11.948554039001465
inline-4,16.236175537109375
inline-4,24.00588607788086
inline-4,11.459029197692871
inline-4,23.235801696777344
inline-4,8.721297264099121
inline-4,35.692317962646484
inline-4,13.282829284667969
inline-4,26.147409439086914
inline-4,11.996740341186523
inline-4,14.45776653289795
inline-4,12.773804664611816
inline-4,8.60646915435791
inline-4,27.567583084106445
inline-4,11.365067481994629
inline-4,9.320381164550781
inline-4,16.625438690185547
inline-4,11.659201622009277
inline-4,10.811464309692383
inline-4,8.6305570602417
inline-4,7.593753337860107
inline-4,16.948429107666016
inline-4,46.62502670288086
inline-4,16.07159423828125
inline-4,26.980056762695312
inline-4,10.151969909667969
inline-4,7.641748428344727
inline-4,28.20229148864746
inline-4,14.776836395263672
inline-4,15.677359580993652
inline-4,8.025779724121094
inline-4,14.414780616760254
inline-4,10.7503023147583
inline-4,9.158668518066406
inline-4,10.559723854064941
inline-4,8.463805198669434
inline-4,15.2291898727417
inline-4,13.491119384765625
inline-4,13.385358810424805
inline-4,11.707669258117676
inline-4,16.022830963134766
inline-4,8.02514362335205
inline-4,11.826516151428223
inline-4,13.683789253234863
inline-4,9.374439239501953
inline-4,7.331387042999268
inline-4,20.897119522094727
inline-4,12.212462425231934
inline-4,15.289877891540527
inline-4,11.115367889404297
inline-4,16.692354202270508
inline-4,9.117574691772461
inline-4,25.415727615356445
inline-4,8.982597351074219
inline-4,19.122831344604492
inline-4,6.484524250030518
inline-4,10.34643840789795
inline-4,35.98353576660156
inline-4,9.910857200622559
inline-4,35.62184524536133
inline-4,11.197617530822754
inline-4,18.9229736328125
inline-4,29.820232391357422
inline-4,16.904464721679688
inline-4,15.792610168457031
inline-4,9.472390174865723
inline-4,17.612201690673828
inline-4,7.206798553466797
inline-4,9.201031684875488
inline-4,12.339862823486328
inline-4,8.124629974365234
inline-4,14.232053756713867
inline-4,6.697116374969482
inline-4,10.981698036193848
inline-4,20.72057342529297
inline-4,12.979154586791992
inline-4,9.41417121887207
inline-4,54.10648727416992
inline-4,11.66180419921875
inline-4,26.18355941772461
inline-4,17.817167282104492
inline-4,17.9869384765625
inline-4,16.646577835083008
inline-4,16.975879669189453
inline-4,12.625012397766113
inline-4,11.692715644836426
inline-4,10.637336730957031
inline-4,15.787630081176758
inline-4,20.202510833740234
inline-4,16.251216888427734
inline-4,10.30095100402832
inline-4,12.893207550048828
inline-4,10.581783294677734
inline-4,18.62587547302246
inline-4,4.375018119812012
inline-4,20.452470779418945
inline-4,13.636472702026367
inline-4,15.534111976623535
inline-4,18.416154861450195
inline-4,13.289621353149414
inline-4,13.149738311767578
inline-4,12.447649002075195
inline-4,15.656404495239258
inline-4,25.095935821533203
inline-4,10.233660697937012
inline-4,13.945985794067383
inline-4,7.8744707107543945
inline-4,16.55657196044922
inline-4,15.247822761535645
inline-4,10.504944801330566
inline-4,14.069621086120605
inline-4,12.124813079833984
inline-4,20.056228637695312
inline-4,33.26586151123047
inline-4,9.268533706665039
inline-4,34.588260650634766
inline-4,16.351070404052734
inline-4,13.138309478759766
inline-4,53.89051055908203
inline-4,15.072627067565918
inline-4,24.969772338867188
inline-4,12.35912036895752
inline-4,15.342007637023926
inline-4,10.298104286193848
inline-4,9.80058479309082
inline-4,13.492480278015137
inline-4,12.48086166381836
inline-4,10.678238868713379
inline-4,10.984386444091797
inline-4,17.2110652923584
inline-4,10.53773021697998
inline-4,14.713478088378906
inline-4,33.62172317504883
inline-4,8.814876556396484
inline-4,20.303436279296875
inline-4,12.507161140441895
inline-4,38.397823333740234
inline-4,15.21994400024414
inline-4,16.16210174560547
inline-4,12.584135055541992
inline-4,13.565953254699707
inline-4,62.500640869140625
inline-4,23.997182846069336
inline-4,16.824357986450195
inline-4,11.046513557434082
inline-4,6.979265213012695
inline-4,28.05524444580078
inline-4,11.60501766204834
inline-4,32.46232986450195
inline-4,12.71268081665039
inline-4,9.14305591583252
inline-4,24.04231834411621
inline-4,14.983658790588379
inline-4,17.56897735595703
inline-4,14.680337905883789
inline-4,13.520525932312012
inline-4,9.98888874053955
inline-4,14.239303588867188
inline-4,11.752772331237793
inline-4,9.441773414611816
inline-4,21.89755630493164
inline-4,9.479753494262695
inline-4,13.136971473693848
inline-4,17.806974411010742
inline-4,10.792222023010254
inline-4,13.193426132202148
inline-4,10.24489974975586
inline-4,9.096667289733887
inline-4,15.625687599182129
inline-4,7.512145519256592
inline-4,11.033977508544922
inline-4,37.69388198852539
inline-4,59.59804916381836
inline-4,32.04746627807617
inline-4,11.946111679077148
inline-4,13.291462898254395
inline-4,14.723788261413574
inline-4,10.594775199890137
inline-4,9.663752555847168
inline-4,9.193960189819336
inline-4,27.27127456665039
inline-4,15.259284019470215
inline-4,17.755319595336914
inline-4,16.85943603515625
inline-4,39.09716796875
inline-4,19.451753616333008
inline-4,18.887821197509766
inline-4,11.649176597595215
inline-4,12.06357479095459
inline-4,45.98734664916992
inline-6,32.25844192504883
inline-6,26.828168869018555
inline-6,20.172338485717773
inline-6,13.356369018554688
inline-6,18.0956974029541
inline-6,30.78544044494629
inline-6,12.939316749572754
inline-6,15.51314640045166
inline-6,18.350000381469727
inline-6,51.837852478027344
inline-6,18.8662166595459
inline-6,66.54080200195312
inline-6,10.037442207336426
inline-6,10.076437950134277
inline-6,31.85141372680664
inline-6,13.344419479370117
inline-6,40.040802001953125
inline-6,23.99858283996582
inline-6,15.582380294799805
inline-6,17.67841339111328
inline-6,12.977405548095703
inline-6,9.808305740356445
inline-6,7.530955791473389
inline-6,19.478469848632812
inline-6,10.104448318481445
inline-6,9.373013496398926
inline-6,19.925247192382812
inline-6,15.425337791442871
inline-6,19.56941795349121
inline-6,11.840738296508789
inline-6,29.440011978149414
inline-6,13.727548599243164
inline-6,11.062597274780273
inline-6,22.517398834228516
inline-6,15.733375549316406
inline-6,41.449283599853516
inline-6,16.95017433166504
inline-6,65.93145751953125
inline-6,18.197696685791016
inline-6,24.40534210205078
inline-6,15.228967666625977
inline-6,52.280887603759766
inline-6,19.533794403076172
inline-6,10.729300498962402
inline-6,13.912690162658691
inline-6,45.006526947021484
inline-6,20.64830207824707
inline-6,26.634777069091797
inline-6,13.01216983795166
inline-6,10.301237106323242
inline-6,25.540870666503906
inline-6,12.812607765197754
inline-6,10.807293891906738
inline-6,31.692840576171875
inline-6,37.496212005615234
inline-6,23.33842658996582
inline-6,20.136558532714844
inline-6,17.279386520385742
inline-6,22.378385543823242
inline-6,15.246627807617188
inline-6,15.240509033203125
inline-6,86.84700012207031
inline-6,22.013593673706055
inline-6,8.069324493408203
inline-6,15.891890525817871
inline-6,14.01511001586914
inline-6,14.05629825592041
inline-6,8.39643669128418
inline-6,17.87525749206543
inline-6,28.192325592041016
inline-6,19.84566879272461
inline-6,9.161736488342285
inline-6,29.952924728393555
inline-6,9.380057334899902
inline-6,8.273815155029297
inline-6,29.35381507873535
inline-6,18.757863998413086
inline-6,7.263553142547607
inline-6,80.10936737060547
inline-6,28.00547218322754
inline-6,20.069580078125
inline-6,26.497081756591797
inline-6,12.148025512695312
inline-6,30.00772476196289
inline-6,10.59698486328125
inline-6,7.7679643630981445
inline-6,11.9873046875
inline-6,27.977828979492188
inline-6,18.029191970825195
inline-6,29.748416900634766
inline-6,10.490849494934082
inline-6,11.731476783752441
inline-6,20.72933578491211
inline-6,36.96441650390625
inline-6,29.062740325927734
inline-6,19.280712127685547
inline-6,10.18460464477539
inline-6,16.74032211303711
inline-6,18.17474937438965
inline-6,18.00265884399414
inline-6,11.211993217468262
inline-6,22.35719871520996
inline-6,24.156524658203125
inline-6,10.9344482421875
inline-6,31.081871032714844
inline-6,7.612698554992676
inline-6,18.092365264892578
inline-6,34.20915603637695
inline-6,21.610553741455078
inline-6,19.7496280670166
inline-6,20.545068740844727
inline-6,19.940004348754883
inline-6,24.02069091796875
inline-6,22.97657012939453
inline-6,20.715282440185547
inline-6,11.991299629211426
inline-6,22.112112045288086
inline-6,20.04376792907715
inline-6,12.155973434448242
inline-6,11.007608413696289
inline-6,28.900850296020508
inline-6,25.11751365661621
inline-6,14.09581184387207
inline-6,11.31673526763916
inline-6,16.61735725402832
inline-6,23.893709182739258
inline-6,31.94222068786621
inline-6,12.330047607421875
inline-6,10.909701347351074
inline-6,27.082822799682617
inline-6,41.62388610839844
inline-6,8.261488914489746
inline-6,11.81934928894043
inline-6,10.646510124206543
inline-6,30.152915954589844
inline-6,24.72484016418457
inline-6,11.33796501159668
inline-6,12.201672554016113
inline-6,22.890487670898438
inline-6,69.62987518310547
inline-6,10.837196350097656
inline-6,22.547405242919922
inline-6,17.27830696105957
inline-6,10.133430480957031
inline-6,13.16253662109375
inline-6,12.892580032348633
inline-6,22.788602828979492
inline-6,17.632450103759766
inline-6,16.47490692138672
inline-6,55.557106018066406
inline-6,12.948723793029785
inline-6,10.483438491821289
inline-6,8.558320045471191
inline-6,10.510712623596191
inline-6,42.65863037109375
inline-6,11.44096565246582
inline-6,17.40760612487793
inline-6,21.542797088623047
inline-6,14.325006484985352
inline-6,31.601390838623047
inline-6,21.480361938476562
inline-6,29.8714656829834
inline-6,15.054940223693848
inline-6,10.596150398254395
inline-6,16.809188842773438
inline-6,21.80315399169922
inline-6,19.988615036010742
inline-6,9.755581855773926
inline-6,20.927257537841797
inline-6,14.07922649383545
inline-6,17.4810733795166
inline-6,37.723838806152344
inline-6,23.090883255004883
inline-6,19.0152587890625
inline-6,27.997251510620117
inline-6,8.242167472839355
inline-6,20.210302352905273
inline-6,8.284416198730469
inline-6,15.465128898620605
inline-6,14.878231048583984
inline-6,15.241925239562988
inline-6,13.259116172790527
inline-6,16.043134689331055
inline-6,53.874874114990234
inline-6,9.976950645446777
inline-6,63.23206329345703
inline-6,13.0856351852417
inline-6,29.019067764282227
inline-6,59.828887939453125
inline-6,48.44039535522461
inline-6,20.303150177001953
inline-6,9.112961769104004
inline-6,10.017181396484375
inline-6,14.652565002441406
inline-6,6.290364742279053
inline-6,15.101950645446777
inline-6,10.764152526855469
inline-6,11.814696311950684
inline-6,29.279218673706055
inline-6,27.99289321899414
inline-6,28.45744514465332
inline-6,12.48831844329834
inline-6,16.671321868896484
inline-6,10.425886154174805
inline-6,16.273460388183594
inline-6,11.370662689208984
inline-6,19.083282470703125
inline-6,9.343484878540039
inline-6,29.249080657958984
inline-6,20.236976623535156
inline-6,11.12992000579834
inline-6,26.832529067993164
inline-6,36.503231048583984
inline-6,49.902591705322266
inline-6,17.453969955444336
inline-6,8.927044868469238
inline-6,13.80915355682373
inline-6,6.927557468414307
inline-6,15.825943946838379
inline-6,13.451787948608398
inline-6,15.033138275146484
inline-6,15.01205825805664
inline-6,21.885208129882812
inline-6,24.756694793701172
inline-6,48.17280960083008
inline-6,14.244342803955078
inline-6,10.891172409057617
inline-6,11.554351806640625
inline-6,22.54401206970215
inline-6,12.624809265136719
inline-6,13.488015174865723
inline-6,10.702576637268066
inline-6,12.12399959564209
inline-6,10.324814796447754
inline-6,10.643847465515137
inline-6,26.460172653198242
inline-6,25.02895736694336
inline-6,33.061668395996094
inline-6,15.701342582702637
inline-6,15.206460952758789
inline-6,6.828230857849121
inline-6,21.526432037353516
inline-6,71.4356460571289
inline-6,23.301237106323242
inline-6,26.95515251159668
inline-6,16.227697372436523
inline-6,13.83212661743164
inline-6,20.731796264648438
inline-6,8.290481567382812
inline-6,10.52375316619873
inline-6,18.676620483398438
inline-6,18.485774993896484
inline-6,11.108705520629883
inline-6,20.015451431274414
inline-6,11.409968376159668
inline-6,13.048567771911621
inline-6,10.539056777954102
inline-6,27.58738136291504
inline-6,15.123197555541992
inline-6,31.92169761657715
inline-6,5.857120037078857
inline-6,16.75069236755371
inline-6,11.721394538879395
inline-6,20.19727897644043
inline-6,15.023036003112793
inline-6,20.388320922851562
inline-6,9.987255096435547
inline-6,19.13760757446289
inline-6,68.31591796875
inline-6,17.7680606842041
inline-6,14.083746910095215
inline-6,28.056724548339844
inline-6,39.28726577758789
inline-6,17.176071166992188
inline-6,12.068001747131348
inline-6,9.604289054870605
inline-6,9.33992862701416
inline-6,25.72478485107422
inline-6,34.72654724121094
inline-6,9.097013473510742
inline-6,17.048912048339844
inline-6,20.90892219543457
inline-6,36.906982421875
inline-6,32.77046585083008
inline-6,45.55707931518555
inline-6,18.556922912597656
inline-6,8.558503150939941
inline-6,11.627033233642578
inline-6,14.736897468566895
inline-6,16.93309783935547
inline-6,21.794124603271484
inline-6,9.107029914855957
inline-6,10.138591766357422
inline-6,6.802848815917969
inline-6,13.79366397857666
inline-6,11.245315551757812
inline-6,25.318151473999023
inline-6,18.977447509765625
inline-6,22.37721061706543
inline-6,10.942906379699707
inline-6,52.08066940307617
inline-6,55.73103332519531
inline-6,10.864498138427734
inline-6,16.803178787231445
inline-6,6.901516437530518
inline-6,11.011757850646973
inline-6,35.29052734375
inline-6,72.56262969970703
inline-6,18.430341720581055
inline-6,25.98845672607422
inline-6,14.065181732177734
inline-6,17.488685607910156
inline-6,16.38595962524414
inline-6,23.753393173217773
inline-6,14.286806106567383
inline-6,18.493959426879883
inline-6,41.65241241455078
inline-6,25.521989822387695
inline-6,24.64154624938965
inline-6,39.72136688232422
inline-6,18.21194839477539
inline-6,34.26596450805664
inline-6,12.293724060058594
inline-6,53.41164779663086
inline-6,36.61762619018555
inline-6,10.414594650268555
inline-6,20.5720157623291
inline-6,10.478989601135254
inline-6,23.77371597290039
inline-6,16.521650314331055
inline-6,19.950716018676758
inline-6,21.892858505249023
inline-6,9.005142211914062
inline-6,15.41804313659668
inline-6,12.077569961547852
inline-6,22.32546615600586
inline-6,12.535231590270996
inline-6,22.102157592773438
inline-6,17.880887985229492
inline-6,23.575218200683594
inline-6,36.199066162109375
inline-6,29.831905364990234
inline-6,17.24100112915039
inline-6,23.934797286987305
inline-6,7.46087646484375
inline-6,77.5981674194336
inline-6,29.956785202026367
inline-6,8.308202743530273
inline-6,8.993855476379395
inline-6,51.15078353881836
inline-6,22.049320220947266
inline-6,9.038615226745605
inline-6,35.82722091674805
inline-6,12.405990600585938
inline-6,12.788068771362305
inline-6,13.645769119262695
inline-6,36.876861572265625
inline-6,55.31855773925781
inline-6,34.62792205810547
inline-6,25.141895294189453
inline-6,12.746870040893555
inline-6,18.683656692504883
inline-6,12.818750381469727
inline-6,22.020618438720703
inline-6,17.952335357666016
inline-6,25.782562255859375
inline-6,52.23339080810547
inline-6,59.17123794555664
inline-6,14.423172950744629
inline-6,11.423701286315918
inline-6,10.707191467285156
inline-6,14.005192756652832
inline-6,24.198009490966797
inline-6,10.105031967163086
inline-6,82.55501556396484
inline-6,19.724891662597656
inline-6,9.578730583190918
inline-6,15.74046516418457
inline-6,31.564228057861328
inline-6,34.25663375854492
inline-6,11.336141586303711
inline-6,16.77341651916504
inline-6,6.21643590927124
inline-6,9.741988182067871
inline-6,16.602638244628906
inline-6,23.834596633911133
inline-6,52.862220764160156
inline-6,16.535083770751953
inline-6,35.862266540527344
inline-6,11.967129707336426
inline-6,10.862305641174316
inline-6,17.085763931274414
inline-6,12.093245506286621
inline-6,28.874305725097656
inline-6,11.591089248657227
inline-6,24.229873657226562
inline-6,15.857181549072266
inline-6,14.334625244140625
inline-6,13.948833465576172
inline-6,26.90113639831543
inline-6,32.04288864135742
inline-6,23.370145797729492
inline-6,89.94169616699219
inline-6,16.517364501953125
inline-6,15.763761520385742
inline-6,19.57816505432129
inline-6,15.177867889404297
inline-6,15.56441879272461
inline-6,14.095586776733398
inline-6,8.020959854125977
inline-6,13.280644416809082
inline-6,10.926054954528809
inline-6,17.331531524658203
inline-6,20.21876335144043
inline-6,11.38484001159668
inline-6,11.648381233215332
inline-6,8.914933204650879
inline-6,9.416362762451172
inline-6,13.357625961303711
inline-6,9.271183967590332
inline-6,13.091425895690918
inline-6,66.76268768310547
inline-6,18.238712310791016
inline-6,17.164953231811523
inline-6,29.30173110961914
inline-6,16.699676513671875
inline-6,85.756103515625
inline-6,9.395926475524902
inline-6,13.192811965942383
inline-6,27.941883087158203
inline-6,12.17302417755127
inline-6,16.372589111328125
inline-6,34.378780364990234
inline-6,20.115148544311523
inline-6,19.66948890686035
inline-6,34.737403869628906
inline-6,10.71900463104248
inline-6,22.94340705871582
inline-6,16.917871475219727
inline-6,18.03127670288086
inline-6,40.78784942626953
inline-6,13.175832748413086
inline-6,9.801728248596191
inline-6,6.582370281219482
inline-6,15.230489730834961
inline-6,9.836851119995117
inline-6,19.22088623046875
inline-6,9.824470520019531
inline-6,17.1814022064209
inline-6,27.744884490966797
inline-6,15.67478084564209
inline-6,12.585405349731445
inline-6,13.245573997497559
inline-6,22.074703216552734
inline-6,26.11182975769043
inline-6,19.604074478149414
inline-6,24.135570526123047
inline-6,19.894983291625977
inline-6,12.770962715148926
inline-6,11.651307106018066
inline-6,9.46823787689209
inline-6,25.968809127807617
inline-6,11.914326667785645
inline-6,17.705204010009766
inline-6,16.147890090942383
inline-6,9.219893455505371
inline-6,10.197651863098145
inline-6,51.4373893737793
inline-6,30.994792938232422
inline-6,22.004810333251953
inline-6,26.85871696472168
inline-6,11.77202033996582
inline-6,14.313380241394043
inline-6,16.34449577331543
inline-6,10.218482971191406
inline-6,14.952095985412598
inline-6,20.386899948120117
inline-6,9.274870872497559
inline-6,20.703664779663086
inline-6,26.621549606323242
inline-6,10.693249702453613
inline-6,12.207375526428223
inline-6,10.507155418395996
inline-6,21.055166244506836
inline-6,20.728565216064453
inline-6,9.906610488891602
inline-6,44.91899108886719
inline-6,26.62720489501953
inline-6,35.54127502441406
inline-6,9.955086708068848
inline-6,35.18642044067383
inline-6,18.670251846313477
inline-6,18.248291015625
inline-6,75.12217712402344
inline-6,15.616440773010254
inline-6,16.710416793823242
inline-6,9.629228591918945
inline-6,46.27156448364258
inline-6,16.501968383789062
inline-6,28.188522338867188
inline-6,23.365032196044922
inline-6,16.454195022583008
inline-6,12.030457496643066
inline-6,21.29100799560547
inline-6,18.812299728393555
inline-6,7.063608169555664
inline-6,11.566861152648926
inline-6,17.405799865722656
inline-6,27.94585418701172
inline-6,16.224702835083008
inline-6,26.000816345214844
inline-6,14.032514572143555
inline-6,40.93007278442383
inline-6,10.706823348999023
inline-6,10.223698616027832
inline-6,32.334068298339844
inline-6,29.81055450439453
inline-6,11.127513885498047
inline-6,11.60479736328125
inline-6,10.571718215942383
inline-6,10.250409126281738
inline-6,37.14653015136719
inline-6,32.344295501708984
inline-6,10.261974334716797
inline-6,16.8150577545166
inline-6,75.328369140625
inline-6,29.577730178833008
inline-6,34.470008850097656
inline-6,12.685711860656738
inline-6,8.06910514831543
inline-6,20.674522399902344
inline-6,30.95319938659668
inline-6,23.446256637573242
inline-6,16.63373374938965
inline-6,8.346990585327148
inline-6,10.626693725585938
inline-6,23.969135284423828
inline-6,20.094194412231445
inline-6,12.392280578613281
inline-6,11.968907356262207
inline-6,82.9786148071289
inline-6,31.413408279418945
inline-6,12.232287406921387
inline-6,28.120603561401367
inline-6,11.76395034790039
inline-6,20.58660888671875
inline-6,13.770598411560059
inline-6,17.192819595336914
inline-6,88.8255844116211
inline-6,12.881831169128418
inline-6,8.934436798095703
inline-6,29.630075454711914
inline-6,15.949621200561523
inline-6,20.081775665283203
inline-6,11.38330078125
inline-6,18.2330379486084
inline-6,25.38071060180664
inline-6,23.605154037475586
inline-6,23.530776977539062
inline-6,29.413005828857422
inline-6,15.211824417114258
inline-6,11.613214492797852
inline-6,9.512686729431152
inline-6,20.789430618286133
inline-6,24.52898597717285
inline-6,17.146242141723633
inline-6,25.944091796875
inline-6,22.92595100402832
inline-6,9.536029815673828
inline-6,10.899916648864746
inline-6,11.263724327087402
inline-6,19.500417709350586
inline-6,20.822214126586914
inline-6,14.938336372375488
inline-6,11.98612117767334
inline-6,21.614883422851562
inline-6,73.33727264404297
inline-6,34.89833450317383
inline-6,29.70909881591797
inline-6,7.098155498504639
inline-6,9.881528854370117
inline-6,15.277595520019531
inline-6,9.949079513549805
inline-6,24.18582534790039
inline-6,11.519603729248047
inline-6,10.06540298461914
inline-6,32.52517318725586
inline-6,32.55573272705078
inline-6,10.780323028564453
inline-6,13.041790008544922
inline-6,11.5531587600708
inline-6,21.978946685791016
inline-6,28.88899040222168
inline-6,15.209729194641113
inline-6,17.249755859375
inline-6,15.797478675842285
inline-6,25.122486114501953
inline-6,24.550857543945312
inline-6,10.420412063598633
inline-6,10.044415473937988
inline-6,11.831398010253906
inline-6,33.22911071777344
inline-6,27.152956008911133
inline-6,9.512934684753418
inline-6,62.908756256103516
inline-6,25.15233612060547
inline-6,20.808059692382812
inline-6,16.068546295166016
inline-6,18.32975959777832
inline-6,11.473786354064941
inline-6,25.168153762817383
inline-6,16.208486557006836
inline-6,23.56907844543457
inline-6,18.454275131225586
inline-6,11.088516235351562
inline-6,21.33192253112793
inline-6,17.661087036132812
inline-6,13.950094223022461
inline-6,14.902193069458008
inline-6,10.404993057250977
inline-6,15.687049865722656
inline-6,14.372810363769531
inline-6,10.498855590820312
inline-6,18.183069229125977
inline-6,14.827605247497559
inline-6,31.667896270751953
inline-6,16.69911766052246
inline-6,15.565221786499023
inline-6,88.50699615478516
inline-6,18.6672420501709
inline-6,16.833133697509766
inline-6,13.151449203491211
inline-6,14.079269409179688
inline-6,18.50603485107422
inline-6,9.608074188232422
inline-6,30.565637588500977
inline-6,14.796627044677734
inline-6,26.113996505737305
inline-6,21.969263076782227
inline-6,16.862825393676758
inline-6,11.1176176071167
inline-6,10.370218276977539
inline-6,16.226242065429688
inline-6,16.759387969970703
inline-6,84.68724822998047
inline-6,12.251518249511719
inline-6,43.446495056152344
inline-6,13.36474895477295
inline-6,29.504947662353516
inline-6,10.330072402954102
inline-6,16.320547103881836
inline-6,12.643576622009277
inline-6,8.385974884033203
inline-6,22.94063949584961
inline-6,20.035037994384766
inline-6,46.149356842041016
inline-6,15.383373260498047
inline-6,52.2611083984375
inline-6,17.158597946166992
inline-6,23.862258911132812
inline-6,9.61095905303955
inline-6,11.257917404174805
inline-6,21.310224533081055
inline-6,23.07581329345703
inline-6,86.17855834960938
inline-6,28.929059982299805
inline-6,19.961742401123047
inline-6,18.932544708251953
inline-6,12.870474815368652
inline-6,36.18190383911133
inline-6,10.715478897094727
inline-6,11.69052505493164
inline-6,11.830965042114258
inline-6,10.843877792358398
inline-6,32.1849479675293
inline-6,24.827722549438477
inline-6,63.791751861572266
inline-6,10.130751609802246
inline-6,28.798429489135742
inline-6,15.156723022460938
inline-6,9.774408340454102
inline-6,13.739013671875
inline-6,27.296247482299805
inline-6,42.83673095703125
inline-6,43.296714782714844
inline-6,33.56282043457031
inline-6,28.337100982666016
inline-6,24.834983825683594
inline-6,22.272804260253906
inline-6,10.29300308227539
inline-6,13.449835777282715
inline-6,20.297746658325195
inline-6,89.30534362792969
inline-6,12.499415397644043
inline-6,13.930830001831055
inline-6,10.21141529083252
inline-6,60.97761535644531
inline-6,25.283172607421875
inline-6,11.543195724487305
inline-6,18.30929946899414
inline-6,11.202680587768555
inline-6,19.47874641418457
inline-6,8.77455997467041
inline-6,21.99098777770996
inline-6,11.920511245727539
inline-6,30.285242080688477
inline-6,16.546886444091797
inline-6,50.994266510009766
inline-6,17.458171844482422
inline-6,10.166704177856445
inline-6,13.888296127319336
inline-6,19.404781341552734
inline-6,19.376453399658203
inline-6,16.214468002319336
inline-6,23.844633102416992
inline-6,30.82419204711914
inline-6,11.414990425109863
inline-6,14.338072776794434
inline-6,4.850220203399658
inline-6,8.469696044921875
inline-6,9.03239631652832
inline-6,12.571966171264648
inline-6,14.12486457824707
inline-6,22.685983657836914
inline-6,11.636247634887695
inline-6,16.562313079833984
inline-6,46.5114631652832
inline-6,13.689836502075195
inline-6,8.538653373718262
inline-6,21.609283447265625
inline-6,10.074252128601074
inline-6,10.989296913146973
inline-6,19.163915634155273
inline-6,10.803086280822754
inline-6,13.660873413085938
inline-6,24.91771125793457
inline-6,28.233234405517578
inline-6,15.38459587097168
inline-6,35.2604866027832
inline-6,12.292985916137695
inline-6,40.1454963684082
inline-6,25.050613403320312
inline-6,14.651202201843262
inline-6,13.079689979553223
inline-6,10.869261741638184
inline-6,19.601041793823242
inline-6,34.97188949584961
inline-6,28.120792388916016
inline-6,20.210186004638672
inline-6,10.31602668762207
inline-6,30.244342803955078
inline-6,10.112173080444336
inline-6,22.02422523498535
inline-6,10.768558502197266
inline-6,25.562850952148438
inline-6,12.84449291229248
inline-6,27.337169647216797
inline-6,26.507444381713867
inline-6,21.582727432250977
inline-6,15.21739387512207
inline-6,25.561172485351562
inline-6,15.710651397705078
inline-6,15.230841636657715
inline-6,13.523199081420898
inline-6,14.769685745239258
inline-6,50.620323181152344
inline-6,15.764164924621582
inline-6,19.729162216186523
inline-6,15.677940368652344
inline-6,7.073432922363281
inline-6,20.30748176574707
inline-6,36.64790725708008
inline-6,17.386667251586914
inline-6,45.06011199951172
inline-6,10.131023406982422
inline-6,10.091612815856934
inline-6,30.633913040161133
inline-6,9.213390350341797
inline-6,12.490954399108887
inline-6,19.78007698059082
inline-6,11.260173797607422
inline-6,18.54405403137207
inline-6,20.094057083129883
inline-6,17.404544830322266
inline-6,25.0469913482666
inline-6,10.3025541305542
inline-6,18.105348587036133
inline-6,17.409042358398438
inline-6,21.39057731628418
inline-6,13.238358497619629
inline-6,13.646883964538574
inline-6,8.128036499023438
inline-6,14.545609474182129
inline-6,15.587580680847168
inline-6,11.072452545166016
inline-6,22.711322784423828
inline-6,9.65726089477539
inline-6,40.52553176879883
inline-6,10.252999305725098
inline-6,17.703598022460938
inline-6,28.29268455505371
inline-6,10.830763816833496
inline-6,7.984065532684326
inline-6,20.693655014038086
inline-6,30.5125675201416
inline-6,11.35190486907959
inline-6,10.189760208129883
inline-6,36.4272575378418
inline-6,15.132043838500977
inline-6,35.77043151855469
inline-6,23.720500946044922
inline-6,13.489436149597168
inline-6,22.549213409423828
inline-6,26.197511672973633
inline-6,12.913012504577637
inline-6,12.104618072509766
inline-6,19.175012588500977
inline-6,12.655241966247559
inline-6,27.69005584716797
inline-6,10.366082191467285
inline-6,20.78106689453125
inline-6,23.358348846435547
inline-6,21.205406188964844
inline-6,19.958539962768555
inline-6,12.984186172485352
inline-6,23.163616180419922
inline-6,18.591487884521484
inline-6,5.265739917755127
inline-6,23.57246971130371
inline-6,11.235645294189453
inline-6,61.06464767456055
inline-6,17.186960220336914
inline-6,13.314779281616211
inline-6,13.940614700317383
inline-6,14.358728408813477
inline-6,13.76208782196045
inline-6,15.793828010559082
inline-6,14.41945743560791
inline-6,37.0896110534668
inline-6,11.677437782287598
inline-6,11.105727195739746
inline-6,12.843893051147461
inline-6,24.64690399169922
inline-6,20.800683975219727
inline-6,18.328184127807617
inline-6,22.527189254760742
inline-6,11.895636558532715
inline-6,33.647369384765625
inline-6,59.39632034301758
inline-6,16.406612396240234
inline-6,10.113398551940918
inline-6,74.61473846435547
inline-6,12.066319465637207
inline-6,29.595884323120117
inline-6,11.354144096374512
inline-6,8.748574256896973
inline-6,18.64177894592285
inline-6,22.509986877441406
inline-6,6.969984531402588
inline-6,9.808806419372559
inline-6,37.888790130615234
inline-6,10.758885383605957
inline-6,26.100065231323242
inline-6,9.811131477355957
inline-6,10.129741668701172
inline-6,12.997843742370605
inline-6,17.49725341796875
inline-6,26.23116683959961
inline-6,16.119056701660156
inline-6,9.963499069213867
inline-6,26.192737579345703
inline-6,15.74207592010498
inline-6,12.123673439025879
inline-6,8.277966499328613
inline-6,19.212501525878906
inline-6,10.182305335998535
inline-6,13.542375564575195
inline-6,29.984792709350586
inline-6,15.596638679504395
inline-6,11.709739685058594
inline-6,17.543537139892578
inline-6,15.33457088470459
inline-6,14.218795776367188
inline-6,20.021785736083984
inline-6,33.55174255371094
inline-6,21.645816802978516
inline-6,11.499492645263672
inline-6,44.43143844604492
inline-6,11.882424354553223
inline-6,11.310468673706055
inline-6,14.55884838104248
inline-6,21.783479690551758
inline-6,48.0965576171875
inline-6,9.771430015563965
inline-6,12.652436256408691
inline-6,11.97045612335205
inline-6,13.839737892150879
inline-6,12.362741470336914
inline-6,49.29657745361328
inline-6,14.369356155395508
inline-6,8.562816619873047
inline-6,15.853532791137695
inline-6,15.893936157226562
inline-6,13.104280471801758
inline-6,12.192928314208984
inline-6,11.17941951751709
inline-6,13.030767440795898
inline-6,12.162233352661133
inline-6,14.814375877380371
inline-6,62.29822540283203
inline-6,15.661035537719727
inline-6,17.4891300201416
inline-6,25.122243881225586
inline-6,12.888063430786133
inline-6,12.956235885620117
inline-6,23.97882652282715
inline-6,22.476091384887695
inline-6,22.616975784301758
inline-6,36.89313507080078
inline-6,11.883037567138672
inline-6,7.6673359870910645
inline-6,28.066314697265625
inline-6,20.973514556884766
inline-6,13.478099822998047
inline-6,8.811644554138184
inline-6,67.96043395996094
inline-6,13.405363082885742
inline-6,16.851356506347656
inline-6,52.33341979980469
inline-6,20.10994529724121
inline-6,26.267349243164062
inline-6,53.807430267333984
inline-6,38.212867736816406
inline-6,20.564647674560547
inline-6,63.244667053222656
inline-6,16.499805450439453
inline-6,20.342758178710938
inline-6,33.34104919433594
inline-6,15.326303482055664
inline-6,25.40492057800293
inline-6,20.069339752197266
inline-6,27.306081771850586
inline-6,21.800561904907227
inline-6,17.198213577270508
inline-6,45.614383697509766
inline-6,10.997408866882324
inline-6,10.27182388305664
inline-6,17.130830764770508
inline-6,13.543790817260742
inline-6,28.77935218811035
inline-6,12.556282997131348
inline-6,10.645362854003906
inline-6,26.630840301513672
inline-6,9.444833755493164
inline-6,9.553330421447754
inline-6,22.145078659057617
inline-6,15.838436126708984
inline-6,14.106351852416992
inline-6,16.455894470214844
inline-6,28.552091598510742
inline-6,20.013525009155273
inline-6,11.488266944885254
inline-6,9.654349327087402
inline-6,9.22347354888916
inline-6,12.179986000061035
inline-6,9.865416526794434
inline-6,15.006558418273926
inline-6,12.996158599853516
inline-6,85.67185974121094
inline-6,33.2908821105957
inline-6,10.124459266662598
inline-6,10.195452690124512
inline-6,20.520708084106445
inline-6,24.72828483581543
inline-6,19.36941146850586
inline-6,18.522661209106445
inline-6,18.271942138671875
inline-6,15.737278938293457
inline-6,10.751564979553223
inline-6,16.13427734375
inline-6,18.614002227783203
inline-6,25.5153865814209
inline-6,48.2401123046875
inline-6,14.330678939819336
inline-6,13.298843383789062
inline-6,26.235553741455078
inline-6,16.44993782043457
inline-6,17.766672134399414
inline-6,18.4370059967041
inline-6,17.672914505004883
inline-6,9.67861270904541
inline-6,22.32756996154785
inline-6,31.561731338500977
inline-6,9.932560920715332
inline-6,26.465045928955078
inline-6,31.58625602722168
inline-6,22.32356834411621
inline-6,16.898603439331055
inline-6,12.955428123474121
inline-6,25.081510543823242
single-cylinder,14.647961616516113
single-cylinder,5.535658836364746
single-cylinder,7.70897102355957
single-cylinder,11.623762130737305
single-cylinder,15.715191841125488
single-cylinder,14.378189086914062
single-cylinder,14.570893287658691
single-cylinder,9.661901473999023
single-cylinder,11.972514152526855
single-cylinder,11.851717948913574
single-cylinder,8.11960220336914
single-cylinder,10.426980972290039
single-cylinder,9.042353630065918
single-cylinder,9.179243087768555
single-cylinder,9.64222526550293
single-cylinder,12.545863151550293
single-cylinder,7.913881778717041
single-cylinder,11.637415885925293
single-cylinder,11.880317687988281
single-cylinder,12.678930282592773
single-cylinder,11.11977767944336
single-cylinder,11.630912780761719
single-cylinder,10.988059997558594
single-cylinder,9.335908889770508
single-cylinder,13.106449127197266
single-cylinder,12.70690631866455
single-cylinder,20.34269905090332
single-cylinder,7.223412036895752
single-cylinder,7.883564472198486
single-cylinder,13.414521217346191
single-cylinder,13.61886215209961
single-cylinder,11.991908073425293
single-cylinder,17.861780166625977
single-cylinder,8.951879501342773
single-cylinder,9.069214820861816
single-cylinder,7.79152774810791
single-cylinder,10.981178283691406
single-cylinder,21.836341857910156
single-cylinder,12.992452621459961
single-cylinder,8.671719551086426
single-cylinder,16.006193161010742
single-cylinder,9.1619291305542
single-cylinder,9.655204772949219
single-cylinder,13.596857070922852
single-cylinder,9.447809219360352
single-cylinder,15.128366470336914
single-cylinder,10.88422966003418
single-cylinder,9.351642608642578
single-cylinder,13.636530876159668
single-cylinder,11.171136856079102
single-cylinder,9.593229293823242
single-cylinder,14.768787384033203
single-cylinder,16.3758487701416
single-cylinder,13.519050598144531
single-cylinder,10.42994213104248
single-cylinder,11.366158485412598
single-cylinder,12.982179641723633
single-cylinder,9.249792098999023
single-cylinder,11.5469331741333
single-cylinder,9.011685371398926
single-cylinder,6.680109977722168
single-cylinder,13.197599411010742
single-cylinder,11.105709075927734
single-cylinder,6.282380104064941
single-cylinder,10.437975883483887
single-cylinder,12.322016716003418
single-cylinder,13.614118576049805
single-cylinder,8.28816032409668
single-cylinder,14.2941255569458
single-cylinder,11.626762390136719
single-cylinder,8.698270797729492
single-cylinder,8.113143920898438
single-cylinder,10.875635147094727
single-cylinder,11.2339448928833
single-cylinder,10.882674217224121
single-cylinder,9.552136421203613
single-cylinder,13.631300926208496
single-cylinder,12.360492706298828
single-cylinder,14.895513534545898
single-cylinder,19.357494354248047
single-cylinder,13.446310997009277
single-cylinder,12.023950576782227
single-cylinder,10.348967552185059
single-cylinder,13.496461868286133
single-cylinder,12.197681427001953
single-cylinder,15.769179344177246
single-cylinder,8.321662902832031
single-cylinder,10.3912935256958
single-cylinder,20.370227813720703
single-cylinder,6.833800792694092
single-cylinder,11.357803344726562
single-cylinder,13.905571937561035
single-cylinder,13.757795333862305
single-cylinder,16.874313354492188
single-cylinder,10.615965843200684
single-cylinder,14.682493209838867
single-cylinder,13.264892578125
single-cylinder,10.9658203125
single-cylinder,7.170337200164795
single-cylinder,6.9706034660339355
single-cylinder,8.804017066955566
single-cylinder,11.989442825317383
single-cylinder,12.860934257507324
single-cylinder,7.3933491706848145
single-cylinder,8.703169822692871
single-cylinder,9.321687698364258
single-cylinder,9.685943603515625
single-cylinder,12.48395824432373
single-cylinder,11.636857032775879
single-cylinder,10.3972749710083
single-cylinder,9.079305648803711
single-cylinder,9.302947998046875
single-cylinder,8.3452730178833
single-cylinder,7.605219841003418
single-cylinder,13.819694519042969
single-cylinder,12.32038402557373
single-cylinder,8.570749282836914
single-cylinder,9.781285285949707
single-cylinder,13.482054710388184
single-cylinder,9.560138702392578
single-cylinder,12.516934394836426
single-cylinder,12.398707389831543
single-cylinder,12.507586479187012
single-cylinder,7.709785461425781
single-cylinder,7.816653251647949
single-cylinder,10.003782272338867
single-cylinder,15.828134536743164
single-cylinder,12.285268783569336
single-cylinder,14.329423904418945
single-cylinder,18.954551696777344
single-cylinder,9.221725463867188
single-cylinder,7.081636905670166
single-cylinder,10.345772743225098
single-cylinder,6.949635982513428
single-cylinder,11.254453659057617
single-cylinder,11.383803367614746
single-cylinder,8.272960662841797
single-cylinder,11.53332805633545
single-cylinder,27.09126853942871
single-cylinder,13.720423698425293
single-cylinder,9.178985595703125
single-cylinder,9.581541061401367
single-cylinder,10.486403465270996
single-cylinder,6.337874412536621
single-cylinder,14.396469116210938
single-cylinder,9.145162582397461
single-cylinder,11.137331008911133
single-cylinder,13.36669921875
single-cylinder,16.785009384155273
single-cylinder,8.566898345947266
single-cylinder,12.491697311401367
single-cylinder,13.236270904541016
single-cylinder,11.237449645996094
single-cylinder,12.377488136291504
single-cylinder,8.786014556884766
single-cylinder,17.923416137695312
single-cylinder,16.3927001953125
single-cylinder,11.621625900268555
single-cylinder,11.802348136901855
single-cylinder,10.816524505615234
single-cylinder,11.674249649047852
single-cylinder,8.93032455444336
single-cylinder,10.782075881958008
single-cylinder,11.141219139099121
single-cylinder,13.599878311157227
single-cylinder,9.344620704650879
single-cylinder,6.895573616027832
single-cylinder,8.089977264404297
single-cylinder,10.064310073852539
single-cylinder,13.508367538452148
single-cylinder,9.729467391967773
single-cylinder,19.446863174438477
single-cylinder,6.707474708557129
single-cylinder,11.958858489990234
single-cylinder,10.083442687988281
single-cylinder,9.313884735107422
single-cylinder,17.830432891845703
single-cylinder,13.8990478515625
single-cylinder,6.421227931976318
single-cylinder,9.206988334655762
single-cylinder,12.118844032287598
single-cylinder,10.787569046020508
single-cylinder,16.670536041259766
single-cylinder,12.610082626342773
single-cylinder,16.70742416381836
single-cylinder,14.696298599243164
single-cylinder,13.341266632080078
single-cylinder,10.581988334655762
single-cylinder,12.707341194152832
single-cylinder,10.761244773864746
single-cylinder,10.675436973571777
single-cylinder,13.048325538635254
single-cylinder,11.857885360717773
single-cylinder,10.67263412475586
single-cylinder,12.367670059204102
single-cylinder,10.406732559204102
single-cylinder,13.99398422241211
single-cylinder,10.866399765014648
single-cylinder,10.063567161560059
single-cylinder,13.978455543518066
single-cylinder,10.50072956085205
single-cylinder,13.72179126739502
single-cylinder,7.15952205657959
single-cylinder,11.291158676147461
single-cylinder,18.657617568969727
single-cylinder,7.718664646148682
single-cylinder,9.223941802978516
single-cylinder,11.107695579528809
single-cylinder,12.516950607299805
single-cylinder,8.080483436584473
single-cylinder,11.806987762451172
single-cylinder,10.011760711669922
single-cylinder,6.669885635375977
single-cylinder,10.70652961730957
single-cylinder,17.196619033813477
single-cylinder,18.139429092407227
single-cylinder,9.897773742675781
single-cylinder,9.428337097167969
single-cylinder,13.886018753051758
single-cylinder,11.470231056213379
single-cylinder,15.17257308959961
single-cylinder,17.93655014038086
single-cylinder,10.06421184539795
single-cylinder,9.824331283569336
single-cylinder,12.229853630065918
single-cylinder,14.508917808532715
single-cylinder,14.329394340515137
single-cylinder,14.72049617767334
single-cylinder,11.437332153320312
single-cylinder,9.322046279907227
single-cylinder,9.503921508789062
single-cylinder,10.964886665344238
single-cylinder,9.887815475463867
single-cylinder,8.959820747375488
single-cylinder,13.30164909362793
single-cylinder,12.941085815429688
single-cylinder,14.254719734191895
single-cylinder,10.752572059631348
single-cylinder,10.266267776489258
single-cylinder,8.658595085144043
single-cylinder,6.42290735244751
single-cylinder,11.177903175354004
single-cylinder,10.374524116516113
single-cylinder,12.569064140319824
single-cylinder,8.695989608764648
single-cylinder,16.047298431396484
single-cylinder,10.429924011230469
single-cylinder,9.340476036071777
single-cylinder,10.840446472167969
single-cylinder,17.840133666992188
single-cylinder,12.535970687866211
single-cylinder,10.325139045715332
single-cylinder,12.621747016906738
single-cylinder,13.08749008178711
single-cylinder,9.737344741821289
single-cylinder,8.841601371765137
single-cylinder,10.588160514831543
single-cylinder,12.608721733093262
single-cylinder,14.13500690460205
single-cylinder,11.34322738647461
single-cylinder,15.542067527770996
single-cylinder,12.124048233032227
single-cylinder,10.197169303894043
single-cylinder,8.096817016601562
single-cylinder,13.314779281616211
single-cylinder,11.32188606262207
single-cylinder,7.709531307220459
single-cylinder,11.302507400512695
single-cylinder,12.951360702514648
single-cylinder,11.418441772460938
single-cylinder,12.443988800048828
single-cylinder,8.132769584655762
single-cylinder,10.822782516479492
single-cylinder,12.14742374420166
single-cylinder,13.34623908996582
single-cylinder,8.223302841186523
single-cylinder,10.231622695922852
single-cylinder,10.625730514526367
single-cylinder,10.885513305664062
single-cylinder,9.532380104064941
single-cylinder,12.702108383178711
single-cylinder,13.942853927612305
single-cylinder,6.066564083099365
single-cylinder,16.155550003051758
single-cylinder,13.796011924743652
single-cylinder,13.73222541809082
single-cylinder,12.208780288696289
single-cylinder,9.506733894348145
single-cylinder,12.88539981842041
single-cylinder,12.698596954345703
single-cylinder,13.810855865478516
single-cylinder,7.002862453460693
single-cylinder,12.410202026367188
single-cylinder,10.49748706817627
single-cylinder,7.790671348571777
single-cylinder,9.31624698638916
single-cylinder,9.116907119750977
single-cylinder,17.449472427368164
single-cylinder,13.008089065551758
single-cylinder,14.89474105834961
single-cylinder,6.773667812347412
single-cylinder,8.884756088256836
single-cylinder,14.37807846069336
single-cylinder,13.715627670288086
single-cylinder,9.337698936462402
single-cylinder,13.633227348327637
single-cylinder,14.97323226928711
single-cylinder,9.40184497833252
single-cylinder,8.517351150512695
single-cylinder,11.647112846374512
single-cylinder,8.952801704406738
single-cylinder,15.207437515258789
single-cylinder,6.799849987030029
single-cylinder,11.254908561706543
single-cylinder,11.175436973571777
single-cylinder,9.202163696289062
single-cylinder,8.494378089904785
single-cylinder,12.121917724609375
single-cylinder,8.204155921936035
single-cylinder,8.87086009979248
single-cylinder,14.61973762512207
single-cylinder,10.193928718566895
single-cylinder,8.814453125
single-cylinder,14.656885147094727
single-cylinder,8.896865844726562
single-cylinder,12.840897560119629
single-cylinder,10.100554466247559
single-cylinder,10.707448959350586
single-cylinder,15.610452651977539
single-cylinder,15.913128852844238
single-cylinder,10.406411170959473
single-cylinder,14.135523796081543
single-cylinder,7.2190656661987305
single-cylinder,4.672231197357178
single-cylinder,13.37914752960205
single-cylinder,7.76518440246582
single-cylinder,10.137874603271484
single-cylinder,11.891510009765625
single-cylinder,11.336193084716797
single-cylinder,12.545093536376953
single-cylinder,10.447019577026367
single-cylinder,7.38644552230835
single-cylinder,12.157498359680176
single-cylinder,11.4136962890625
single-cylinder,12.034174919128418
single-cylinder,9.106576919555664
single-cylinder,9.09928035736084
single-cylinder,13.36599063873291
single-cylinder,7.660703659057617
single-cylinder,13.476356506347656
single-cylinder,9.991487503051758
single-cylinder,9.080236434936523
single-cylinder,16.197057723999023
single-cylinder,14.309636116027832
single-cylinder,18.612760543823242
single-cylinder,11.081997871398926
single-cylinder,12.317519187927246
single-cylinder,6.905721187591553
single-cylinder,13.947218894958496
single-cylinder,7.491034984588623
single-cylinder,11.653471946716309
single-cylinder,7.955739974975586
single-cylinder,11.005569458007812
single-cylinder,20.21664047241211
single-cylinder,12.668469429016113
single-cylinder,14.081880569458008
single-cylinder,11.984344482421875
single-cylinder,14.792533874511719
single-cylinder,11.205809593200684
single-cylinder,10.945155143737793
single-cylinder,9.18474292755127
single-cylinder,15.096719741821289
single-cylinder,9.20269775390625
single-cylinder,9.858278274536133
single-cylinder,9.406171798706055
single-cylinder,12.268485069274902
single-cylinder,13.863332748413086
single-cylinder,9.6825532913208
single-cylinder,7.97067928314209
single-cylinder,11.301915168762207
single-cylinder,9.379846572875977
single-cylinder,13.473423957824707
single-cylinder,15.262384414672852
single-cylinder,15.325372695922852
single-cylinder,14.922074317932129
single-cylinder,9.45604419708252
single-cylinder,11.821434020996094
single-cylinder,15.388110160827637
single-cylinder,16.29051399230957
single-cylinder,7.11923885345459
single-cylinder,10.322871208190918
single-cylinder,8.64126968383789
single-cylinder,14.77275276184082
single-cylinder,12.110283851623535
single-cylinder,13.507563591003418
single-cylinder,15.45240592956543
single-cylinder,14.339408874511719
single-cylinder,11.089244842529297
single-cylinder,7.60542631149292
single-cylinder,10.232161521911621
single-cylinder,9.986310005187988
single-cylinder,11.35882568359375
single-cylinder,12.960530281066895
single-cylinder,16.07071876525879
single-cylinder,8.660432815551758
single-cylinder,12.681668281555176
single-cylinder,8.787020683288574
single-cylinder,18.287023544311523
single-cylinder,8.446547508239746
single-cylinder,12.131574630737305
single-cylinder,9.267006874084473
single-cylinder,11.377572059631348
single-cylinder,13.0051908493042
single-cylinder,6.164369583129883
single-cylinder,8.59530258178711
single-cylinder,12.499194145202637
single-cylinder,8.81316089630127
single-cylinder,11.867354393005371
single-cylinder,12.113995552062988
single-cylinder,9.462653160095215
single-cylinder,15.301140785217285
single-cylinder,8.943096160888672
single-cylinder,7.890880584716797
single-cylinder,13.306145668029785
single-cylinder,9.563776969909668
single-cylinder,11.979262351989746
single-cylinder,8.134965896606445
single-cylinder,16.063894271850586
single-cylinder,12.391945838928223
single-cylinder,14.276714324951172
single-cylinder,9.967011451721191
single-cylinder,12.771085739135742
single-cylinder,10.437674522399902
single-cylinder,11.329136848449707
single-cylinder,10.896430969238281
single-cylinder,9.335783004760742
single-cylinder,12.718700408935547
single-cylinder,11.659438133239746
single-cylinder,12.697571754455566
single-cylinder,11.830597877502441
single-cylinder,7.310831546783447
single-cylinder,11.913069725036621
single-cylinder,10.385119438171387
single-cylinder,6.833255767822266
single-cylinder,14.124612808227539
single-cylinder,10.34425163269043
single-cylinder,10.019242286682129
single-cylinder,5.853940010070801
single-cylinder,13.985946655273438
single-cylinder,10.213881492614746
single-cylinder,18.535438537597656
single-cylinder,8.901126861572266
single-cylinder,8.110142707824707
single-cylinder,14.971447944641113
single-cylinder,11.793728828430176
single-cylinder,11.882391929626465
single-cylinder,9.802289962768555
single-cylinder,10.104117393493652
single-cylinder,15.930085182189941
single-cylinder,8.804306983947754
single-cylinder,5.732136249542236
single-cylinder,6.150679111480713
single-cylinder,11.455900192260742
single-cylinder,10.078604698181152
single-cylinder,10.646916389465332
single-cylinder,7.791880130767822
single-cylinder,10.082740783691406
single-cylinder,10.710297584533691
single-cylinder,11.6980562210083
single-cylinder,15.23432445526123
single-cylinder,6.076476573944092
single-cylinder,14.682305335998535
single-cylinder,8.26783275604248
single-cylinder,9.300095558166504
single-cylinder,13.11506175994873
single-cylinder,15.621084213256836
single-cylinder,13.088425636291504
single-cylinder,11.34656047821045
single-cylinder,19.17072868347168
single-cylinder,6.835522651672363
single-cylinder,14.726945877075195
single-cylinder,7.283055782318115
single-cylinder,12.861502647399902
single-cylinder,16.189401626586914
single-cylinder,13.070135116577148
single-cylinder,7.646703720092773
single-cylinder,9.51816177368164
single-cylinder,9.869640350341797
single-cylinder,9.158796310424805
single-cylinder,10.171384811401367
single-cylinder,16.787588119506836
single-cylinder,12.079381942749023
single-cylinder,12.973968505859375
single-cylinder,16.771474838256836
single-cylinder,7.957787990570068
single-cylinder,10.7656888961792
single-cylinder,8.237497329711914
single-cylinder,9.084433555603027
single-cylinder,13.256390571594238
single-cylinder,9.885786056518555
single-cylinder,11.116944313049316
single-cylinder,17.15895652770996
single-cylinder,9.481868743896484
single-cylinder,9.7228364944458
single-cylinder,11.959287643432617
single-cylinder,8.306689262390137
single-cylinder,12.2555570602417
single-cylinder,8.758538246154785
single-cylinder,10.807876586914062
single-cylinder,9.306031227111816
single-cylinder,15.44394302368164
single-cylinder,12.535561561584473
single-cylinder,9.970247268676758
single-cylinder,11.203226089477539
single-cylinder,11.73342514038086
single-cylinder,9.332035064697266
single-cylinder,15.317567825317383
single-cylinder,10.678110122680664
single-cylinder,11.020729064941406
single-cylinder,13.027193069458008
single-cylinder,7.964076042175293
single-cylinder,15.948427200317383
single-cylinder,14.175518989562988
single-cylinder,12.280693054199219
single-cylinder,6.713524341583252
single-cylinder,15.388199806213379
single-cylinder,15.179903030395508
single-cylinder,13.161096572875977
single-cylinder,11.738277435302734
single-cylinder,7.762706756591797
single-cylinder,6.891049385070801
single-cylinder,14.251988410949707
single-cylinder,10.156774520874023
single-cylinder,8.073555946350098
single-cylinder,9.857220649719238
single-cylinder,20.118833541870117
single-cylinder,10.502303123474121
single-cylinder,12.758875846862793
single-cylinder,9.98709774017334
single-cylinder,13.180252075195312
single-cylinder,8.11411190032959
single-cylinder,10.224987983703613
single-cylinder,10.562444686889648
single-cylinder,9.288803100585938
single-cylinder,11.432405471801758
single-cylinder,14.050475120544434
single-cylinder,13.13471794128418
single-cylinder,12.509526252746582
single-cylinder,12.3284330368042
single-cylinder,16.50383186340332
single-cylinder,10.17486572265625
single-cylinder,10.991642951965332
single-cylinder,8.339953422546387
single-cylinder,11.565446853637695
single-cylinder,11.00263500213623
single-cylinder,5.556224822998047
single-cylinder,6.976594924926758
single-cylinder,9.806059837341309
single-cylinder,8.717265129089355
single-cylinder,12.036206245422363
single-cylinder,15.31708812713623
single-cylinder,15.519745826721191
single-cylinder,10.86900806427002
single-cylinder,10.720473289489746
single-cylinder,10.627434730529785
single-cylinder,15.49963092803955
single-cylinder,10.41433048248291
single-cylinder,7.5020036697387695
single-cylinder,16.981281280517578
single-cylinder,9.126858711242676
single-cylinder,9.946627616882324
single-cylinder,17.118675231933594
single-cylinder,7.801522731781006
single-cylinder,8.588170051574707
single-cylinder,11.037938117980957
single-cylinder,15.470032691955566
single-cylinder,13.722395896911621
single-cylinder,16.759151458740234
single-cylinder,5.85313606262207
single-cylinder,8.660931587219238
single-cylinder,9.62569522857666
single-cylinder,9.909647941589355
single-cylinder,11.242093086242676
single-cylinder,12.007233619689941
single-cylinder,11.739754676818848
single-cylinder,6.623385429382324
single-cylinder,9.28981876373291
single-cylinder,14.909455299377441
single-cylinder,11.476910591125488
single-cylinder,11.856987953186035
single-cylinder,22.477985382080078
single-cylinder,10.492331504821777
single-cylinder,9.218123435974121
single-cylinder,8.78684139251709
single-cylinder,9.02469253540039
single-cylinder,12.845306396484375
single-cylinder,10.717681884765625
single-cylinder,12.856453895568848
single-cylinder,5.344267845153809
single-cylinder,9.30406665802002
single-cylinder,14.196407318115234
single-cylinder,9.806159973144531
single-cylinder,11.967623710632324
single-cylinder,9.85887622833252
single-cylinder,7.725553035736084
single-cylinder,8.552742004394531
single-cylinder,22.862262725830078
single-cylinder,9.427711486816406
single-cylinder,12.718561172485352
single-cylinder,12.875885963439941
single-cylinder,10.281241416931152
single-cylinder,7.780285358428955
single-cylinder,10.673205375671387
single-cylinder,9.453445434570312
single-cylinder,14.917815208435059
single-cylinder,15.893548965454102
single-cylinder,8.149601936340332
single-cylinder,11.465371131896973
single-cylinder,12.353774070739746
single-cylinder,11.03037166595459
single-cylinder,12.732606887817383
single-cylinder,16.900436401367188
single-cylinder,11.443840026855469
single-cylinder,12.70805549621582
single-cylinder,18.77069664001465
single-cylinder,16.227170944213867
single-cylinder,17.08020782470703
single-cylinder,10.119756698608398
single-cylinder,10.816105842590332
single-cylinder,11.556756019592285
single-cylinder,8.82636833190918
single-cylinder,7.762353420257568
single-cylinder,17.928119659423828
single-cylinder,11.331640243530273
single-cylinder,8.272318840026855
single-cylinder,10.674201965332031
single-cylinder,15.082079887390137
single-cylinder,10.044708251953125
single-cylinder,10.930883407592773
single-cylinder,11.441275596618652
single-cylinder,12.059423446655273
single-cylinder,7.351324558258057
single-cylinder,17.266355514526367
single-cylinder,19.149471282958984
single-cylinder,10.394493103027344
single-cylinder,12.783886909484863
single-cylinder,10.858860969543457
single-cylinder,7.790721893310547
single-cylinder,14.90831470489502
single-cylinder,15.341543197631836
single-cylinder,8.92218017578125
single-cylinder,16.94465446472168
single-cylinder,9.056293487548828
single-cylinder,15.154580116271973
single-cylinder,10.751327514648438
single-cylinder,9.954177856445312
single-cylinder,13.313133239746094
single-cylinder,13.677031517028809
single-cylinder,9.47214126586914
single-cylinder,15.49042797088623
single-cylinder,12.297043800354004
single-cylinder,12.524794578552246
single-cylinder,14.144248008728027
single-cylinder,15.3201904296875
single-cylinder,7.31716251373291
single-cylinder,15.085491180419922
single-cylinder,10.119736671447754
single-cylinder,11.389719009399414
single-cylinder,11.968792915344238
single-cylinder,15.007442474365234
single-cylinder,12.13631820678711
single-cylinder,11.508345603942871
single-cylinder,10.538926124572754
single-cylinder,8.785298347473145
single-cylinder,8.691607475280762
single-cylinder,9.664179801940918
single-cylinder,13.65915298461914
single-cylinder,10.8095703125
single-cylinder,14.854938507080078
single-cylinder,10.711363792419434
single-cylinder,19.344043731689453
single-cylinder,17.636079788208008
single-cylinder,16.570348739624023
single-cylinder,8.848841667175293
single-cylinder,12.585076332092285
single-cylinder,13.445076942443848
single-cylinder,20.672664642333984
single-cylinder,12.446491241455078
single-cylinder,12.347291946411133
single-cylinder,13.01216983795166
single-cylinder,14.319236755371094
single-cylinder,9.17119026184082
single-cylinder,9.739949226379395
single-cylinder,11.859131813049316
single-cylinder,14.188398361206055
single-cylinder,12.144941329956055
single-cylinder,9.020315170288086
single-cylinder,13.816720008850098
single-cylinder,11.893052101135254
single-cylinder,24.615266799926758
single-cylinder,18.528045654296875
single-cylinder,8.236495971679688
single-cylinder,11.970735549926758
single-cylinder,13.875286102294922
single-cylinder,16.380752563476562
single-cylinder,19.06601905822754
single-cylinder,11.644811630249023
single-cylinder,12.53211498260498
single-cylinder,14.04017448425293
single-cylinder,10.73045539855957
single-cylinder,12.885369300842285
single-cylinder,11.471519470214844
single-cylinder,7.626426696777344
single-cylinder,11.421649932861328
single-cylinder,9.104073524475098
single-cylinder,9.32914924621582
single-cylinder,8.831286430358887
single-cylinder,11.200272560119629
single-cylinder,11.017638206481934
single-cylinder,10.722785949707031
single-cylinder,7.570019245147705
single-cylinder,11.871572494506836
single-cylinder,16.05780792236328
single-cylinder,10.566505432128906
single-cylinder,8.570611000061035
single-cylinder,5.867919445037842
single-cylinder,11.320998191833496
single-cylinder,7.4144439697265625
single-cylinder,11.120079040527344
single-cylinder,8.428417205810547
single-cylinder,9.525097846984863
single-cylinder,16.56602668762207
single-cylinder,10.843877792358398
single-cylinder,17.104305267333984
single-cylinder,11.757683753967285
single-cylinder,13.739272117614746
single-cylinder,13.244292259216309
single-cylinder,7.6609086990356445
single-cylinder,15.815156936645508
single-cylinder,8.975069999694824
single-cylinder,9.329212188720703
single-cylinder,10.137214660644531
single-cylinder,7.663188457489014
single-cylinder,16.87270164489746
single-cylinder,13.713640213012695
single-cylinder,8.71845817565918
single-cylinder,11.515019416809082
single-cylinder,9.186155319213867
single-cylinder,12.687872886657715
single-cylinder,18.60529136657715
single-cylinder,8.852815628051758
single-cylinder,8.940855026245117
single-cylinder,9.37332820892334
single-cylinder,9.603326797485352
single-cylinder,10.150477409362793
single-cylinder,7.167244911193848
single-cylinder,9.150060653686523
single-cylinder,16.520124435424805
single-cylinder,13.358911514282227
single-cylinder,13.198765754699707
single-cylinder,9.302249908447266
single-cylinder,11.896149635314941
single-cylinder,10.460967063903809
single-cylinder,18.333406448364258
single-cylinder,9.947300910949707
single-cylinder,9.805258750915527
single-cylinder,12.358753204345703
single-cylinder,11.68619155883789
single-cylinder,11.980774879455566
single-cylinder,8.769857406616211
single-cylinder,9.542747497558594
single-cylinder,18.010746002197266
single-cylinder,9.27353572845459
single-cylinder,10.247222900390625
single-cylinder,12.864724159240723
single-cylinder,7.896798610687256
single-cylinder,15.487436294555664
single-cylinder,9.719660758972168
single-cylinder,8.797879219055176
single-cylinder,15.433757781982422
single-cylinder,13.952361106872559
single-cylinder,22.115732192993164
single-cylinder,10.252750396728516
single-cylinder,12.12718677520752
single-cylinder,13.323318481445312
single-cylinder,10.85158920288086
single-cylinder,11.229104995727539
single-cylinder,7.197073936462402
single-cylinder,19.139680862426758
single-cylinder,10.423602104187012
single-cylinder,14.552094459533691
single-cylinder,9.159783363342285
single-cylinder,4.381906986236572
single-cylinder,9.974782943725586
single-cylinder,11.7326021194458
single-cylinder,10.126518249511719
single-cylinder,7.888691425323486
single-cylinder,11.474129676818848
single-cylinder,8.337904930114746
single-cylinder,14.144303321838379
single-cylinder,9.07411003112793
single-cylinder,11.027032852172852
single-cylinder,7.6623430252075195
single-cylinder,7.717368125915527
single-cylinder,8.710344314575195
single-cylinder,11.0567045211792
single-cylinder,12.862162590026855
single-cylinder,6.773059368133545
single-cylinder,12.064587593078613
single-cylinder,7.154862403869629
single-cylinder,10.253690719604492
single-cylinder,11.614572525024414
single-cylinder,6.76236629486084
single-cylinder,12.70122241973877
single-cylinder,10.439238548278809
single-cylinder,9.50317668914795
single-cylinder,11.074585914611816
single-cylinder,10.062785148620605
single-cylinder,12.628402709960938
single-cylinder,10.030543327331543
single-cylinder,7.568282127380371
single-cylinder,10.6152982711792
single-cylinder,8.229913711547852
single-cylinder,17.68315887451172
single-cylinder,13.660961151123047
single-cylinder,9.889525413513184
single-cylinder,9.75979232788086
single-cylinder,11.435799598693848
single-cylinder,12.689692497253418
single-cylinder,9.498893737792969
single-cylinder,11.865113258361816
single-cylinder,15.684952735900879
single-cylinder,7.561589241027832
single-cylinder,7.626529693603516
single-cylinder,16.587501525878906
single-cylinder,19.22819709777832
single-cylinder,10.323442459106445
single-cylinder,22.047353744506836
single-cylinder,8.419208526611328
single-cylinder,9.487526893615723
single-cylinder,12.03289794921875
single-cylinder,13.233988761901855
single-cylinder,10.432696342468262
single-cylinder,9.941427230834961
single-cylinder,10.224218368530273
single-cylinder,12.026687622070312
single-cylinder,14.070928573608398
single-cylinder,13.657938003540039
single-cylinder,10.48814868927002
single-cylinder,12.071496963500977
single-cylinder,6.7060418128967285
single-cylinder,10.75595760345459
single-cylinder,10.056371688842773
single-cylinder,9.709561347961426
single-cylinder,17.164201736450195
single-cylinder,8.81382942199707
single-cylinder,16.133207321166992
single-cylinder,10.563898086547852
single-cylinder,10.057291984558105
single-cylinder,8.706441879272461
single-cylinder,11.783365249633789
single-cylinder,8.252667427062988
single-cylinder,11.23934268951416
single-cylinder,13.033190727233887
single-cylinder,6.600250720977783
single-cylinder,7.371954441070557
single-cylinder,8.717918395996094
single-cylinder,14.323460578918457
single-cylinder,11.112781524658203
single-cylinder,6.420922756195068
single-cylinder,11.038098335266113
single-cylinder,12.02811336517334
single-cylinder,10.8893461227417
single-cylinder,9.072421073913574
single-cylinder,17.680988311767578
single-cylinder,10.124439239501953
single-cylinder,8.293489456176758
single-cylinder,5.144680023193359
single-cylinder,10.302536010742188
single-cylinder,11.244965553283691
single-cylinder,15.083261489868164
single-cylinder,8.405109405517578
single-cylinder,16.388694763183594
single-cylinder,13.061841011047363
single-cylinder,14.805089950561523
single-cylinder,12.378141403198242
single-cylinder,9.00662612915039
single-cylinder,13.212713241577148
single-cylinder,11.006946563720703
single-cylinder,10.624711990356445
single-cylinder,6.43839693069458
single-cylinder,9.64988899230957
single-cylinder,10.399243354797363
single-cylinder,6.794078826904297
single-cylinder,12.005640983581543
single-cylinder,11.112054824829102
single-cylinder,6.319316864013672
single-cylinder,10.296175003051758
single-cylinder,13.096672058105469
single-cylinder,11.131070137023926
single-cylinder,11.018603324890137
single-cylinder,16.245956420898438
single-cylinder,12.023622512817383
single-cylinder,9.664810180664062
single-cylinder,7.667387008666992
single-cylinder,9.8026704788208
single-cylinder,12.371017456054688
single-cylinder,15.590134620666504
single-cylinder,12.927949905395508
single-cylinder,10.350849151611328
single-cylinder,15.156515121459961
single-cylinder,10.635746002197266
single-cylinder,9.577436447143555
single-cylinder,14.796159744262695
single-cylinder,8.961531639099121
single-cylinder,10.464125633239746
single-cylinder,17.738704681396484
single-cylinder,10.603093147277832
single-cylinder,8.834510803222656
single-cylinder,16.08530616760254
single-cylinder,8.618738174438477
single-cylinder,9.422956466674805
single-cylinder,13.960134506225586
single-cylinder,9.969438552856445
single-cylinder,11.485883712768555
single-cylinder,7.2170538902282715
single-cylinder,9.4786958694458
single-cylinder,8.206907272338867
single-cylinder,13.044089317321777
single-cylinder,14.123675346374512
single-cylinder,17.142303466796875
single-cylinder,10.800552368164062
single-cylinder,12.774206161499023
single-cylinder,16.550411224365234
single-cylinder,6.937714576721191
single-cylinder,7.089748859405518
single-cylinder,11.34951114654541
single-cylinder,16.769664764404297
single-cylinder,12.476846694946289
single-cylinder,18.674732208251953
single-cylinder,6.8564372062683105
single-cylinder,8.926472663879395
single-cylinder,14.41848373413086
single-cylinder,13.921762466430664
single-cylinder,11.727176666259766
single-cylinder,8.207864761352539
single-cylinder,13.50997543334961
single-cylinder,8.747721672058105
single-cylinder,8.377166748046875
single-cylinder,12.286712646484375
single-cylinder,16.092060089111328
single-cylinder,9.805337905883789
single-cylinder,13.082602500915527
single-cylinder,10.17231273651123
single-cylinder,8.7059907913208
single-cylinder,17.433246612548828
single-cylinder,8.287734031677246
single-cylinder,7.028278350830078
single-cylinder,7.134571075439453
single-cylinder,10.364335060119629
single-cylinder,16.980791091918945
single-cylinder,8.359167098999023
single-cylinder,12.60136604309082
single-cylinder,12.269095420837402
single-cylinder,13.063578605651855
single-cylinder,12.749625205993652
single-cylinder,13.37401008605957
single-cylinder,9.847121238708496
single-cylinder,9.571502685546875
single-cylinder,10.83708667755127
single-cylinder,11.514387130737305
single-cylinder,15.580779075622559
single-cylinder,10.368852615356445
single-cylinder,11.809357643127441
single-cylinder,9.183972358703613
single-cylinder,10.887483596801758
single-cylinder,8.42088794708252
single-cylinder,13.986921310424805
single-cylinder,14.7249174118042
single-cylinder,16.472631454467773
single-cylinder,13.836682319641113
single-cylinder,15.871611595153809
single-cylinder,20.60775375366211
single-cylinder,7.838669776916504
single-cylinder,17.66789436340332
single-cylinder,6.975610733032227
single-cylinder,17.94289207458496
single-cylinder,7.75640869140625
single-cylinder,17.955968856811523
single-cylinder,12.108607292175293
single-cylinder,8.218095779418945
single-cylinder,12.731243133544922
single-cylinder,15.448137283325195
single-cylinder,10.530949592590332
single-cylinder,10.477618217468262
single-cylinder,9.391972541809082
single-cylinder,13.095133781433105
single-cylinder,9.20899486541748
single-cylinder,9.947774887084961
single-cylinder,12.145071029663086
