freq_hz,alpha_-2,alpha_-1,alpha_0,alpha_1,alpha_2
0.0,0.0,0.0,0.0,0.0,0.0
10.7666015625,1.0231531263773732,0.6225823435277353,0.38983748947735475,0.2507541626220704,0.1657797878871465
21.533203125,1.4469570277073145,0.8804643939109487,0.5513134647403539,0.35461993760163935,0.23444802438537382
32.2998046875,1.7721531988085504,1.078344250885338,0.6752183384698758,0.4343189498708117,0.28713901547145226
43.06640625,2.046306252754746,1.24516468705547,0.7796749789547093,0.5015083252441375,0.33155957575409745
53.8330078125,2.2067651346964383,1.3479630284185609,0.8474506887731076,0.5473476531710885,0.3633754855382868
64.599609375,2.1052394820375087,1.3082348508280393,0.8368268537004185,0.5497039320287794,0.3709911422846888
75.3662109375,1.9985630322177295,1.2672618213529463,0.8260663994173035,0.5520501538301578,0.37845357947464625
86.1328125,1.8858619012974123,1.2249190270366894,0.8151639156748747,0.5543864462628038,0.38577168893077185
96.8994140625,1.7659830202419438,1.1810591525127923,0.8041136254227517,0.5567129343350162,0.39295353433031294
107.666015625,1.6775920561639448,1.1589608751049005,0.8147998132803637,0.5833062059274768,0.4265944012384062
118.4326171875,1.6273533300056113,1.1607286116325592,0.847170143753893,0.6319202230736305,0.48202246112564456
129.19921875,1.5755134447082102,1.1624936600691544,0.878348318842968,0.6770525879024104,0.5317034163038638
139.9658203125,1.5219087910358853,1.1642560326403766,0.908457090874712,0.7193589126724396,0.5771233774385913
150.732421875,1.466345839837345,1.1660157414795225,0.9375994894979526,0.7593117170814624,0.6192206897890584
161.4990234375,1.3908220684128307,1.1421912305198216,0.9538704656946566,0.809654594521264,0.7003599736004464
172.265625,1.3041432127983907,1.1083549094524225,0.9656094702276927,0.8611941835742061,0.7860522053058622
183.0322265625,1.2112774302330878,1.0734525623138604,0.9772074665403814,0.9098188177954416,0.8632798192421729
193.798828125,1.1106738974586716,1.0373765959231473,0.9886694171112688,0.9559733995291648,0.9341445408262071
204.5654296875,1.0,1.0,1.0,1.0,1.0
215.33203125,0.9398167727264416,0.9621022443003489,0.9947079875454059,1.0422462472532907,1.1116148421616587
226.0986328125,0.87674261766731,0.9226671455905272,0.9890775910316677,1.0828469376731662,1.2138300097377694
236.865234375,0.8087642851723297,0.881469565337666,0.983414959045968,1.121979385257473,1.3080821945756402
247.6318359375,0.734521422632786,0.8382496809906795,0.9777195314965113,1.1597922190881096,1.395985230219742
258.3984375,0.6615510838726611,0.7940494801079169,0.9667528259999236,1.1882638365318365,1.4747655190761992
269.1650390625,0.6156176266515231,0.7521790565625832,0.9374190811257308,1.188596301936848,1.5368343004818594
279.931640625,0.5659684513424899,0.7078362023823748,0.9071372777801489,1.1889286743730836,1.5964917782497225
290.6982421875,0.5115227400477701,0.660523160589261,0.8758090818312798,1.1892609539184944,1.6539988902355507
301.46484375,0.45054493589090516,0.6095486871009983,0.8433178848440956,1.189593140650919,1.7095726541395957
312.2314453125,0.40302202885213484,0.5670933297185364,0.8113363950244774,1.1791928390617976,1.7423722213080233
322.998046875,0.37690141888623946,0.536781893345911,0.7801448956276831,1.1565015971349948,1.751246547920736
333.7646484375,0.3488303360902396,0.5046531060409566,0.7476532421226713,1.1333561384917656,1.760076130632639
344.53125,0.3182931466356114,0.4703346828052864,0.7136838815183905,1.1097280428727299,1.7688616394849062
355.2978515625,0.2844968383191078,0.4333066699951824,0.6780147454309303,1.0855857965261488,1.777603727960679
366.064453125,0.2630414040472054,0.40822415780691157,0.651069078587368,1.0627781990966827,1.775237848168457
376.8310546875,0.24663330526915855,0.3877979621306387,0.6272997052463822,1.0402253095308565,1.7685012484391205
387.59765625,0.22905281987536139,0.36623429092343374,0.602593474335552,1.0171724970239517,1.76173888924882
398.3642578125,0.21000571734531515,0.3433188783968991,0.5768300186548766,0.9935849650710896,1.7549504728204208
409.130859375,0.18904922200999502,0.3187603310940972,0.5498607510370045,0.9694236828800372,1.7481356955950456
419.8974609375,0.17998277517941802,0.30728791181572856,0.5376695904584946,0.9632635116894278,1.768680064430895
430.6640625,0.17098987845657754,0.2959502142924939,0.5258112215756845,0.9577645945327582,1.7900032405620536
441.4306640625,0.16149698977970295,0.28416051437783396,0.5136791731869437,0.9522339230088103,1.8110753800242565
452.197265625,0.1514100950439406,0.2718600127329815,0.5012535737499838,0.9466709405685798,1.8319051457532918
462.9638671875,0.14172614518422752,0.2602877956215532,0.49019376925649905,0.9440967592858949,1.860523731326418
473.73046875,0.13582736775074886,0.2533161363385367,0.48533743888462416,0.9528929292791707,1.9183158323921734
484.4970703125,0.12966050837249704,0.24614709689419706,0.4804320219846707,0.9616086410002523,1.9744170559393759
495.263671875,0.12318531175725295,0.2387628984775446,0.47547599930330026,0.9702460627193822,2.0289676657753253
506.0302734375,0.11635030998690205,0.23114292130488234,0.47046777156215974,0.9788072670340026,2.0820895434006466
516.796875,0.11065709955800662,0.22492115347967048,0.4678552023205609,0.9944118258282786,2.1616827107905445
527.5634765625,0.10661365444576201,0.2205537722377139,0.46816762172105864,1.0181235964726068,2.270229886720304
538.330078125,0.10241068765499929,0.21609814347639575,0.46847983277563926,1.04129555652634,2.373818724120199
549.0966796875,0.09802768271085334,0.2115486912736758,0.46879183590057383,1.0639629760422542,2.4730723668001926
559.86328125,0.09343930762451735,0.20689922654583473,0.4691036315107457,1.0861574438063182,2.568493435431453
570.6298828125,0.08971720764807915,0.202573361770146,0.4687461903450004,1.1092891612042461,2.6868582356099147
581.396484375,0.08632389428455392,0.198341465576816,0.46810115817842474,1.1325282595749984,2.8109947103343855
592.1630859375,0.08279161854157947,0.19401728540380256,0.46745523594566113,1.1552999932081396,2.9298763360895808
602.9296875,0.0791017665859401,0.1895945070506035,0.4668084199519595,1.1776314745613272,3.044118826206576
613.6962890625,0.07523115613427721,0.18506606164303235,0.4661607064769364,1.199547291876498,3.1542262936147187
624.462890625,0.0726967261906562,0.1813915951663413,0.4643840195639814,1.2174895451677297,3.271176639487322
635.2294921875,0.07016231565764265,0.17769804984906917,0.4625350127831708,1.234967030155262,3.3846762870133458
645.99609375,0.06753285924678826,0.17392608499973422,0.4606785847792967,1.2522005983660487,3.49449145499193
656.7626953125,0.0647967870935743,0.17007048293724272,0.45881464547045886,1.2692001857571835,3.60095924583335
667.529296875,0.06212230556626196,0.16618262104553042,0.45630344250918914,1.2830191158260005,3.695650764089862
678.2958984375,0.060130269431436796,0.16244984595423745,0.4510409367587735,1.2842154458755342,3.751698443387868
689.0625,0.0580699384787557,0.15862925758998092,0.445716301719745,1.285410662502712,3.806921045952932
699.8291015625,0.05593376625935364,0.15471435058371838,0.44032728351218664,1.28660476881054,3.861353971098705
710.595703125,0.05371270483773196,0.15069777433504014,0.43487148859371805,1.2877977678876396,3.915030156987319
721.3623046875,0.05183333674955316,0.14711378543241233,0.42930400398898183,1.2852056540369643,3.948796805361611
732.12890625,0.05046483149287949,0.14415620507965538,0.4236078856402415,1.2776926230870227,3.9575630060655413
742.8955078125,0.04905816585052329,0.14113666094137886,0.41783412224496475,1.2701351522627085,3.9663098320634296
753.662109375,0.04760995752602376,0.13805108713949213,0.4119794493028075,1.2625324435181182,3.9750374112538274
764.4287109375,0.04611629294124315,0.13489495268211366,0.40604036693839785,1.2548836746321332,3.983745870134288
775.1953125,0.0449538942446133,0.13231400845268254,0.400769697164449,1.2464285828586803,3.982186513083996
785.9619140625,0.04394233211277982,0.12999057417066334,0.3957862522207951,1.2375586219802135,3.975831094722799
796.728515625,0.04290692828977331,0.1276248483392672,0.3907392541435803,1.22862462677094,3.9694655008629702
807.4951171875,0.04184591305034748,0.12521443388852144,0.3856262076290717,1.219625190039341,3.9630896824722406
818.26171875,0.040757286253758344,0.12275669836886711,0.38044444967968544,1.2105588522864,3.9567035901232903
829.0283203125,0.04003515797045058,0.12127739601282192,0.3780962255156129,1.2104701666722568,3.9814623269654312
839.794921875,0.03933130367781864,0.11986124069398056,0.3759619446538727,1.2110890487115644,4.008489377257245
850.5615234375,0.038614621897352014,0.1184281523023573,0.37381547842042434,1.211707614655699,4.035335415318455
861.328125,0.03788438464002999,0.1169775084997115,0.3716566156890788,1.2123258649885047,4.062004030114021
872.0947265625,0.03714620719543114,0.11553921230364946,0.3696836738862324,1.2141391498737382,4.095056303331328
882.861328125,0.03642442311689448,0.11423101783712625,0.3686552553495247,1.221653696743978,4.158879884787966
893.6279296875,0.03568804407347758,0.1129076671110665,0.36762395984976776,1.2291223024094586,4.221738701617411
904.39453125,0.034936147185733124,0.11156862080720308,0.3665897631064246,1.2365457993104956,4.2836752250111845
915.1611328125,0.03416770800881409,0.11021330684259151,0.3655526404954899,1.2439249950477456,4.344728898563743
925.927734375,0.03339437582985735,0.10883276910017194,0.36464840076932753,1.253383036092636,4.421988151216144
936.6943359375,0.03262093325386989,0.10742272080817933,0.3639313595128245,1.265696411915569,4.521148313428442
947.4609375,0.031828701444470864,0.1059939161539602,0.3632129027031907,1.2778911452495085,4.618179829168395
958.2275390625,0.03101624066403556,0.10454558612143101,0.36249302192359795,1.2899706008581175,4.713214168384323
968.994140625,0.03018191733831626,0.10307690766264865,0.36177170867347613,1.3019379874054695,4.806369800543817
979.7607421875,0.029426924834675166,0.1016097602824256,0.360640337443109,1.312906505170951,4.905124341226578
990.52734375,0.028705573266604865,0.10013282776273286,0.3592973735121336,1.3233363956791417,5.005590464961558
1001.2939453125,0.02796562117856903,0.09863378228005981,0.3579493710489736,1.3336847232153197,5.104079447161325
1012.060546875,0.027205550890256096,0.09711159981165733,0.3565962729137728,1.3439533718648073,5.200703616142265
1022.8271484375,0.026423626370753447,0.09556517477140206,0.3552380208784414,1.3541441542744428,5.2955650503960205
1033.59375,0.025868643764394357,0.09438845372414037,0.35412001792278763,1.3630758782770127,5.385736673604164
1044.3603515625,0.025360655447861997,0.09328953308973016,0.353055609805417,1.371676491388475,5.473733291482543
1055.126953125,0.02484228168427215,0.09217751228887293,0.3519879829433303,1.380223512375782,5.560337469539396
1065.8935546875,0.024312858199261118,0.09105191134419546,0.3509171079584946,1.3887179307555897,5.645613288566905
1076.66015625,0.023771646732044877,0.08991222023227337,0.34984295502324053,1.3971607059637885,5.7296200600844935
1087.4267578125,0.02334170925831667,0.08886885635438868,0.3480655614170047,1.3992757732435637,5.776666233778749
1098.193359375,0.022970971401094283,0.08787311598511165,0.34590206468769813,1.3980229497778336,5.804271245847022
1108.9599609375,0.02259415108207011,0.08686596224142443,0.34372495060133473,1.3967690026001618,5.831745588951339
1119.7265625,0.02221093872688508,0.08584699342041328,0.3415339587457854,1.3955139286813985,5.859091101283576
1130.4931640625,0.02182099757434389,0.08481578368747376,0.3393288203015555,1.394257724978754,5.886309578337461
1141.259765625,0.0214645941723512,0.08386461898690972,0.33723869141282653,1.3926223745333062,5.908331303808838
1152.0263671875,0.02125546943594159,0.0832511616333475,0.335620372062881,1.3895740803299759,5.911407096188975
1162.79296875,0.021044266651540376,0.08263315018068794,0.3339942114789082,1.386519084397692,5.914481289020984
1173.5595703125,0.020830922611830834,0.08201048167317712,0.33236009456492943,1.3834573423395213,5.917553884797784
1184.326171875,0.020615370838736786,0.08138304921633736,0.3307179033814164,1.3803888092661594,5.92062488600581
1195.0927734375,0.020397541341481883,0.08075074176273007,0.32906751704595644,1.3773134397882578,5.923694295125068
1205.859375,0.020186412593564698,0.08012151712255601,0.3273453914526063,1.3736322760600799,5.9230492790889
1216.6259765625,0.01998308519766369,0.07949623895697194,0.3255441921520767,1.3692820511586272,5.918327527434769
1227.392578125,0.019777667573215748,0.0788660035160141,0.32373297141724094,1.3649179614234543,5.9136020056703735
1238.1591796875,0.019570093900029707,0.07823069099063278,0.3219115600927128,1.360539873435373,5.908872704750482
1248.92578125,0.019360294829253666,0.07759017666661072,0.3200797842101438,1.3561476516215782,5.9041396155936
1259.6923828125,0.019148197212665734,0.07694433063871457,0.31823746479429516,1.3517411582066672,5.899402729081854
1270.458984375,0.018908395912389457,0.07622366661673168,0.3162628190454093,1.3476347355915168,5.900213612242564
1281.2255859375,0.018631615147513256,0.07540366075461746,0.31411427574384915,1.3439317631573537,5.908338636964532
1291.9921875,0.018350660206929877,0.07457463883852308,0.31195093483048986,1.3402185595915512,5.916452503654821
1302.7587890625,0.01806533633939857,0.07373629676485628,0.3097724862817067,1.3364950396182056,5.924555258157269
1313.525390625,0.017775433161552764,0.07288831294037267,0.3075786090947872,1.3327611167701765,5.9326469460026106
1324.2919921875,0.017480722842782133,0.07203034684070647,0.30536897073576025,1.3290167033656524,5.940727612411628
1335.05859375,0.017182084747057652,0.0711690729403889,0.30319810557995097,1.3256733120129172,5.951689577226592
1345.8251953125,0.01689684219884654,0.0704132051721953,0.3019108567906631,1.329027075408245,6.009476322490252
1356.591796875,0.016606700946612707,0.06964913482627695,0.3006180960435906,1.3323723969495498,6.06671266152226
1367.3583984375,0.016311399583354064,0.06887658892160796,0.2993197519203746,1.335709340065414,6.123414028495701
1378.125,0.016010652591488102,0.06809527899130301,0.2980157514469256,1.3390379673940846,6.179595149464199
1388.8916015625,0.01570414710969196,0.06730489982408885,0.296706020045561,1.3423583407971862,6.2352700870278905
1399.658203125,0.015391539119928816,0.06650512807113343,0.2953904814852335,1.3456705213731457,6.290452281441197
1410.4248046875,0.015084056261624559,0.06569810958824406,0.2940455316852796,1.3495017492052481,6.354244632201811
1421.19140625,0.014793265318042858,0.06488596870720373,0.2926483020475554,1.3543467868066206,6.434920048411597
1431.9580078125,0.014496642515985252,0.0640635330486506,0.2912443693508176,1.35917455345471,6.514596473537966
1442.724609375,0.014193822237244675,0.06323040090240502,0.289833636187717,1.3639852325389008,6.593310124407711
1453.4912109375,0.013884398984780883,0.06238614373306078,0.2884160027686262,1.3687790042258807,6.671095081034333
1464.2578125,0.013567921013728149,0.061530303603065446,0.2869913668392666,1.373556045538362,6.747983459062777
1475.0244140625,0.013243882591634233,0.060662390268507525,0.285559623594634,1.3783165304313734,6.824005564722798
1485.791015625,0.012947605802960855,0.059870134641253736,0.28433073613352267,1.3838210374733189,6.905402515064921
1496.5576171875,0.012750687866601145,0.05932667848048623,0.2837092840358438,1.3915043254853354,7.003681413806309
1507.32421875,0.012550680703203433,0.05877819780404979,0.2830864676844007,1.3991454220112594,7.100600171614021
1518.0908203125,0.012347434193233833,0.058224550617906004,0.2824622780548428,1.4067450145729072,7.196213743917933
1528.857421875,0.01214078564997615,0.057665588111300674,0.28183670602288746,1.4143037722202376,7.2905734821880035
1539.6240234375,0.011930558295446429,0.05710115418962411,0.28120974236276297,1.421822346218773,7.383727456387506
1550.390625,0.011716559490032868,0.05653108496528541,0.2805813777456225,1.4293013707044864,7.4757207412556745
1561.1572265625,0.011498578665466701,0.05595520820189468,0.2799516027379229,1.4367414633079911,7.566595671255786
1571.923828125,0.011361997711225553,0.05556602490777309,0.27943472549628484,1.4417674020690177,7.6357118503836245
1582.6904296875,0.011246851808160383,0.055225945883112304,0.27894755179967373,1.4461412131630542,7.698709994317917
1593.45703125,0.011130514776939137,0.054883759649988144,0.27845952577866523,1.4505018356239934,7.761196795026802
1604.2236328125,0.011012948869599816,0.054539426545856064,0.2779706429440465,1.4548493880427757,7.823184505408114
1614.990234375,0.010894114301275999,0.05419290564810126,0.27748089876705756,1.4591839872436592,7.8846848966957985
1625.7568359375,0.01077396909287454,0.05384415471726933,0.2769902886789022,1.4635057483208493,7.945709284557574
1636.5234375,0.010652468897819435,0.05349313013696624,0.2764988080702501,1.4678147846741536,8.006268553404142
1647.2900390625,0.01052956681083712,0.05313978685018977,0.2760064522907327,1.4721112080437047,8.066373179053114
1658.056640625,0.010491898601152893,0.05302482068261305,0.2758102095312379,1.4732652824483377,8.0851344761677
1668.8232421875,0.01046194232799456,0.05293141231404182,0.27564074161735896,1.4741347444225856,8.100144766389574
1679.58984375,0.010431900032668452,0.052837838815520094,0.2754711694480385,1.475003693880155,8.115127292607408
1690.3564453125,0.010401770969831296,0.052744099308175134,0.2753014928306279,1.4758721317263104,8.130082208315875
1701.123046875,0.010371554383318111,0.05265019290531065,0.27513171157188426,1.4767400588636521,8.145009665600641
1711.8896484375,0.010341249505908829,0.05255611871230805,0.2749618254779685,1.4776074761921327,8.159909815156002
1722.65625,0.010310855559105854,0.05246187582652756,0.27479183435444204,1.4784743846090624,8.174782806303403
1733.4228515625,0.01028037175291183,0.05236746333720769,0.2746217380062645,1.4793407850091216,8.189628787007894
1744.189453125,0.010266487743555923,0.05227924795829771,0.27406941854070677,1.4758943478710862,8.168013908467673
1754.9560546875,0.010262887978388464,0.052194820334818086,0.27327936686759957,1.4697653690124288,8.123710246938812
1765.72265625,0.010259286950139964,0.05211025592417186,0.2724870245201981,1.4636107248235992,8.07916364133768
1776.4892578125,0.010255684657475166,0.05202555405934081,0.2716923714574739,1.4574300901549557,8.034370050651484
1787.255859375,0.010252081099069256,0.05194071406786904,0.27089538734445234,1.4512231329328722,7.989325320582416
1798.0224609375,0.010248476273582741,0.05185573527179858,0.2700960515461413,1.4449895139515443,7.94402517905048
1808.7890625,0.010244870179677866,0.051770616987607695,0.2692943431212968,1.4387288866566703,7.898465231466351
1819.5556640625,0.010241262816019451,0.05168535852614658,0.2684902408160223,1.4324408969206233,7.852640955753005
1830.322265625,0.010237654181260528,0.05159995919257148,0.26768372305719423,1.4261251828087114,7.806547697110152
1841.0888671875,0.010241769872054305,0.05152494197489558,0.26681190113199144,1.418980884583708,7.754133514773967
1851.85546875,0.010247038714029929,0.05145139186186999,0.2659277838789608,1.41168003020981,7.700451341710864
1862.6220703125,0.010252304848253643,0.05137773645783782,0.2650407174225934,1.404341220847831,7.646392297493303
1873.388671875,0.010257568278896083,0.05130397530931088,0.26415067205099213,1.396963858319744,7.591948331507377
1884.1552734375,0.010262829010117843,0.051230107959535996,0.2632576175499931,1.3895473285681168,7.53711110236456
1894.921875,0.010268087046061048,0.05115613394846219,0.2623615231911991,1.3820910010596252,7.4818719629848225
1905.6884765625,0.010273342390879686,0.05108205281270868,0.2614623577196416,1.3745942281594237,7.426221944677198
1916.455078125,0.01027859504868587,0.05100786408552774,0.2605600893410607,1.367056344474656,7.370151740141814
1927.2216796875,0.010283845023605801,0.05093356729677395,0.2596546857087875,1.3594766661651878,7.313651685294967
1937.98828125,0.010267018451374586,0.05078045730724677,0.2585189476311803,1.3516712299915046,7.261652769216209
1948.7548828125,0.010238089276000348,0.05058379102910205,0.25725370853058954,1.3437199460567835,7.2119908933939385
1959.521484375,0.010209078125173427,0.0503863571358224,0.25598221582983083,1.3357213305457654,7.161984665729331
1970.2880859375,0.010179984298042356,0.05018814656830236,0.25470437587438244,1.3276745280071658,7.111626822175497
1981.0546875,0.010150807083719779,0.04998915008783565,0.253420092648486,1.3195786569064956,7.0609098396471115
1991.8212890625,0.010121545761066785,0.04978935827108952,0.2521292676909523,1.3114328084988773,7.009825922900425
2002.587890625,0.010092199598495574,0.04958876150489812,0.25083180000706534,1.3032360456384535,6.95836699054519
2013.3544921875,0.010062767853747219,0.04938734998086496,0.2495275859763666,1.2949874015199736,6.9065246601195724
2024.12109375,0.010033249773672427,0.04918511368976593,0.2482165192560754,1.286685878347764,6.854290232153211
2034.8876953125,0.010003644594016418,0.048982042415746156,0.246898490679895,1.278330445926897,6.801654673117006
2045.654296875,0.009966224078034939,0.048797602504837306,0.24596242792210585,1.2734494187570866,6.775491646296925
2056.4208984375,0.00992802869117394,0.048614059403645854,0.24505466064914475,1.2688385716962132,6.751426833788209
2067.1875,0.009889685789342273,0.04842982070152954,0.24414351816584803,1.2642109080036483,6.727275937179782
2077.9541015625,0.009851193650063145,0.048244878429356486,0.24322896254132256,1.2595662423257992,6.703038025994146
2088.720703125,0.009812550517080248,0.04805922446465932,0.24231095512885603,1.2549043858788842,6.678712152869333
2099.4873046875,0.00977375459940611,0.04787285052747132,0.24138945654686067,1.2502251463593983,6.6542973531275
2110.25390625,0.009734804070373528,0.04768574817601903,0.24046442665916115,1.2455283278515608,6.629792644329628
2121.0205078125,0.0096956970666219,0.04749790880225985,0.23953582455459424,1.2408137307315832,6.605197025810321
2131.787109375,0.009656431687059926,0.0473093236272607,0.23860360852589738,1.2360811515686791,6.5805094782038145
2142.5537109375,0.009617005991789315,0.0471199836964109,0.237667736047849,1.2313303830226363,6.555728962950838
2153.3203125,0.00957596701036886,0.04693770757455431,0.23684401150686385,1.227562613894772,6.538353019799972
2164.0869140625,0.009534048883618846,0.046758508250555615,0.23607342827189287,1.22426713725129,6.524551824896318
2174.853515625,0.009491945640745247,0.04657861950809842,0.2353003214732731,1.2209627658838638,6.510721374778498
2185.6201171875,0.009449654807370167,0.04639803332839796,0.23452466615434456,1.2176494273788665,6.496861482610678
2196.38671875,0.009407173853502752,0.046216741536006585,0.23374643694436895,1.21432704833475,6.482971959561795
2207.1533203125,0.00936450019176869,0.046034735794495026,0.23296560804884694,1.2109955543430753,6.469052614772857
2217.919921875,0.009321631175560468,0.04585200760197812,0.2321821532395418,1.2076548699690648,6.455103255327392
2228.6865234375,0.009278564097142587,0.04566854828648248,0.23139604584420018,1.204304918731673,6.441123686218194
2239.453125,0.00923529618563515,0.045484349001142295,0.23060725873595628,1.2009456230831648,6.427113710322171
2250.2197265625,0.009191824604940427,0.045299400719221734,0.22981576432240974,1.1975769043881528,6.41307312835476
2260.986328125,0.00914814645157943,0.045113694228953685,0.22902153453436314,1.1941986829021451,6.399001738854465
2271.7529296875,0.009120188815524725,0.04499394419608137,0.22850637155925665,1.1920001229153006,6.3898562360028075
2282.51953125,0.009094543454326372,0.044883917220813196,0.22803245150561063,1.1899763961061904,6.381443066762621
2293.2861328125,0.00906882557195163,0.04477361986538003,0.22755754445005838,1.1879492217892398,6.373018791113271
2304.052734375,0.009043034549659977,0.044663050126634976,0.22708164420010257,1.1859185822852458,6.36458336495268
2314.8193359375,0.00901716975986451,0.04455220597657375,0.2266047444982201,1.18388445976338,6.356136743885717
2325.5859375,0.008991230565948758,0.04444108536190125,0.2261268390209025,1.1818468362393724,6.347678883223792
2336.3525390625,0.008965216322088687,0.0443296862035872,0.2256479213776782,1.179805693573649,6.339209737977772
2347.119140625,0.00893912637306875,0.04421800639641335,0.22516798511011402,1.1777610134694496,6.330729262859317
2357.8857421875,0.00891296005407379,0.044106043808507515,0.22468702369079996,1.1757127774709135,6.322237412275638
2368.65234375,0.008886716690510143,0.04399379628087055,0.22420503052231402,1.1736609669611386,6.313734140327619
2379.4189453125,0.008860395597783392,0.043881261626888976,0.223721998936165,1.1716055631602038,6.305219400803309
2390.185546875,0.008835339887176573,0.04376683475077172,0.22318781182377614,1.1690653939550215,6.292931596749233
2400.9521484375,0.008811682827418444,0.043650354674923335,0.2225975332197972,1.1659934299239028,6.276505648292822
2411.71875,0.008787962083447409,0.043533562941618364,0.22200568516232222,1.1629133509888887,6.260036599313154
2422.4853515625,0.008764177138171542,0.04341645703574993,0.22141225506562556,1.1598250924991695,6.243524108741857
2433.251953125,0.008740327467453065,0.04329903440819847,0.22081723017486451,1.1567285889408998,6.226967830985109
2444.0185546875,0.008716412539994925,0.04318129247518642,0.22022059756288132,1.153623773920989,6.210367415847171
2454.78515625,0.00869243181719058,0.043063228617613566,0.2196223441269262,1.150510580150484,6.1937225084359335
2465.5517578125,0.00866838475297548,0.042944840180376795,0.21902245658529965,1.147388939427561,6.177032749078822
2476.318359375,0.008644270793692285,0.04282612447167439,0.21842092147391218,1.1442587826200863,6.160297773231484
2487.0849609375,0.008620089377947004,0.042707078762291815,0.2178177251427586,1.141120039647758,6.1435172113843315
2497.8515625,0.008595839936440537,0.04258770028486922,0.217212853752304,1.1379726394637977,6.126690688967021
2508.6181640625,0.008571521891822791,0.04246798623315104,0.21660629326977857,1.1348165100361824,6.109817826249404
2519.384765625,0.008541120567394091,0.04232197914882728,0.21588509337354023,1.1311610139286796,6.090797599904474
2530.1513671875,0.0085037891936072,0.04214603384315824,0.21503343204488928,1.1269375913096464,6.0693371189417675
2540.91796875,0.0084662932120169,0.04196935094022197,0.2141783841873542,1.1226982809203083,6.047800486434711
2551.6845703125,0.008428630425779883,0.04179192108504202,0.21331990907837867,1.118442902099183,6.026186885923162
2562.451171875,0.00839079858874779,0.041613734723204676,0.21245796517266552,1.1141712707347426,6.004495486253323
2573.2177734375,0.008352795403902994,0.041434782094855016,0.21159251007871574,1.1098831991724627,5.982725441201259
2583.984375,0.008314618521736782,0.04125505322845907,0.21072350053449965,1.1055784961186277,5.960875889091012
2594.7509765625,0.008276265538547368,0.04107453793431961,0.20985089238222246,1.1012569665407594,5.938945952398206
2605.517578125,0.008237733994678073,0.04089322579783504,0.20897464054214077,1.0969184115644983,5.916934737332946
2616.2841796875,0.00819902137267668,0.040711106172487965,0.20809469898538696,1.0925626283668173,5.894841333420893
2627.05078125,0.008160125095374058,0.040528168172549596,0.20721102070575464,1.0881894100653788,5.872664813061263
2637.8173828125,0.008121042523881655,0.04034440066548682,0.2063235576903969,1.0837985456038703,5.8504042310703195
2648.583984375,0.008081770955504986,0.040159792264056894,0.205432260889385,1.0793898196331544,5.828058624215252
2659.3505859375,0.008026959073519751,0.03992457533669654,0.2044207342415148,1.0750906143855443,5.810373404920885
2670.1171875,0.007968141064408137,0.03967621533716405,0.20337674201397637,1.0708041956586585,5.793750318713992
2680.8837890625,0.007908885640634156,0.039426290862144886,0.20232736294579387,1.0665005493390474,5.777079401098485
2691.650390625,0.007849182895751887,0.03917477196885632,0.20127251278050487,1.0621794660229456,5.760360236789961
2702.4169921875,0.007789022543638165,0.03892162774701666,0.20021210504202286,1.057840732029682,5.743592404463018
2713.18359375,0.0077283938978054394,0.03866682627450545,0.19914605095190185,1.0534841292783652,5.726775476618689
2723.9501953125,0.007667285849240419,0.038410334570376015,0.1980742593425935,1.0491094351599815,5.7099090194677125
2734.716796875,0.007605686842639454,0.03815211854502539,0.19699663656645638,1.0447164224046634,5.692992592793485
2745.4833984375,0.007543584850892824,0.03789214294730645,0.19591308640026056,1.040304858943906,5.67602574981833
2756.25,0.007480967347674751,0.03763037130835359,0.19482350994491263,1.0358745077675207,5.659008037068855
2767.0166015625,0.007417821277929029,0.037366765881863516,0.1937278055201033,1.031425126775039,5.641938994229384
2777.783203125,0.007354133026102831,0.037101287580560305,0.19262586855356278,1.026956468621336,5.624818154003111
2788.5498046875,0.0072898883818591645,0.03683389590853633,0.19151759146458053,1.0224682805561787,5.607645041958336
2799.31640625,0.007222529827687525,0.03655958917742656,0.1904351699677123,1.0185312066724088,5.596204442786337
2810.0830078125,0.007151572244176321,0.03627743759212607,0.18938407036673804,1.0152402039093793,5.591426508127225
2820.849609375,0.00707990353151085,0.03599307427379592,0.188327104413347,1.0119384982805855,5.586644487178905
2831.6162109375,0.007007501870661947,0.03570644638027397,0.18726417277407284,1.00862598467954,5.581858369437045
2842.3828125,0.006934344303477811,0.03541749893111845,0.1861951732800824,1.0053025562681013,5.577068144356376
2853.1494140625,0.006860406647641245,0.03512617468447375,0.18512000081255953,1.0019681044362567,5.572273801342411
2863.916015625,0.006785663403296161,0.034832414004667474,0.1840385471820622,0.9986225187607132,5.567475329757264
2874.6826171875,0.006710087650296532,0.03453615471966942,0.18295070100146174,0.9952656869622294,5.562672718917689
2885.44921875,0.006633650934929973,0.03423733196744947,0.18185634755203997,0.9918974948616445,5.5578659580926635
2896.2158203125,0.006556323144745866,0.03393587803015753,0.1807553686422909,0.9885178263345649,5.55305503650593
2906.982421875,0.006478072369938277,0.033631722154925665,0.17964764245893292,0.985126563264649,5.548239943332665
2917.7490234375,0.006398864749468402,0.033324790359948356,0.17853304340960158,0.9817235854954415,5.543420667703617
2928.515625,0.006318664299820128,0.03301500522433547,0.17741144195664713,0.9783087707806932,5.538597198700137
2939.2822265625,0.006237432723937993,0.03270228566004663,0.17628270444141392,0.9748819947331254,5.533769525358346
2950.048828125,0.006162355192914478,0.032413635206341905,0.17527687971976477,0.9723016428993181,5.5358440270895715
2960.8154296875,0.006097552533138539,0.03216425703210598,0.1744658306848003,0.9710327934906242,5.548486496274487
2971.58203125,0.006032053735264815,0.03191293019396603,0.17365099363026393,0.9697622839045111,5.561100224451742
2982.3486328125,0.005965835870677603,0.031659608284097904,0.17283231497905274,0.9684901076072919,5.573685406754625
2993.115234375,0.0058988747237598595,0.031404243022879794,0.1720097398790517,0.9672162580223064,5.586242236113231
3003.8818359375,0.005831144688425779,0.03114678415146042,0.1711832121602454,0.9659407285295325,5.598770903297325
3014.6484375,0.005762618653711372,0.030887179316267124,0.17035267428995687,0.964663512465178,5.6112715969448725
3025.4150390625,0.0056932678769618635,0.030625373944701644,0.16951806732611324,0.9633846031212784,5.623744503597948
3036.181640625,0.005623061842945554,0.030361311111188574,0.16867933086842976,0.9621039937452882,5.636189807734915
3046.9482421875,0.005551968106927158,0.030094931392644127,0.16783640300739822,0.9608216775396589,5.6486076918018995
3057.71484375,0.0054799521194151095,0.029826172712326484,0.1669892202709573,0.9595376476614214,5.660998336243814
3068.4814453125,0.005406977029896122,0.029554970170905286,0.16613771756871723,0.9582518972217596,5.673361919533173
3079.248046875,0.005333003466393841,0.029281255863447403,0.16528182813359546,0.9569644192855821,5.685698618207276
3090.0146484375,0.0052579892871051775,0.02900495868085742,0.16442148346072039,0.9556752068710802,5.698008606885925
3100.78125,0.005181889299672208,0.02872600409412729,0.16355661324344078,0.9543842529492893,5.710292058312115
3111.5478515625,0.005118315750910057,0.028488747610244204,0.16285726509526316,0.9541333940780057,5.732182168711239
3122.314453125,0.005064669445104302,0.028284276960202838,0.16228756932042962,0.9546916321042831,5.761436461565303
3133.0810546875,0.005010448787317548,0.028078317362739663,0.16171586662278273,0.955249543902045,5.790542961245036
3143.84765625,0.0049556349252633785,0.0278708358088521,0.1611421356417435,0.9558071300425561,5.819503885330443
3154.6142578125,0.004900207952184173,0.02766179805155944,0.16056635463510552,0.9563643910954193,5.848321396498273
3165.380859375,0.0048441468223833824,0.027451168539909594,0.15998850146942084,0.9569213276285754,5.876997604398336
3176.1474609375,0.00478742925785472,0.027238910348392927,0.15940855361007225,0.9574779402083157,5.905534567459887
3186.9140625,0.004730031644833124,0.027024985101365962,0.15882648811101913,0.9580342293992861,5.933934294616625
3197.6806640625,0.0046719289189029135,0.026809352892047184,0.15824228160420375,0.9585901957644928,5.962198746955035
3208.447265625,0.004613094437082264,0.026591972195600378,0.15765591028860462,0.95914583986531,5.99032983929522
3219.2138671875,0.0045534998350277404,0.026372799775769895,0.15706734991892152,0.9597011622614903,6.018329441706593
3229.98046875,0.0044931148671892365,0.026151790584472687,0.1564765757938783,0.9602561635111636,6.046199380955606
3240.7470703125,0.004431907227358531,0.02592889765368706,0.15588356274412565,0.9608108441708502,6.0739414419001685
3251.513671875,0.004369842346592381,0.025704071978903342,0.15528828511972878,0.9613652047954652,6.101557368819412
3262.2802734375,0.004306883164915106,0.0254772623933167,0.15469071677722168,0.9619192459383218,6.129048866696202
3273.046875,0.004242989872529493,0.025248415431847873,0.1540908310662091,0.9624729681511457,6.156417602447964
3283.8134765625,0.004195192614808133,0.02506549862456229,0.15366562325281358,0.9646504934703479,6.205006485045909
3294.580078125,0.004148210287377131,0.024885067235065096,0.15325329503045876,0.9669514214866899,6.254892995211412
3305.3466796875,0.004100689710434341,0.024703318021866726,0.15283985444153636,0.9692468872674684,6.304384766464849
3316.11328125,0.004052611949622356,0.02452022168099752,0.15242529243444872,0.9715369295298145,6.353491023501418
3326.8798828125,0.004003956933732413,0.024335747806078136,0.15200959983416962,0.9738215865356261,6.4022206372316575
3337.646484375,0.003954703356782173,0.02414986482936938,0.1515927673398753,0.9761008960990198,6.450582143488111
3348.4130859375,0.0039048285689777806,0.023962539958706123,0.1511747855225161,0.9783748955936347,6.4985837604802565
3359.1796875,0.0038543084549716934,0.023773739109958364,0.1507556448223281,0.9806436219597817,6.546233405100679
3369.9462890625,0.0038031172975634716,0.0235834268346256,0.1503353355462817,0.9829071117114493,6.593538708170223
3380.712890625,0.0037512276246566946,0.02339156624212912,0.14991384786546672,0.9851654009431554,6.640507028700857
3391.4794921875,0.0036986100368852025,0.023198118916319267,0.14949117181240998,0.9874185253366643,6.687145467261162
3402.24609375,0.0036452330128415003,0.023003044825663108,0.14906729727832546,0.989666520167565,6.733460878508043
3413.0126953125,0.0035910626882400018,0.02280630222651715,0.14864221401029332,0.991909420311714,6.779459882946168
3423.779296875,0.0035360626046254335,0.022607847558823835,0.14821591160836628,0.9941472602515518,6.825148877977929
3434.5458984375,0.0034801934223246283,0.02240763533349275,0.14778837952260057,0.9963800740822806,6.870534048285294
3445.3125,0.0034234125912241727,0.02220561801064244,0.1473596070500101,0.998607895517933,6.9156213756056575
3456.0791015625,0.003370086832292206,0.022000096251874802,0.1468805815727431,1.0012565793836008,6.975418464551306
3466.845703125,0.003321538136667848,0.02179054085417931,0.14633810867622427,1.004432380091319,7.053378650139708
3477.6123046875,0.003272269232426997,0.0215789505385123,0.14579361734562188,1.0075981711936937,7.130486519788782
3488.37890625,0.0032222470832693824,0.021365264846695965,0.1452470848812767,1.0107540467442326,7.206769431274195
3499.1455078125,0.0031714360472485225,0.02114942026617667,0.14469848815483866,1.0139000993326737,7.2822533093946955
3509.912109375,0.003119797579641463,0.020931350009525576,0.1441478035978459,1.0170364201166893,7.3569627489094565
3520.6787109375,0.0030672898907808375,0.020710983773041036,0.14359500718991017,1.0201630988526957,7.430921108145807
3531.4453125,0.003013867550214459,0.020488247471979425,0.14304007444649047,1.0232802239258318,7.504150594313984
3542.2119140625,0.002959481026529015,0.02026306294958818,0.14248298040623908,1.0263878823791053,7.576672341390297
3552.978515625,0.0029040761495757322,0.020035347656701032,0.14192369961789994,1.029486159941759,7.648506481362061
3563.7451171875,0.002847593478480421,0.019805014298171508,0.14136220612674055,1.0325751410568598,7.719672209497696
3574.51171875,0.0027899675544410317,0.019571970441850762,0.14079847346049695,1.0356549089081544,7.790187844252208
3585.2783203125,0.0027311260115533208,0.01933611808514269,0.14023247461481042,1.0387255454462079,7.860070882338457
3596.044921875,0.0026709885112318685,0.019097353173371554,0.1396641820381326,1.0417871314138443,7.929338049423345
3606.8115234375,0.0026094654554682474,0.018855565063248227,0.1390935676160757,1.0448397463709211,7.998005346877499
3617.578125,0.002546456420092737,0.01861063592358652,0.1385206026551827,1.0478834687184517,8.066088094939602
3628.3447265625,0.002481848229763668,0.018362440064059876,0.13794525786609044,1.050918375722101,8.133600972630289
3639.111328125,0.002417006976958313,0.0181119918640377,0.13735457172642201,1.0540310846917402,8.205162386039692
3649.8779296875,0.0023721908824210435,0.017874641783082724,0.13657593667145318,1.058364704886803,8.340948271514256
3660.64453125,0.002326511645923536,0.017634097324901128,0.1357928370026222,1.0626806526910182,8.474558770512216
3671.4111328125,0.0022799173876687216,0.017390225934548524,0.13500519502877184,1.0669791425597288,8.606095202917144
3682.177734375,0.0022323508126122216,0.017142885627723318,0.134212930779015,1.0712603846456639,8.735651259549853
3692.9443359375,0.0021837483844405737,0.016891924024093924,0.13341596190796903,1.0755245849188468,8.863313782963653
3703.7109375,0.0021340393301256455,0.016637177249350932,0.13261420359586157,1.0797719452822152,8.98916344840109
3714.4775390625,0.002083144430542297,0.01637846868351492,0.13180756844316863,1.0840026636831772,9.113275360092743
3725.244140625,0.0020309745381160483,0.0161156075283384,0.13099596635941332,1.0882169342212542,9.235719575413045
3736.0107421875,0.001977428742193279,0.015848387160780634,0.1301793044457241,1.092414947251999,9.356561567288905
3746.77734375,0.0019223920740651082,0.015576583232164714,0.12935748687072,1.096596889487323,9.475862633516359
3757.5439453125,0.001865732602064047,0.015299951463292742,0.12853041473925325,1.1007629440923934,9.593680260258335
3768.310546875,0.0018072977060741833,0.015018225073878486,0.12769798595350051,1.104913290779252,9.710068445838658
3779.0771484375,0.0017469092289977026,0.014731111769321119,0.12686009506584955,1.1090481058972679,9.82507799000422
3789.84375,0.001684357061413538,0.014438290187927031,0.12601663312298247,1.1131675625205764,9.938756753058701
3800.6103515625,0.0016193904922253799,0.014139405685577753,0.12516748750050202,1.1172718305326073,10.05114988860786
3811.376953125,0.0015517062938218353,0.013834065300261789,0.1243125417273909,1.1213610767078408,10.162300053141164
3822.1435546875,0.001480931895214149,0.01352183169258019,0.1234516752995287,1.1254354647908738,10.272247595189564
3832.91015625,0.0014066009150568977,0.013202215795578587,0.12258476348142228,1.1294951555729373,10.38103072645846
3843.6767578125,0.0013651596262003413,0.01296141452832361,0.12164888265644117,1.134971895340607,10.600036391425126
3854.443359375,0.001335190464026908,0.012745996249967893,0.12068421056779291,1.1409065827024876,10.851476776733184
3865.2099609375,0.001304532998988263,0.012526874080685603,0.11971176512432752,1.1468105587649093,11.0972214978532
3875.9765625,0.0012731375085473784,0.0123038501316665,0.11873135532786996,1.1526842954319705,11.337640923439126
3886.7431640625,0.0012409479787207625,0.012076708239071893,0.11774278222805723,1.1585282526448444,11.573066942054794
3897.509765625,0.0012079009297587594,0.01184521151017676,0.11674583845094641,1.1643428788020873,11.803798337048713
3908.2763671875,0.001173923944015535,0.011609099428895472,0.11574030769107733,1.1701286111611622,12.03010523304564
3919.04296875,0.0011389337981436438,0.011368084419951246,0.11472596416346229,1.1758858762221633,12.252232802823393
3929.8095703125,0.0011028340613051608,0.011121847742542395,0.1137025720115724,1.1816150900947322,12.470404379611043
3940.576171875,0.0010655119600435103,0.010870034546286067,0.11266988466692235,1.1873166588490194,12.684824087367248
3951.3427734375,0.0010268342160332819,0.010612247870579052,0.11162764415532722,1.192990978851565,12.895679077267939
3962.109375,0.0009866414127927125,0.010348041297548377,0.11057558034430176,1.1986384370868606,13.103141440140371
3972.8759765625,0.0009447402011444861,0.010076909869842231,0.10951341012538106,1.2042594114653407,13.30736985045346
3983.642578125,0.0009008922343318605,0.009798278744457161,0.10844083652434947,1.2098542711184948,13.508510986529672
3994.4091796875,0.0008547979808705492,0.009511488852079787,0.1073575477314542,1.2154233766817564,13.706700763116919
4005.17578125,0.0008060721793495253,0.009215778535337928,0.10626321604262803,1.2209670805657689,13.902065405761004
4015.9423828125,0.0007542049645435964,0.008910259695516863,0.10515749670153343,1.226485727216633,14.094722391111096
4026.708984375,0.0006984968852923643,0.008593886296124096,0.1040400266308299,1.2319796533656437,14.284781273051786
4037.4755859375,0.0006379425279631799,0.008265411998192623,0.10291042303943058,1.2374491882690564,14.472344411164675
4048.2421875,0.0005954758639661651,0.008013651959690948,0.10187385060939136,1.2441880806257382,14.793633718864804
4059.0087890625,0.0005826502020469114,0.00787396624450075,0.10096570318147112,1.2525681660209544,15.28032075990908
4069.775390625,0.000569535785815396,0.007731757310470623,0.10004931284058508,1.2608925573128882,15.751977858144624
4080.5419921875,0.0005561121871559862,0.0075868832728924,0.09912445097359981,1.2691623503890166,16.20991703745724
4091.30859375,0.0005423564492863297,0.007439188429188578,0.09819087820038036,1.2773786056619676,16.655269865091494
4102.0751953125,0.0005282426255628415,0.007288501298171785,0.09724834365019419,1.2855423496566933,17.089020398981468
4112.841796875,0.0005137412041491202,0.007134632286385234,0.09629658417436522,1.2936545765074976,17.51203078213893
4123.6083984375,0.0004988183819985375,0.006977370890988183,0.09533532348817485,1.3017162493710872,17.925061395497362
4134.375,0.000483435136909486,0.006816482321468149,0.09436427123408135,1.30972830176135,18.328786919764386
4145.1416015625,0.00046754602444866385,0.006651703385401857,0.09338312195725532,1.317691638811072,18.723809277705683
4155.908203125,0.00045109759294060175,0.006482737432276981,0.09239155398318585,1.3256071384654462,19.110668166908283
4166.6748046875,0.0004340262569659356,0.006309248077570242,0.09138922818566902,1.3334756526118083,19.489849709617086
4177.44140625,0.00041625538448759436,0.00613085132692047,0.0903757866317999,1.3412980081497277,19.86179361541225
4188.2080078125,0.000397691209978252,0.005947105571728237,0.08935085108862117,1.3490750080052505,20.22689915778024
4198.974609375,0.0003782169375808277,0.0057574987077514544,0.08831402137376197,1.3568074320928174,20.585530196154373
4209.7412109375,0.0003576839460362744,0.005561431295830096,0.08726487352967185,1.364496038228123,20.938019423397193
4220.5078125,0.00033589813728441143,0.005358194168441187,0.08620295779782712,1.3721415629949352,21.28467197990912
4231.2744140625,0.0003125976839488587,0.005146938064052816,0.08512779636545455,1.379744722568679,21.625768546114248
4242.041015625,0.0002874144488178079,0.004926631518966523,0.08403888085274955,1.3873062134994063,21.96156800248749
4252.8076171875,0.0002598014987799295,0.004696000938261513,0.0829356695030972,1.3948267134565495,22.292309728820207
4263.57421875,0.00023098069698778909,0.004466564323288747,0.0818504394023459,1.402620815874754,22.665549607228293
4274.3408203125,0.00022631504714528506,0.004393636104502753,0.08116378050154514,1.4142500224245222,23.604498147391016
4285.107421875,0.00022155116507882014,0.004319476771960284,0.08047126257397051,1.4257843801677597,24.507499394728775
4295.8740234375,0.00021668257182152266,0.004244021789319497,0.07977273303074689,1.4372261727135922,25.378390815319037
4306.640625,0.00021170204324614145,0.004167200776652455,0.07906803254249294,1.448577593481124,26.22037212107282
4317.4072265625,0.0002066014842589386,0.0040889367417027865,0.07835699461494565,1.4598407506088336,27.036144472908397
4328.173828125,0.0002013717742917402,0.00400914517601461,0.07763944512960227,1.471017671525656,27.828012896224177
4338.9404296875,0.0001960025756586132,0.003927732985715229,0.07691520184578877,1.4821103072117692,28.597963136294716
4349.70703125,0.00019048209324820311,0.0038445972184078933,0.07618407386012074,1.4931205361744795,29.347720343108787
4360.4736328125,0.00018479676953783643,0.003759623536539776,0.07544586101881427,1.5040501681621417,30.07879457574341
4371.240234375,0.00017893089228813216,0.0036726843726650506,0.07470035327771977,1.5149009476368955,30.792516573385456
4382.0068359375,0.00017286608226727362,0.0035836366816311568,0.07394733000428108,1.52567455702511,31.49006622277347
4392.7734375,0.00016658061286307972,0.0034923191765138667,0.07318655921484454,1.5363726197626562,32.172495465958484
4403.5400390625,0.00016004848879400994,0.0033985488955377324,0.07241779673984741,1.5469967031506457,32.84074692054922
4414.306640625,0.00015323817066465237,0.003302116890734621,0.07164078530836852,1.5575483210358412,33.49566915426547
4425.0732421875,0.00014611076323138225,0.003202782747048127,0.07085525354231444,1.568028936328717,34.138029320458145
4435.83984375,0.00013861736296533165,0.0031002675190220843,0.07006091484909088,1.5784399633710398,34.76852369136356
4446.6064453125,0.00013069503241847885,0.002994244488049954,0.06925746619995181,1.5887827701638035,35.387786501409735
4457.373046875,0.00012226041747954568,0.0028843268571595256,0.06844458677925795,1.59905868046547,35.99639742060036
4468.1396484375,0.00011319906300707663,0.0027700510435091216,0.06762193648757238,1.6092689757696101,36.594887908753826
4478.90625,0.0001033462435170567,0.0026508534754603463,0.06678915427878374,1.6194148971703233,37.18374664886133
4489.6728515625,9.244925220082237e-05,0.0025260375122064965,0.06594585630819483,1.6294976471231157,37.76342421760966
4500.439453125,8.691091506216462e-05,0.0024543531619499364,0.06533712400548951,1.641788412909928,38.94813358236473
4511.2060546875,8.535172580898408e-05,0.0024188060227713676,0.06487970384053393,1.6554185030616948,40.47208688877857
4521.97265625,8.376351855189136e-05,0.00238272862659939,0.06441903575467478,1.6689372809643703,41.940702482385184
4532.7392578125,8.214461018118582e-05,0.0023460965112794335,0.06395504956364857,1.682347430023439,43.35960369167443
4543.505859375,8.049314830121398e-05,0.002308883273892109,0.06348767251849309,1.6956515275315838,44.73352143395591
4554.2724609375,7.880708638866066e-05,0.0022710603480929595,0.06301682917238935,1.708852050451973,46.06648073670597
4565.0390625,7.70841540570458e-05,0.0022325967474896304,0.06254244123848042,1.7219513808024998,47.36193994177626
4575.8056640625,7.532182119622337e-05,0.0021934587685029693,0.06206442743790885,1.7349518106741058,48.62289648541654
4586.572265625,7.351725436891242e-05,0.002153609644606912,0.06158270333723692,1.7478555469131536,49.85196856910112
4597.3388671875,7.166726331851289e-05,0.0021130091418555463,0.06109718117432921,1.7606647154949184,51.05145911526685
4608.10546875,6.976823470026903e-05,0.0020716130830312988,0.06060776967168061,1.7733813656127453,52.22340648962764
4618.8720703125,6.781604909470352e-05,0.00202937278438627,0.06011437383606489,1.7860074735051492,53.369625190401976
4629.638671875,6.580597584142535e-05,0.001986234384514832,0.05961689474325918,1.7985449460410965,54.491738828441775
4640.4052734375,6.373253798541344e-05,0.0019421380389792505,0.05911522930646144,1.8109956240818739,55.591207111648835
4651.171875,6.158933624979316e-05,0.0018970169463321956,0.058609270026866896,1.8233612856363424,56.66934811442018
4661.9384765625,5.936881573110289e-05,0.0018507961602761019,0.058098904724692285,1.835643648824885,57.72735680157599
4672.705078125,5.7061950745976326e-05,0.0018033911276021022,0.057584016248743444,1.847844374666021,58.7663205491
4683.4716796875,5.46578097307428e-05,0.0017547058703199477,0.05706448216239438,1.8599650696985095,59.78723223617805
4694.23828125,5.214293917863076e-05,0.0017046307000510566,0.056540174403594684,1.8720072884506367,60.79100135748554
4705.0048828125,4.950046512721836e-05,0.0016530393086003202,0.056010958916229786,1.8839725357674477,61.77846350977755
4715.771484375,4.6708735686559924e-05,0.0015997850130561688,0.05547669524982772,1.8958622690057811,62.750388534351245
4726.5380859375,4.373918073147691e-05,0.0015446958342082667,0.05493723612422572,1.9076779001061652,63.707487541066556
4737.3046875,4.0552754193582756e-05,0.00148756793204265,0.05439242695537323,1.919420797549926,64.65041899615402
4748.0712890625,3.989519911478368e-05,0.001470215813592243,0.054119088568094116,1.9327285614262577,66.62829639410266
4758.837890625,3.926886905839315e-05,0.0014533013841172145,0.05384863167028065,1.9459702945842416,68.56467234494083
4769.6044921875,3.863238591964009e-05,0.00143618776196477,0.053576809517569185,1.959122528749988,70.44784387870074
4780.37109375,3.7985239324769566e-05,0.001418867739487255,0.05330360122357804,1.9721870544923505,72.28196953975784
4791.1376953125,3.7326874651901844e-05,0.0014013336635855323,0.05302898536387973,1.9851656034594904,74.07069281392737
4801.904296875,3.665668746618866e-05,0.0013835773961865363,0.05275293995639394,1.998059851058058,75.81722724634476
4812.6708984375,3.597401702218088e-05,0.0013655902700951952,0.052475442440852685,2.010871418977757,77.52442428494767
4823.4375,3.527813863330942e-05,0.0013473630395402104,0.05219646965728222,2.02360187757204,79.19482795044944
4834.2041015625,3.456825465872031e-05,0.001328885824613767,0.05191599782344476,2.0362527481048494,80.8307193305242
4844.970703125,3.3843483787363856e-05,0.001310148048656981,0.05163400251117726,2.0488255048724917,82.43415312161989
4855.7373046875,3.310284820954359e-05,0.0012911383674649496,0.051350458621560506,2.061321577209021,84.00698788950459
4866.50390625,3.234525814243622e-05,0.0012718445889653245,0.051065340358847466,2.0737423513828697,85.5509113198455
4877.2705078125,3.156949301174643e-05,0.0012522535817559952,0.05077862120307398,2.086089172391828,87.06746143677763
4888.037109375,3.077417835999823e-05,0.0012323511705520367,0.050490273881269546,2.098363345662969,88.55804454951262
4898.8037109375,2.995775723337199e-05,0.001212122016177161,0.05020027033717997,2.1105661386635943,90.02395052330326
4909.5703125,2.9118454340373868e-05,0.001191549477210977,0.04990858169940604,2.1226987824288264,91.46636584674637
4920.3369140625,2.82542306193375e-05,0.0011706154497451817,0.04961517824785706,2.134762473011058,92.88638487205513
4931.103515625,2.736272487540139e-05,0.0011493001808589448,0.049320029378407355,2.1467583728560977,94.28501953114427
4941.8701171875,2.6441177684167997e-05,0.0011275820503461268,0.04902310356563836,2.158687612110475,95.66320777277413
4952.63671875,2.5486330493873347e-05,0.0011054373138279286,0.04872436832353645,2.170551289864096,97.02182092068587
4963.4033203125,2.4494289268287014e-05,0.0010828397985590417,0.04842379016400905,2.1823504753320813,98.36167011673982
4974.169921875,2.3460336133081827e-05,0.0010597605408221972,0.04812133455306824,2.194086208979408,99.68351198439512
4984.9365234375,2.237866252028384e-05,0.0010361673505877988,0.04781696586451986,2.205759503591698,100.98805362483101
4995.703125,2.1364226873269067e-05,0.0010141329379311315,0.0475294127164785,2.217059171657196,102.33517026361997
5006.4697265625,2.1127678104921078e-05,0.0010057053046365818,0.047364338923814954,2.2262536697951933,104.04915759856958
5017.236328125,2.088845074001e-05,0.000997206449914705,0.0471986878017459,2.235410350231885,105.7353645714614
5028.0029296875,2.0646451669197647e-05,0.0009886345369896647,0.04703245325010531,2.2445296758054054,107.39509972595465
5038.76953125,2.0401582260713335e-05,0.0009799876487518039,0.04686562906053867,2.253612099989347,109.0295719941871
5049.5361328125,2.015373789038426e-05,0.000971263782750829,0.04669820891379745,2.2626580671558987,110.63990100015228
5060.302734375,1.9902807419191382e-05,0.000962460845780613,0.04653018637694604,2.2716680128295472,112.22712603203999
5071.0693359375,1.964867261102138e-05,0.0009535766480141992,0.046361554900477615,2.2806423639317543,113.79221388785473
5081.8359375,1.9391207481418796e-05,0.0009446088966420467,0.04619230781533503,2.289581539017008,115.33606576256688
5092.6025390625,1.913027756718085e-05,0.0009355551889613816,0.046022438329833465,2.298485948500614,116.85952331613818
5103.369140625,1.886573910582367e-05,0.000926413004857917,0.04585193952648012,2.307355994878564,118.36337403843693
5114.1357421875,1.8597438109145586e-05,0.0009171796986126817,0.04568080435868719,2.3161920729398333,119.84835600812725
5124.90234375,1.8325209314849675e-05,0.0009078524899588631,0.04550902564737372,2.324994569971422,121.3151621271583
5135.6689453125,1.8048874996687672e-05,0.0008984284543033144,0.04533659607745143,2.3337638659564237,122.76444389979771
5146.435546875,1.7768243606416635e-05,0.000888904512014163,0.04516350819418978,2.342500333765429,124.19681481469021
5157.2021484375,1.748310822106792e-05,0.0008792774166646485,0.04498975439945536,2.351204339341526,125.61285337974908
5167.96875,1.7193244757205276e-05,0.0008695437421048824,0.044815326947819714,2.3598762418791575,127.01310585246792
5178.7353515625,1.6898409910151497e-05,0.0008596998682162504,0.044640217942530716,2.3685163939970897,128.3980887022004
5189.501953125,1.659833876345659e-05,0.0008497419651802674,0.0444644193313407,2.377125141905711,129.76829083588171
5200.2685546875,1.6292742001175355e-05,0.0008396659760676805,0.044287922902185965,2.385702825568919,131.1241756143919
5211.03515625,1.598130264173204e-05,0.0008294675975244304,0.0441107202787104,2.394249778860761,132.46618268313523
5221.8017578125,1.5663672185592292e-05,0.0008191422582923225,0.04393280291562668,2.4027663297170783,133.7947296373428
5232.568359375,1.5339466045177188e-05,0.0008086850952611877,0.043754162093907846,2.411252800282325,135.11021353997458
5243.3349609375,1.500825808557496e-05,0.0007980909266962672,0.043574788915801126,2.4197095070517505,136.4130123078638
5254.1015625,1.4669574055672726e-05,0.0007873542222228896,0.04339467429965675,2.42813676100913,137.70348597981575
5264.8681640625,1.432288361976277e-05,0.0007764690690745377,0.0432138089745622,2.436534867760192,138.98197787872056
5275.634765625,1.4187114464832506e-05,0.0007714122756358724,0.04308303274793266,2.440356336197102,140.06607755938802
5286.4013671875,1.4053250528382522e-05,0.0007664098719157767,0.04295260400846671,2.444105344496265,141.13919607589688
5297.16796875,1.3918099151469744e-05,0.0007613746019787124,0.04282177800438539,2.4478486109996815,142.2042167273124
5307.9345703125,1.3781622457654397e-05,0.0007563058093830056,0.04269055108341396,2.4515861620083697,143.26132011504848
5318.701171875,1.3643780676164794e-05,0.0007512028155396516,0.04255891953697003,2.4553180236231706,144.31068022563116
5329.4677734375,1.3504532006478704e-05,0.0007460649186518143,0.042426879598940606,2.4590442217468667,145.3524647650061
5340.234375,1.3363832470074002e-05,0.0007408913925881166,0.042294427444424805,2.4627647820862872,146.38683547143265
5351.0009765625,1.3221635748432142e-05,0.0007356814856848205,0.04216155918844116,2.466479730154371,147.4139484086166
5361.767578125,1.3077893004529818e-05,0.0007304344194707897,0.0420282708845979,2.470189091272213,148.43395424058556
5372.5341796875,1.2932552687415303e-05,0.0007251493873098603,0.04189455852372539,2.4738928905710735,149.44699848967926
5383.30078125,1.2785560315700137e-05,0.0007198255529529881,0.04176041803246902,2.477591152994369,150.45322177890435
5394.0673828125,1.263685823935797e-05,0.0007144620489937316,0.04162584527184136,2.4812839032996266,151.45276005979605
5404.833984375,1.2486385375273516e-05,0.0007090579752182828,0.04149083603573195,2.4849711660604217,152.44574482683373
5415.6005859375,1.2334076913609354e-05,0.0007036123968413228,0.04135538604937332,2.4886529656682854,153.43230331936644
5426.3671875,1.217986399301248e-05,0.0006981243426189155,0.041219490967762035,2.492329326334587,154.41255871192612
5437.1337890625,1.2023673334745917e-05,0.0006925928028251988,0.041083146374031855,2.496000272092388,155.3866302937354
5447.900390625,1.1865426837480641e-05,0.0006870167270842148,0.04094634777777916,2.4996658267982825,156.3546336381496
5458.6669921875,1.170504111958649e-05,0.0006813950220406391,0.04080909061333705,2.503326014134197,157.31668076271492
5469.43359375,1.1542427005971339e-05,0.0006757265488568994,0.04067137023799749,2.5069808576091814,158.27288028046976
5480.2001953125,1.1377488948021123e-05,0.0006700101205192881,0.04053318193017888,2.5106303805611705,159.2233375430684
5490.966796875,1.1210124367545934e-05,0.0006642444989358094,0.04039452088753735,2.5142746061587204,160.1681547762596
5501.7333984375,1.1040222910393526e-05,0.000658428391804855,0.04025538222501936,2.5179135574027267,161.10743120821533
5512.5,1.0867665595066353e-05,0.0006525604492328407,0.04011576097285351,2.5215472571281135,162.0412631911631
5523.2666015625,1.0692323838233216e-05,0.0006466392600756863,0.03997565207447943,2.5251757280055136,162.96974431674658
5534.033203125,1.0514058333276199e-05,0.0006406633479757038,0.039835050384410736,2.528798992542911,163.89296552550303
5544.7998046875,1.0332717755263118e-05,0.0006346311670629374,0.0396939506660304,2.5324170730872715,164.81101521082167
5555.56640625,1.0194645202215347e-05,0.0006295045637196161,0.039549920018404995,2.533939567611893,165.5964897676981
5566.3330078125,1.0106286173569262e-05,0.0006254025019453495,0.039402683187122416,2.533161548248059,166.23859323516933
5577.099609375,1.0017147780059334e-05,0.0006212733562090352,0.039254894105413746,2.532383289854808,166.87822607588083
5587.8662109375,9.927209027158827e-06,0.0006171165828519567,0.03910654651218581,2.5316047922116938,167.51541659100366
5598.6328125,9.836447961122878e-06,0.0006129316197803391,0.0389576340271359,2.530826055097933,168.15019254548068
5609.3994140625,9.74484160553247e-06,0.0006087178855777781,0.038808150147549736,2.530047078292402,168.78258118214373
5620.166015625,9.65236589331751e-06,0.0006044747785622801,0.03865808824498789,2.529267861573637,169.41260923535674
5630.9326171875,9.55899559396411e-06,0.0006002016757838081,0.03850744156185632,2.5284884047198304,170.0403029442032
5641.69921875,9.464704231484925e-06,0.0005958979319559673,0.038356203207855266,2.5277087075088356,170.66568806523796
5652.4658203125,9.369463998112606e-06,0.0005915628783190002,0.038204366156302,2.526928769718162,171.28878988481952
5663.232421875,9.273245658112065e-06,0.0005871958214265119,0.038051923240321237,2.526148591124975,171.9096332310396
5673.9990234375,9.176018442639197e-06,0.0005827960418503684,0.03789886714889782,2.525368171506098,172.52824248526755
5684.765625,9.07774993501831e-06,0.000578362792797166,0.037745190422785166,2.524587510638007,173.14464159332215
5695.5322265625,8.978405944586881e-06,0.0005738952986284306,0.03759088545026333,2.523806608296833,173.75885407628792
5706.298828125,8.877950367544737e-06,0.0005693927532762295,0.03743594446273962,2.5230254642583607,174.37090304098743
5717.0654296875,8.776345033849038e-06,0.000564854318545239,0.037280359530184694,2.5222440782980287,174.98081119012497
5727.83203125,8.673549537380887e-06,0.00056027912229077,0.03712412255639641,2.521462450190926,175.58860083211232
5738.5986328125,8.569521048543557e-06,0.0005556662564621101,0.03696722527408362,2.5206805797117933,176.19429389059
5749.365234375,8.464214105661888e-06,0.0005510147749982259,0.03680965923976144,2.519898466635022,176.79791191365445
5760.1318359375,8.357580382404811e-06,0.0005463236915620514,0.0366514158284487,2.5191161107346542,177.39947608280315
5770.8984375,8.24956842937991e-06,0.0005415919770986807,0.036492486228158885,2.5183335117843795,177.99900722160712
5781.6650390625,8.140123383294792e-06,0.0005368185571991426,0.036332861434173795,2.5175506695575365,178.59652580412214
5792.431640625,8.029186641192355e-06,0.0005320023092516286,0.036172532243089923,2.516767583827111,179.1920519630466
5803.1982421875,7.916695493884958e-06,0.0005271420593585385,0.03601148924662637,2.515984254365736,179.7856054976369
5813.96484375,7.802582711243167e-06,0.0005222365789950329,0.03584972282518225,2.51520068094569,180.377205881388
5824.7314453125,7.68677607262231e-06,0.0005172845813825908,0.035687223141131354,2.5144168633388975,180.96687226948848
5835.498046875,7.569197831591758e-06,0.0005122847175466395,0.035523980131840625,2.5136328013169256,181.55462350605688
5846.2646484375,7.449764106207226e-06,0.0005072355720250206,0.03535998350239877,2.5128484946509864,182.14047813116883
5857.03125,7.355946305919874e-06,0.0005028923102819319,0.03519521901383335,2.5106158859635417,182.67284421201919
5867.7978515625,7.285605906077558e-06,0.0004991875723012301,0.03502967625028746,2.5070944818101366,183.15798653469056
5878.564453125,7.214579737141714e-06,0.0004954551331244271,0.03486334744352886,2.503568124615979,183.64184722000348
5889.3310546875,7.142847341805559e-06,0.000491694361914683,0.034696221289017455,2.5000367934219505,184.1244363720045
5900.09765625,7.070387224955007e-06,0.0004879046035220133,0.03452828620862502,2.4965004671206947,184.60576396267152
5910.8642578125,6.997176778794643e-06,0.00048408517715095215,0.034359530341274765,2.4929591244551492,185.085839834318
5921.630859375,6.923192200016904e-06,0.0004802353749325518,0.03418994153316496,2.489412744017055,185.56467370194162
5932.3974609375,6.8484083991871824e-06,0.0004763544603926033,0.034019507327553926,2.485861304245443,186.0422751555175
5943.1640625,6.772798901976756e-06,0.0004724416668068795,0.03384821495408218,2.4823047834251133,186.51865366223976
5953.9306640625,6.696335738941411e-06,0.00046849619543229914,0.03367605131760565,2.478743159685072,186.99381856871037
5964.697265625,6.618989325665866e-06,0.0004645172136034157,0.03350300298651251,2.4751764109969754,187.4677791030795
5975.4638671875,6.540728327722941e-06,0.00046050385268008146,0.03332905618049398,2.471604515173536,187.94054437713604
5986.23046875,6.461519513286366e-06,0.00045645520583350826,0.033154196757737626,2.4680274498669066,188.41212338835174
5996.9970703125,6.381327587982376e-06,0.00045237032565349517,0.032978410201509684,2.464445192567058,188.8825250218789
6007.763671875,6.300115010633316e-06,0.0004482482215593553,0.03280168160608986,2.4608577206001203,189.35175805250384
6018.5302734375,6.217841788763067e-06,0.00044408785699501084,0.032623995662020774,2.457265011126712,189.81983114655645
6029.296875,6.134465247608977e-06,0.000439888146384676,0.032445336640630006,2.4536670411402395,190.28675286377776
6040.0634765625,6.049939771433873e-06,0.0004356479518247087,0.032265688377780884,2.4500637874651825,190.75253165914646
6050.830078125,5.964216511952279e-06,0.00043136607948281473,0.03208503425680455,2.4464552267553503,191.21717588466495
6061.5966796875,5.877243058267348e-06,0.0004270412756721649,0.031903357190561914,2.4428413354921164,191.68069379110702
6072.36328125,5.7889630617086995e-06,0.00042267222256381457,0.031720639602581105,2.4392220899826333,192.14309352972697
6083.1298828125,5.699315809289816e-06,0.00041825753349624133,0.03153686340721114,2.4355974663580153,192.6043831539319
6093.896484375,5.60823573474991e-06,0.00041379574783418044,0.03135200998872879,2.4319674405715057,193.06457062091906
6104.6630859375,5.515651858348923e-06,0.00040928532532332693,0.031166060179329828,2.428331988396615,193.52366379327643
6115.4296875,5.421487137681266e-06,0.00040472463987788724,0.03097899423593129,2.4246910854252333,193.9816704405505
6126.1962890625,5.325657719732536e-06,0.00040011197273214107,0.030790791815705577,2.421044707065719,194.43859824078027
6136.962890625,5.2280720644740524e-06,0.0003954455048713028,0.030601431950259755,2.417392828540962,194.89445478199943
6147.7294921875,5.128629921864834e-06,0.000390723308649797,0.030410893018368197,2.4137354248864162,195.3492475637059
6158.49609375,5.0272211249334065e-06,0.00038594333848578836,0.03021915271715757,2.4100724709481134,195.80298399830193
6169.2626953125,4.927846677808362e-06,0.00038124530661688504,0.030028851254794996,2.4062731492691887,196.24299393277258
6180.029296875,4.883335727150376e-06,0.00037843810155602817,0.029873779950389017,2.4006847650583847,196.50983690056933
6190.7958984375,4.838415315719909e-06,0.00037560991680364754,0.029717899477687288,2.3950833416549435,196.77631801026894
6201.5625,4.793073931132556e-06,0.00037276027483238366,0.029561197036107767,2.3894687873589366,197.04243873000718
6212.3291015625,4.747299511489618e-06,0.0003698886797200036,0.029403659483969804,2.3838410093905518,197.3082005180189
6223.095703125,4.70107940743292e-06,0.0003669946161415865,0.02924527332563176,2.378199913872201,197.57360482273157
6233.8623046875,4.654400341538319e-06,0.0003640775482899804,0.02908602469799835,2.372545405810248,197.838653082857
6244.62890625,4.6072483632964225e-06,0.00036113691871742545,0.028925899356359357,2.3668773890763526,198.10334672748252
6255.3955078125,4.559608801809133e-06,0.0003581721470922206,0.028764882659518928,2.3611957663883927,198.36768717616107
6266.162109375,4.511466210555539e-06,0.00035518262886093983,0.028602959554171217,2.35550043929099,198.63167583899966
6276.9287109375,4.462804310340796e-06,0.0003521677338094444,0.02844011455847559,2.349791308135602,198.89531411674727
6287.6953125,4.4136059244540675e-06,0.00034912680451148803,0.02827633174478043,2.34406827206018,199.1586034008818
6298.4619140625,4.363852907598887e-06,0.0003460591546546638,0.028111594721440807,2.3383312289683804,199.4215450736952
6309.228515625,4.313526068380958e-06,0.00034296406723185324,0.027945886613671783,2.33258007550831,199.68414050837885
6319.9951171875,4.262605082127375e-06,0.00033984079258401415,0.027779190043373495,2.3268147070508056,199.94639106910657
6330.76171875,4.211068395046856e-06,0.0003366885462797876,0.027611487107860055,2.321035017667227,200.20829811111793
6341.5283203125,4.158893118749255e-06,0.0003335065068150174,0.027442759357418564,2.3152409001067427,200.46986298079915
6352.294921875,4.1060549088397365e-06,0.00033029381311161873,0.02727298777161835,2.309432245773116,200.73108701576473
6363.0615234375,4.052527835627117e-06,0.0003270495617972067,0.027102152734284894,2.3036089447009522,200.99197154493672
6373.828125,3.998284232349715e-06,0.00032377280423728506,0.026930234007044355,2.2977708855314125,201.2525178886237
6384.5947265625,3.943294529477033e-06,0.0003204625432957646,0.026757210701338612,2.291917955487366,201.51272735859868
6395.361328125,3.887527066089761e-06,0.0003171177297905381,0.02658306124880074,2.286050040347973,201.77260125817648
6406.1279296875,3.830947876482812e-06,0.0003137372586088453,0.026407763369871967,2.2801670244226715,202.0321408822893
6416.89453125,3.7735204485643908e-06,0.0003103199644420388,0.026231294040531313,2.2742687905245758,202.29134751756274
6427.6611328125,3.715205447714125e-06,0.0003068646170923135,0.02605362945699648,2.268355219943229,202.5502224423895
6438.427734375,3.6559604020671205e-06,0.0003033699162987447,0.025874744998243666,2.2624261924167315,202.8087669270034
6449.1943359375,3.5957393405374434e-06,0.0002998344860202447,0.02569461518617855,2.2564815861032077,203.06698223355204
6459.9609375,3.5344923749337923e-06,0.0002962568681042441,0.02551321364327627,2.250521277551586,203.32486961616837
6470.7275390625,3.472165216706255e-06,0.0002926355152589233,0.025330513047491173,2.244545141671693,203.5824303210422
6481.494140625,3.4086986131698433e-06,0.0002889687832323074,0.025146485084217657,2.238553051703617,203.83966558649013
6492.2607421875,3.3440276879172997e-06,0.00028525492208662166,0.024961100395063555,2.232544879186341,204.09657664302523
6503.02734375,3.2785214776648005e-06,0.0002815130980152982,0.02477499371771146,2.226503082128152,204.3470586662918
6513.7939453125,3.2558640539397784e-06,0.00027982306824939686,0.024653734750788425,2.2187159548190163,203.99266317248924
6524.560546875,3.2330478495403215e-06,0.0002781227691054351,0.024531876418485057,2.2109014002462333,203.63765091663274
6535.3271484375,3.2100694782516234e-06,0.00027641201107259935,0.024409409744223908,2.203059126544962,203.28201866737783
6546.09375,3.186925432575303e-06,0.00027469059873886053,0.024286325525097505,2.1951888366369183,202.92576316506458
6556.8603515625,3.1636120767533493e-06,0.00027295833053027943,0.024162614323797682,2.1872902280990614,202.5688811213697
6567.626953125,3.140125639267003e-06,0.00027121499843521215,0.024038266460171022,2.1793629930279943,202.211369218952
6578.3935546875,3.1164622073290604e-06,0.0002694603877132442,0.02391327200237921,2.1714068178999146,201.85322411109283
6589.16015625,3.0926177177293217e-06,0.00026769427658601084,0.02378762075764122,2.163421383425922,201.49444242133038
6599.9267578125,3.0685879497105225e-06,0.0002659164359102428,0.023661302262533056,2.155406364402505,201.1350207430883
6610.693359375,3.0443685163943868e-06,0.0002641266288308521,0.023534305772819012,2.1473614295570087,200.77495563929855
6621.4599609375,3.0199548545282252e-06,0.0002623246104122233,0.02340662025278603,2.1392862413878646,200.4142436420177
6632.2265625,2.9953422144948493e-06,0.0002605101272470321,0.023278234364051825,2.1311804559993774,200.0528812520374
6642.9931640625,2.970525650404828e-06,0.00025868291704051263,0.023149136453814275,2.123043722930832,199.69086493848815
6653.759765625,2.9455000083787686e-06,0.0002568427081677675,0.023019314542507635,2.114875684979688,199.32819113843698
6664.5263671875,2.920259912592672e-06,0.0002549892192020575,0.022888756310828536,2.1066759780185946,198.96485625647813
6675.29296875,2.8947997540028032e-06,0.0002531221584129345,0.0227574490860923,2.098444230805979,198.60085666431738
6686.0595703125,2.8691136738929986e-06,0.00025124122322968623,0.022625379827876328,2.09018006478992,198.2361887003493
6696.826171875,2.843195549477499e-06,0.00024934609966930775,0.022492535112904975,2.0818830939050077,197.87084866922723
6707.5927734375,2.8170389758592725e-06,0.00024743646172430855,0.02235890111912599,2.0735529243618998,197.5048328414269
6718.359375,2.790637247953734e-06,0.0002455119707081162,0.022224463608925268,2.0651891544292207,197.13813745280163
6729.1259765625,2.7639833406531978e-06,0.00024357227455377013,0.0220892079114221,2.0567913742075,196.77075870413125
6739.892578125,2.737069887136053e-06,0.0002416170070621473,0.021953118903782758,2.048359165394749,196.40269276066252
6750.6591796875,2.7098891537689594e-06,0.000239645787094233,0.021816180991484597,2.0398921010433293,196.03393575164208
6761.42578125,2.6824330154817957e-06,0.00023765821770414426,0.02167837808745854,2.0313897453076954,195.66448376984172
6772.1923828125,2.6546929279672147e-06,0.00023565388520598038,0.02153969359003033,2.0228516531825957,195.29433287107543
6782.958984375,2.6266598942972816e-06,0.0002336323581677224,0.021400110359574856,2.0142773702312837,194.92347907370765
6793.7255859375,2.598324433056878e-06,0.00023159318632758668,0.021259610693791495,2.005666432303276,194.55191835815415
6804.4921875,2.5696765395501143e-06,0.00022953589942252545,0.02111817630149829,1.9970183652411533,194.17964666637343
6815.2587890625,2.5407056452760516e-06,0.00022746000592199723,0.02097578827483615,1.9883326845758849,193.80665990134958
6826.025390625,2.511400572294446e-06,0.000225364991656593,0.020832427059762952,1.9796088952101225,193.43295392656634
6836.7919921875,2.481749482195547e-06,0.00022325031833057076,0.020688072424707268,1.970846491088876,193.05852456547174
6847.55859375,2.4517398215312443e-06,0.00022111542190693135,0.020542703427239673,1.962044954856956,192.68336760093388
6858.3251953125,2.42776925945828e-06,0.00021934114445852456,0.0204133522713743,1.953052968846997,192.11941166881158
6869.091796875,2.4211708917100272e-06,0.00021860007169308645,0.020330013623959475,1.9436052784724769,191.0373014928903
6879.8583984375,2.414554492439331e-06,0.00021785647806772725,0.02024633193804581,1.934111438849913,189.94902680298375
6890.625,2.4079199125951292e-06,0.00021711033768084814,0.020162302942389514,1.9245707670215937,188.85448103001374
6901.3916015625,2.401267001933245e-06,0.00021636162418441695,0.020077922276367236,1.914982563016721,187.75355449852603
6912.158203125,2.3945956074159022e-06,0.00021561031077276934,0.01999318548733539,1.9053461092520942,186.6461342984262
6922.9248046875,2.3879055744470993e-06,0.00021485637017172642,0.019908088027888408,1.8956606699053755,185.53210414982445
6933.69140625,2.3811967457914046e-06,0.00021409977462672657,0.019822625253011,1.8859254902593854,184.41134426053213
6944.4580078125,2.374468962069916e-06,0.0002133404958910925,0.019736792417119474,1.8761397960157733,183.2837311757147
6955.224609375,2.3677220615664182e-06,0.00021257850521368021,0.019650584670986765,1.8663027925763043,182.1491376191686
6965.9912109375,2.3609558805582866e-06,0.00021181377332627133,0.01956399705854546,1.8564136642898634,181.00743232564238
6976.7578125,2.3541702530432332e-06,0.00021104627043038146,0.019477024513562924,1.846471573663164,179.85847986357822
6987.5244140625,2.347365009744612e-06,0.00021027596618347185,0.01938966185618218,1.8364756605330022,178.70214044759604
6998.291015625,2.3405399800206067e-06,0.00020950282968547722,0.019301903789321957,1.8264250411977307,177.53826973998454
7009.0576171875,2.3336949904461196e-06,0.00020872682946397565,0.01921374489492866,1.8163188075054817,176.36671864040184
7019.82421875,2.326829864328134e-06,0.00020794793345910092,0.019125179630072816,1.8061560258964726,175.18733306291824
7030.5908203125,2.3199444232989534e-06,0.00020716610900858105,0.019036202322882258,1.7959357363965296,173.9999536994565
7041.357421875,2.3130384855465525e-06,0.0002063813228312335,0.018946807168303124,1.7856569515587675,172.80441576860292
7052.1240234375,2.3061118673819574e-06,0.00020559354101090405,0.01885698822368031,1.7753186553501192,171.60054874866617
7062.890625,2.299164381788956e-06,0.00020480272897899384,0.01876673940414725,1.7649198019791603,170.38817609376105
7073.6572265625,2.2921958388484955e-06,0.00020400885149687276,0.018676054477815396,1.754459314661404,169.16711493157788
7084.423828125,2.285206046184607e-06,0.00020321187263770387,0.018584927060752328,1.7439360843179341,167.93717574137315
7095.1904296875,2.2781948078640612e-06,0.00020241175576717272,0.018493350611737156,1.733348968202933,166.69816201057534
7105.95703125,2.2711619255543087e-06,0.00020160846352420116,0.018401318426781128,1.7226967884552922,165.44986986824497
7116.7236328125,2.264107197309222e-06,0.00020080195780024487,0.01830882363340008,1.7119783305691056,164.1920876934524
7127.490234375,2.257030418637476e-06,0.00019999219971853687,0.0182158591846255,1.7011923417774326,162.92459569644336
7138.2568359375,2.2499313810634877e-06,0.00019917914961179483,0.018122417852738628,1.6903375293432346,161.6471654702448
7149.0234375,2.2428098734731493e-06,0.00019836276700003791,0.018028492222712786,1.679412558750885,160.35955951012045
7159.7900390625,2.235665681392323e-06,0.0001975430105667376,0.01793407468534608,1.668416051791099,159.06153069801334
7170.556640625,2.2284985857511096e-06,0.0001967198381342507,0.017839157430067306,1.6573465845314928,157.75282174880488
7181.3232421875,2.2213083660193465e-06,0.00019589320663929865,0.01774373243739551,1.6462026851643177,156.43316461487754
7192.08984375,2.2140947959781032e-06,0.000195063072105518,0.01764779147103218,1.6349828317221602,155.10227984507688
7202.8564453125,2.2068576473959724e-06,0.00019422938961727933,0.017551326069565006,1.6236854496515694,153.75987589373148
7213.623046875,2.19959668700325e-06,0.0001933921132904392,0.0174543275377583,1.6123089092336567,152.4056483748909
7224.3896484375,2.1923116782300893e-06,0.00019255119624342416,0.017356786937405874,1.600851522839713,151.0392792563777
7235.15625,2.1963561362640832e-06,0.00019235075437980695,0.0172927559771841,1.5910934621916226,149.79169413332227
7245.9228515625,2.2041420321740384e-06,0.0001923636697817572,0.01723982030106578,1.5818698937960456,148.57754286793147
7256.689453125,2.2119005219570194e-06,0.00019237658431665015,0.017186721582071535,1.5725922282548968,147.35338767063772
7267.4560546875,2.219631892821824e-06,0.00019238949798458903,0.01713345830433093,1.5632595023978226,146.1189771089111
7278.22265625,2.227336427101717e-06,0.00019240241078575732,0.017080028928337616,1.5538707241294158,144.87404903810662
7288.9892578125,2.235014402983888e-06,0.00019241532272049153,0.017026431890430075,1.5444248711982926,143.61832995142703
7299.755859375,2.2426660925772178e-06,0.00019242823378879138,0.016972665602257592,1.5349208898979942,142.3515342782725
7310.5224609375,2.2502917641064873e-06,0.00019244114399084102,0.016918728450231173,1.5253576936950353,141.0733636258788
7321.2890625,2.2578916811424686e-06,0.00019245405332680665,0.01686461879495843,1.5157341617790454,139.78350595853817
7332.0556640625,2.2654661031569054e-06,0.0001924669617969441,0.016810334970662196,1.5060491375295206,138.48163470800708
7342.822265625,2.2730152850471894e-06,0.00019247986940143115,0.01675587528458219,1.4963014268932582,137.16740780791602
7353.5888671875,2.2805394768883996e-06,0.0001924927761402773,0.016701238016359,1.4864897966660207,135.84046664409092
7364.35546875,2.288038925990915e-06,0.00019250568201389017,0.01664642141740017,1.476612972671436,134.50043491165974
7375.1220703125,2.295513874422698e-06,0.00019251858702229858,0.016591423710227003,1.4666696378295159,133.14691736862278
7385.888671875,2.3029645608182135e-06,0.00019253149116569537,0.016536243087802195,1.456658430106506,131.7794984741864
7396.6552734375,2.3103912199988517e-06,0.00019254439444430936,0.01648087771283708,1.446577940337035,130.39774089856516
7407.421875,2.317794082748442e-06,0.00019255729685822926,0.016425325717077673,1.4364267099086978,129.00118388910457
7418.1884765625,2.3251733766728772e-06,0.00019257019840774806,0.0163695852005693,1.426203228298307,127.58934147542188
7428.955078125,2.332529324982407e-06,0.0001925830990928742,0.016313654230898134,1.4159059304480295,126.16170049374351
7439.7216796875,2.3398621483747678e-06,0.00019259599891394355,0.016257530842409756,1.4055331939684983,124.71771840766765
7450.48828125,2.3471720629952034e-06,0.0001926088978709581,0.016201213035402853,1.3950833361547532,123.25682089911099
7461.2548828125,2.354459282927299e-06,0.00019262179596431665,0.016144698775298085,1.3845546107994666,121.77839919910572
7472.021484375,2.36172401769877e-06,0.00019263469319401763,0.016087985991780192,1.3739452047863667,120.28180712326362
7482.7880859375,2.3689664743741152e-06,0.00019264758956026657,0.016031072577913145,1.3632532344450312,118.76635777095815
7493.5546875,2.3761868564468497e-06,0.00019266048506320788,0.015973956389226867,1.3524767416463122,117.23131984039277
7504.3212890625,2.3833853650736094e-06,0.00019267337970317255,0.015916635242774337,1.3416136896154622,115.67591350346756
7515.087890625,2.390562197129727e-06,0.00019268627348010834,0.015859106916157956,1.3306619584376047,114.09930577441277
7525.8544921875,2.3977175479509382e-06,0.00019269916639439634,0.01580136914652439,1.3196193402274718,112.50060529412356
7536.62109375,2.4048516086537466e-06,0.00019271205844601842,0.01574341962952572,1.3084835339322294,110.87885643748952
7547.3876953125,2.411964568809067e-06,0.00019272494963535431,0.015685256018246562,1.2972521397327366,109.23303263311266
7558.154296875,2.4190566140709913e-06,0.00019273783996243097,0.015626875922094725,1.2859226530046635,107.56202876279293
7568.9208984375,2.4261279278887656e-06,0.00019275072942742303,0.01556827690565488,1.274492457796412,105.86465248093496
7579.6875,2.433178691336529e-06,0.00019276361803061248,0.015509456487503074,1.2629588197757387,104.13961426013816
7590.4541015625,2.440209082218044e-06,0.00019277650577205369,0.01545041213898046,1.2513188785911904,102.38551592677359
7601.220703125,2.447219276016067e-06,0.0001927893926519102,0.015391141282924984,1.2395696395879099,100.60083739677737
7611.9873046875,2.45420944623447e-06,0.00019280227867046954,0.015331641292358799,1.2277079648098277,98.78392125378544
7622.75390625,2.4674425410968704e-06,0.00019301177469368432,0.0152809763462886,1.2174793035696931,97.31261215737703
7633.5205078125,2.4915202596412612e-06,0.00019356587762435178,0.015246124783097531,1.2102587860982377,96.49296090339085
7644.287109375,2.5153675108774e-06,0.00019411839889758528,0.015211193368954642,1.2029949310098584,95.66628728509613
7655.0537109375,2.5389907887353917e-06,0.00019466935198082737,0.015176181552474874,1.195686948470565,94.83240765648522
7665.8203125,2.562396287748649e-06,0.0001952187501514648,0.015141088775898095,1.1883340243594331,93.99113022480911
7676.5869140625,2.585589922298908e-06,0.0001957666065006657,0.015105914474985504,1.180935319210041,93.14225453545917
7687.353515625,2.608577343612394e-06,0.0001963129339368266,0.015070658078913684,1.1734899670918182,92.28557091419816
7698.1201171875,2.6313639557079795e-06,0.00019685774518910477,0.015035319010166514,1.1659970744271155,91.42085986234616
7708.88671875,2.653954931423963e-06,0.00019740105281132613,0.014999896684424996,1.1584557187394033,90.54789139997669
7719.6533203125,2.6763552247610618e-06,0.00019794286918479708,0.01496439051045426,1.150864947327645,89.66642435155545
7730.419921875,2.6985695839769023e-06,0.000198483206521818,0.014928799889988548,1.1432237758614443,88.77620556773331
7741.1865234375,2.720602563712109e-06,0.00019902207686900506,0.014893124217613685,1.1355311868911102,87.87696907617878
7751.953125,2.742458535773201e-06,0.0001995594921103288,0.014857362880646765,1.127786128266246,86.96843515337574
7762.7197265625,2.7641416987809858e-06,0.00020009546397009513,0.014821515259013478,1.1199875114559112,86.05030930820737
7773.486328125,2.785656088128399e-06,0.000200630004016048,0.01478558072512264,1.1121342097627607,85.12228116685662
7784.2529296875,2.8070055845232393e-06,0.00020116312366223727,0.014749558643738026,1.1042250564228633,84.1840232470546
7795.01953125,2.8281939224878178e-06,0.00020169483417195583,0.014713448371847324,1.09625884258213,83.2351896079529
7805.7861328125,2.849224696829477e-06,0.00020222514666012892,0.014677249258528154,1.0882343151394127,82.27541435983842
7816.552734375,2.8701013716169668e-06,0.00020275407209667477,0.014640960644811338,1.0801501744453785,81.30431001548652
7827.3193359375,2.890827285374224e-06,0.0002032816213086137,0.01460458186354075,1.0720050718451932,80.3214656620855
7838.0859375,2.911405657902889e-06,0.0002038078049829014,0.014568112239230335,1.0637976070518547,79.32644492927193
7848.8525390625,2.9318395957649213e-06,0.0002043326336687749,0.014531551087917675,1.055526325335701,78.3187837247748
7859.619140625,2.952132098303312e-06,0.00020485611778049877,0.014494897717014446,1.0471897145141007,77.2979877043335
7870.3857421875,2.9722860622947445e-06,0.00020537826759948967,0.014458151425153198,1.0387862017237037,76.26352943675323
7881.15234375,2.992304287107287e-06,0.0002058990932768782,0.014421311502030888,1.030314149955728,75.21484521796056
7891.9189453125,3.0121894790771183e-06,0.00020641860483575005,0.014384377228248642,1.0217718543326735,74.15133147943469
7902.685546875,3.0319442554192464e-06,0.00020693681217318053,0.014347347875147737,1.0131575381024736,73.07234072605198
7913.4521484375,3.051571149182459e-06,0.00020745372506291275,0.014310222704642153,1.0044693483234324,71.97717692571356
7924.21875,3.0710726121435593e-06,0.00020796935315703805,0.014273000969046587,0.9957053512102544,70.86509025752179
7934.9853515625,3.090451018748502e-06,0.0002084837059883072,0.014235681910900973,0.9868635271080655,69.73527110593281
7945.751953125,3.1097086695955574e-06,0.0002089967929722722,0.014198264762790642,0.9779417650574125,68.58684316418992
7956.5185546875,3.128847794421475e-06,0.00020950862340911872,0.014160748747162059,0.9689378569088124,67.4188554800541
7967.28515625,3.147870555028248e-06,0.00021001920648564004,0.014123133076134371,0.9598494909403652,66.23027323853994
7978.0517578125,3.1667790483629732e-06,0.00021052855127729625,0.014085416951306379,0.9506742449261542,65.0199670275439
7988.818359375,3.1855753094825235e-06,0.00021103666675015688,0.014047599563558864,0.941409578596558,63.78670026952432
7999.5849609375,3.2042613131962424e-06,0.00021154356176235199,0.014009680092851817,0.9320528254239587,62.52911442108684
8010.3515625,3.2228389772222226e-06,0.00021204924506623268,0.013971657708017211,0.9226011836585835,61.24571143595773
8021.1181640625,3.241310164745645e-06,0.00021255372531020386,0.013933531566546439,0.9130517065290742,59.934832846249265
8031.884765625,3.2597092803347878e-06,0.00021305732008342906,0.013895319959257163,0.9034098180822505,58.596220931123305
8042.6513671875,3.296854152740876e-06,0.00021373946342477653,0.013868194735938368,0.8986768009531453,58.165866578162756
8053.41796875,3.3335851597807774e-06,0.0002144194366402504,0.013841016353493994,0.8939187243454257,57.73230432061626
8064.1845703125,3.3699158343476886e-06,0.00021509726031060866,0.013813784498155002,0.8891351859528044,57.29546133462814
8074.951171875,3.405858987631661e-06,0.00021577295469344478,0.013786498853053542,0.8843257725879652,56.85526199858269
8085.7177734375,3.4414267617450156e-06,0.00021644653973011406,0.013759159098179858,0.8794900597660416,56.41162774027264
8096.484375,3.4766306777663633e-06,0.00021711803505271914,0.013731764910338562,0.874627611267361,55.96447687316227
8107.2509765625,3.511481679089673e-06,0.00021778745999060498,0.013704315963103907,0.8697379786781904,55.513724420780264
8118.017578125,3.545990171369802e-06,0.00021845483357702488,0.013676811926774602,0.8648207009081121,55.0592819281722
8128.7841796875,3.5801660587848433e-06,0.00021912017455535704,0.013649252468327449,0.8598753036825585,54.601057259228654
8139.55078125,3.614018777124937e-06,0.00021978350138529196,0.013621637251370427,0.8549012990089245,54.13895437857277
8150.3173828125,3.6475573243506244e-06,0.0002204448322487548,0.013593965936094639,0.8498981846145576,53.67287311654556
8161.083984375,3.6807902883656047e-06,0.00022110418505577012,0.013566238179225674,0.8448654433547953,53.20270891565971
8171.8505859375,3.7137258730736875e-06,0.00022176157745018804,0.013538453633973862,0.8398025425890713,52.728352556703605
8182.6171875,3.7463719214198864e-06,0.00022241702681496237,0.01351061194998359,0.8347089335229635,52.24968986246378
8193.3837890625,3.778735937617724e-06,0.00022307055027772117,0.01348271277328188,0.8295840505138807,51.76660137678796
8204.150390625,3.8108251074057408e-06,0.00022372216471599983,0.01345475574622586,0.8244273103379046,51.27896201643404
8214.9169921875,3.842646316341174e-06,0.00022437188676219515,0.013426740507449198,0.8192381114150912,50.78664069282884
8225.68359375,3.874206167114598e-06,0.00022501973280854683,0.013398666691807674,0.8140158329903294,50.28949990049731
8236.4501953125,3.905510995843889e-06,0.00022566571901209195,0.013370533930323636,0.8087598342665848,49.78739526849877
8247.216796875,3.936566886422293e-06,0.0002263098612991494,0.013342341850129405,0.8034694534871178,49.28017507072544
8257.9833984375,3.967379684882604e-06,0.00022695217537014534,0.013314090074409654,0.7981440069629426,48.76767969035402
8268.75,3.997955011900328e-06,0.00022759267670391904,0.013285778222342611,0.7927827880414886,48.24974103309344
8279.5166015625,4.028298274717782e-06,0.0002282313805620443,0.013257405909040131,0.7873850660120564,47.72618188311528
8290.283203125,4.058414678523237e-06,0.00022886830199321106,0.013228972745486746,0.7819500849432681,47.19681519466983
8301.0498046875,4.088309236894894e-06,0.0002295034558373457,0.013200478338477413,0.776477062447281,46.66144331136183
8311.81640625,4.1179867810022264e-06,0.00023013685672934524,0.013171922290553861,0.770965188365034,46.11985710384466
8322.5830078125,4.14745196983662e-06,0.00023076851910364195,0.013143304199940345,0.765413623366286,45.57183501526647
8333.349609375,4.176709297343754e-06,0.0002313984571972732,0.013114623660477203,0.7598214974575813,45.017142002111655
8344.1162109375,4.205763101746462e-06,0.00023202668505432452,0.013085880261553981,0.7541879083906443,44.455528356076265
8354.8828125,4.234617571926005e-06,0.0002326532165289978,0.01305707358804057,0.7485119199629549,43.88672839022655
8365.6494140625,4.263276755460562e-06,0.00023327806528969077,0.013028203220217522,0.7427925602014357,43.31045896982776
8376.416015625,4.291744564432435e-06,0.00023390124482204,0.012999268733704415,0.7370288194192798,42.72641786479123
8387.1826171875,4.320024782288231e-06,0.00023452276843264838,0.01297026969938731,0.7312196481349168,42.13428189653134
8397.94921875,4.348121069189631e-06,0.00023514264925213917,0.012941205683344337,0.725363954840965,41.53370484697919
8408.7158203125,4.3760369680318675e-06,0.00023576090023862934,0.012912076246770049,0.7194606036097458,40.924315091343956
8419.482421875,4.403775909220549e-06,0.00023637753418067242,0.012882880945898022,0.7135084115204768,40.305712908658734
8430.2490234375,4.431341215857834e-06,0.00023699256370049527,0.01285361933192209,0.707506145891644,39.67746741482922
8441.015625,4.45873610841954e-06,0.00023760600125701474,0.012824290950915803,0.7014525213002105,39.03911305132906
8451.7822265625,4.485963708875106e-06,0.00023821785914861408,0.012794895343750175,0.6953461963672458,38.390145548227196
8462.548828125,4.5130270451435945e-06,0.00023882814951624111,0.012765432046010007,0.6891857702872071,37.73001726203802
8473.3154296875,4.537226031132581e-06,0.000239192525748207,0.012737571052215303,0.6849138524622844,37.32277693651677
8484.08203125,4.559194431471682e-06,0.0002393655136340688,0.012710957060491088,0.68214000920045,37.11882780438538
8494.8486328125,4.581057483862956e-06,0.00023953837659297688,0.012684287227789486,0.6793548402780781,36.91375186688888
8505.615234375,4.602816689442509e-06,0.00023971111489517162,0.012657561201135002,0.676558205823058,36.70753023847927
8516.3818359375,4.624473514081217e-06,0.00023988372880994667,0.0126307786238178,0.6737499630603169,36.50014350009464
8527.1484375,4.646029389572576e-06,0.000240056218605678,0.012603939135338115,0.6709299662267596,36.29157167781698
8537.9150390625,4.667485714495545e-06,0.00024022858454969895,0.012577042371349595,0.6680980664829855,36.08179422042033
8548.681640625,4.68884385550447e-06,0.00024040082690839691,0.012550087963601608,0.6652541118216156,35.87078997573636
8559.4482421875,4.710105148214397e-06,0.0002405729459472171,0.012523075539880468,0.6623979469720818,35.65853716576176
8570.21484375,4.731270898329289e-06,0.00024074494193069133,0.012496004723949471,0.6595294133017053,35.44501336042408
8580.9814453125,4.752342382407158e-06,0.00024091681512236176,0.012468875135487658,0.6566483487128816,35.23019544991581
8591.748046875,4.773320848817965e-06,0.00024108856578483712,0.01244168639002757,0.6537545875361925,35.014059615501594
8602.5146484375,4.794207518653457e-06,0.0002412601941798034,0.012414438098891633,0.6508479604192363,34.79658129869265
8613.28125,4.815003586518259e-06,0.000241431700568025,0.012387129869127355,0.6479282942109739,34.5777351686769
8624.0478515625,4.835710221273654e-06,0.00024160308520929484,0.012359761303441167,0.6449954118413596,34.35749508788126
8634.814453125,4.856328566972964e-06,0.00024177434836256023,0.012332332000131063,0.6420491321960242,34.13583407553437
8645.5810546875,4.8768597433761724e-06,0.00024194549028578826,0.012304841553017719,0.6390892699857589,33.9127242690858
8656.34765625,4.89730484681186e-06,0.00024211651123605025,0.012277289551374379,0.6361156356105334,33.6881368833254
8667.1142578125,4.917664950873818e-06,0.00024228741146954135,0.012249675579855224,0.6331280350177645,33.46204216703304
8677.880859375,4.937941106896725e-06,0.00024245819124150226,0.012221999218422349,0.630126269554538,33.234409356974076
8688.6474609375,4.95813434482905e-06,0.00024262885080630615,0.01219426004227117,0.6271101358134636,33.0052066290389
8699.4140625,4.978245673649758e-06,0.0002427993904174138,0.012166457621754407,0.6240794254718254,32.77440104630721
8710.1806640625,4.998276082157251e-06,0.00024296981032745238,0.01213859152230442,0.6210339251236652,32.54195850379645
8720.947265625,5.018226539279974e-06,0.00024314011078808626,0.012110661304353924,0.6179734161044218,32.30784366963294
8731.7138671875,5.038097994850803e-06,0.0002433102920501605,0.01208266652325515,0.6148976743077108,32.07201992235704
8742.48046875,5.05789138001122e-06,0.00024348035436360182,0.012054606729197163,0.611806469993816,31.83444928404912
8753.2470703125,5.077607607717448e-06,0.00024365029797746357,0.012026481467121637,0.6086995675894282,31.59509234892857
8764.013671875,5.097247573369214e-06,0.00024382012313998766,0.011998290276636714,0.6055767254781341,31.35390820704737
8774.7802734375,5.116812155058407e-06,0.00024398983009846814,0.011970032691929032,0.602437695781134,31.110854362659058
8785.546875,5.136302214290968e-06,0.0002441594190994386,0.01194170824167401,0.5992822241276182,30.865886646801663
8796.3134765625,5.155718596154504e-06,0.00024432889038847935,0.011913316448944014,0.5961100494142065,30.61895912358616
8807.080078125,5.175062129973784e-06,0.00024449824421037854,0.011884856831114744,0.592920903552801,30.37002398962611
8817.8466796875,5.194333629562892e-06,0.0002446674808090463,0.011856328899769515,0.5897145112061708,30.119031465986687
8828.61328125,5.213533893758849e-06,0.00024483660042758223,0.011827732160601404,0.5864905895105185,29.865929681959074
8839.3798828125,5.232663706689644e-06,0.0002450056033082029,0.011799066113313349,0.5832488477842525,29.610664549894032
8850.146484375,5.251723838278763e-06,0.00024517448969235103,0.01177033025151606,0.5799889872221031,29.353179630237346
8860.9130859375,5.270715044435355e-06,0.0002453432598205912,0.011741524062623611,0.5767107005736789,29.09341598581386
8871.6796875,5.28963806757885e-06,0.00024551191393267077,0.011712647027746707,0.573413671805483,28.83131202429465
8882.4462890625,5.308493636804944e-06,0.00024568045226751594,0.011683698621583796,0.5700975757453359,28.566803327654046
8893.212890625,5.327282468392133e-06,0.000245848875063235,0.011654678312309354,0.5667620777080727,28.299822467278716
8903.9794921875,5.346005266018559e-06,0.0002460171825571267,0.011625585561460062,0.5634068331012982,28.0302988032258
8914.74609375,5.364662721028652e-06,0.00024618537498566297,0.011596419823818184,0.5600314870098796,27.758158265935997
8925.5126953125,5.383255512827701e-06,0.0002463534525845215,0.011567180547292333,0.5566356737577637,27.483323118490965
8936.279296875,5.3794470119597765e-06,0.00024601762599503116,0.011544533190351364,0.5552342383242971,27.3992980624364
8947.0458984375,5.373916259826543e-06,0.0002456425763297802,0.011522353816577202,0.5539840244550965,27.329862424510125
8957.8125,5.3683798096369765e-06,0.00024526695315843516,0.011500131667318328,0.552730982753245,27.260249924956135
8968.5791015625,5.362837643792617e-06,0.0002448907538420308,0.011477866494123565,0.5514750939428456,27.190459205381003
8979.345703125,5.35728974452028e-06,0.0002445139757212528,0.011455558046127263,0.5502163385280131,27.12048888991326
8990.1123046875,5.351736094029683e-06,0.00024413661611630383,0.011433206070016329,0.5489546967893396,27.050337584886588
9000.87890625,5.346176674327077e-06,0.00024375867232657135,0.011410810309996607,0.5476901487802922,26.980003878516186
9011.6455078125,5.340611467410375e-06,0.00024338014163053075,0.011388370507758839,0.5464226743235324,26.909486340567113
9022.412109375,5.335040455241232e-06,0.00024300102128550457,0.011365886402443858,0.5451522530071614,26.838783522015067
9033.1787109375,5.329463619559321e-06,0.00024262130852729507,0.011343357730607158,0.5438788641808825,26.767893954698938
9043.9453125,5.323880942044415e-06,0.00024224100057006407,0.011320784226182901,0.5426024869520868,26.696816150965024
9054.7119140625,5.318292404353412e-06,0.00024186009460612046,0.011298165620447338,0.5413231001818528,26.625548603302942
9065.478515625,5.312697987953767e-06,0.00024147858780557873,0.011275501641981394,0.5400406824808617,26.554089783972366
9076.2451171875,5.307097674285058e-06,0.0002410964773161901,0.011252792016632665,0.5387552122052256,26.482438144621163
9087.01171875,5.301491444617833e-06,0.00024071376026303234,0.011230036467476789,0.5374666674522248,26.410592115893685
9097.7783203125,5.295879280236945e-06,0.00024033043374836497,0.011207234714778027,0.5361750260559542,26.33855010702992
9108.544921875,5.290261162145312e-06,0.0002399464948511749,0.011184386475949055,0.5348802655828743,26.266310505454435
9119.3115234375,5.284637071422165e-06,0.00023956194062717606,0.011161491465510287,0.5335823633272644,26.193871676355247
9130.078125,5.279006988993254e-06,0.00023917676810835512,0.011138549395048072,0.5322812963065782,26.12123196225215
9140.8447265625,5.273370895627959e-06,0.00023879097430273998,0.011115559973172399,0.5309770412566951,26.048389682554355
9151.611328125,5.267728772063814e-06,0.00023840455619419585,0.011092522905473731,0.5296695746270658,25.975343133106506
9162.3779296875,5.262080598865115e-06,0.0002380175107420521,0.011069437894478925,0.5283588725757519,25.90209058572384
9173.14453125,5.256426356568065e-06,0.0002376298348809248,0.011046304639606519,0.5270449109643527,25.828630287714915
9183.9111328125,5.250766025567182e-06,0.00023724152552038035,0.011023122837121042,0.5257276653528186,25.754960461392358
9194.677734375,5.245099586114697e-06,0.00023685257954460194,0.010999892180086413,0.524407110994147,25.681079303570993
9205.4443359375,5.239427018420436e-06,0.00023646299381219974,0.010976612358318616,0.5230832228289591,25.606984985052854
9216.2109375,5.233748302554212e-06,0.00023607276515584164,0.010953283058337338,0.5217559754799491,25.532675650098682
9226.9775390625,5.228063418456588e-06,0.00023568189038196657,0.010929903963316714,0.5204253432462105,25.458149415885707
9237.744140625,5.222372346035011e-06,0.0002352903662705214,0.010906474753035154,0.5190913000974287,25.383404371951006
9248.5107421875,5.216675064989288e-06,0.00023489818957457589,0.010882995103824136,0.5177538196679398,25.308438579620056
9259.27734375,5.21097155497418e-06,0.00023450535702006646,0.010859464688516044,0.5164128752506507,25.233250071420045
9270.0439453125,5.205261795508834e-06,0.00023411186530546265,0.010835883176391,0.5150684397908175,25.157836850477437
9280.810546875,5.199545766012795e-06,0.00023371771110144535,0.010812250233122628,0.5137204858796754,25.08219688989903
9291.5771484375,5.193823445772471e-06,0.0002333228910505643,0.010788565520722717,0.5123689857479202,25.00632813213646
9302.34375,5.188094814003142e-06,0.00023292740176692923,0.010764828697484866,0.5110139112590333,24.930228488333185
9313.1103515625,5.182359849739757e-06,0.00023253123983582862,0.010741039417926942,0.5096552339024468,24.853895837653294
9323.876953125,5.176618531923922e-06,0.0002321344018134303,0.010717197332732424,0.5082929247865451,24.77732802659192
9334.6435546875,5.17087083943256e-06,0.00023173688422642924,0.010693302088690557,0.5069269546314966,24.700522868266532
9345.41015625,5.1651167509794e-06,0.0002313386835716705,0.010669353328635283,0.5055572937619098,24.623478141687816
9356.1767578125,5.1593562451362305e-06,0.00023093979631576064,0.010645350691382944,0.5041839120993141,24.54619159101057
9366.943359375,5.153589300408778e-06,0.0002305402188947937,0.010621293811668797,0.5028067791544496,24.468660924762858
9377.7099609375,5.147815895171398e-06,0.00023013994771391562,0.010597182320082124,0.5014258640193726,24.390883815053474
9388.4765625,5.142036007620713e-06,0.00022973897914690283,0.010573015842999951,0.5000411353593593,24.31285789675614
9399.2431640625,5.136249615903806e-06,0.0002293373095358883,0.010548794002519653,0.4986525614046112,24.234580766670497
9410.009765625,5.130456697965067e-06,0.00022893493519086835,0.010524516416389929,0.4972601099417509,24.156049982658466
9420.7763671875,5.1117078440428325e-06,0.0002282301025755848,0.01049818760692158,0.4963025625873579,24.123297359276673
9431.54296875,5.092691580023288e-06,0.00022751846913994866,0.010471762106765923,0.49534986357937666,24.091202243153294
9442.3095703125,5.073604042046538e-06,0.0002268046028587272,0.010445269752920474,0.49439532872533903,24.059064311750472
9453.076171875,5.054444422683896e-06,0.00022608848258156384,0.010418710035405175,0.49343894737116695,24.026883393261336
9463.8427734375,5.035211899059378e-06,0.00022537008682200826,0.010392082437722936,0.4924807087593324,23.994659314726878
9474.609375,5.01590563255296e-06,0.00022464939375007912,0.010365386436742535,0.49152060202744624,23.962391902025114
9485.3759765625,4.996524768381711e-06,0.00022392638118453633,0.010338621502578721,0.49055861620682234,23.930080979860275
9496.142578125,4.977068435081456e-06,0.0002232010265848389,0.01031178709846939,0.489594740221013,23.897726371751364
9506.9091796875,4.957535744070809e-06,0.00022247330704299622,0.010284882680650115,0.4886289628843244,23.86532790002126
9517.67578125,4.93792578926009e-06,0.00022174319927514247,0.010257907698225493,0.4876612729002985,23.83288538578498
9528.4423828125,4.918237646417859e-06,0.00022101067961277193,0.010230861593037538,0.48669165886017457,23.800398648938543
9539.208984375,4.8984703727686615e-06,0.00022027572399385453,0.010203743799530991,0.4857201092413178,23.767867508146953
9549.9755859375,4.878623006476928e-06,0.00021953830795363373,0.01017655374461533,0.4847466124056222,23.735291780832544
9560.7421875,4.858694565999734e-06,0.00021879840661500867,0.010149290847523345,0.4837711565978854,23.70267128316319
9571.5087890625,4.838684049628308e-06,0.00021805599467887546,0.010121954519666554,0.48279372994414976,23.670005830039816
9582.275390625,4.818590434829569e-06,0.00021731104641393835,0.010094544164486833,0.4818143204500194,23.63729523508457
9593.0419921875,4.798412677650833e-06,0.00021656353564634642,0.01006705917730457,0.4808329159989392,23.60453931062799
9603.80859375,4.778149712104362e-06,0.0002158134357489502,0.010039498945162996,0.47984950435044926,23.571737867696847
9614.5751953125,4.757800449548252e-06,0.00021506071963026975,0.010011862846668725,0.47886407313840196,23.53889071600113
9625.341796875,4.737363777871752e-06,0.00021430535972301112,0.009984150251828272,0.47787660986914804,23.50599766392134
9636.1083984375,4.716838560991704e-06,0.00021354732797236538,0.009956360521880443,0.47688710191968803,23.47305851849534
9646.875,4.6962236378673475e-06,0.0002127865958237536,0.009928493009124614,0.47589553653579075,23.440073085405235
9657.6416015625,4.675517821938523e-06,0.0002120231342103622,0.009900547056744553,0.47490190083007366,23.407041168963858
9668.408203125,4.654719900235302e-06,0.00021125691354014964,0.009872521998627816,0.4739061817800503,23.373962572101473
9679.1748046875,4.633828632561528e-06,0.00021048790368244697,0.009844417159180472,0.4729083662261382,23.340837096351795
9689.94140625,4.612842750657459e-06,0.0002097160739541813,0.009816231853137127,0.4719084408696292,23.307664541838232
9700.7080078125,4.5917609572594965e-06,0.00020894139310552145,0.00978796538536588,0.4709063922706224,23.274444707259807
9711.474609375,4.570581925213146e-06,0.0002081638293051981,0.00975961705066842,0.46990220684591655,23.241177389876924
9722.2412109375,4.549304296432732e-06,0.000207383350125146,0.009731186133574602,0.4688958708668604,23.207862385496778
9733.0078125,4.527926680911355e-06,0.0002065999225247824,0.009702671908131863,0.4678873704571651,23.174499488459034
9743.7744140625,4.506447655767392e-06,0.00020581351283473245,0.009674073637688942,0.4668766915906698,23.141088491620668
9754.541015625,4.484865763936517e-06,0.00020502408673981566,0.009645390574673743,0.4658638200890669,23.107629186341246
9765.3076171875,4.463179513194965e-06,0.0002042316092616986,0.009616621960365404,0.4648487416195806,23.074121362467555
9776.07421875,4.441387374829092e-06,0.0002034360447407088,0.009587767024660066,0.46383144169260093,23.040564808318226
9786.8408203125,4.41948778250714e-06,0.00020263735681721987,0.009558824985830418,0.46281190565927066,23.00695931066821
9797.607421875,4.397479130825578e-06,0.0002018355084121488,0.009529795050278499,0.4617901187090242,22.973304654732935
9808.3740234375,4.375359774054599e-06,0.0002010304617069619,0.009500676412281892,0.46076606586707713,22.93960062415221
9819.140625,4.353128024629042e-06,0.00020022217812279945,0.0094714682537327,0.4597397319918661,22.905847000974163
9829.9072265625,4.330782151668608e-06,0.00019941061829893353,0.009442169743869432,0.4587111017724357,22.872043565638556
9840.673828125,4.308320379398264e-06,0.00019859574207038095,0.009412780039001239,0.4576801597257751,22.838190096960382
9851.4404296875,4.2857408855495155e-06,0.00019777750844475437,0.009383298282224506,0.45664689019409743,22.80428637211283
9862.20703125,4.263041799519862e-06,0.00019695587557810377,0.009353723603131211,0.45561127734206597,22.770332166610164
9872.9736328125,4.240221200677762e-06,0.00019613080075005053,0.009324055117509267,0.4545733051539631,22.736327254290483
9883.740234375,4.217277116471259e-06,0.00019530224033784664,0.009294291927033911,0.45353295743079924,22.702271407298078
9894.5068359375,4.194207520327195e-06,0.0001944701497893938,0.009264433118950387,0.45249021778736404,22.668164396065567
9905.2734375,4.171010329629546e-06,0.00019363448359532878,0.009234477765747316,0.45144506964921566,22.634005989295982
9916.0400390625,4.147683403568372e-06,0.00019279519526003145,0.009204424924820587,0.4503974962496066,22.59979595394433
9926.806640625,4.1392237588431435e-06,0.00019260363007141663,0.009204966266007688,0.45091131108634896,22.651195265941066
9937.5732421875,4.1405359122192945e-06,0.00019283663859754135,0.009225501554280193,0.4524420528317363,22.758137127149073
9948.33984375,4.141847649908899e-06,0.00019306936591420164,0.009245991233919337,0.45396763307044397,22.864578806976773
9959.1064453125,4.14315897229954e-06,0.00019330181303709506,0.009266435607470666,0.4554881036652515,22.97052725870225
9969.873046875,4.144469879768258e-06,0.00019353398097579164,0.00928683497414954,0.45700351561618485,23.075989275979335
9980.6396484375,4.145780372726712e-06,0.00019376587073385978,0.009307189629892262,0.45851391908047684,23.18097149792137
9991.40625,4.147090451569376e-06,0.00019399748330883672,0.009327499867406105,0.4600193633919376,23.285480413978423
10002.1728515625,4.1484001166954055e-06,0.00019422881969233127,0.009347765976218473,0.46151989707975655,23.38952236861846
10012.939453125,4.149709368476554e-06,0.00019445988087004023,0.00936798824272505,0.4630155678867556,23.49310356582191
10023.7060546875,4.151018207307586e-06,0.00019469066782180634,0.009388166950236967,0.4645064227871134,23.596230073398697
10034.47265625,4.152326633584185e-06,0.00019492118152169264,0.009408302379027185,0.46599250800357966,23.698907827136175
10045.2392578125,4.15363464770802e-06,0.00019515142293799904,0.009428394806375867,0.46747386902419663,23.801142634785982
10056.005859375,4.154942250063858e-06,0.00019538139303332461,0.009448444506614967,0.4689505506185458,23.902940179897467
10066.7724609375,4.156249441008264e-06,0.0001956110927645763,0.009468451751171857,0.47042259685353427,24.004306025504814
10077.5390625,4.1575562209717855e-06,0.00019584052308310891,0.009488416808612291,0.47189005110873894,24.10524561767451
10088.3056640625,4.1588625903283575e-06,0.00019606968493466971,0.009508339944682417,0.473352956091323,24.20576428891985
10099.072265625,4.1601685494420705e-06,0.00019629857925947884,0.009528221422350032,0.47481135385053674,24.305867261488082
10109.8388671875,4.161474098732343e-06,0.00019652720699232538,0.00954806150184513,0.4762652857918213,24.405559650526534
10120.60546875,4.162779238564122e-06,0.00019675556906251942,0.009567860440699582,0.4777147926905247,24.504846467132566
10131.3720703125,4.164083969333447e-06,0.00019698366639401814,0.00958761849378619,0.47915991470524366,24.603732621292835
10142.138671875,4.1653882914193905e-06,0.00019721149990541346,0.009607335913356933,0.48060069139080724,24.702222924716704
10152.9052734375,4.166692205189086e-06,0.00019743907050999492,0.009627012949080548,0.48203716171090727,24.80032209356823
10163.671875,4.167995711072116e-06,0.0001976663791158414,0.009646649848079473,0.48346936405039487,24.89803475110155
10174.4384765625,4.169298809416428e-06,0.00019789342662575234,0.00966624685496593,0.484897336227246,24.99536543020308
10185.205078125,4.170601500602156e-06,0.00019812021393738344,0.009685804211877588,0.4863211155042155,25.092318575845503
10195.9716796875,4.171903785006845e-06,0.00019834674194325256,0.009705322158512424,0.4877407386001809,25.188898547456425
10206.73828125,4.173205663042603e-06,0.0001985730115308193,0.00972480093216305,0.4891562417011925,25.28510962120555
10217.5048828125,4.174507135058949e-06,0.00019879902358244144,0.009744240767750269,0.4905676604712353,25.380955992214187
10228.271484375,4.175808201442461e-06,0.0001990247789754905,0.009763641897856208,0.4919750300627124,25.476441776689374
10239.0380859375,4.1771088625864665e-06,0.00019925027858238472,0.009783004552756797,0.4933783851266613,25.57157101398684
10249.8046875,4.178409118846793e-06,0.00019947552327056626,0.009802328960453572,0.49477775982270844,25.66634766860495
10260.5712890625,4.179708970619656e-06,0.00019970051390264388,0.00982161534670514,0.4961731878287697,25.760775632112367
10271.337890625,4.1810084182813895e-06,0.0001999252513363303,0.009840863935057785,0.4975647023505076,25.85485872501269
10282.1044921875,4.182307462205077e-06,0.00020014973642452845,0.009860074946875798,0.4989523361305513,25.94860069854818
10292.87109375,4.183606102748199e-06,0.00020037397001536163,0.009879248601371186,0.5003361214574862,26.04200523644494
10303.6376953125,4.1849043403201425e-06,0.00020059795295224712,0.009898385115632829,0.5017160901746185,26.135075956602005
10314.404296875,4.186202175273978e-06,0.00020082168607385396,0.009917484704655132,0.5030922736885267,26.227816412726522
10325.1708984375,4.187499607987022e-06,0.00020104517021420518,0.00993654758136625,0.5044647029774005,26.320230095917022
10335.9375,4.188796638827118e-06,0.00020126840620268542,0.009955573956655757,0.5058334085991778,26.41232043619695
10346.7041015625,4.190093268191866e-06,0.00020149139486410944,0.00997456403940189,0.5071984206994815,26.504090803999997
10357.470703125,4.191389496429944e-06,0.00020171413701869595,0.009993518036498271,0.508559769019369,26.59554451160962
10368.2373046875,4.1926853239117225e-06,0.0002019366334821588,0.01001243615288023,0.5099174829028903,26.686684814553825
10379.00390625,4.1939807510304205e-06,0.0002021588850657372,0.010031318591550669,0.5112715913044702,26.777514912957653
10389.7705078125,4.195275778134611e-06,0.00020238089257618717,0.010050165553605425,0.5126221227961106,26.86803795285394
10400.537109375,4.196570405613178e-06,0.00020260265681586837,0.010068977238258316,0.5139691055744269,26.958257027455062
10411.3037109375,4.197864633817866e-06,0.0002028241785827313,0.010087753842865659,0.5153125674675146,27.048175178386064
10422.0703125,4.199158463129941e-06,0.00020304545867039892,0.010106495562950485,0.5166525359416595,27.137795396881316
10432.8369140625,4.200451893922937e-06,0.00020326649786816002,0.010125202592226226,0.5179890381078861,27.227120624945304
10443.603515625,4.201744926544069e-06,0.00020348729696101,0.01014387512262013,0.5193221007283615,27.316153756479892
10454.3701171875,4.203037561376562e-06,0.0002037078567297048,0.010162513344296208,0.5206517502226456,27.4048976383781
10465.13671875,4.177204564287413e-06,0.0002025097003303954,0.010105342870826829,0.5178503908481198,27.263827815775695
10475.9033203125,4.136844153381488e-06,0.0002005530389814066,0.01000770441804473,0.5128468880891006,27.000403011800483
10486.669921875,4.0960860741462484e-06,0.00019857709878394304,0.00990910394036379,0.5077940861646562,26.734382701514235
10497.4365234375,4.054918335096742e-06,0.00019658129839387063,0.00980951242839901,0.5026904984828364,26.465688618707894
10508.203125,4.0133283296716005e-06,0.00019456502664916525,0.009708899384837393,0.4975345622025134,26.194238482799683
10518.9697265625,3.97130279118004e-06,0.00019252764038382074,0.009607232715349266,0.49232463264310733,25.91994570451804
10529.736328125,3.928827743321633e-06,0.00019046846203120603,0.009504478608995795,0.48705897715604685,25.64271906324565
10540.5029296875,3.885888445921696e-06,0.00018838677699165523,0.009400601406869666,0.481735768393233,25.362462352617143
10551.26953125,3.842469335153681e-06,0.00018628183073524375,0.009295563457522155,0.4763530768983681,25.07907399046665
10562.0361328125,3.798553957634987e-06,0.00018415282560646707,0.009189324957514705,0.47090886293598966,24.792446588642296
10572.802734375,3.7541248975649436e-06,0.00018199891729242786,0.009081843775180449,0.46540096746009313,24.502466477521395
10583.5693359375,3.7091636960322186e-06,0.00017981921091025384,0.008973075255382917,0.45982710210895,24.20901317925702
10594.3359375,3.663650761392796e-06,0.00017761275666223532,0.008862972002705784,0.45418483809462273,23.911958822832123
10605.1025390625,3.617565269480806e-06,0.00017537854499889954,0.008751483640088006,0.44847159383417223,23.611167492866564
10615.869140625,3.570885052251187e-06,0.00017311550122014284,0.008638556539417294,0.44268462114386437,23.306494502768494
10626.6357421875,3.523586473166428e-06,0.00017082247943251658,0.008524133519994311,0.4368209897869043,22.997785581202326
10637.40234375,3.4756442872235875e-06,0.00016849825576617332,0.008408153510056292,0.4308775701281454,22.684875958892466
10648.1689453125,3.427031483477577e-06,0.00016614152073762971,0.008290551165673675,0.424851013604368,22.367589340421038
10658.935546875,3.377719107065167e-06,0.000163750870622982,0.008171256440268818,0.41873773066417486,22.045736742805786
10669.7021484375,3.3276760575079714e-06,0.00016132479768019714,0.008050194096704499,0.412533865764869,21.719115179133695
10680.46875,3.2768688593154776e-06,0.00015886167902715413,0.007927283152291036,0.40623526893172524,21.38750616121142
10691.2353515625,3.2252614000510456e-06,0.00015635976394232307,0.0078024362450825994,0.39983746328371356,21.05067398985683
10702.001953125,3.172814629959153e-06,0.0001538171593056788,0.0076755589073734505,0.39333560780366544,20.708363794820045
10712.7685546875,3.1194862162803195e-06,0.00015123181283592415,0.0075465487292232635,0.38672445447295284,20.360299278006526
10723.53515625,3.0652301432367403e-06,0.00014860149370181364,0.007415294390954585,0.3799982986916218,20.00618010319244
10734.3017578125,3.0099962472528923e-06,0.00014592376998687263,0.007281674538628044,0.373150921651885,19.645678862099764
10745.068359375,2.9537296738110274e-06,0.0001431959823596782,0.0071455564701767855,0.3661755230088095,19.278437529637415
10755.8349609375,2.8963702393525957e-06,0.00014041521313847702,0.007006794591713573,0.35906464177345443,18.90406329907705
10766.6015625,2.8378516770388686e-06,0.00013757824972536608,0.006865228592876421,0.3518100628080773,18.52212365920528
10777.3681640625,2.7781007394165665e-06,0.00013468154110443821,0.006720681276063411,0.34440270558482444,18.132140537682552
10788.134765625,2.7170361233885326e-06,0.00013172114572473548,0.006572955955763785,0.33683249091391304,17.733583284538142
10798.9013671875,2.654567172489425e-06,0.00012869266858608536,0.006421833319106929,0.32908818006181156,17.325860202051437
10809.66796875,2.5905922972801038e-06,0.00012559118466110274,0.006267067604579775,0.3211571789288219,16.90830823507809
10820.4345703125,2.5249970352844937e-06,0.00012241114484127103,0.006108381908685364,0.31302529753782415,16.480180308594594
10831.201171875,2.4576516444880834e-06,0.00011914625927036643,0.005945462364218276,0.3046764516987938,16.04062962090855
10841.9677734375,2.3884080855491495e-06,0.00011578935104271157,0.005777950839728329,0.2960922888913042,15.588689947091403
10852.734375,2.317096191481001e-06,0.00011233217051078142,0.005605435673370862,0.28725171341876377,15.12325063926166
10863.5009765625,2.243518740292003e-06,0.00010876515640789696,0.005427439752800574,0.2781302755601041,14.643024466595241
10874.267578125,2.1674450201801114e-06,0.00010507712389100246,0.005243404948338556,0.26869937384419695,14.146505616606756
10885.0341796875,2.0886022821437066e-06,0.0001012548501651977,0.005052671435413414,0.2589251954240599,13.631913907887848
10895.80078125,2.0066641648358002e-06,9.728251332458262e-05,0.004854449692418696,0.2487672811012567,13.097119241399842
10906.5673828125,1.9212346675768404e-06,9.314091536762188e-05,0.004647781728761078,0.23817653844918404,12.539536995233325
10917.333984375,1.831825380696398e-06,8.880637833111766e-05,0.004431486001352892,0.22709241904731137,11.955979411416061
10928.1005859375,1.7378221436117938e-06,8.424912788308666e-05,0.004204076755028146,0.2154387850640727,11.342437979446233
10938.8671875,1.6384344296577388e-06,7.943083951357707e-05,0.003963641576145518,0.20311763446586262,10.69375308060571
10949.6337890625,1.5326150716183701e-06,7.430074685090682e-05,0.0037076471954772925,0.1899991493458109,10.00309005159622
10960.400390625,1.4189258385194343e-06,6.878912486268304e-05,0.0034326142964382104,0.17590503140403865,9.26106182960264
10971.1669921875,1.2952961486400519e-06,6.279559233055137e-05,0.0031335338022898877,0.16057858946441095,8.454154117539044
10981.93359375,1.1585480957405004e-06,5.616608525539071e-05,0.002802717836685431,0.14362585670938188,7.56162531963083
10992.7001953125,1.0033320824179001e-06,4.864125666229131e-05,0.002427224846209348,0.12438364055062835,6.548559620699921
11003.466796875,8.192172148288694e-07,3.9715419756788534e-05,0.001981820788072759,0.10155881723293131,5.346876540302855
11014.2333984375,5.792740478702502e-07,2.8083042627695355e-05,0.0014013589183427156,0.07181292835469094,3.780812659815415
11025.0,0.0,0.0,0.0,0.0,0.0
