freq_hz,alpha_-2,alpha_-1,alpha_0,alpha_1,alpha_2
0.0,0.0,0.0,0.0,0.0,1.0338748116881717e-07
10.7666015625,0.7716341550610374,0.5013437801788776,0.32870837978663786,0.21762929273779544,0.14550059866558943
21.533203125,1.0912554872776232,0.7090071733403642,0.46486384875994946,0.3077742973594532,0.2057689199569573
32.2998046875,1.3365095614211981,0.8683528993284583,0.569339614664103,0.3769449922371397,0.252014429410282
43.06640625,1.5432683101220745,1.002687560357755,0.6574167595732757,0.43525858547558827,0.2910011973196307
53.8330078125,1.6651467051674318,1.0866432846970504,0.7158032410846559,0.4761700920513043,0.31989934447466556
64.599609375,1.592307844449361,1.0596086998432364,0.7119477565452565,0.4827576646816483,0.3304226102281734
75.3662109375,1.5159732825020316,1.0318660598109388,0.7080712790054046,0.48925654727720186,0.3406209214136172
86.1328125,1.4355854955470253,1.0033566335037756,0.7041734617655473,0.49567022837602337,0.3505226424345702
96.8994140625,1.3504208369208517,0.9740130915969804,0.700253948476837,0.5020019736445964,0.3601522367188485
107.666015625,1.2944459257425303,0.9663394202700794,0.7190307416143564,0.5347429196406868,0.39906075816525177
118.4326171875,1.2728219175426623,0.9816593469524174,0.7596060929866248,0.5903773646952979,0.4607898513180959
129.19921875,1.2508241334746162,0.9967438345684311,0.7981213100890863,0.6412026788647148,0.5151748105726671
139.9658203125,1.228432493866907,1.0116034153962274,0.8348615662097711,0.6882850557886657,0.5643428778840178
150.732421875,1.205625054108288,1.026247859112235,0.8700517478001791,0.7323467489248026,0.6095577759236538
161.4990234375,1.170752454148776,1.0254565601016472,0.8989600125877832,0.7888946377883249,0.6936000150725372
172.265625,1.130484843627519,1.0191520335512396,0.9252550071055389,0.8466203766437347,0.7815438155864599
183.0322265625,1.0887289168786194,1.0128082633587425,0.950823091913482,0.900653859574024,0.860546623056704
193.798828125,1.0453063317630127,1.006424507434053,0.9757214131389951,0.9516242364414607,0.9328827607085194
204.5654296875,1.0,1.0,1.0,1.0,1.0
215.33203125,0.9783682004010672,0.9907380684060918,1.0066972466300095,1.0271608733233748,1.053447961645242
226.0986328125,0.9567305132471784,0.9813363246508069,1.013034314599938,1.0532755195040617,1.104144388812753
236.865234375,0.934592004245915,0.971843631439376,1.0193319865193526,1.078758165803005,1.1526131418645462
247.6318359375,0.911916198903486,0.9622572971193275,1.0255909881263647,1.1036525905314474,1.1991243798084634
258.3984375,0.8897840363154615,0.9500025722647573,1.0248848324686177,1.1161010485541005,1.2264024282001589
269.1650390625,0.8709913645576409,0.9286716407856392,1.0002466909355263,1.0874416931220374,1.1930051513882736
279.931640625,0.8517841762947518,0.9068390956996325,0.9749861361223114,1.0580062954900993,1.158645617340636
290.6982421875,0.8321337685962968,0.8844677917138437,0.9490534697971227,1.0277281774152365,1.1232355238000504
301.46484375,0.812007964671789,0.8615157593851657,0.9223920052977488,0.9965305273847885,1.0866721756215547
312.2314453125,0.7943805283541029,0.8387287531750488,0.893694704304933,0.9610541633872985,1.0433762876999901
322.998046875,0.7797746481622766,0.8162147527420482,0.8626097078807017,0.9204096408521109,0.99180221361589
333.7646484375,0.7648899136510166,0.7930618663036025,0.8303618438713193,0.8778853620963066,0.9373948923117444
344.53125,0.7497097158857677,0.7692124056306842,0.796809936800945,0.8331935615404239,0.8796287497182641
355.2978515625,0.734215728639735,0.7445994400799232,0.7617817003657115,0.7859645749026278,0.8177923272626647
366.064453125,0.716968347660396,0.722601676372923,0.7346449356968385,0.7531114888201015,0.7784104050486538
376.8310546875,0.6987237883451181,0.701308949817549,0.7103410406951571,0.7257973014047874,0.7480540442788517
387.59765625,0.6799898920218066,0.6793491764118277,0.6851756027813203,0.6974141745477451,0.7164125540747317
398.3642578125,0.6607250366864446,0.6566554377210801,0.65904993680116,0.6678258298342121,0.6833074286950317
409.130859375,0.6408813423378604,0.6331488168557989,0.631844942805179,0.6368643082536461,0.6485145615818901
419.8974609375,0.6227040571603708,0.618288072471388,0.6200401886679694,0.6279310806884132,0.6423460193805416
430.6640625,0.6040694082257828,0.6034283024344299,0.6086379328195084,0.6197564360518293,0.6372562628692215
441.4306640625,0.5848413093348561,0.5881932435836132,0.5970179486164537,0.611472516112386,0.6321255259187575
452.197265625,0.564959170431607,0.5725529385270194,0.5851672655519892,0.6030748178244212,0.6269528024262161
462.9638671875,0.5446953904491727,0.5573297912701879,0.5747990643605959,0.5975356451741524,0.6263695049364058
473.73046875,0.5250000109489168,0.5450008910448862,0.5708502714672045,0.6031806051295001,0.6430274333396919
484.4970703125,0.5045363759097551,0.5323865571576438,0.5668739723064959,0.6087732234215711,0.6592645928158026
495.263671875,0.48320688916439947,0.5194659962351896,0.5628695839383314,0.6143149295807402,0.6751113438935356
506.0302734375,0.46089135472009307,0.5062157605676327,0.5588365025365424,0.6198070892273569,0.6905945626536054
516.796875,0.4412608291061583,0.49475558295025135,0.557126732803706,0.6302566995773133,0.7167001712018183
527.5634765625,0.42547885687759407,0.48564943871042227,0.5582310402741582,0.6463972561838722,0.7543955970026512
538.330078125,0.4090884940893273,0.47636925570302413,0.5593331674830351,0.6621444844155903,0.7902950703076831
549.0966796875,0.3920134364313089,0.46690465647534385,0.5604331272932054,0.6775258103437404,0.8246331787732251
559.86328125,0.3741599560202744,0.4572441893536365,0.5615309324415519,0.6925656135861005,0.8575974935299826
570.6298828125,0.3608048162682786,0.44877479850817265,0.5612300603234371,0.705658065015024,0.892395983935517
581.396484375,0.34931463983437566,0.44075286525610236,0.5603289588182034,0.7178256121558556,0.9271468696910561
592.1630859375,0.3374334301204512,0.43258219645158424,0.5594264058568695,0.7297903220878634,0.9606414751588175
602.9296875,0.32511831988229584,0.42425419873265874,0.5585223944029266,0.7415620128885333,0.9930069333372717
613.6962890625,0.31231798552648365,0.4157594179302541,0.5576169173628269,0.7531497352488907,1.0243502796820863
624.462890625,0.30585054143881824,0.41055011614684306,0.5556593036107089,0.7580672711478866,1.0425807007843324
635.2294921875,0.29964472358476685,0.4054755765394114,0.5536338027643507,0.7625786786320353,1.0598017310235013
645.99609375,0.29330763209634414,0.4003367188651945,0.551600864246507,0.7670635531836691,1.076747370789335
656.7626953125,0.2868305662228784,0.39513103367557834,0.5495604055166917,0.7715223575122948,1.0934304239062702
667.529296875,0.28077167516261603,0.3900579314807744,0.5470243639758985,0.7742485028201848,1.1060879916322077
678.2958984375,0.2770277093005056,0.3857850598899805,0.5423928965284474,0.7697107689649716,1.1026356251104408
689.0625,0.2732324465852277,0.38146432986266365,0.5377215391127654,0.7651461243461908,1.099172415179432
699.8291015625,0.2693837189096874,0.3770940963218948,0.5330092429283791,0.760554084430125,1.0956982590202826
710.595703125,0.265479200993745,0.3726726177277873,0.5282549123939748,0.7559341499659176,1.0922130521783606
721.3623046875,0.2621035601363943,0.36879205358058936,0.5239739304008643,0.7515595064999725,1.0884357104580051
732.12890625,0.25945055594793287,0.3656445109348029,0.5203298420389152,0.7475148186020066,1.0842807980531772
742.8955078125,0.2567701418140566,0.3624696373067877,0.5166600519613987,0.743448126131676,1.08010990285871
753.662109375,0.25406145019016546,0.35926670811790684,0.5129640085515438,0.7393590659941962,1.0759228389991855
764.4287109375,0.2513235667784644,0.35603496619635583,0.5092411401740642,0.7352472649979184,1.0717194169682103
775.1953125,0.2477651938116014,0.35243082313136853,0.5061708708341738,0.7338656174148682,1.0742119776400387
785.9619140625,0.24377966789532,0.34862762241327677,0.5034009545967452,0.7337655830032674,1.0798109229957487
796.728515625,0.2397278909384649,0.3447824721850207,0.500615712594803,0.733665534952095,1.085380986537233
807.4951171875,0.23560644496374955,0.3408939529274388,0.4978148875884394,0.7335654732557706,1.0909226106613354
818.26171875,0.23141160758075283,0.33696056321025925,0.4949982150599928,0.7334653979087096,1.0964362265849081
829.0283203125,0.22674438103625505,0.33312609542007,0.4939831794164776,0.7392053990189054,1.116444579977807
839.794921875,0.22194733583452092,0.32925852238436376,0.49310881203399776,0.7453543477506587,1.1372134789805588
850.5615234375,0.21704429372035916,0.3253449764106527,0.4922328914901458,0.7514529828824433,1.1576098191481916
861.328125,0.21202790144011033,0.3213837780420187,0.49135540947863654,0.7575025196360954,1.1776529582188267
872.0947265625,0.20684410814849793,0.3171624054941811,0.4901559921694888,0.7633524568719058,1.1981959780407032
882.861328125,0.20130155146820336,0.31185829707959345,0.4874115772302478,0.7684361117562828,1.2223219788265942
893.6279296875,0.19560200451749798,0.306462401373989,0.4846516218651281,0.7734863555938483,1.2459809139999707
904.39453125,0.1897313198157371,0.3009697816300507,0.48187585904973573,0.7785038386087718,1.269198903317303
915.1611328125,0.18367308803082516,0.29537504202787407,0.4790840140239934,0.7834891902045177,1.2919997191607617
925.927734375,0.17804250589501167,0.28967947243704517,0.47514348728516764,0.7855302219859639,1.309191280221949
936.6943359375,0.1731367310986185,0.2838798855682574,0.46957611336762944,0.7835043028983971,1.3189622520667104
947.4609375,0.16808783836332541,0.2779593173633312,0.46394193492439073,0.7814731317628836,1.3286613701559147
958.2275390625,0.16288251949118285,0.2719098651905281,0.4582384878175621,0.7794366675197378,1.3382901967481853
968.994140625,0.15750526628000563,0.26572272666592356,0.45246315259174924,0.7773948685714743,1.3478502382980082
979.7607421875,0.15333388129354114,0.26030929491404353,0.446016862924053,0.7710996911785798,1.3452759807764083
990.52734375,0.14976900100832624,0.2552568573311306,0.4391688573407869,0.7625716621053752,1.3365244709255837
1001.2939453125,0.14611717275365774,0.25010237386015316,0.43221236505149996,0.7539471771660188,1.3277152775771972
1012.060546875,0.14237170605149274,0.24483939962024612,0.4251420606677372,0.7452228875088722,1.3188472448471342
1022.8271484375,0.13852500566505282,0.23946078134492338,0.41795216830901644,0.7363952458955138,1.3099191777242818
1033.59375,0.13616889621956066,0.2359448430478977,0.4127948344247036,0.7290474918645078,1.2999672679456995
1044.3603515625,0.13414672969594066,0.2328414371535143,0.4080780610300354,0.721996604023556,1.2897132993230147
1055.126953125,0.132093610286712,0.2296961052141081,0.40330612747681865,0.7148761760257262,1.2793771496986746
1065.8935546875,0.13000807155342453,0.22650710065105606,0.3984770520703329,0.7076841088203003,1.2689568108850477
1076.66015625,0.1278885274741345,0.22327255214236347,0.39358873153709234,0.7004181955834673,1.2584501915499073
1087.4267578125,0.12615599506021236,0.2207149206376173,0.38990657162701003,0.6953423744714959,1.251996403357889
1098.193359375,0.1246280993639011,0.21851849756956498,0.3868723057241093,0.6914475954962899,1.2477306448568222
1108.9599609375,0.12308123826353114,0.21629977200184466,0.38381405299265475,0.6875307534209233,1.2434502524060018
1119.7265625,0.12151468748225523,0.21405805043501683,0.380731235404988,0.6835914689940809,1.2391550743560242
1130.4931640625,0.11992767543538979,0.2117926026659815,0.37762325133837843,0.679629351973138,1.2348449564200457
1141.259765625,0.11843080795425548,0.2097750034289074,0.37512935128481373,0.6771068373404161,1.233800876567369
1152.0263671875,0.1173343884303758,0.2087593224120419,0.3750092508638947,0.6800179167488993,1.2449153420380659
1162.79296875,0.11622762642316639,0.20773867556204292,0.3748891119673043,0.6829165871655816,1.255931453012107
1173.5595703125,0.11511022361022491,0.20671298932241444,0.37476893455804017,0.6858030059370243,1.2668517752635682
1184.326171875,0.11398186704572173,0.20568218830259807,0.37464871859904053,0.6886773271123642,1.277678764913857
1195.0927734375,0.11284222813672791,0.20464619521330532,0.37452846405318446,0.6915397015392556,1.2884147748823553
1205.859375,0.11168402116588488,0.20364637807947925,0.3747282529003166,0.6957004835614216,1.3033437687915006
1216.6259765625,0.11050598083511,0.20268731759118033,0.37527861269742185,0.7012627288622978,1.322733003592774
1227.392578125,0.10931524604042035,0.20172369746692084,0.37582816655285334,0.7067812016141886,1.3418420987357251
1238.1591796875,0.10811139733360899,0.20075545204836565,0.3763769179969159,0.7122569192496456,1.3606828569087772
1248.92578125,0.10689399164580515,0.1997825140860968,0.37692487053421525,0.7176908603868356,1.3792662745936182
1259.6923828125,0.10566256038219676,0.19880481468510586,0.37747202764392057,0.7230839668714804,1.397602617118796
1270.458984375,0.10447832821221631,0.19767690275793806,0.37738480205009683,0.726805332450909,1.4122605053364905
1281.2255859375,0.10336282319071596,0.19634947010214918,0.37645994453276765,0.7283605209570111,1.4222622887174037
1291.9921875,0.10223514742930016,0.19501300196350566,0.3755328092947919,0.7299123959068384,1.4321942259631066
1302.7587890625,0.10109489364862302,0.19366731128469203,0.3746033794242418,0.7314609783906139,1.4420577602358604
1313.525390625,0.09994163133430417,0.1923122044636412,0.37367163779886553,0.7330062892757788,1.4518542856742893
1324.2919921875,0.09877490483770458,0.19094748102839396,0.37273756708240513,0.7345483492102748,1.4615851496937404
1335.05859375,0.09763870742809884,0.18960425614223422,0.3717574634291731,0.7357984473701379,1.4702821956945493
1345.8251953125,0.0972195308758353,0.18876474859834286,0.37006032566449876,0.7323338032119395,1.4631345204534973
1356.591796875,0.09679853913776278,0.187921490733607,0.36835536869514574,0.7288526898498917,1.4559517556942119
1367.3583984375,0.09637570842641091,0.18707443183312555,0.3666424834387836,0.7253548701676861,1.4487333794992774
1378.125,0.09595101443017723,0.1862235200285729,0.3649215582529766,0.7218401013039795,1.4414788568833528
1388.8916015625,0.09552443229701814,0.18536870226113644,0.3631924788502681,0.718308134455609,1.4341876393303896
1399.658203125,0.09509593661747637,0.1845099242429074,0.3614551282096083,0.7147587146720604,1.4268591643096853
1410.4248046875,0.09484638069835165,0.18370054078867923,0.3592473671919443,0.7091945281400098,1.4134267066253434
1421.19140625,0.09494886941618098,0.18299215830939178,0.3561175435298375,0.6996439165618809,1.3878428237698284
1431.9580078125,0.09505124762592733,0.18228102292725312,0.35295996768062465,0.6899611157307093,1.361778378436459
1442.724609375,0.09515351568428626,0.18156710229576853,0.3497738880483927,0.680140479944167,1.3352052278450262
1453.4912109375,0.09525567394603843,0.1808503634299868,0.3465585184869527,0.6701759498049737,1.3080923701911134
1464.2578125,0.09535772276406515,0.18013077268871794,0.34331303603454016,0.6600610084949083,1.2804055207003635
1475.0244140625,0.09545966248936077,0.17940829575610742,0.34003657845390045,0.6497886319208986,1.2521066032600336
1485.791015625,0.0957554801553585,0.17890253003840526,0.3369966527770886,0.6398281781919992,1.2244892223210624
1496.5576171875,0.09661066609308994,0.17903441550162155,0.3347156669534718,0.6311175975805384,1.2002034862209312
1507.32421875,0.09745834816021452,0.17916620388307603,0.3324190298783347,0.6222851005312338,1.175416079987355
1518.0908203125,0.09829872048650876,0.1792978953968415,0.33010641488222997,0.613325419912223,1.1500945673502898
1528.857421875,0.09913196897293995,0.17942949025620464,0.32777748377145244,0.6042328980433305,1.1242028582977133
1539.6240234375,0.09995827177187014,0.1795609886736708,0.32543188625070296,0.5950014449101604,1.097700605520663
1550.390625,0.10077779973181702,0.17969239086096794,0.32306925930802555,0.5856244904480308,1.0705424662835796
1561.1572265625,0.10159071680992009,0.17982369702905007,0.320689226558957,0.5760949298334888,1.0426771911152388
1571.923828125,0.10257121023103409,0.18021818043217747,0.3191707598001445,0.5696138714364356,1.0244776022036786
1582.6904296875,0.10358853524412379,0.18068208399716162,0.31788123126370965,0.5639243780685914,1.008775090798567
1593.45703125,0.10459596598238005,0.18114479953018203,0.3165864502281525,0.5581768947451077,0.9928242594814274
1604.2236328125,0.10559378563888708,0.18160633611221352,0.3152863519824366,0.5523696112880712,0.9766129410436173
1614.990234375,0.10658226414988242,0.18206670270912995,0.3139808704757717,0.5465006213370474,0.9601279409606839
1625.7568359375,0.1075616590476339,0.18252590817373623,0.31266993827845646,0.540567915038455,0.9433549116912472
1636.5234375,0.10853221624404202,0.18298396124775426,0.31135348654123696,0.5345693710046118,0.9262782064861114
1647.2900390625,0.10949417075172352,0.1834408705637653,0.3100314449531122,0.5285027474512397,0.9088807084591847
1658.056640625,0.1102024595511799,0.18403812476546588,0.3101079620187168,0.5271381285958817,0.9041056478827951
1668.8232421875,0.11088411320424423,0.1846462201251587,0.31031135451869907,0.5262013968739868,0.9004767938933907
1679.58984375,0.11156160195629046,0.18525231940741768,0.3105146137930668,0.5252629946271687,0.8968332566021139
1690.3564453125,0.11223500122963379,0.18585644214055974,0.310717740103273,0.5243229128860071,0.8931748563156439
1701.123046875,0.1129043841973288,0.18645860753654292,0.3109207337099165,0.5233811426005274,0.8895014096456714
1711.8896484375,0.11356982187597278,0.18705883449809554,0.3111235948727458,0.5224376746391857,0.885812729400716
1722.65625,0.11423138321364372,0.18765714162563935,0.31132632385066356,0.5214924997878361,0.8821086244763993
1733.4228515625,0.11488913517328118,0.18825354722401533,0.3115289209017293,0.5205456087486782,0.87838889973828
1744.189453125,0.11485338830081165,0.1882992310309859,0.31177411096738333,0.5212319468299614,0.8799999575389159
1754.9560546875,0.11438965149445592,0.18800540099570243,0.31204545770266634,0.5229227280693297,0.8848862836275496
1765.72265625,0.11392402702621215,0.1877111110196973,0.3123165686866944,0.5246080600474868,0.8897457752836908
1776.4892578125,0.11345649165523805,0.1874163589363088,0.3125874445328777,0.526287995114942,0.8945788698140482
1787.255859375,0.11298702165983988,0.1871211425618109,0.31285808585197056,0.5279625847893222,0.8993859927754745
1798.0224609375,0.11251559282342664,0.18682545969522413,0.31312849325208847,0.5296318797738094,0.9041675584107256
1808.7890625,0.11204218041993444,0.18652930811812402,0.3133986673387227,0.5312959299750529,0.9089239700688398
1819.5556640625,0.11156675919869305,0.18623268559444733,0.31366860871475727,0.5329547845205754,0.9136556205959575
1830.322265625,0.11108930336870955,0.18593558987029501,0.3139383179804845,0.5346084917757004,0.9183628927214887
1841.0888671875,0.11005494580822837,0.18508998060342224,0.3141107013158476,0.5378132256481607,0.9291965556004462
1851.85546875,0.10892672978217458,0.18415798393689678,0.31426846990874785,0.5412300213261597,0.9408115388280645
1862.6220703125,0.10778670523411346,0.18322124651805377,0.31442615933862367,0.5446253816040437,0.9522848650704159
1873.388671875,0.10663449343159304,0.18227969525856835,0.3145837697245196,0.547999704917791,0.9636215942440665
1884.1552734375,0.1054696949535706,0.18133325517257892,0.31474130118518207,0.5513533775108487,0.9748264920200526
1894.921875,0.10429188807278324,0.1803818493069928,0.3148987538390607,0.5546867739501777,0.9859040532399955
1905.6884765625,0.1031006269717734,0.1794253986684655,0.3150561278043095,0.5580002576145376,0.9968585229833564
1916.455078125,0.10189543977116693,0.1784638221468565,0.31521342319878654,0.561294181156838,1.007693915578978
1927.2216796875,0.10067582634548515,0.17749703643495554,0.31537064014005683,0.5645688869422041,1.0184140317889048
1937.98828125,0.09942155220288079,0.17622392236254247,0.31481275130247505,0.566733189790476,1.0283119711322153
1948.7548828125,0.09814036743579728,0.17477599133344823,0.31386264424414195,0.5682955158992575,1.03773161654618
1959.521484375,0.09684223457994186,0.17331596429740614,0.31290965232989476,0.5698535587081311,1.047066524146519
1970.2880859375,0.09552646270243466,0.17184353294229587,0.31195374912077334,0.5714073532546101,1.05631894047061
1981.0546875,0.09419231260799789,0.17035837563160816,0.3109949077714893,0.5729569341011201,1.065491014511417
1991.8212890625,0.09283899198314223,0.16886015658405118,0.3100331010216297,0.5745023353439677,1.07458480354652
2002.587890625,0.09146564989354801,0.1673485249870474,0.3090683011866127,0.5760435906220899,1.0836022785233084
2013.3544921875,0.09007137052611269,0.16582311403749062,0.30810048014839175,0.5775807331256001,1.0925453290484326
2024.12109375,0.08865516604493752,0.16428353990233108,0.30712960934589234,0.5791137956041319,1.101415768016879
2034.8876953125,0.08721596840291687,0.16272940059064608,0.30615565976517756,0.580642810374969,1.11021533588958
2045.654296875,0.08634654394967349,0.16159885371488475,0.30502227847751806,0.5805287939370221,1.114222381612746
2056.4208984375,0.08551710373934521,0.1604963661108619,0.3038718501864238,0.5802806487553039,1.1178297616182111
2067.1875,0.08467953951149562,0.15938625269332019,0.30271704990605375,0.5800323974139545,1.121425537534185
2077.9541015625,0.08383360777034443,0.15826835299719905,0.30155782740948384,0.5797840397766083,1.125009820627712
2088.720703125,0.0829790526079023,0.15714250084962103,0.30039413150065364,0.5795355757066057,1.1285827203989491
2099.4873046875,0.08211560479968494,0.15600852408153923,0.29922590998798165,0.579287005066995,1.1321443446201178
2110.25390625,0.08124298081392053,0.15486624422038295,0.2980531096570536,0.5790383277205343,1.1356947993766464
2121.0205078125,0.08036088172390889,0.15371547616214312,0.2968756762423345,0.5787895435296814,1.1392341890962407
2131.787109375,0.07946899201170912,0.15255602782119582,0.2956935543978719,0.5785406523565991,1.1427626165917018
2142.5537109375,0.0785669782495813,0.15138769975598612,0.29450668766693755,0.5782916540631556,1.1462801830909577
2153.3203125,0.07798410930405561,0.150524701787462,0.2933308272490136,0.5769642003569224,1.1455817399292463
2164.0869140625,0.07755643792497399,0.14980892514178887,0.29215788485599004,0.5751119751987976,1.1428490897575474
2174.853515625,0.07712639511395453,0.14908971210674413,0.2909802143659619,0.5732537653959396,1.1401098899076547
2185.6201171875,0.07669394097930614,0.14836701270836994,0.289797758137285,0.5713895125605499,1.1373640930533662
2196.38671875,0.07625903449822022,0.1476407757495853,0.2886104573474973,0.5695191573491998,1.134611651301756
2207.1533203125,0.07582163347135318,0.14691094876786107,0.2874182519591732,0.5676426394407864,1.131852516175338
2217.919921875,0.07538169447503591,0.1461774779909916,0.2862210806844982,0.5657598975138335,1.129086638605119
2228.6865234375,0.0749391728109614,0.14544030829086063,0.2850188809485034,0.5638708692231068,1.126313968916353
2239.453125,0.07449402245317827,0.14469938313508576,0.2838115888509003,0.5619754911755348,1.123534456829314
2250.2197265625,0.07404619599221884,0.1439546445364236,0.28259913912644463,0.5600736989053683,1.1207480514277275
2260.986328125,0.07359564457616717,0.14320603299980705,0.2813814651037679,0.5581654268486196,1.1179547011777535
2271.7529296875,0.07343699770393675,0.14289008770412429,0.2807472318441876,0.5568818063686934,1.115334013229217
2282.51953125,0.07332227263088782,0.14263906560004727,0.2802001053959383,0.5556902067254909,1.1127342055199412
2293.2861328125,0.07320736776956606,0.142387600957446,0.27965190852131866,0.5544960463671297,1.1101283093413807
2304.052734375,0.07309228227206185,0.14213569142751997,0.2791026349129242,0.553299308713591,1.1075162817173159
2314.8193359375,0.07297701528377973,0.14188333464061736,0.278552278201163,0.5520999770051582,1.1048980791616643
2325.5859375,0.0728615659433646,0.14163052820597571,0.27800083195339365,0.550898034299684,1.1022736576748766
2336.3525390625,0.0727459333826262,0.14137726971145664,0.2774482896730489,0.5496934634697913,1.0996429727285992
2347.119140625,0.0726301167264637,0.14112355672327792,0.2768946447987414,0.5484862472000321,1.0970059792639835
2357.8857421875,0.07251411509278713,0.14086938678574026,0.27633989070335496,0.5472763679839784,1.094362631676558
2368.65234375,0.07239792759244042,0.14061475742095056,0.2757840206931198,0.546063808121262,1.0917128838118597
2379.4189453125,0.07228155332912052,0.14035966612853945,0.2752270280066698,0.5448485497145535,1.0890566889468474
2390.185546875,0.07213855222399734,0.14012006312921335,0.27483063149183534,0.5442069309197413,1.0880562184677014
2400.9521484375,0.07196635602561006,0.13989748037539468,0.27461023571999993,0.5441933490581512,1.0888669188328883
2411.71875,0.07179374681847536,0.1396745429182897,0.27438966292152267,0.5441797668575796,1.0896770160512776
2422.4853515625,0.0716207216164837,0.13945124905673092,0.2741689126691423,0.5441661843180016,1.09048651146807
2433.251953125,0.07144727739736705,0.13922759707590876,0.27394798453387575,0.5441526014393899,1.0912954064196985
2444.0185546875,0.0712734111020848,0.13900358524721879,0.2737268780850094,0.5441390182217213,1.0921037022440536
2454.78515625,0.07109911963419295,0.13877921182810501,0.2735055928900879,0.5441254346649689,1.0929114002681062
2465.5517578125,0.07092439985920057,0.13855447506190216,0.2732841285149056,0.5441118507691077,1.093718501816214
2476.318359375,0.07074924860391268,0.13832937317767505,0.2730624845234958,0.5440982665341126,1.094525008208948
2487.0849609375,0.07057366265575794,0.13810390439005588,0.2728406604781209,0.5440846819599593,1.0953309207640947
2497.8515625,0.07039763876210066,0.13787806689907905,0.2726186559392629,0.5440710970466213,1.0961362407845696
2508.6181640625,0.07022117362953789,0.1376518588900134,0.2723964704656122,0.5440575117940709,1.0969409695783623
2519.384765625,0.06992018318060535,0.13729720425823855,0.2721679271430102,0.5445608414022404,1.0999187215115176
2530.1513671875,0.06947688561716452,0.13679647127176867,0.2719322103602646,0.5456463537568927,1.1053314528671039
2540.91796875,0.06903074137014403,0.13629389864438982,0.271696289075717,0.5467297108697006,1.110717807302441
2551.6845703125,0.06858169488400583,0.13578946594992775,0.27146016275618046,0.5478109255273587,1.1160781667164965
2562.451171875,0.06812968877232617,0.1352831523813883,0.2712238308661469,0.5488900103906212,1.121412903877485
2573.2177734375,0.06767466373219143,0.13477493674094343,0.2709872928677739,0.5499669779960354,1.1267223827302142
2583.984375,0.06721655845337775,0.1342647974295745,0.27075054822086886,0.5510418407576375,1.1320069586818027
2594.7509765625,0.06675530952192116,0.13375271243636158,0.27051359638287564,0.5521146109686291,1.1372669788866194
2605.517578125,0.066290851317649,0.13323865932740164,0.27027643680886004,0.5531853008030083,1.142502782502395
2616.2841796875,0.06582311590520308,0.1327226152343404,0.27003906895149465,0.5542539223171892,1.147714700952122
2627.05078125,0.06535203291804291,0.13220455684250124,0.2698014922610445,0.5553204874515832,1.1529030581742492
2637.8173828125,0.06487752943486766,0.13168446037859402,0.269563706185352,0.5563850080321522,1.158068170837391
2648.583984375,0.06439952984784346,0.1311623015979853,0.26932571016982226,0.5574474957719462,1.163210348591585
2659.3505859375,0.06382119150095852,0.1304362803091263,0.26882640565031535,0.5586160000476195,1.1705909442700826
2670.1171875,0.06321463686061111,0.12965855623376568,0.2682647797046862,0.5598073499449527,1.1784517031683188
2680.8837890625,0.0626022055700582,0.12887613894110944,0.26770197549726776,0.5609961698582103,1.1862603738633377
2691.650390625,0.061983723436501714,0.1280889424271734,0.26713798558100205,0.5621824758374919,1.1940179782986344
2702.4169921875,0.0613590074876512,0.12729687802870626,0.2665728024300521,0.5633662837639154,1.201725505432293
2713.18359375,0.06072786533945139,0.1264998543066312,0.26600641843863,0.5645476093520854,1.209383912703596
2723.9501953125,0.06009009450403151,0.12569777692283382,0.26543882591980283,0.565726468152538,1.2169941274329406
2734.716796875,0.05944548163082159,0.12489054850982959,0.26487001710427577,0.5669028755541253,1.2245570481231298
2745.4833984375,0.05879380167277195,0.1240780685327978,0.26429998413915057,0.5680768467863538,1.2320735456984595
2756.25,0.05813481696844118,0.12326023314343225,0.26372871908666146,0.569248396921694,1.2395444646777998
2767.0166015625,0.05746827622933418,0.12243693502500322,0.26315621392288485,0.5704175408778284,1.2469706242801528
2777.783203125,0.056793913420259634,0.12160806322798023,0.26258246053642464,0.5715842934198765,1.2543528194719853
2788.5498046875,0.056111446518556825,0.12077350299549994,0.2620074507270718,0.5727486691625653,1.2616918219650397
2799.31640625,0.05550797919515064,0.11996044162655577,0.261259580480667,0.5732838455528991,1.2676112286896086
2810.0830078125,0.05499974366276876,0.11917356901391071,0.2603107218567965,0.5730945794010365,1.2719185288778319
2820.849609375,0.05448676767446619,0.11838146623432387,0.2593583918717087,0.5729052507228258,1.27621129172125
2831.6162109375,0.05396891605593205,0.11758402758905394,0.25840255214480995,0.5727158594562544,1.2804896634221996
2842.3828125,0.05344604708388859,0.11678114377046679,0.2574431635830005,0.5725264055392109,1.2847537877542043
2853.1494140625,0.05291801203308962,0.11597270168713612,0.25648018636201897,0.5723368889094789,1.2890038061081082
2863.916015625,0.05238465468221782,0.11515858427789255,0.2555135799071515,0.57214730950474,1.2932398575563748
2874.6826171875,0.05184581077402676,0.11433867031395598,0.2545433028732846,0.5719576672625739,1.2974620789003104
2885.44921875,0.05130130742444272,0.11351283418820338,0.25356931312426806,0.5717679621204549,1.3016706047220545
2896.2158203125,0.05075096247459915,0.1126809456905363,0.2525915677115637,0.5715781940157536,1.305865567434439
2906.982421875,0.05019458377892136,0.11184286976820926,0.2516100228521468,0.5713883628857367,1.3100470973308118
2917.7490234375,0.04963196842137273,0.11099846626987078,0.2506246339056282,0.5711984686675685,1.3142153226309037
2928.515625,0.04906290185079893,0.11014758967194276,0.2496353553505644,0.5710085112983059,1.3183703695306108
2939.2822265625,0.048487156924923114,0.10929008878582593,0.2486421407599181,0.5708184907149023,1.3225123622336663
2950.048828125,0.04803935979609408,0.10857400369146643,0.24765492098952416,0.569964622891487,1.323661669607516
2960.8154296875,0.04779535379959573,0.10808151230787592,0.24667911014993865,0.5680886720778228,1.3202321103087844
2971.58203125,0.04755009568905702,0.10758676650927153,0.2456994238462999,0.566206505913213,1.3167936188253837
2982.3486328125,0.04730356598871201,0.10708973505002001,0.244715815533941,0.5643180622076162,1.3133461250144727
2993.115234375,0.047055744712610655,0.1065903859559878,0.2437282377289918,0.5624232777268954,1.3098895577807914
3003.8818359375,0.04680661134570989,0.10608868650053796,0.24273664198163009,0.5605220881681413,1.3064238451163337
3014.6484375,0.04655614482405402,0.10558460317949958,0.24174097884834553,0.5586144281341836,1.3029489140352113
3025.4150390625,0.04630432351398995,0.10507810168505786,0.24074119786317066,0.5567002311073601,1.2994646905886011
3036.181640625,0.046051125190359844,0.1045691468785049,0.23973724750783404,0.5547794294224468,1.295971099826044
3046.9482421875,0.04579652701360826,0.10405770276179134,0.2387290751807803,0.5528519542387491,1.2924680657900176
3057.71484375,0.04554050550573745,0.10354373244781297,0.23771662716501074,0.5509177355113114,1.288955511484494
3068.4814453125,0.04528303652503942,0.10302719812936413,0.23669984859468507,0.5489767019612197,1.2854333588656084
3079.248046875,0.045024095239527086,0.1025080610466817,0.2356786834204252,0.547028781044951,1.2819015288163127
3090.0146484375,0.044763656098982356,0.10198628145350334,0.2346530743732609,0.5450738989227362,1.278359941129332
3100.78125,0.044501692805531685,0.10146181858155394,0.2336229629271515,0.5431119804258978,1.2748085144769978
3111.5478515625,0.04438867600325915,0.10113749898608998,0.23272705173724528,0.5406987000684872,1.2684205345339612
3122.314453125,0.044392285798541764,0.10097003472040378,0.2319358872530668,0.5379275144592919,1.2597877468323704
3133.0810546875,0.044395895300314764,0.10080229224436187,0.23114201474726345,0.5351419787018683,1.2510953927277708
3143.84765625,0.04439950450864973,0.10063427016675745,0.23034540622070362,0.5323418675302067,1.2423422219082376
3154.6142578125,0.044403113423618204,0.10046596708475017,0.2295460331884169,0.5295269497222475,1.2335269397033848
3165.380859375,0.044406722045291724,0.10029738158372974,0.228743866667709,0.5266969878770393,1.224648204837229
3176.1474609375,0.04441033037374182,0.10012851223717685,0.22793887716590042,0.5238517381810858,1.2157046270563245
3186.9140625,0.044413938409039934,0.09995935760652257,0.2271310346676744,0.5209909501631905,1.2066947645877
3197.6806640625,0.044417546151257516,0.0997899162410053,0.22632030862201732,0.518114366437125,1.1976171214217008
3208.447265625,0.044421153600465925,0.09962018667752555,0.22550666792873766,0.5152217224313639,1.188470144411524
3219.2138671875,0.044424760756736584,0.09945016744049869,0.22469008092454548,0.5123127461050914,1.17925222017587
3229.98046875,0.044428367620140845,0.09927985704170514,0.2238705153686738,0.5093871576495994,1.1699616717760917
3240.7470703125,0.04443197419075001,0.09910925398013848,0.22304793842802592,0.5064446691741725,1.1605967551495981
3251.513671875,0.04443558046863541,0.09893835674185106,0.222222316661827,0.5034849843754386,1.151155655285597
3262.2802734375,0.04443918645386829,0.09876716379979723,0.22139361600576057,0.5005077981891342,1.1416364821334515
3273.046875,0.04444279214651985,0.09859567361367409,0.2205618017555691,0.49751279642310237,1.1320372661616855
3283.8134765625,0.04453476725605048,0.09856327127147667,0.22001953779639113,0.4953294233596798,1.1250091346922535
3294.580078125,0.04463353428875623,0.09854189997376063,0.21949917145406853,0.49320237590679417,1.1181481477018713
3305.3466796875,0.04473208324749214,0.09852052404013383,0.21897756854506245,0.4910661152577948,1.1112448007911453
3316.11328125,0.044830415570408864,0.09849914346757807,0.21845472021174664,0.48892052064589714,1.1042982995336412
3326.8798828125,0.04492853267991899,0.0984777582530719,0.2179306174902404,0.48676546864268144,1.0973078243710745
3337.646484375,0.04502643598293716,0.09845636839359051,0.21740525130861588,0.4846008330752264,1.0902725294592142
3348.4130859375,0.045124126871115514,0.09843497388610588,0.21687861248506585,0.48242648493991147,1.0831915414965059
3359.1796875,0.045221606721074385,0.0984135747275867,0.21635069172603155,0.48024229231269466,1.0760639584321423
3369.9462890625,0.045318876894628685,0.09839217091499827,0.21582147962428877,0.4780481202557185,1.0688888481548953
3380.712890625,0.0454159387390099,0.09837076244530268,0.21529096665699252,0.47584383072001646,1.0616652470416257
3391.4794921875,0.04551279358708374,0.0983493493154587,0.21475914318367734,0.47362928244416425,1.0543921584729385
3402.24609375,0.04560944275756371,0.09832793152242172,0.21422599944421353,0.4714043308486342,1.0470685512053362
3413.0126953125,0.0457058875552206,0.0983065090631439,0.2136915255567172,0.46916882792564246,1.039693357672312
3423.779296875,0.04580212927108806,0.09828508193457408,0.21315571151541332,0.46692262212426194,1.0322654721841684
3434.5458984375,0.04589816918266406,0.09826365013365769,0.21261854718844986,0.4646655582305085,1.0247837489595732
3445.3125,0.04599400855410888,0.09824221365733682,0.21208002231566275,0.46239747724219227,1.017247000094489
3456.0791015625,0.04592371998569849,0.09804412304061726,0.21152332594433162,0.46086430515522464,1.0131724633715886
3466.845703125,0.04564337252438546,0.09762246415838598,0.21094396418101105,0.46026616752996824,1.0135089470039051
3477.6123046875,0.04536129245816094,0.09719897609495186,0.21036300680073836,0.45966725158449306,1.0138453189598151
3488.37890625,0.045077447260795406,0.09677363483645061,0.2097804405470044,0.4590675542725283,1.0141815793568991
3499.1455078125,0.04479180337544776,0.09634641583894206,0.2091962519787174,0.45846707252787244,1.0145177282973654
3509.912109375,0.0445043261683598,0.09591729401188302,0.20861042746658373,0.4578658032642269,1.0148537658962962
3520.6787109375,0.04421497987984094,0.09548624370093148,0.20802295318939834,0.4572637433749954,1.0151896922650183
3531.4453125,0.0439237275723466,0.09505323867004921,0.20743381513023948,0.456660889733106,1.0155255075120173
3542.2119140625,0.04363053107543734,0.09461825208286717,0.20684299907256737,0.4560572391908163,1.015861211746795
3552.978515625,0.043335350927385885,0.09418125648327622,0.20625049059622103,0.45545278857952637,1.0161968050794037
3563.7451171875,0.043038146313179766,0.09374222377520348,0.20565627507331172,0.45484753470958283,1.0165322876235723
3574.51171875,0.04273887499864322,0.09330112520153218,0.20506033766400905,0.4542414743700785,1.016867659485007
3585.2783203125,0.04243749326037805,0.0928579313221205,0.2044626633122174,0.4536346043286602,1.0172029207726063
3596.044921875,0.04213395581119362,0.09241261199087122,0.2038632367411373,0.45302692133132394,1.0175380715991935
3606.8115234375,0.041828215720666334,0.09196513633180226,0.20326204244870888,0.452418422102212,1.0178731120716351
3617.578125,0.04152022433043422,0.09151547271406425,0.20265906470293527,0.45180910334340657,1.0182080422999527
3628.3447265625,0.041209931163793075,0.09106358872584752,0.2020542875370782,0.45119896173472135,1.0185428623909196
3639.111328125,0.04086950565570131,0.09056814473872835,0.20142855402546264,0.4507482226543282,1.0196907389827632
3649.8779296875,0.04012449537779489,0.08947540356627993,0.20052678417312936,0.45257871865225646,1.0323541306226163
3660.64453125,0.0393653879201509,0.08836915098201435,0.1996209406972244,0.4544018408059092,1.044864057592623
3671.4111328125,0.038591351400090214,0.08724887304266721,0.19871096788771592,0.4562176775166462,1.0572259676615028
3682.177734375,0.037801468750123,0.08611402237236897,0.1977968087530759,0.45802631543347416,1.0694449936964017
3692.9443359375,0.03699472498137818,0.08496401503626262,0.1968784049786286,0.4598278395013139,1.0815259785982532
3703.7109375,0.03616999188870642,0.0837982270278773,0.19595569688313977,0.4616223330075441,1.0934734977243834
3714.4775390625,0.03532600953986126,0.08261599031028477,0.19502862337355759,0.46340987762693464,1.1052918791286346
3725.244140625,0.034461363681544135,0.08141658833973864,0.19409712189780923,0.4651905534650206,1.1169852218847316
3736.0107421875,0.0335744579043792,0.08019925098662625,0.19316112839554717,0.4669644390999965,1.1285574126968692
3746.77734375,0.032663478999552575,0.07896314875148579,0.1922205772467378,0.46873161162317367,1.1400121409872996
3757.5439453125,0.03172635335388379,0.07770738615268613,0.19127540121797448,0.4704921466780711,1.1513529126392075
3768.310546875,0.030760691375792813,0.07643099413599226,0.19032553140639108,0.47224611849820614,1.1625830625315596
3779.0771484375,0.029763715673585774,0.07513292132314225,0.18937089718104308,0.4739935999436103,1.173705765992767
3789.84375,0.028732166773136628,0.07381202387472441,0.18841142612161618,0.47573466253615154,1.1847240492920637
3800.6103515625,0.027662177142456033,0.07246705368935794,0.18744704395431064,0.47746937649368465,1.1956407992431934
3811.376953125,0.026549099439376434,0.07109664459276323,0.18647767448474176,0.47919781076310325,1.2064587720508837
3822.1435546875,0.025387266844289866,0.06969929608169004,0.18550323952768408,0.4809200330523084,1.2171806014325903
3832.91015625,0.02416964945141863,0.06827335407182289,0.18452365883347693,0.4826361098611625,1.2278088061057073
3843.6767578125,0.02342464708786493,0.06698827219731632,0.18328100437952838,0.4869014934449871,1.2660140967657423
3854.443359375,0.022841209870144312,0.06573737621967755,0.1819414689446834,0.49198860619272516,1.3121127344974377
3865.2099609375,0.022242473906311237,0.06446221104269625,0.18059199782141425,0.497023654294201,1.3566458501948775
3875.9765625,0.021627168622219008,0.06316130676908767,0.17923236658737224,0.5020082043477586,1.3997628719408475
3886.7431640625,0.02099383718510871,0.061833038846918126,0.17786234224222588,0.5069437459294306,1.4415908686201313
3897.509765625,0.02034079587665664,0.06047560428230683,0.1764816827414992,0.5118316967924752,1.482238971054081
3908.2763671875,0.019666081308607728,0.059086992930558385,0.17509013649732436,0.5166734076241641,1.521801728916303
3919.04296875,0.018967380714735717,0.05766495256081929,0.17368744184319188,0.5214701664050074,1.5603617006811838
3929.8095703125,0.01824193817330512,0.05620694595961628,0.17227332645947446,0.5262232024103155,1.5979914805078455
3940.576171875,0.017486425748552657,0.05471009773682471,0.1708475067561513,0.530933689889301,1.6347553048065202
3951.3427734375,0.016696762039407623,0.05317112764121707,0.16940968720877114,0.5356027514529489,1.6707103403682915
3962.109375,0.015867849247505533,0.05158626595232768,0.16795955964324907,0.5402314611983189,1.7059077279369685
3972.8759765625,0.014993179011888045,0.04995114468327995,0.16649680246459583,0.5448208475939332,1.740393435708423
3983.642578125,0.014064216793816814,0.048260655563674766,0.16502107982410955,0.5493718961482038,1.7742089634188019
3994.4091796875,0.013069390619475619,0.046508761493952284,0.16353204071892347,0.5538855518805076,1.807391927805828
4005.17578125,0.01199232038870693,0.04468824136131364,0.1620293180170679,0.5583627216124608,1.8399765529803165
4015.9423828125,0.010808446948861523,0.04279033694927756,0.16051252740037653,0.5628042760951404,1.871994083947847
4026.708984375,0.009477832167078759,0.040804251696341595,0.15898126621661163,0.5672110519863641,1.9034731374944815
4037.4755859375,0.007926921201088805,0.03871641740610926,0.1574351122310954,0.5715838536907583,1.9344400016491066
4048.2421875,0.006830834951883496,0.03716030718403762,0.15592593388852996,0.5781881900384869,2.006262375905134
4059.0087890625,0.006678809191746195,0.03640629221979572,0.1544709438507979,0.5876285143818594,2.126606730710308
4069.775390625,0.006523241395168042,0.035636326920353026,0.15300211805495534,0.5969195580053313,2.2404962961877826
4080.5419921875,0.00636387180728163,0.03484935407658793,0.15151905412999586,0.6060681863816383,2.348870179332475
4091.30859375,0.006200407281735154,0.03404419425888232,0.15002132981544575,0.6150807543392801,2.4524597010935754
4102.0751953125,0.006032514943145542,0.033219525070621245,0.1485085015571192,0.6239631577050265,2.551847576094791
4112.841796875,0.00585981421370634,0.03237385564153201,0.1469801029727732,0.6327208784194481,2.6475070382819745
4123.6083984375,0.0056818666562173945,0.031505494953735814,0.14543564317261826,0.6413590241062542,2.739828641335006
4134.375,0.0054981628548920955,0.03061251207367653,0.14387460491754367,0.649882362906685,2.8291391711983547
4145.1416015625,0.005308105204194388,0.029692685608447605,0.14229644259546836,0.658295354253564,2.9157153352372784
4155.908203125,0.0051109849284336345,0.028743438587323367,0.140700579993373,0.6666021761489196,2.999793889964836
4166.6748046875,0.004905950776205966,0.027761753276843822,0.13908640783921944,0.6748067494187688,3.081579278292621
4177.44140625,0.004691965376943469,0.026744057810763656,0.13745328108402435,0.682912759344687,3.1612494862840173
4188.2080078125,0.004467742738600351,0.02568607232269243,0.1358005158897047,0.690923675010796,3.238960601900325
4198.974609375,0.0042316558529961286,0.02458259535825509,0.13412738628280232,0.6988427666543261,3.3148504109220798
4209.7412109375,0.003981594823444108,0.02342719952808754,0.1324331204276415,0.7066731212659234,3.3890412675153505
4220.5078125,0.0037147386742484956,0.022211784280195622,0.13071689646464357,0.7144176566507658,3.461642410626596
4231.2744140625,0.0034271663948278767,0.020925894104937635,0.12897783785013017,0.7220791341321398,3.5327518516275442
4242.041015625,0.0031131423959911875,0.01955563159993005,0.12721500812262918,0.7296601700543004,3.602457926376025
4252.8076171875,0.0027636645342005274,0.018081825418173388,0.12542740500698693,0.737163246220482,3.670840581861257
4263.57421875,0.002390761844054266,0.016578188053419828,0.1236607380807229,0.7451486158524127,3.7626364215075636
4274.3408203125,0.002330707802087055,0.016261842241389754,0.12245749461066237,0.759883269294808,4.140189619966134
4285.107421875,0.0022690649004453614,0.015939219147534954,0.12124231039522321,0.7743375918819672,4.486079283527284
4295.8740234375,0.0022056999311231315,0.015609929563660441,0.12001482272462394,0.7885269998224286,4.807145159749303
4306.640625,0.002140459962223058,0.015273542317738078,0.11877465014587149,0.8024655461117073,5.108070265347211
4317.4072265625,0.002073167989720877,0.014929577652466624,0.11752139107807313,0.8161660835539283,5.392227655110666
4328.173828125,0.002003617273165416,0.014577499196718424,0.11625462229338089,0.8296404035430985,5.66214238017302
4338.9404296875,0.0019315638330250076,0.014216704146166293,0.11497389724727915,0.8428993548689866,5.919762966721689
4349.70703125,0.0018567163231829296,0.013846511139233523,0.11367874423954182,0.8559529459531944,6.166630427630961
4360.4736328125,0.001778722060496569,0.013466145130593724,0.11236866438438436,0.8688104332553512,6.403988450942496
4371.240234375,0.0016971472629741728,0.013074718300120596,0.11104312936504288,0.8814803980694912,6.632858006065077
4382.0068359375,0.00161144826039945,0.012671205648114353,0.10970157894411962,0.8939708135214182,6.854089478364867
4392.7734375,0.001520928058675888,0.01225441334891635,0.10834341819641906,0.906289103253231,7.068400089571488
4403.5400390625,0.0014246679695252445,0.01182293704945584,0.1069680144255067,0.9184421930219359,7.276401382212631
4414.306640625,0.0013214141996794153,0.011375105908284548,0.10557469371864948,0.9304365562306446,7.478619814102362
4425.0732421875,0.001209376761327107,0.010908905920118036,0.1041627370869156,0.9422782542422061,7.6755124631974505
4435.83984375,0.001085840142268382,0.01042187230411511,0.10273137612769118,0.9539729721879641,7.867479191044199
4446.6064453125,0.0009463115122859601,0.009910934177592796,0.10127978813534512,0.9655260508720291,8.054872194537396
4457.373046875,0.000782280091788327,0.009372182788543586,0.09980709057172067,0.9769425152791413,8.238003600336096
4468.1396484375,0.0005730783591550891,0.008800511585764094,0.09831233479092485,0.9882271001178488,8.417151570927393
4478.90625,0.0002118383096972829,0.008189029131738608,0.09679449889169395,0.9993842727673524,8.59256526403969
4489.6728515625,0.0,0.0075280403870966964,0.09525247954434254,1.010418253943449,8.764468898090431
4500.439453125,0.0,0.007178271840887362,0.09413322449185525,1.0257284032141518,9.375344342070685
4511.2060546875,0.0,0.007051077105346839,0.09328769472967698,1.0435572093012935,10.204178521283582
4521.97265625,0.0,0.006921545352694976,0.09243443093739892,1.0610864908239832,10.970571409733099
4532.7392578125,0.0,0.00678954282652982,0.09157321692211186,1.0783308550410704,11.686813715375228
4543.505859375,0.0,0.006654922502715593,0.09070382622694331,1.0953037591727963,12.361625806491508
4554.2724609375,0.0,0.0065175221703512405,0.08982602143561133,1.1120176333055642,13.001460315731725
4565.0390625,0.0,0.0063771621403949765,0.08893955341519476,1.1284839869076393,13.611250791289587
4575.8056640625,0.0,0.0062336424896488425,0.08804416049027702,1.14471350155024,14.19486970229769
4586.572265625,0.0,0.006086739719474207,0.08713956754070469,1.1607161119566929,14.755422854904616
4597.3388671875,0.0,0.005936202669762246,0.0862254850141442,1.1765010771267121,15.295446426596087
4608.10546875,0.0,0.005781747474627525,0.08530160784339173,1.1920770429820238,15.817043312538004
4618.8720703125,0.0,0.005623051269927194,0.08436761425695978,1.2074520977368897,16.321980177433467
4629.638671875,0.0,0.005459744252993797,0.08342316446979547,1.2226338210002485,16.811758226740164
4640.4052734375,0.0,0.005291399534335497,0.08246789923902463,1.2376293274555676,17.2876659048062
4651.171875,0.0,0.005117519980990351,0.08150143826731708,1.2524453058327814,17.75081885992941
4661.9384765625,0.00010266823580832834,0.004937520883976417,0.08052337843374847,1.26708805377804,18.20219074616741
4672.705078125,0.00018320022319476376,0.004750706705698745,0.07953329182881874,1.281563509136973,18.642637305963174
4683.4716796875,0.0002378736574606474,0.004556239230707702,0.07853072356645788,1.2958772780923056,19.07291544267735
4694.23828125,0.00028214434612197956,0.004353092883377106,0.07751518934128203,1.3100346605339785,19.493698500934993
4705.0048828125,0.00032035447114623565,0.004139990262691053,0.07648617269388094,1.3240406729873615,19.905588637545574
4715.771484375,0.000354469381355412,0.003915306003244901,0.07544312194031712,1.337900069380848,20.30912693271221
4726.5380859375,0.00038557761534251946,0.0036769175708619784,0.07438544671402415,1.3516173598965522,20.704801726431583
4737.3046875,0.00041435691449302064,0.0034219620902023705,0.07331251405857193,1.3651968281160705,21.093055546617254
4748.0712890625,0.0004043347980688517,0.0033707757202428024,0.07278409682326484,1.3813495193557983,22.610858713701777
4758.837890625,0.00039344823650773805,0.0033221851062421393,0.07226046126374366,1.397356602823912,24.049016989250955
4769.6044921875,0.0003822517504118135,0.0032728731726262305,0.07173300337863746,1.4131823860658155,25.40589507432427
4780.37109375,0.0003707172596122727,0.0032228068089873406,0.0712016382212532,1.428832893349589,26.693890516480817
4791.1376953125,0.00035881216876843707,0.003171950291542241,0.07066627765108928,1.4443138225291785,27.922537085375385
4801.904296875,0.000346498280425503,0.0031202649848968396,0.07012683016315112,1.459630569281123,29.099353320348126
4812.6708984375,0.00033373034656677204,0.0030677089985740916,0.06958320070535742,1.4747882490754465,30.2303928198221
4823.4375,0.00032045409983556355,0.0030142367896188868,0.06903529048300347,1.4897917171343489,31.32061519860442
4834.2041015625,0.00030660351593430555,0.0029597987005625325,0.06848299674914407,1.5046455865994481,32.37414435621955
4844.970703125,0.00029209690492157484,0.0029043404194085175,0.06792621257963592,1.5193542451002944,33.39445326960207
4855.7373046875,0.000276831153858424,0.002847802344926624,0.06736482663144397,1.5339218698927832,34.38449935005493
4866.50390625,0.0002606729246167814,0.0027901188361302075,0.06679872288266529,1.5483524417155357,35.34682562737744
4877.2705078125,0.00024344457174060557,0.002731217319015049,0.06622778035255086,1.5626497574944769,36.28363774913588
4888.037109375,0.0002249003010034394,0.002671017215902226,0.06565187279961122,1.5768174420105319,37.1968635060648
4898.8037109375,0.00020468275763579877,0.002609428652330993,0.06507086839567261,1.5908589586320103,38.08819949888818
4909.5703125,0.00018223588328106208,0.0025463508822559187,0.06448462937349919,1.6047776192017418,38.95914818685597
4920.3369140625,0.00015660396877803463,0.002481670352711065,0.06389301164531352,1.618576593158909,39.81104763534486
4931.103515625,0.00012585582592220183,0.002415258301607377,0.06329586438922198,1.6322589159667618,40.645095647593166
4941.8701171875,8.458471966294022e-05,0.0023469677431620243,0.06269302960018275,1.6458274969097078,41.462369524428844
4952.63671875,0.0,0.0022766296386110287,0.06208434160172757,1.6592851263164994,42.26384238280495
4963.4033203125,0.0,0.0022040479657576637,0.06146962651416235,1.6726344822603205,43.05039673843759
4974.169921875,0.0,0.0021289932736672118,0.06084870167440901,1.6858781367813451,43.82283589311823
4984.9365234375,0.0,0.002051194111555455,0.0602213750020027,1.6990185616727165,44.581893545400995
4995.703125,0.0,0.0019783656446994416,0.059629983553659976,1.711517198726198,45.402952238886165
5006.4697265625,0.0,0.0019569567990078735,0.059315053310001954,1.7203820197486188,46.69025886881614
5017.236328125,0.0,0.0019353111383545354,0.05899844201101405,1.729201395504035,47.94301278046207
5028.0029296875,0.0,0.0019134206258150717,0.05868012244606859,1.7379760178298984,49.16385537870313
5038.76953125,0.0,0.0018912767593217237,0.058360066662438086,1.7467065611861181,50.355107754114904
5049.5361328125,0.0,0.0018688705330779103,0.058038245936647956,1.7553936832600827,51.51882256184634
5060.302734375,0.0,0.0018461923947579832,0.05771463074439137,1.7640380255448478,52.65682557265956
5071.0693359375,0.0,0.0018232321979160212,0.05738919072891742,1.7726402138919597,53.7707493031293
5081.8359375,0.0,0.0017999791489273222,0.05706189466779623,1.7812008590402415,54.86206049585141
5092.6025390625,0.0,0.0017764217476794132,0.05673271043795885,1.7897205571218266,55.93208277081185
5103.369140625,0.0,0.0017525477210861655,0.0564016049789002,1.7981998901465956,56.98201544620401
5114.1357421875,0.0,0.0017283439483334136,0.05606854425392652,1.806639426466165,58.01294929187724
5124.90234375,0.0,0.001703796376564991,0.055733493209318315,1.8150397212184533,59.02587980515334
5135.6689453125,0.0,0.0016788899254722071,0.05539641573127044,1.823401316753809,60.0217184692582
5146.435546875,0.0,0.0016536083789421932,0.05505727460045911,1.8317247430436399,61.00130235686264
5157.2021484375,0.0,0.0016279342615607983,0.05471603144407471,1.840010518072398,61.96540236667441
5167.96875,0.0,0.001601848697293,0.05437264668514479,1.8482591482137505,62.91473032362405
5178.7353515625,0.0,0.0015753312470952754,0.05402707948895816,1.8564711285917124,63.8499451285969
5189.501953125,0.0,0.0015483597214895838,0.05367928770638463,1.8646469434274544,64.77165810873854
5200.2685546875,1.692823346208361e-05,0.0015209099632083776,0.05332922781386799,1.8727870663725006,65.68043769179526
5211.03515625,4.6234017116398764e-05,0.0014929555938613009,0.05297685484984971,1.8808919608289258,66.57681350602691
5221.8017578125,6.315539240164293e-05,0.0014644677170554024,0.05262212234736126,1.8889620802572107,67.46127998968574
5232.568359375,7.641742497815264e-05,0.0014354145684622693,0.05226498226249843,1.896997868472291,68.33429957991271
5243.3349609375,8.769630602837377e-05,0.001405761100759792,0.05190538489846586,1.904999759928378,69.19630553944148
5254.1015625,9.768142782406463e-05,0.0013754684879942168,0.05154327882485265,1.9129681799930567,70.04770447015545
5264.8681640625,0.00010673650075007136,0.001344493529370946,0.051178610791766437,1.9209035452111358,70.88887855488127
5275.634765625,0.0001044934723516637,0.0013345414670144138,0.05097188287776894,1.9224885274900982,71.46766469657567
5286.4013671875,0.0001020347143163306,0.0013248326038515135,0.05076666762050871,1.9239797086794013,72.03812990042522
5297.16796875,9.951522540424399e-05,0.0013150520633326678,0.05056061944317357,1.9254697350228855,72.60411298210937
5307.9345703125,9.693027003387292e-05,0.0013051982341094881,0.050353728120801855,1.9269586091995146,73.16571795784738
5318.701171875,9.427446319241509e-05,0.0012952694435403194,0.05014598321750051,1.9284463338779112,73.7230448818796
5329.4677734375,9.15416384590383e-05,0.0012852639543752837,0.04993737408030238,1.9299329117164106,74.27619005457944
5340.234375,8.872467939184402e-05,0.001275179961206698,0.0497278898327917,1.9314183453631195,74.82524621671733
5351.0009765625,8.581530105279218e-05,0.001265015586666987,0.04951751936848695,1.9329026374559677,75.37030273098776
5361.767578125,8.280376233128583e-05,0.001254768877346348,0.04930625134396946,1.9343857906227664,75.91144575180418
5372.5341796875,7.967848026732774e-05,0.0012444377994114471,0.049094074171746035,1.9358678074812572,76.44875838427639
5383.30078125,7.642550215168928e-05,0.0012340202338903235,0.04888097601283255,1.9373486906391733,76.98232083320066
5394.0673828125,7.302776554629776e-05,0.0012235139715989366,0.048666944769045505,1.9388284426942852,77.51221054281844
5404.833984375,6.946403171784265e-05,0.001212916707670409,0.04845196807498683,1.9403070662344588,78.03850232803407
5415.6005859375,6.57072968834251e-05,0.0012022260356488472,0.04823603328970728,1.9417845638377083,78.56126849772058
5426.3671875,6.172233003851377e-05,0.0011914394411129694,0.04801912748803297,1.9432609380722463,79.08057897068856
5437.1337890625,5.746166710697467e-05,0.0011805542947640366,0.04780123745153647,1.9447361914965369,79.59650138484534
5447.900390625,5.285868280834322e-05,0.0011695678449465542,0.04758234965913711,1.9462103266593467,80.10910120002627
5458.6669921875,4.7814616069060234e-05,0.0011584772095212532,0.047362450277309336,1.9476833460997993,80.6184417949418
5469.43359375,4.2171491217128984e-05,0.0011472793670365498,0.047141525149880466,1.9491552523474203,81.12458455864525
5480.2001953125,3.564592308959187e-05,0.0011359711471135314,0.04691955978739596,1.9506260479221953,81.6275889768965
5490.966796875,2.7619359051169196e-05,0.0011245492199638944,0.04669653935602975,1.952095735334615,82.12751271376432
5501.7333984375,1.5969538373970543e-05,0.0011130100849355653,0.046472448666015506,1.953564317085726,82.62441168878537
5512.5,0.0,0.0011013500579812457,0.04624727215957346,1.9550317956671814,83.11834014997083
5523.2666015625,0.0,0.0010895652579184087,0.0460209938983055,1.956498173561292,83.609350742932
5534.033203125,0.0,0.0010776515913361144,0.045793597550029666,1.9579634532410706,84.09749457637243
5544.7998046875,0.0,0.0010656047359862322,0.04556506637502348,1.9594276371702848,84.58282128417898
5555.56640625,0.0,0.0010562044679219738,0.04536349163840856,1.9591412852241599,84.9188956942067
5566.3330078125,0.0,0.001049801064959165,0.04519204834532645,1.9569288171390433,85.09288964126331
5577.099609375,0.0,0.0010433583631336805,0.045019952173060825,1.954713844844983,85.26652853891068
5587.8662109375,0.0,0.001036875629886037,0.04484719560555644,1.952496359819423,85.43981455184417
5598.6328125,0.0,0.0010303521096123119,0.04467377098143159,1.950276353491355,85.61274982285161
5609.3994140625,0.0,0.0010237870226341888,0.0444996704900133,1.9480538172409347,85.78533647312246
5620.166015625,0.0,0.001017179564110798,0.044324886167232506,1.9458287423990897,85.95757660255144
5630.9326171875,0.0,0.0010105289028903039,0.04414940989137319,1.9436011202471206,86.1294722900364
5641.69921875,0.0,0.00100383418028481,0.04397323337866845,1.941370942016312,86.30102559377147
5652.4658203125,0.0,0.000997094508779828,0.04379634817873747,1.939138198887523,86.47223855153435
5663.232421875,0.0,0.0009903089706602098,0.04361874566985574,1.9369028819907792,86.64311318096848
5673.9990234375,0.0,0.0009834766165503417,0.04344041705405141,1.9346649824048678,86.813651479861
5684.765625,0.0,0.0009765964638643984,0.0432613533520194,1.932424491156917,86.98385542641476
5695.5322265625,0.0,0.0009696674951566795,0.04308154539784569,1.9301813992219778,87.15372697951636
5706.298828125,0.0,0.0009626886563652558,0.04290098383353226,1.9279356975225996,87.32326807899902
5717.0654296875,0.0,0.0009556588549403358,0.042719659103313996,1.9256873769284029,87.49248064590117
5727.83203125,0.0,0.0009485769578464616,0.04253756144775721,1.9234364282556458,87.66136658272015
5738.5986328125,0.0,0.0009414417894317489,0.042354680897630184,1.9211828422667832,87.82992777366209
5749.365234375,0.0,0.0009342521291493163,0.04217100726753442,1.9189266096700306,87.99816608488698
5760.1318359375,1.0188716532216647e-05,0.0009270067091184107,0.04198653014928476,1.916667721118911,88.16608336474981
5770.8984375,1.46285151865976e-05,0.0009197042115167186,0.04180123890502715,1.9144061672118067,88.33368144403731
5781.6650390625,1.800491512410913e-05,0.0009123432657793812,0.04161512266008017,1.9121419384915028,88.50096213620121
5792.431640625,2.0841316672810366e-05,0.0009049224455963962,0.04142817029548706,1.9098750254447234,88.66792723758674
5803.1982421875,2.333546641268877e-05,0.0008974402656864556,0.04124037044026444,1.9076054185016682,88.83457852765798
5813.96484375,2.5587643593466584e-05,0.0008898951783251366,0.04105171146333116,1.9053331080355382,89.00091776921901
5824.7314453125,2.765702472784872e-05,0.0008822855696076858,0.040862181465102405,1.9030580843620637,89.16694670863157
5835.498046875,2.9581996699899528e-05,0.0008746097554160259,0.040671768268730535,1.9007803377390162,89.33266707602877
5846.2646484375,3.138913889931437e-05,0.0008668659770692678,0.04048045941097599,1.8984998583657273,89.49808058552567
5857.03125,3.190933042379592e-05,0.0008601997038542496,0.04030307520864411,1.8962842690158017,89.68361096926857
5867.7978515625,3.13460981001759e-05,0.0008545061647414892,0.040138123098360214,1.8941261714134807,89.88683902385218
5878.564453125,3.0772558623640824e-05,0.0008487744344948755,0.03997249029575983,1.891965612147902,90.08960862892414
5889.3310546875,3.0188124525857592e-05,0.0008430037341097212,0.039806168303795714,1.8898025827760119,90.29192287312047
5900.09765625,2.9592150316585755e-05,0.0008371932577327415,0.03963914844715519,1.8876370748063793,90.4937848105512
5910.8642578125,2.898392413692769e-05,0.0008313421713491161,0.039471421866979904,1.8854690796988114,90.69519746133834
5921.630859375,2.8362657782664787e-05,0.0008254496113841433,0.039302979515382745,1.8832985888639593,90.89616381214319
5932.3974609375,2.772747472425772e-05,0.000819514683214946,0.03913381214975218,1.8811255936629208,91.09668681668269
5943.1640625,2.7077395603420504e-05,0.0008135364595858745,0.038963910326834335,1.8789500854068415,91.29676939623651
5953.9306640625,2.6411320501131753e-05,0.0008075139789165826,0.038793264396581546,1.876772055356503,91.49641444014291
5964.697265625,2.572800708859107e-05,0.0008014462434976716,0.03862186449575652,1.874591494721922,91.69562480628618
5975.4638671875,2.502604337115875e-05,0.0007953322175588285,0.03844970054127956,1.8724083946619308,91.89440332157349
5986.23046875,2.4303813381371826e-05,0.000789170825206784,0.03827676222330684,1.8702227462837593,92.09275278240317
5996.9970703125,2.3559453368060466e-05,0.0007829609482141271,0.03810303899802568,1.8680345406426144,92.29067595512365
6007.763671875,2.279079509227982e-05,0.0007767014236490368,0.037928520080152864,1.8658437687412526,92.48817557648354
6018.5302734375,2.199529129018474e-05,0.0007703910413347099,0.03775319443512104,1.8636504215295477,92.68525435407328
6029.296875,2.1169915848103502e-05,0.0007640285411157073,0.03757705077093665,1.861454489904053,92.88191496675805
6040.0634765625,2.0311027425473567e-05,0.0007576126099200655,0.037400077529692974,1.8592559647075644,93.07816006510272
6050.830078125,1.9414178661772538e-05,0.0007511418785957332,0.03722226287872005,1.8570548367286719,93.27399227178866
6061.5966796875,1.847384181064039e-05,0.0007446149184988717,0.03704359470135203,1.8548510967013097,93.46941418202266
6072.36328125,1.7483001153307825e-05,0.0007380302378099501,0.03686406058729197,1.8526447353043025,93.66442836393821
6083.1298828125,1.643252346389611e-05,0.0007313862775526538,0.03668364782255206,1.850435743160904,93.85903735898913
6093.896484375,1.5310137993433118e-05,0.0007246814072836543,0.036502343378946554,1.8482241108383326,94.05324368233629
6104.6630859375,1.4098681626379793e-05,0.0007179139204206569,0.036320133903112485,1.8460098288473015,94.2470498232265
6115.4296875,1.2772835297295601e-05,0.0007110820291666795,0.03613700570503199,1.8437928876415435,94.44045824536512
6126.1962890625,1.1292378827887211e-05,0.0007041838589987774,0.03595294474602895,1.8415732776173308,94.63347138728115
6136.962890625,9.585943753257742e-06,0.0006972174426568209,0.03576793662620905,1.8393509891129909,94.82609166268627
6147.7294921875,7.500854332418618e-06,0.000690180713592821,0.035581966571312525,1.8371260124084123,95.01832146082661
6158.49609375,4.54261089961661e-06,0.0006830714988096075,0.035395019418945045,1.8348983377245536,95.21016314682895
6169.2626953125,0.0,0.0006760434939723063,0.03520987964503548,1.832794295115659,95.41975692554189
6180.029296875,0.0,0.0006710827787787864,0.03506203789414093,1.832407894466772,95.87479141324759
6190.7958984375,0.0,0.000666085119338773,0.03491357011195598,1.8320214123202256,96.32767642447303
6201.5625,0.0,0.0006610496777361327,0.034764468277750975,1.8316348486244305,96.77844213533413
6212.3291015625,2.004250438262238e-06,0.0006559755838946578,0.03461472419804966,1.831248203327742,97.22711802242446
6223.095703125,2.8442557009352953e-06,0.0006508619338206847,0.034464329501374805,1.830861476378464,97.67373288530898
6233.8623046875,3.487486377426734e-06,0.0006457077877244562,0.03431327563278715,1.8304746677248425,98.11831486809649
6244.62890625,4.0293091004878885e-06,0.0006405121680020101,0.03416155384820652,1.8300877773150706,98.5608914801361
6255.3955078125,4.506451217305802e-06,0.000635274057072909,0.03400915520850533,1.829700805097287,99.00148961588103
6266.162109375,4.937699189785666e-06,0.0006299923950501477,0.03385607057336243,1.8293137510195745,99.44013557396049
6276.9287109375,5.334195720690887e-06,0.0006246660772381029,0.03370229059486591,1.8289266150299603,99.87685507549723
6287.6953125,5.703193376797548e-06,0.0006192939514342981,0.03354780571085206,1.828539397076419,100.3116732817079
6298.4619140625,6.049726057410475e-06,0.0006138748150185227,0.03339260613796665,1.8281520971068679,100.74461481081931
6309.228515625,6.3774568646618365e-06,0.0006084074118098052,0.033236681864434944,1.8277647150691698,101.1757037543332
6319.9951171875,6.68914992852811e-06,0.0006028904286652387,0.03308002264252473,1.827377250911132,101.6049636926702
6330.76171875,6.986951934674724e-06,0.0005973224917970761,0.03292261798068675,1.8269897045805081,102.03241771022124
6341.5283203125,7.2725695702012525e-06,0.0005917021627796688,0.032764457135355224,1.8266020760249935,102.45808840983372
6352.294921875,7.547386216380552e-06,0.0005860279342049981,0.03260552910239026,1.8262143651922302,102.88199792675849
6363.0615234375,7.812541805223583e-06,0.0005802982249670012,0.03244582260814341,1.8258265720298041,103.3041679420815
6373.828125,8.068988796992178e-06,0.0005745113751102776,0.032285326100124835,1.825438696485245,103.72461969566348
6384.5947265625,8.317532740696225e-06,0.0005686656402158598,0.03212402773725131,1.8250507385060266,104.14337399860949
6395.361328125,8.558862166768297e-06,0.0005627591852588717,0.0319619153796512,1.824662698039569,104.56045124528922
6406.1279296875,8.793571073100946e-06,0.000556790077878458,0.031798976578001244,1.824274575033233,104.97587142492665
6416.89453125,9.022176174394163e-06,0.0005507562809945861,0.031635198562369786,1.8238863694343266,105.38965413277991
6427.6611328125,9.245130264560435e-06,0.0005446556446838674,0.03147056823053651,1.823498081190099,105.80181858092612
6438.427734375,9.462832781559965e-06,0.0005384858972311376,0.0313050721357601,1.8231097102477447,106.21238360867083
6449.1943359375,9.67563821997007e-06,0.0005322446352457765,0.031138696473960403,1.8227212565544029,106.62136769259567
6459.9609375,9.883862891386184e-06,0.0005259293127207436,0.03097142707028083,1.8223327200571537,107.02878895626128
6470.7275390625,1.0087790460395276e-05,0.0005195372288970938,0.0308032493649942,1.821944100703024,107.43466517957862
6481.494140625,1.0287676464351699e-05,0.0005130655147648305,0.03063414839871194,1.821555398438981,107.83901380786267
6492.2607421875,1.0483752079661399e-05,0.0005065111180139487,0.030464108796854617,1.8211666132119375,108.24185196058237
6503.02734375,1.06729014745035e-05,0.000499903394693309,0.030293707453710836,1.820794296113338,108.64657054503608
6513.7939453125,1.0530166292692707e-05,0.0004964678445319057,0.030181286188035915,1.8220598103454708,109.38202701735709
6524.560546875,1.0385469584074336e-05,0.0004930083541712909,0.03006844459956716,1.8233244462227445,110.1125713878945
6535.3271484375,1.0238728178489845e-05,0.0004895244160517589,0.029955177938218797,1.824588205571543,110.83830078489336
6546.09375,1.0089852867343756e-05,0.00048601550442214735,0.02984148136375707,1.8258510902119287,111.55930917727495
6556.8603515625,9.938747768514833e-06,0.00048248107441353354,0.029727349943386692,1.8271131019576736,112.27568751666207
6567.626953125,9.78530957407519e-06,0.0004789205610489706,0.029612778649253494,1.8283742426162912,112.98752387129952
6578.3935546875,9.62942676226228e-06,0.0004753333781925116,0.029497762355860074,1.8296345139890644,113.69490355242753
6589.16015625,9.470978620064334e-06,0.0004717189174202295,0.029382295837390018,1.830893917871078,114.39790923362251
6599.9267578125,9.309834164008076e-06,0.00046807654681665337,0.029266373764937386,1.8321524560512452,115.09662106357624
6610.693359375,9.145850886239178e-06,0.00046440560968635786,0.029149990703637055,1.833410130312341,115.79111677275068
6621.4599609375,8.978873247269528e-06,0.0004607054231684453,0.029033141109691175,1.834666942431029,116.48147177430889
6632.2265625,8.808730955173621e-06,0.0004569752767546882,0.028915819327287807,1.8359228941778911,117.1677592596933
6642.9931640625,8.635236954861563e-06,0.0004532144306982598,0.02879801958540659,1.8371779873174585,117.85005028919488
6653.759765625,8.458185005616554e-06,0.0004494221142996619,0.02867973599450618,1.8384322236082389,118.52841387782973
6664.5263671875,8.277346784682124e-06,0.00044559752406137925,0.028560962543088143,1.8396856048027443,119.20291707681668
6675.29296875,8.092468479541569e-06,0.0004417398217028211,0.028441693094131994,1.8409381326475216,119.87362505092919
6686.0595703125,7.903266559145286e-06,0.00043784813201169716,0.028321921381394773,1.84218980888318,120.54060115197319
6696.826171875,7.709422714034302e-06,0.00043392154052826915,0.02820164100556948,1.8434406352444208,121.20390698862563
6707.5927734375,7.510577531109911e-06,0.00042995909103390697,0.028080845430295168,1.844690613460062,121.86360249285161
6718.359375,7.306322680696553e-06,0.00042595978283288506,0.027959527978012096,1.8459397452530681,122.51974598310296
6729.1259765625,7.096191041945971e-06,0.000421922567799939,0.027837681825654048,1.847188032340581,123.17239422448682
6739.892578125,6.879644151871661e-06,0.00041784634717508245,0.027715300000170723,1.8484354764339415,123.82160248607967
6750.6591796875,6.65605588324979e-06,0.00041372996806594647,0.027592375373870485,1.8496820792387205,124.46742459555054
6761.42578125,6.424691126052435e-06,0.00040957221964335524,0.02746890065957652,1.8509278424547457,125.10991299124694
6772.1923828125,6.18467722742425e-06,0.00040537182898196464,0.027344868405585657,1.852172767776129,125.74911877188529
6782.958984375,5.9349649238652194e-06,0.0004011274565027092,0.02722027099042012,1.8534168568912905,126.38509174397922
6793.7255859375,5.6742739566320035e-06,0.0003968376909879973,0.027095100617362887,1.8546601114829895,127.01788046713096
6804.4921875,5.401014831016274e-06,0.000392501044096726,0.026969349308764025,1.8559025332283483,127.64753229730177
6815.2587890625,5.113172931970847e-06,0.00038811594433250257,0.02684300890010733,1.857144123798879,128.27409342817057
6826.025390625,4.808129958953966e-06,0.00038368073039101575,0.026716071033824416,1.85838488486051,128.89760893068325
6836.7919921875,4.48237547725634e-06,0.00037919364380415013,0.026588527152842868,1.859624818073612,129.51812279088855
6847.55859375,4.131012742888638e-06,0.0003746528207956194,0.02646036849385465,1.8608639250930257,130.13567794614983
6858.3251953125,3.855969115124163e-06,0.0003707779071615936,0.02634681705389828,1.862103451769405,130.7780525273041
6869.091796875,3.865146052592926e-06,0.000368848156305717,0.026274539237308416,1.8633455522940459,131.4926977616419
6879.8583984375,3.874301250957867e-06,0.0003669082560818368,0.026202062044696665,1.8645868253896012,132.20347993314962
6890.625,3.883434856732712e-06,0.00036495804464581284,0.026129383816986703,1.8658272727074552,132.91046101881852
6901.3916015625,3.892547034271054e-06,0.000362997355806295,0.02605650287196421,1.8670668958935048,133.61370135594277
6912.158203125,3.901637923688145e-06,0.00036102601885853823,0.025983417503822524,1.8683056965881883,134.3132597022172
6922.9248046875,3.910707690376551e-06,0.00035904385841244326,0.02591012598269689,1.8695436764265077,135.00919329303258
6933.69140625,3.919756472968218e-06,0.00035705069420827347,0.025836626554186566,1.8707808370380568,135.70155789612593
6944.4580078125,3.92878441386381e-06,0.00035504634092671294,0.02576291743886494,1.8720171800470427,136.39040786373437
6955.224609375,3.937791652414807e-06,0.0003530306079876552,0.025688996831776913,1.8732527070723133,137.07579618238952
6965.9912109375,3.946778334338658e-06,0.0003510032993390065,0.02561486290192313,1.874487419727382,137.75777452048283
6976.7578125,3.955744612302109e-06,0.00034896421323387565,0.025540513791730803,1.875721319620451,138.4363932737211
6987.5244140625,3.964690600119353e-06,0.00034691314199460896,0.025465947616510644,1.876954408354437,139.11170160858705
6998.291015625,3.973616448172144e-06,0.0003448498717692808,0.02539116246389946,1.8781866875269944,139.78374750390958
7009.0576171875,3.982522302585786e-06,0.00034277418226928415,0.02531615639328789,1.8794181587305394,140.45257779064409
7019.82421875,3.99140827421825e-06,0.0003406858464935546,0.025240927435232718,1.8806488235522758,141.11823818995586
7030.5908203125,4.000274513242389e-06,0.0003385846304425857,0.025165473590853752,1.8818786835742167,141.780773349694
7041.357421875,4.00912113434902e-06,0.0003364702928083584,0.025089792831213858,1.88310774037321,142.4402268793387
7052.1240234375,4.017948284467086e-06,0.00033434258465428544,0.025013883096682597,1.8843359955209593,143.09664138349885
7062.890625,4.02675608704771e-06,0.0003322012490707397,0.024937742296282088,1.8855634505840513,143.75005849403283
7073.6572265625,4.0355446600969365e-06,0.00033004602081353055,0.024861368307015,1.8867901071239748,144.40051890086144
7084.423828125,4.0443141428336755e-06,0.0003278766259217059,0.024784758973173886,1.8880159666971486,145.04806238153697
7095.1904296875,4.053064643553001e-06,0.000325692781308523,0.02470791210563118,1.8892410308549403,145.69272782962918
7105.95703125,4.061796297236413e-06,0.0003234941943332252,0.024630825481109425,1.890465301143691,146.33455328198673
7116.7236328125,4.070509215911394e-06,0.00032128056234070673,0.024553496841430583,1.8916887791047376,146.97357594492553
7127.490234375,4.07920353201972e-06,0.0003190515721774885,0.02447592389274439,1.892911466274438,147.6098322193985
7138.2568359375,4.087879346755224e-06,0.00031680689967148964,0.024398104304734165,1.8941333641841884,148.24335772519174
7149.0234375,4.096536794622132e-06,0.0003145462090859624,0.024320035709800295,1.8953544743604502,148.87418732419448
7159.7900390625,4.1051759887971705e-06,0.00031226915252922363,0.024241715702219495,1.8965747983247714,149.5023551427854
7170.556640625,4.113797023154923e-06,0.00030997536933069194,0.024163141837279918,1.8977943375938064,150.1278945933757
7181.3232421875,4.1224000497195665e-06,0.00030766448537786494,0.024084311630390886,1.8990130936793417,150.75083839514758
7192.08984375,4.1309851431913845e-06,0.0003053361123964259,0.02400522255616585,1.9002310680883132,151.37121859402495
7202.8564453125,4.139552446518497e-06,0.0003029898471968666,0.023925872047478813,1.901448262322833,151.98906658191004
7213.623046875,4.1481020498053634e-06,0.0003006252708526143,0.023846257494491693,1.902664677880206,152.60441311521913
7224.3896484375,4.156634066971108e-06,0.0002982419478310404,0.023766376243653027,1.9038803162529565,153.21728833274872
7235.15625,4.1400707422982135e-06,0.0002970565242669398,0.023715982724333815,1.903375714512659,153.4684265428655
7245.9228515625,4.115049255053463e-06,0.0002962708660299209,0.023675372114119162,1.9022997344665622,153.59990087886626
7256.689453125,4.08987469657799e-06,0.00029548311881878617,0.023634691724309057,1.9012231454793853,153.73126277518242
7267.4560546875,4.064544211126097e-06,0.0002946932658806425,0.023593941193964053,1.900145946516083,153.8625125198039
7278.22265625,4.0390548699551665e-06,0.00029390129023864557,0.023553120159022358,1.8990681365386748,153.99365039949353
7288.9892578125,4.013403662586268e-06,0.00029310717468684775,0.023512228252261805,1.8979897145062328,154.1246766997941
7299.755859375,3.987587444470223e-06,0.0002923109017839451,0.023471265103261273,1.8969106793748682,154.2555917050357
7310.5224609375,3.961602993825592e-06,0.0002915124538513641,0.02343023033836164,1.8958310300977244,154.3863956983429
7321.2890625,3.935446972230723e-06,0.0002907118129676407,0.02338912358062597,1.8947507656249605,154.5170889616419
7332.0556640625,3.909115951280525e-06,0.0002899089609646908,0.02334794444979911,1.8936698849037412,154.64767177566745
7342.822265625,3.8826063668964805e-06,0.0002891038794213061,0.02330669256226668,1.8925883868782252,154.77814441997035
7353.5888671875,3.855914516936449e-06,0.0002882965496581448,0.023265367531013294,1.8915062704895529,154.90850717292392
7364.35546875,3.829036620710885e-06,0.0002874869527364074,0.023223968965580374,1.8904235346758336,155.03876031173124
7375.1220703125,3.8019687109720283e-06,0.00028667506944678466,0.02318249647202285,1.8893401783721342,155.16890411243187
7385.888671875,3.774706702577495e-06,0.0002858608803086508,0.023140949652865648,1.888256200510466,155.29893884990875
7396.6552734375,3.7472463716420066e-06,0.0002850443655638457,0.023099328107059208,1.8871716000197745,155.42886479789502
7407.421875,3.719583308238436e-06,0.00028422550516846986,0.023057631429934132,1.8860863758259248,155.55868222898062
7418.1884765625,3.691712974009084e-06,0.0002834042787912941,0.0230158592131556,1.885000526851689,155.6883914146189
7428.955078125,3.6636306164558626e-06,0.00028258066580314856,0.022974011044676338,1.8839140520167368,155.81799262513366
7439.7216796875,3.6353313409944505e-06,0.00028175464527583667,0.022932086508689574,1.8828269502376194,155.94748612972523
7450.48828125,3.606810023417901e-06,0.00028092619597133077,0.022890085185580517,1.881739220427759,156.0768721964772
7461.2548828125,3.578061381363162e-06,0.00028009529634017235,0.022848006651877657,1.8806508614974347,156.20615109236286
7472.021484375,3.5490798689771273e-06,0.00027926192450944024,0.022805850480202634,1.8795618723537726,156.33532308325178
7482.7880859375,3.5198597324040262e-06,0.0002784260582798557,0.02276361623921976,1.8784722519007284,156.464388433916
7493.5546875,3.490394980083335e-06,0.00027758767511850964,0.022721303493584605,1.8773819990390785,156.5933474080364
7504.3212890625,3.4606793872057105e-06,0.00027674675215190675,0.022678911803891578,1.8762911126664068,156.72220026820898
7515.087890625,3.43070640289821e-06,0.0002759032661552488,0.02263644072662051,1.8751995916770874,156.85094727595123
7525.8544921875,3.400469245412149e-06,0.00027505719355059763,0.022593889814082835,1.8741074349622786,156.97958869170813
7536.62109375,3.36996078135399e-06,0.00027420851039373163,0.02255125861436622,1.8730146414099025,157.10812477485842
7547.3876953125,3.339173604415612e-06,0.0002733571923715086,0.02250854667127887,1.8719212099046372,157.23655578372072
7558.154296875,3.308099910097457e-06,0.0002725032147883516,0.022465753524292288,1.8708271393279006,157.36488197555946
7568.9208984375,3.2767315476944388e-06,0.0002716465525615745,0.022422878708483498,1.8697324285578378,157.4931036065909
7579.6875,3.2450599875331554e-06,0.0002707871802125679,0.02237992175447616,1.8686370764693083,157.62122093198934
7590.4541015625,3.2130762460877914e-06,0.00026992507185534005,0.022336882188380425,1.8675410819338725,157.74923420589283
7601.220703125,3.1807709072122014e-06,0.00026906020119041454,0.02229375953173214,1.866444443819776,157.877143681409
7611.9873046875,3.148134081774155e-06,0.0002681925414944528,0.022250553301430713,1.8653471609919394,158.00494961062103
7622.75390625,3.129982136773311e-06,0.0002676283957329246,0.022212910260977475,1.863009330242232,157.88026140857232
7633.5205078125,3.1377753866648295e-06,0.00026760195229238553,0.022185146018850216,1.8584837464679351,157.31037327286887
7644.287109375,3.1455493228687566e-06,0.00026757550623828153,0.022157346986793627,1.853947115535223,156.73841308390084
7655.0537109375,3.1533040944156244e-06,0.00026754905757005035,0.02212951303369869,1.8493993561470863,156.16435807465726
7665.8203125,3.161039835467904e-06,0.0002675226062867326,0.02210164402763076,1.8448403860044746,155.5881850581205
7676.5869140625,3.1687567044504306e-06,0.0002674961523884551,0.022073739835822444,1.840270121788924,155.00987041633883
7687.353515625,3.1764548288164144e-06,0.00026746969587394494,0.022045800324665996,1.8356884791447878,154.42939008912896
7698.1201171875,3.1841343244279754e-06,0.00026744323674122257,0.022017825359705916,1.831095372661071,153.84671956239612
7708.88671875,3.1917953547672433e-06,0.0002674167749912576,0.021989814805631662,1.826490715852853,153.2618338560542
7719.6533203125,3.199438043853204e-06,0.0002673903106226666,0.021961768526269587,1.8218744211422895,152.67470751152914
7730.419921875,3.2070625131162985e-06,0.0002673638436341753,0.021933686384575483,1.8172463998391721,152.0853145788283
7741.1865234375,3.2146688997081647e-06,0.0002673373740255322,0.021905568242626794,1.8126065621210568,151.4936286031574
7751.953125,3.222257332189764e-06,0.0002673109017958044,0.021877413961614547,1.8079548170129138,150.89962261106416
7762.7197265625,3.229827933240218e-06,0.0002672844269441541,0.021849223401835465,1.8032910723663222,150.3032690960905
7773.486328125,3.2373808310124346e-06,0.00026725794946985454,0.02182099642268385,1.7986152348381697,149.704540003909
7784.2529296875,3.2449161476061485e-06,0.0002672314693721298,0.02179273288264344,1.7939272098688526,149.1034067169231
7795.01953125,3.2524340194159116e-06,0.0002672049866508545,0.02176443263927909,1.7892269016599676,148.49984003830573
7805.7861328125,3.2599345363878765e-06,0.00026717850130371644,0.021736095549228326,1.78451421315147,147.89381017545193
7816.552734375,3.2674178406532697e-06,0.0002671520133311817,0.02170772146819309,1.7797890459982872,147.28528672281837
7827.3193359375,3.2748840463197856e-06,0.0002671255227320859,0.02167931025093092,1.7750513005463746,146.67423864412254
7838.0859375,3.2823332760546433e-06,0.00026709902950607594,0.021650861751246444,1.7703008758081933,146.06063425387146
7848.8525390625,3.2897656270653704e-06,0.0002670725336513324,0.021622375821982488,1.7655376694375968,145.44444119818885
7859.619140625,3.2971812328191347e-06,0.00026704603516825617,0.021593852315011344,1.7607615777040975,144.82562643490837
7870.3857421875,3.3045801896706173e-06,0.0002670195340551199,0.02156529108122559,1.7559724954665166,144.20415621289777
7881.15234375,3.3119626194973323e-06,0.00026699303031153023,0.021536691970529154,1.751170316145973,143.57999605057816
7891.9189453125,3.3193286408922385e-06,0.0002669665239374222,0.02150805483182809,1.746354931698213,142.95311071359814
7902.685546875,3.3266783356069505e-06,0.0002669400149302795,0.021479379513021073,1.7415262325852434,142.32346419162386
7913.4521484375,3.334011839800383e-06,0.00026691350329106016,0.02145066586099037,1.7366841077462634,141.6910196742004
7924.21875,3.3413292465716546e-06,0.0002668869890181658,0.021421913721591853,1.7318284445678553,141.05573952563876
7934.9853515625,3.348630654285537e-06,0.00026686047211028696,0.021393122939645605,1.7269591288534303,140.41758525888076
7945.751953125,3.355916183187565e-06,0.00026683395256779186,0.021364293358926225,1.7220760447918908,139.77651750828986
7956.5185546875,3.3631859370783467e-06,0.00026680743038972596,0.021335424822152643,1.7171790749254912,139.1324960013133
7967.28515625,3.370440002846266e-06,0.0002667809055744098,0.021306517170978315,1.7122681001168734,138.48547952895876
7978.0517578125,3.3776784840217287e-06,0.00026675437812134415,0.021277570245981096,1.7073429995152494,137.83542591502322
7988.818359375,3.3849015031513966e-06,0.00026672784803103225,0.021248583886653006,1.7024036505217002,137.18229198400962
7999.5849609375,3.3921091349139667e-06,0.00026670131530118506,0.021219557931389563,1.6974499287535683,136.52603352766195
8010.3515625,3.399301474078719e-06,0.0002666747799308575,0.021190492217479606,1.692481708007911,135.86660527004597
8021.1181640625,3.4064786373364748e-06,0.0002666482419204541,0.021161386581094614,1.687498860223988,135.20396083109654
8031.884765625,3.4136524324590447e-06,0.0002666222965138769,0.021132233852537666,1.6824986095757608,134.5378580920454
8042.6513671875,3.4276243734730774e-06,0.00026694330654920216,0.021098949597557433,1.675935038914725,133.75433496645798
8053.41796875,3.441539606753815e-06,0.00026726393102142023,0.021065612752592826,1.6693456616590325,132.96619489420436
8064.1845703125,3.4553987984060914e-06,0.0002675841713152859,0.021032223067572613,1.6627301709951516,132.17335528376222
8074.951171875,3.4692026270627847e-06,0.0002679040288089151,0.020998780290437478,1.6560882539814412,131.3757310514074
8085.7177734375,3.482951743795134e-06,0.0002682235048713319,0.020965284167117723,1.649419591375412,130.57323451464248
8096.484375,3.4966468059190506e-06,0.00026854260086459287,0.020931734441510814,1.6427238574546739,129.76577527969354
8107.2509765625,3.510288432220551e-06,0.0002688613181411195,0.02089813085545839,1.6360007198312891,128.95326012266622
8118.017578125,3.5238772511328156e-06,0.00026917965804668705,0.02086447314872327,1.6292498392592307,128.1355928639194
8128.7841796875,3.5374138672290396e-06,0.0002694976219181749,0.020830761058965797,1.622470869434629,127.31267423517663
8139.55078125,3.5508988840677143e-06,0.0002698152110855493,0.02079699432172011,1.6156634567884778,126.48440173885594
8150.3173828125,3.5643328777188333e-06,0.0002701324268697187,0.020763172670369763,1.6088272402714427,125.65066949905362
8161.083984375,3.577716428161849e-06,0.0002704492705849281,0.020729295836123356,1.6019618511304068,124.81136810356858
8171.8505859375,3.5910501068458148e-06,0.0002707657435378204,0.02069536354798954,1.595066912676359,123.96638443630026
8182.6171875,3.6043344567226635e-06,0.00027108184702614974,0.0206613755327516,1.588142040043215,123.11560149929288
8193.3837890625,3.61757002142086e-06,0.00027139758234096456,0.020627331514941963,1.581186839937127,122.25889822363355
8204.150390625,3.630757340133858e-06,0.0002717129507661576,0.020593231216816128,1.5742009103758297,121.39614926833916
8214.9169921875,3.6438969367872763e-06,0.00027202795357767363,0.02055907435832612,1.5671838404175247,120.52722480628586
8225.68359375,3.656989318727399e-06,0.00027234259204377025,0.02052486065709374,1.560135209878796,119.65199029614624
8236.4501953125,3.6700349984387607e-06,0.0002726568674261897,0.020490589828383334,1.553054589040993,118.77030623919923
8247.216796875,3.683034463742552e-06,0.00027297078097855536,0.020456261585074093,1.5459415383445194,117.88202791976926
8257.9833984375,3.6959882110064925e-06,0.000273284333948188,0.020421875637632057,1.5387956080704002,116.98700512792587
8268.75,3.7088967189332392e-06,0.00027359752757492514,0.02038743169408159,1.5316163380084729,116.08508186293986
8279.5166015625,3.721760451360814e-06,0.00027391036309077396,0.02035292945997636,1.524403257111522,115.17609601583806
8290.283203125,3.7345798743530423e-06,0.00027422284172168586,0.02031836863837019,1.517155883134607,114.25987902922724
8301.0498046875,3.7473554549700703e-06,0.00027453496468714305,0.020283748929787102,1.509873722258813,113.33625553236591
8311.81640625,3.7600876092355506e-06,0.0002748467331967109,0.020249070032190848,1.5025562686985852,112.40504294924598
8322.5830078125,3.772776813259142e-06,0.0002751581484576716,0.02021433164095471,1.4952030042917743,111.46605107720437
8333.349609375,3.7854234682536413e-06,0.00027546921166611354,0.020179533448829636,1.4878133980714385,110.51908163330904
8344.1162109375,3.7980280231674512e-06,0.00027577992401479315,0.020144675145913046,1.4803869058184125,109.56392776545627
8354.8828125,3.8105908758319384e-06,0.00027609028668695314,0.020109756419616258,1.4729229695935713,108.6003735247638
8365.6494140625,3.823112454710716e-06,0.00027640030086176014,0.02007477695463215,1.4654210172486533,107.62819329544799
8376.416015625,3.835593151095095e-06,0.00027670996770966943,0.020039736432901547,1.4578804619144226,106.64715117792133
8387.1826171875,3.84803337324897e-06,0.00027701928839607475,0.020004634533579813,1.4503007014648868,105.65700032033138
8397.94921875,3.860433501952485e-06,0.0002773282640787121,0.019969470933002352,1.4426811179561738,104.65748219317432
8408.7158203125,3.872793932860371e-06,0.00027763689590995825,0.019934245304649944,1.4350210770385945,103.64832580094428
8419.482421875,3.885115035674687e-06,0.0002779451850346937,0.019898957319113234,1.4273199273403074,102.62924682400624
8430.2490234375,3.897397185144002e-06,0.0002782531325921876,0.019863606644056904,1.419576999820888,101.59994668299235
8441.015625,3.909640757766368e-06,0.0002785607397158732,0.019828192944183153,1.4117916070929895,100.56011151699755
8451.7822265625,3.921846100400459e-06,0.00027886800753124493,0.01979271588119442,1.4039630427101484,99.50941106566292
8462.548828125,3.934013576568722e-06,0.0002791749371593039,0.019757175113755965,1.3960905804186456,98.4474974438618
8473.3154296875,3.948715732454406e-06,0.00027937927848742833,0.01971492897152828,1.3890497964173443,97.63669622767776
8484.08203125,3.96536477741233e-06,0.00027950359996773913,0.019667389600622663,1.38266105101678,97.0256174698085
8494.8486328125,3.981944211706574e-06,0.00027962786617522704,0.019619735040335193,1.376242648325719,96.41066559535513
8505.615234375,3.998454898107946e-06,0.00027975207718333646,0.019571964449263422,1.3697941714514443,95.79176601191342
8516.3818359375,4.014897683446967e-06,0.00027987623306550497,0.019524076975711447,1.3633151936416283,95.16884170159346
8527.1484375,4.031273407417798e-06,0.00028000033389565627,0.019476071757512637,1.356805277954752,94.54181310914625
8537.9150390625,4.047582881634049e-06,0.0002801243797468078,0.019427947921848508,1.3502639769162301,93.91059802336754
8548.681640625,4.0638268962247256e-06,0.0002802483706913936,0.019379704585063544,1.3436908321594647,93.27511145127787
8559.4482421875,4.080006237143666e-06,0.0002803723068025664,0.019331340852475995,1.3370853740510193,92.63526548453393
8570.21484375,4.096121673520441e-06,0.0002804961881532855,0.019282855818184272,1.3304471212990454,91.99096915747693
8580.9814453125,4.11217395485681e-06,0.0002806200148158046,0.019234248564868817,1.3237755805440277,91.3421282961682
8591.748046875,4.1281638169813865e-06,0.0002807437868625168,0.01918551816358978,1.3170702459308838,90.68864535770417
8602.5146484375,4.144091982682385e-06,0.0002808675043655985,0.019136663673579794,1.3103305986613456,90.03041925903281
8613.28125,4.15995916241248e-06,0.0002809911673973101,0.01908768414203211,1.3035561065255155,89.36734519442213
8624.0478515625,4.175766047371736e-06,0.0002811147760291093,0.01903857860388371,1.2967462234113976,88.6993144406471
8634.814453125,4.191513325147789e-06,0.0002812383303332099,0.018989346081593594,1.2899003887911202,88.02621414886913
8645.5810546875,4.2072016626555404e-06,0.00028136183038100684,0.018939985584915556,1.2830180271824883,87.34792712208088
8656.34765625,4.22283171500022e-06,0.000281485276243772,0.01889049611066593,1.2760985475843962,86.6643315768727
8667.1142578125,4.2384041304365094e-06,0.0002816086679929461,0.01884087664248561,1.2691413428845373,85.97530088814995
8677.880859375,4.253919539553757e-06,0.00028173200569960873,0.018791126150596606,1.2621457892377284,85.28070331528524
8688.6474609375,4.269378562253709e-06,0.0002818552894344508,0.01874124359155258,1.2551112454130464,84.58040170802856
8699.4140625,4.284781809435391e-06,0.00028197851926833255,0.01869122790798361,1.2480370521078492,83.8742531903162
8710.1806640625,4.300129884601916e-06,0.00028210169527224265,0.01864107802833464,1.2409225312265917,83.16210881991299
8720.947265625,4.31542337180351e-06,0.00028222481751629167,0.018590792866597577,1.2337669851222202,82.4438132215925
8731.7138671875,4.330662854579103e-06,0.0002823478860712128,0.01854037132203698,1.226569695797729,81.7192041912953
8742.48046875,4.3458488965841566e-06,0.0002824709010067894,0.018489812278908793,1.219329924065302,80.98811226840887
8753.2470703125,4.360982054401306e-06,0.00028259386239298036,0.018439114606172424,1.2120469086602448,80.25036027297438
8764.013671875,4.376062883096121e-06,0.0002827167703001188,0.018388277157195466,1.2047198653067097,79.50576280423932
8774.7802734375,4.3910919142221084e-06,0.0002828396247973464,0.018337298769451057,1.1973479857319582,78.75412569653571
8785.546875,4.40606968742422e-06,0.00028296242595496785,0.01828617826420784,1.1899304366256624,77.9952454279588
8796.3134765625,4.420996716213796e-06,0.0002830851738418244,0.01823491444621177,1.182466358540445,77.2289084767441
8807.080078125,4.435873515449501e-06,0.0002832078685272883,0.0181835061033602,1.174954864729561,76.45489061957444
8817.8466796875,4.450700585340919e-06,0.00028333051008043453,0.018131952006367462,1.1673950399172608,75.67295616528324
8828.61328125,4.465478427277646e-06,0.0002834530985704902,0.018080250908421837,1.1597859389970133,74.88285711653012
8839.3798828125,4.480207520214679e-06,0.00028357563406573963,0.01802840154483373,1.1521265856523513,74.08433225099921
8850.146484375,4.494888350583635e-06,0.0002836981166353326,0.017976402632674825,1.1444159708946333,73.27710611247028
8860.9130859375,4.5095213898249315e-06,0.00028382054634787536,0.017924252870407567,1.1366530515115276,72.46088790071518
8871.6796875,4.524107096063568e-06,0.0002839429232712261,0.017871950937505075,1.128836748419464,71.6353702475376
8882.4462890625,4.538645931834329e-06,0.0002840652474741975,0.01781949549406112,1.1209659449126854,70.80022786434785
8893.212890625,4.553138342609614e-06,0.0002841875190244979,0.017766885180389387,1.113039484800854,69.9551160443992
8903.9794921875,4.567584769141375e-06,0.000284309737989977,0.01771411861661242,1.105056170426423,69.09966900012722
8914.74609375,4.581985648020766e-06,0.0002844319044385779,0.017661194402239323,1.0970147605521419,68.23349801284505
8925.5126953125,4.596341406198323e-06,0.0002845540184378926,0.017608111115731993,1.0889139681081486,67.35618936824373
8936.279296875,4.605717164922854e-06,0.00028437930820170935,0.017559939951365573,1.084027617793153,66.95219948189359
8947.0458984375,4.6146956164285676e-06,0.0002841816850074569,0.017512026641592043,1.0793712594470055,66.58305666819871
8957.8125,4.623656628758319e-06,0.0002839839242877332,0.017463981879745905,1.074694726562912,66.21185584997487
8968.5791015625,4.6326003085394e-06,0.0002837860257554696,0.01741580457792166,1.0699977546163586,65.83856221786088
8979.345703125,4.641526754843007e-06,0.0002835879891221241,0.017367493633124533,1.065280073251146,65.4631399700047
8990.1123046875,4.650436071418127e-06,0.0002833898140984521,0.017319047926975844,1.0605414060977931,65.08555227198826
9000.87890625,4.659328347697674e-06,0.00028319150039327447,0.01727046632541085,1.0557814705846098,64.7057612146477
9011.6455078125,4.668203682512983e-06,0.00028299304771511424,0.017221747678369162,1.0509999777410648,64.32372776965197
9022.412109375,4.677062180595016e-06,0.00028279445577209964,0.01717289081947702,1.0461966319930667,63.93941174269267
9033.1787109375,4.685903931740764e-06,0.0002825957242701376,0.017123894565721397,1.0413711309497462,63.55277172412604
9043.9453125,4.69472902711696e-06,0.00028239685291433635,0.017074757717115824,1.036523165181305,63.16376503689567
9054.7119140625,4.703537566160755e-06,0.0002821978414094297,0.01702547905635757,1.0316524179874673,62.77234768155045
9065.478515625,4.712329640621757e-06,0.00028199868945870215,0.016976057348475668,1.0267585651560474,62.37847427815736
9076.2451171875,4.721105342829241e-06,0.0002817993967643363,0.016926491340469793,1.021841274711108,61.98209800489193
9087.01171875,4.729864760977124e-06,0.0002815999630272996,0.016876779760939677,1.0169002066501607,61.58317053307112
9097.7783203125,4.738607991121047e-06,0.0002814003879482295,0.016826921319704567,1.0119350126698143,61.1816419583735
9108.544921875,4.7473351124226234e-06,0.0002812006712252523,0.01677691470741243,1.0069453358792495,60.77746072796968
9119.3115234375,4.756046223206276e-06,0.00028100081255722913,0.016726758595138985,1.0019308105008506,60.37057356326165
9130.078125,4.764741408336738e-06,0.00028080081164079184,0.016676451633975384,0.9968910615572841,59.960925377903195
9140.8447265625,4.7734207534124975e-06,0.0002806006681716389,0.016625992454605054,0.9918257045442642,59.54845919074451
9151.611328125,4.782084347192607e-06,0.00028040038184478446,0.016575379666868836,0.9867343450882021,59.13311603331125
9162.3779296875,4.790732271172852e-06,0.0002801999523535031,0.016524611859317993,0.9816165785878725,58.714834851392894
9173.14453125,4.799364612049263e-06,0.00027999937939050237,0.016473687598755067,0.9764719898391753,58.293552400275225
9183.9111328125,4.807981458549238e-06,0.00027979866264768737,0.016422605429761778,0.9713001526420119,57.86920313310803
9194.677734375,4.816582886886269e-06,0.0002795978018148553,0.016371363874213576,0.966100629388219,57.44171908185034
9205.4443359375,4.825168982985712e-06,0.00027939679658145353,0.016319961430780697,0.9608729706294323,57.01102973018026
9216.2109375,4.833739827177193e-06,0.0002791956466355393,0.016268396574414878,0.9556167146236755,56.57706187769728
9226.9775390625,4.842295500275213e-06,0.0002789943516640985,0.016216667755821413,0.9503313868593759,56.139739494675936
9237.744140625,4.8508360848673815e-06,0.00027879291135312115,0.01616477340091602,0.9450164995554213,55.698983566555
9248.5107421875,4.859361659136758e-06,0.00027859132538733,0.01611271191026596,0.9396715511357674,55.2547119272615
9259.27734375,4.867872300994637e-06,0.00027838959345013857,0.016060481658514814,0.9342960256769887,54.80683908037339
9270.0439453125,4.876368088779928e-06,0.00027818771522403256,0.01600808099379044,0.9288893923270596,54.355276007019164
9280.810546875,4.884849100754285e-06,0.0002779856903903965,0.015955508237095396,0.923451104693503,53.899929959291434
9291.5771484375,4.8933154141359425e-06,0.0002777835186293506,0.015902761681679166,0.9179806001989195,53.44070423781681
9302.34375,4.901767105342367e-06,0.0002775811996198321,0.015849839592391692,0.9124772994017362,52.977497951971095
9313.1103515625,4.9102042471564485e-06,0.0002773787330395137,0.015796740205017333,0.9069406052798622,52.51020576105553
9323.876953125,4.9186269171991924e-06,0.00027717611856517625,0.015743461725588662,0.9013699024747387,52.03871759455337
9334.6435546875,4.927035188532973e-06,0.00027697335587218027,0.015690002329679223,0.8957645564930763,51.562918349361965
9345.41015625,4.935429136871763e-06,0.00027677044463498077,0.015636360161674592,0.8901239128633466,51.08268756164123
9356.1767578125,4.943808830875883e-06,0.0002765673845261488,0.015582533334020751,0.8844472962438588,50.597899050628044
9366.943359375,4.952174346143786e-06,0.0002763641752178733,0.01552851992644926,0.8787340094789718,50.108420531432
9377.7099609375,4.960525756949334e-06,0.0002761608163811052,0.015474317985177795,0.8729833325997164,49.61411319344653
9388.4765625,4.968863129248615e-06,0.00027595730768469127,0.01541992552208542,0.8671945217647677,49.114831240567376
9399.2431640625,4.977186535377654e-06,0.00027575364879701834,0.01536534051386188,0.8613668081373586,48.610421388902836
9410.009765625,4.985496041985195e-06,0.0002755498393848221,0.01531056090112929,0.8554993966933341,48.100722317071195
9420.7763671875,4.979501142653271e-06,0.000274920415231059,0.015261480188348043,0.8520756622469966,47.87463474535793
9431.54296875,4.973280584579627e-06,0.00027428304077797714,0.015212331270273622,0.8486760822827065,47.651888524087624
9442.3095703125,4.96705223559594e-06,0.00027364418175061377,0.015163023043369327,0.8452628295884004,47.42809618593937
9453.076171875,4.9608160691963505e-06,0.0002730038277271191,0.01511355394839198,0.8418357378543957,47.203242851877846
9463.8427734375,4.954572052746231e-06,0.00027236196816238825,0.015063922400495828,0.838394637371877,46.97731328677707
9474.609375,4.948320154987682e-06,0.00027171859238705787,0.015014126788640237,0.8349393549348281,46.75029188737373
9485.3759765625,4.942060350398051e-06,0.00027107368960566563,0.014964165474979538,0.8314697137383013,46.522162669692
9496.142578125,4.935792605699952e-06,0.0002704272488933012,0.014914036794234286,0.8279855332728454,46.292909255910075
9506.9091796875,4.9295168923209415e-06,0.0002697792591946209,0.014863739053043792,0.824486629214922,46.06251486063876
9517.67578125,4.923233180754437e-06,0.00026912970932114675,0.014813270529298544,0.8209728133131147,45.83096227657902
9528.4423828125,4.916941437481453e-06,0.0002684785879486081,0.014762629471452217,0.8174438932699392,45.59823385952411
9539.208984375,4.9106416303539425e-06,0.0002678258836153686,0.014711814097812468,0.8138996726190406,45.3643115126692
9549.9755859375,4.904333735171201e-06,0.00026717158472049215,0.014660822595809534,0.8103399505975548,45.12917667018903
9560.7421875,4.898017713892122e-06,0.00026651567951929326,0.014609653121241593,0.8067645220134021,44.89281028004123
9571.5087890625,4.8916935393602385e-06,0.00026585815612333876,0.014558303797496792,0.8031731771072654,44.65519278595062
9582.275390625,4.8853611785853415e-06,0.00026519900249615273,0.014506772714749984,0.7995657014089868,44.41630410852596
9593.0419921875,4.879020598084639e-06,0.00026453820645153705,0.014455057929134006,0.7959418755881051,44.176123625457464
9603.80859375,4.872671765524874e-06,0.00026387575565057104,0.014403157461883994,0.7923014752982456,43.93463015074033
9614.5751953125,4.866314650304017e-06,0.00026321163759931515,0.014351069298454004,0.788644271015039,43.691801912864435
9625.341796875,4.859949219523576e-06,0.00026254583964578095,0.014298791387604561,0.784970027867248,43.44761653190686
9636.1083984375,4.853575442033299e-06,0.00026187834897703824,0.01424632164046001,0.7812785054607442,43.20205099545933
9646.875,4.847193282593729e-06,0.00026120915261635064,0.014193657929534736,0.7775694576949638,42.95508163331681
9657.6416015625,4.840802708672324e-06,0.0002605382374204389,0.014140798087726492,0.773842632571446,42.70668409084874
9668.408203125,4.834403688020654e-06,0.000259865590076472,0.014087739907275916,0.7700977719940315,42.456833300968086
9679.1748046875,4.827996184647362e-06,0.00025919119709850297,0.014034481138690488,0.7663346115602748,42.205503454606905
9689.94140625,4.82158016742187e-06,0.00025851504482526374,0.01398101948963181,0.7625528803435884,41.9526679695997
9700.7080078125,4.81515559883503e-06,0.00025783711941560074,0.01392735262376411,0.7587523006656184,41.69829945786901
9711.474609375,4.80872245028765e-06,0.00025715740684688864,0.0138734781595631,0.7549325878583034,41.44236969079787
9722.2412109375,4.8022806827204165e-06,0.0002564758929097002,0.013819393669082568,0.7510934500150436,41.18484956266567
9733.0078125,4.795830259822207e-06,0.0002557925632056964,0.013765096676677715,0.7472345877303638,40.92570905201332
9743.7744140625,4.789371153051102e-06,0.00025510740314424273,0.013710584657682866,0.7433556938274114,40.66491718079215
9754.541015625,4.7829033213652525e-06,0.0002544203979373141,0.013655855037041585,0.7394564530725919,40.40244197113991
9765.3076171875,4.77642673382263e-06,0.00025373153259747354,0.013600905187887289,0.7355365418765841,40.13825039961221
9776.07421875,4.769941349805399e-06,0.0002530407919324818,0.013545732430071993,0.7315956279809426,39.87230834868495
9786.8408203125,4.763447137369121e-06,0.0002523481605430193,0.013490334028640997,0.7276333701294185,39.60458055532531
9797.607421875,4.7569440581749535e-06,0.00025165362281717854,0.013434707192250744,0.7236494177230861,39.33503055641238
9808.3740234375,4.750432076974253e-06,0.00025095716292750043,0.01337884907152775,0.719643410458282,39.06362063076766
9819.140625,4.743911157070301e-06,0.000250258764825974,0.013322756757365339,0.7156149779463068,38.79031173753542
9829.9072265625,4.737381261431189e-06,0.0002495584122402011,0.013266427279155795,0.7115637393137448,38.515063450626954
9840.673828125,4.730842352113629e-06,0.00024885608866862224,0.013209857602954464,0.7074893027821867,38.237833888917685
9851.4404296875,4.724294394474775e-06,0.0002481517773765725,0.013153044629573016,0.7033912652260409,37.95857964185572
9862.20703125,4.717737346582569e-06,0.00024744546139043535,0.013095985192597916,0.6992692117070193,37.6772556901076
9872.9736328125,4.711171170719071e-06,0.0002467371234943135,0.013038676056331359,0.6951227149837804,37.39381532083062
9883.740234375,4.704595833229446e-06,0.0002460267462246634,0.012981113913649856,0.6909513349950835,37.108210037120216
9894.5068359375,4.698011293556235e-06,0.0002453143118645439,0.012923295383777284,0.6867546183146888,36.82038946113513
9905.2734375,4.691417509454271e-06,0.000244599802438819,0.012865217009967766,0.6825320975760918,36.53030123035277
9916.0400390625,4.684814446635499e-06,0.00024388319970989722,0.012806875257094102,0.6782832908650234,36.23789088634927
9926.806640625,4.689966629976334e-06,0.0002439047549255755,0.012795050327267736,0.6769667918246525,36.13026321429006
9937.5732421875,4.702774188990869e-06,0.00024440864417576643,0.012813712493186224,0.6775775709011044,36.144421064571006
9948.33984375,4.715546961633763e-06,0.00024491149670922117,0.012832347518624939,0.6781877999073118,36.158573371361435
9959.1064453125,4.7282852329418065e-06,0.00024541331889890505,0.012850955521652182,0.6787974803267902,36.172720141167886
9969.873046875,4.740989276572863e-06,0.0002459141170520109,0.012869536619482666,0.6794066136363983,36.186861380484174
9980.6396484375,4.753659370138302e-06,0.0002464138974125568,0.012888090928486204,0.6800152013063804,36.200997095791436
9991.40625,4.766295782397109e-06,0.00024691266616064234,0.012906618564196086,0.6806232448004078,36.21512729355819
10002.1728515625,4.778898782000245e-06,0.0002474104294145483,0.012925119641317588,0.6812307455756197,36.229251980240306
10012.939453125,4.7914686324717155e-06,0.00024790719323101415,0.012943594273736213,0.6818377050826638,36.24337116228111
10023.7060546875,4.804005592299744e-06,0.00024840296360587933,0.012962042574525807,0.6824441247657369,36.25748484611135
10034.47265625,4.8165099204646085e-06,0.00024889774647580206,0.012980464655956753,0.6830500060626247,36.271593038149256
10045.2392578125,4.82898186928839e-06,0.0002493915477181572,0.01299886062950385,0.683655350404742,36.285695744800606
10056.005859375,4.841421691239741e-06,0.00024988437315262476,0.013017230605854245,0.6842601592171718,36.299792972458725
10066.7724609375,4.853829628573719e-06,0.00025037622854090025,0.01303557469491511,0.684864433918705,36.313884727504536
10077.5390625,4.866205929959984e-06,0.0002508671195891222,0.013053893005821441,0.6854681759218783,36.327971016306584
10088.3056640625,4.878550834244994e-06,0.000251357051947069,0.013072185646943546,0.6860713866330137,36.34205184522105
10099.072265625,4.890864577265956e-06,0.0002518460312095571,0.013090452725894531,0.6866740674522558,36.35612722059184
10109.8388671875,4.903147397462284e-06,0.00025233406291776876,0.01310869434953774,0.6872762197736104,36.37019714875054
10120.60546875,4.915399523903026e-06,0.0002528211525586861,0.013126910623993958,0.6878778449849821,36.384261636016554
10131.3720703125,4.927621187464227e-06,0.00025330730556713483,0.01314510165464872,0.6884789444682109,36.39832068869701
10142.138671875,4.9398126129933224e-06,0.0002537925273254408,0.013163267546159324,0.6890795195991104,36.412374313086936
10152.9052734375,4.9519740226208914e-06,0.00025427682316464306,0.013181408402461917,0.6896795717475033,36.42642251546912
10163.671875,4.964105641060885e-06,0.00025476019836566296,0.013199524326778485,0.6902791022772592,36.44046530211436
10174.4384765625,4.976207682650512e-06,0.0002552426581586163,0.013217615421623523,0.6908781125463286,36.45450267928124
10185.205078125,4.988280363509463e-06,0.00025572420772469495,0.013235681788810986,0.6914766039067819,36.46853465321642
10195.9716796875,5.000323894960025e-06,0.00025620485219622445,0.013253723529460887,0.692074577704842,36.48256123015448
10206.73828125,5.01233849083344e-06,0.0002566845966580137,0.013271740744005976,0.6926720352809217,36.49658241631803
10217.5048828125,5.024324355812233e-06,0.0002571634461467222,0.01328973353219813,0.6932689779696574,36.51059821791773
10228.271484375,5.036281694707293e-06,0.000257641405652441,0.01330770199311489,0.6938654070999449,36.524608641152355
10239.0380859375,5.048210712904832e-06,0.00025811848011944263,0.013325646225165858,0.6944613239949731,36.538613692208735
10249.8046875,5.060111605884551e-06,0.00025859467444555383,0.013343566326098854,0.6950567299722591,36.55261337726193
10260.5712890625,5.071984577488041e-06,0.00025906999348474934,0.013361462393006337,0.6956516263436814,36.5666077024751
10271.337890625,5.083829820743588e-06,0.0002595444420456413,0.013379334522331284,0.6962460144155138,36.58059667399966
10282.1044921875,5.0956475279112475e-06,0.0002600180248931131,0.013397182809873436,0.6968398954884591,36.594580297975256
10292.87109375,5.1074378896848085e-06,0.00026049074674887166,0.013415007350795254,0.6974332708576826,36.608558580529795
10303.6376953125,5.119201098402402e-06,0.0002609626122921973,0.01343280823962785,0.698026141812844,36.622531527779536
10314.404296875,5.130937338592311e-06,0.0002614336261595582,0.013450585570276737,0.6986185096381312,36.63649914582901
10325.1708984375,5.142646794963247e-06,0.00026190379294598694,0.01346833943602773,0.6992103756122918,36.65046144077114
10335.9375,5.154329649297697e-06,0.00026237311720525916,0.013486069929552588,0.699801741008667,36.6644184186873
10346.7041015625,5.165986084503743e-06,0.00026284160345081047,0.013503777142914704,0.7003926070952207,36.678370085647195
10357.470703125,5.177616276686098e-06,0.0002633092561554453,0.01352146116757462,0.7009829751345744,36.6923164477091
10368.2373046875,5.189220402080054e-06,0.0002637760797525755,0.0135391220943956,0.7015728463840358,36.706257510919656
10379.00390625,5.200798637882883e-06,0.0002642420786366389,0.013556760013649057,0.7021622220956331,36.720193281314174
10389.7705078125,5.212351154034013e-06,0.00026470725716300285,0.013574375015019919,0.7027511035161425,36.734123764916376
10400.537109375,5.223878122675413e-06,0.00026517161964910603,0.013591967187611954,0.703339491887122,36.74804896773865
10411.3037109375,5.235379710871093e-06,0.00026563517037441294,0.013609536619953034,0.7039273884449402,36.76196889578197
10422.0703125,5.246856087444161e-06,0.0002660979135814538,0.013627083400000371,0.7045147944208076,36.77588355503597
10432.8369140625,5.258307416870573e-06,0.0002665598534756508,0.013644607615145564,0.7051017110408055,36.78979295147892
10443.603515625,5.269733861333019e-06,0.00026702099422609585,0.013662109352219778,0.7056881395259172,36.80369709107784
10454.3701171875,5.2811355830329065e-06,0.00026748133996601137,0.013679588697498694,0.7062740810920569,36.81759597978845
10465.13671875,5.252010475247337e-06,0.0002659662932257393,0.013600038826508567,0.7020589810809756,36.592184532953816
10475.9033203125,5.2012652228148405e-06,0.00026339651032033633,0.013468634403544327,0.6952756434396163,36.23862856485015
10486.669921875,5.150019980418332e-06,0.00026080140752227977,0.01333593526192051,0.6884254700432622,35.881589034330695
10497.4365234375,5.098259672478928e-06,0.0002581802213228445,0.013201902360036311,0.6815064454927781,35.520960896293744
10508.203125,5.045968447141458e-06,0.00025553214905172305,0.013066494653797918,0.6745164510166636,35.15663371774178
10518.9697265625,4.993129625176461e-06,0.00025285634600633787,0.012929668949804045,0.6674532568922181,34.7884912827631
10529.736328125,4.939725633789065e-06,0.0002501519223039631,0.01279137974439522,0.6603145141369706,34.416411159479026
10540.5029296875,4.885737940242566e-06,0.00024741793942446795,0.012651579046866899,0.6530977453826172,34.040264224382
10551.26953125,4.831146975890549e-06,0.00024465340640531864,0.012510216184899394,0.6458003348309538,33.659914138826444
10562.0361328125,4.775932054616566e-06,0.00024185727564503452,0.012367237589967946,0.638419517176352,33.27521677165449
10572.802734375,4.72007127832134e-06,0.0002390284382643779,0.01222258656015629,0.6309523653617606,32.886019561023566
10583.5693359375,4.663541439007265e-06,0.00023616571896823075,0.012076202997395766,0.6233957770145021,32.49216080742327
10594.3359375,4.60631790475887e-06,0.00023326787033898234,0.011928023115676289,0.6157464593835917,32.09346888858978
10605.1025390625,4.548374493046304e-06,0.00023033356648391822,0.011777979116211128,0.6080009125711435,31.689761385506014
10615.869140625,4.489683330825345e-06,0.0002273613959446067,0.011625998824862432,0.6001554108156133,31.28084410686093
10626.6357421875,4.430214700625298e-06,0.00022434985376094743,0.011472005286326359,0.5922059815428852,30.86650999716626
10637.40234375,4.3699368619110424e-06,0.00022129733256242087,0.01131591630860255,0.5841483818509525,30.44653791110892
10648.1689453125,4.308815852909731e-06,0.0002182021125376524,0.011157643950095117,0.575978072033129,30.0206912335479
10658.935546875,4.246815270728394e-06,0.0002150623501048276,0.010997093940259479,0.5676901856707715,29.588716320709977
10669.7021484375,4.183896011080833e-06,0.0002118760650694688,0.010834165022958121,0.5592794957361024,29.150340733426706
10680.46875,4.120015984433223e-06,0.00020864112601783047,0.010668748209536413,0.5507403760346099,28.70527122746457
10691.2353515625,4.055129788262275e-06,0.0002053552336384348,0.010500725925967394,0.5420667571790928,28.253191458837588
10702.001953125,3.989188323285451e-06,0.00020201590160024376,0.010329971035103675,0.5332520761165134,27.793759353084283
10712.7685546875,3.922138366337787e-06,0.00019862043453797087,0.010156345710927639,0.5242892180147194,27.32660407633169
10723.53515625,3.853922060098268e-06,0.00019516590258731868,0.009979700136460783,0.5151704490461388,26.851322531898056
10734.3017578125,3.784476335174693e-06,0.00019164911178876597,0.009799870990348436,0.5058873382624977,26.367475288306323
10745.068359375,3.7137322219101746e-06,0.00018806656950696998,0.009616679678624543,0.496430666315276,25.87458182168114
10755.8349609375,3.6416140514000133e-06,0.00018441444380200032,0.009429930257168788,0.4867903182091271,25.372114925924098
10766.6015625,3.5680385066270777e-06,0.00018068851540564498,0.009239406976038278,0.4769551565357666,24.859494105506837
10777.3681640625,3.4929134928532644e-06,0.00017688412058798267,0.009044871357994104,0.46691287066215226,24.336077714971985
10788.134765625,3.41613678756109e-06,0.00017299608270958915,0.008846058698452062,0.45664979605151035,23.80115354172113
10798.9013671875,3.337594408584875e-06,0.00016901862959317162,0.008642673840326071,0.446150696152993,23.253927437833212
10809.66796875,3.2571586267560065e-06,0.00016494529294963872,0.008434386031244596,0.4353984969217447,22.693509482921325
10820.4345703125,3.1746855286068075e-06,0.000160768784852471,0.00822082260712706,0.4243739607535184,22.118896989200614
10831.201171875,3.090011988414359e-06,0.00015648084451338237,0.00800156115715231,0.4130552820259573,21.52895342059842
10841.9677734375,3.002951876378631e-06,0.00015207204613703904,0.007776119698502967,0.4014175799008527,20.9223819569791
10852.734375,2.9132912411897015e-06,0.00014753155504160494,0.007543944205735035,0.3894322545673018,20.29769194073929
10863.5009765625,2.8207821148253356e-06,0.0001428468139290467,0.007304392568382429,0.3770661591037916,19.65315571323293
10874.267578125,2.7251344228599143e-06,0.0001380031331758862,0.007056713640699734,0.3642805179874436,18.98675224613225
10885.0341796875,2.6260052376236684e-06,0.00013298314661286964,0.006800019413254283,0.3510294905404878,18.296092266476908
10895.80078125,2.522984223570729e-06,0.00012776607452586153,0.006533247326898959,0.3372582255083318,17.57831685887089
10906.5673828125,2.4155734879452747e-06,0.00012232670320265932,0.006255108092449697,0.3229001674154769,16.829957069413222
10917.333984375,2.303158952379435e-06,0.00011663393516949117,0.0059640115578381446,0.30787322969179587,16.04673444429489
10928.1005859375,2.1849684309555212e-06,0.00011064866628121044,0.005657958154301275,0.29207419092547626,15.22326895555446
10938.8671875,2.0600079922166117e-06,0.00010432056300891524,0.0053343741047682065,0.27537018801730495,14.352635613732286
10949.6337890625,1.926961030049134e-06,9.758295129365934e-05,0.0049898500682303915,0.2575852245230694,13.425661265949028
10960.400390625,1.7840192533135388e-06,9.034425770282249e-05,0.004619703488019139,0.2384775782678833,12.429747052753418
10971.1669921875,1.6285793133780033e-06,8.247264647481936e-05,0.004217193015622298,0.21769924846087235,11.346754741460662
10981.93359375,1.4566456205948508e-06,7.376577752080247e-05,0.0037719721028675176,0.1947161272836509,10.148845970369646
10992.7001953125,1.2614921117853645e-06,6.388303726293076e-05,0.0032666236634494796,0.1686291127541659,8.789158429435444
11003.466796875,1.0300039961083058e-06,5.216028150445762e-05,0.0026671870523841032,0.13768509400865248,7.176317806866143
11014.2333984375,7.283228102974254e-07,3.6882888760401236e-05,0.0018859860514337588,0.09735806364182545,5.074422985184823
11025.0,0.0,0.0,0.0,0.0,0.0
