fold,overall,macro
0,0.23728813559322035,0.23911421911421912
1,0.288135593220339,0.2951418026418026
2,0.2542372881355932,0.24595848595848596
3,0.25862068965517243,0.2542657342657343
4,0.2413793103448276,0.23835164835164835
