class,median_deg,iqr25_deg,iqr75_deg
V6,11.581623554229736,9.776694774627686,15.963162660598755
V8,14.846744060516357,11.679687023162842,22.20070219039917
inline-4,14.870314598083496,9.89069414138794,32.50850009918213
inline-6,27.16751766204834,18.035991191864014,52.58361053466797
single-cylinder,18.261582374572754,13.697587251663208,22.716847896575928
