,V6,V8,inline-4,inline-6,single-cylinder
V6,0.0,27.71284,41.788357,68.342064,52.385406
V8,27.71284,0.0,26.798248,87.10231,33.02665
inline-4,41.788357,26.798248,0.0,85.7555,29.689814
inline-6,68.342064,87.10231,85.7555,0.0,69.11906
single-cylinder,52.385406,33.02665,29.689814,69.11906,0.0
