{
  "overall": 0.2542372881355932,
  "macro": 0.24595848595848596
}