class,EVR_at_5,test_recon_MSE,n_train_clips
V6,0.9621015191078186,713.5955810546875,45
V8,0.9550718665122986,671.9988403320312,47
inline-4,0.9489082098007202,728.0671997070312,50
inline-6,0.9410147666931152,803.2608642578125,47
single-cylinder,0.9424447417259216,691.723388671875,45
