class,theta_max_deg
V6,9.581808090209961
V6,10.276284217834473
V6,9.185791015625
V6,10.346019744873047
V6,9.632719039916992
V6,27.507064819335938
V6,15.063851356506348
V6,8.896954536437988
V6,9.351727485656738
V6,9.031352043151855
V6,23.003089904785156
V6,10.272339820861816
V6,12.470158576965332
V6,14.815322875976562
V6,7.7348456382751465
V6,9.75697135925293
V6,17.382266998291016
V6,17.760570526123047
V6,9.43077564239502
V6,10.680432319641113
V6,8.067645072937012
V6,15.17902946472168
V6,10.109352111816406
V6,12.238088607788086
V6,7.330610275268555
V6,10.964690208435059
V6,23.938255310058594
V6,30.67119789123535
V6,18.089012145996094
V6,10.970128059387207
V6,7.470233917236328
V6,16.957855224609375
V6,16.083173751831055
V6,9.163366317749023
V6,10.866508483886719
V6,13.879500389099121
V6,17.101055145263672
V6,16.993087768554688
V6,7.121057510375977
V6,21.570411682128906
V6,25.679718017578125
V6,17.271072387695312
V6,15.654417037963867
V6,10.785890579223633
V6,19.0258846282959
V6,7.819063663482666
V6,25.326892852783203
V6,9.594786643981934
V6,24.144447326660156
V6,22.05895233154297
V6,11.490530014038086
V6,7.891080379486084
V6,11.048688888549805
V6,15.81567096710205
V6,16.22993278503418
V6,15.53884220123291
V6,13.652817726135254
V6,7.24451208114624
V6,11.0228910446167
V6,29.371389389038086
V6,10.123176574707031
V6,10.837540626525879
V6,18.08163070678711
V6,15.822762489318848
V6,31.554847717285156
V6,26.005870819091797
V6,15.840688705444336
V6,8.988851547241211
V6,7.545690536499023
V6,10.189547538757324
V6,15.678193092346191
V6,19.050886154174805
V6,12.450215339660645
V6,16.410552978515625
V6,18.595966339111328
V6,16.575401306152344
V6,18.95049285888672
V6,15.459145545959473
V6,8.6549654006958
V6,13.665573120117188
V6,9.543201446533203
V6,14.65701961517334
V6,19.715967178344727
V6,30.33428955078125
V6,11.875772476196289
V6,13.423277854919434
V6,9.959846496582031
V6,12.214754104614258
V6,9.937548637390137
V6,12.001782417297363
V6,9.091330528259277
V6,7.788202285766602
V6,19.1575984954834
V6,12.386183738708496
V6,19.76869010925293
V6,10.28862476348877
V6,13.384001731872559
V6,16.2567195892334
V6,23.321170806884766
V6,10.479063987731934
V6,16.44268798828125
V6,13.081637382507324
V6,20.877378463745117
V6,14.770047187805176
V6,14.170790672302246
V6,21.222055435180664
V6,12.351395606994629
V6,27.161375045776367
V6,12.098753929138184
V6,8.889443397521973
V6,17.64116096496582
V6,7.058746814727783
V6,10.50635051727295
V6,15.411515235900879
V6,12.250134468078613
V6,15.955013275146484
V6,9.031634330749512
V6,22.40804100036621
V6,22.101097106933594
V6,10.276284217834473
V6,17.747915267944336
V6,10.36370849609375
V6,13.486931800842285
V6,13.178439140319824
V6,14.146567344665527
V6,14.867613792419434
V6,7.51875114440918
V6,8.84097957611084
V6,20.93198013305664
V6,12.091501235961914
V6,11.304145812988281
V6,10.119853973388672
V6,7.216890811920166
V6,11.830116271972656
V6,14.419388771057129
V6,16.609270095825195
V6,9.691949844360352
V6,24.771942138671875
V6,15.948067665100098
V6,9.473966598510742
V6,13.807278633117676
V6,11.996180534362793
V6,19.687734603881836
V6,17.13758659362793
V6,14.554526329040527
V6,14.769631385803223
V6,10.975188255310059
V6,14.397882461547852
V6,13.855362892150879
V6,19.45305633544922
V6,10.436298370361328
V6,17.10955238342285
V6,22.6209716796875
V6,11.755236625671387
V6,16.478086471557617
V6,17.682111740112305
V6,13.693313598632812
V6,8.166015625
V6,14.241455078125
V6,13.341578483581543
V6,17.542179107666016
V6,25.09222412109375
V6,14.417318344116211
V6,7.579113006591797
V6,16.312875747680664
V6,12.948479652404785
V6,9.510910034179688
V6,10.324528694152832
V6,19.656984329223633
V6,26.02865982055664
V6,18.458019256591797
V6,10.724695205688477
V6,12.223305702209473
V6,26.534786224365234
V6,15.993742942810059
V6,12.51778507232666
V6,13.43371868133545
V6,15.065153121948242
V6,9.750783920288086
V6,22.298551559448242
V6,8.044909477233887
V6,25.809589385986328
V6,10.898689270019531
V6,13.248659133911133
V6,13.1046724319458
V6,14.644638061523438
V6,25.139606475830078
V6,18.439834594726562
V6,7.87531852722168
V6,17.789400100708008
V6,10.766986846923828
V6,11.106241226196289
V6,10.616596221923828
V6,9.813116073608398
V6,19.154218673706055
V6,12.627325057983398
V6,14.668231964111328
V6,15.81963062286377
V6,14.69881534576416
V6,10.595147132873535
V6,16.049274444580078
V6,9.225539207458496
V6,31.801820755004883
V6,23.582304000854492
V6,14.226579666137695
V6,12.462343215942383
V6,10.0531644821167
V6,10.572742462158203
V6,6.995519638061523
V6,16.130971908569336
V6,12.496258735656738
V6,21.547948837280273
V6,12.11275863647461
V6,12.90938949584961
V6,26.00310516357422
V6,10.244918823242188
V6,18.86749267578125
V6,14.630218505859375
V6,11.518987655639648
V6,13.343205451965332
V6,22.178104400634766
V6,7.593108177185059
V6,30.238191604614258
V6,16.086082458496094
V6,8.669295310974121
V6,13.629329681396484
V6,15.128576278686523
V6,16.994630813598633
V6,16.576839447021484
V6,13.240967750549316
V6,17.208316802978516
V6,9.980320930480957
V6,12.05638313293457
V6,7.0826897621154785
V6,9.209891319274902
V6,36.30345916748047
V6,12.712634086608887
V6,23.865060806274414
V6,9.893600463867188
V6,20.110998153686523
V6,11.980578422546387
V6,7.231800556182861
V6,11.44008731842041
V6,11.767768859863281
V6,16.74707794189453
V6,10.4510498046875
V6,8.470044136047363
V6,14.350189208984375
V6,18.52046775817871
V6,17.573659896850586
V6,17.12261962890625
V6,19.69280242919922
V6,13.394222259521484
V6,8.592582702636719
V6,9.313884735107422
V6,12.306644439697266
V6,18.45634651184082
V6,17.783117294311523
V6,13.214940071105957
V6,6.5022807121276855
V6,10.340275764465332
V6,11.65746021270752
V6,10.167033195495605
V6,22.377721786499023
V6,13.680583953857422
V6,7.7615437507629395
V6,14.769525527954102
V6,14.726179122924805
V6,14.628527641296387
V6,14.073526382446289
V6,12.257697105407715
V6,16.679569244384766
V6,14.537964820861816
V6,16.956838607788086
V6,12.340167045593262
V6,12.075790405273438
V6,18.6358699798584
V6,19.9520263671875
V6,16.776683807373047
V6,18.89592170715332
V6,20.61163330078125
V6,15.825756072998047
V6,15.381133079528809
V6,8.687040328979492
V6,11.762459754943848
V6,16.332561492919922
V6,29.109519958496094
V6,10.604262351989746
V6,19.51358985900879
V6,17.47951316833496
V6,17.699432373046875
V6,20.196250915527344
V6,10.195761680603027
V6,11.690727233886719
V6,18.55488395690918
V6,15.092301368713379
V6,14.970390319824219
V6,13.165055274963379
V6,14.681159973144531
V6,18.420045852661133
V6,15.77255916595459
V6,29.46731948852539
V6,12.645698547363281
V6,21.065345764160156
V6,12.512190818786621
V6,25.5531063079834
V6,8.877699851989746
V6,11.290477752685547
V6,23.345874786376953
V6,8.495348930358887
V6,25.964784622192383
V6,16.705427169799805
V6,7.13773250579834
V6,13.485321998596191
V6,10.360347747802734
V6,22.034021377563477
V6,15.088836669921875
V6,10.601219177246094
V6,17.7025203704834
V6,15.176055908203125
V6,15.219644546508789
V6,7.435533046722412
V6,30.45700454711914
V6,7.411797523498535
V6,7.7125349044799805
V6,12.995748519897461
V6,19.29271697998047
V6,12.637786865234375
V6,12.327536582946777
V6,17.460779190063477
V6,22.460535049438477
V6,6.862499237060547
V6,15.13756275177002
V6,21.511516571044922
V6,14.082104682922363
V6,10.46728515625
V6,25.452632904052734
V6,12.95183277130127
V6,14.02232837677002
V6,11.297104835510254
V6,10.899104118347168
V6,11.405272483825684
V6,25.995752334594727
V6,15.629504203796387
V6,9.343442916870117
V6,11.34935474395752
V6,6.642603397369385
V6,13.834654808044434
V6,9.71780014038086
V6,13.104355812072754
V6,23.302824020385742
V6,17.402067184448242
V6,10.884337425231934
V6,18.65532112121582
V6,19.671680450439453
V6,20.870237350463867
V6,14.422144889831543
V6,9.955679893493652
V6,24.348323822021484
V6,13.044830322265625
V6,17.156641006469727
V6,19.97334098815918
V6,19.94184684753418
V6,15.498519897460938
V6,11.329432487487793
V6,14.550748825073242
V6,14.603667259216309
V6,18.303916931152344
V6,22.51080894470215
V6,16.43990135192871
V6,28.17917251586914
V6,13.55833625793457
V6,15.755099296569824
V6,6.845672607421875
V6,11.382522583007812
V6,14.988556861877441
V6,8.964862823486328
V6,11.11674976348877
V6,31.744773864746094
V6,8.45881462097168
V6,12.205049514770508
V6,11.56840991973877
V6,29.80167007446289
V6,7.8756422996521
V6,15.506646156311035
V6,24.303630828857422
V6,14.170232772827148
V6,8.635334968566895
V6,10.210221290588379
V6,15.543417930603027
V6,13.051562309265137
V6,15.945953369140625
V6,21.704347610473633
V6,31.625354766845703
V6,17.672462463378906
V6,14.80637264251709
V6,32.28594970703125
V6,24.621055603027344
V6,5.734904766082764
V6,6.462836742401123
V6,11.145407676696777
V6,23.30120086669922
V6,13.942627906799316
V6,20.783559799194336
V6,27.0008544921875
V6,10.647970199584961
V6,12.301885604858398
V6,14.487883567810059
V6,13.655523300170898
V6,16.62662124633789
V6,10.20162582397461
V6,13.706579208374023
V6,16.052759170532227
V6,10.963665962219238
V6,16.993450164794922
V6,15.04752254486084
V6,18.537662506103516
V6,13.757550239562988
V6,16.38330841064453
V6,14.699515342712402
V6,9.032309532165527
V6,25.128074645996094
V6,13.732555389404297
V6,17.480140686035156
V6,6.3069562911987305
V6,13.906523704528809
V6,7.7429609298706055
V6,16.760465621948242
V6,13.707876205444336
V6,13.717529296875
V6,30.64712142944336
V6,14.262762069702148
V6,19.775524139404297
V6,15.814079284667969
V6,13.87532901763916
V6,13.14316177368164
V6,9.330728530883789
V6,27.68468475341797
V6,25.071413040161133
V6,13.253620147705078
V6,16.659521102905273
V6,5.743545055389404
V6,11.104928970336914
V6,15.340340614318848
V6,24.810392379760742
V6,9.682674407958984
V6,14.589723587036133
V6,24.57716178894043
V6,22.88212776184082
V6,11.114960670471191
V6,17.8348388671875
V6,12.894002914428711
V6,14.842144966125488
V6,13.076264381408691
V6,8.681227684020996
V6,10.184121131896973
V6,18.307418823242188
V6,16.658124923706055
V6,8.311203002929688
V6,9.994380950927734
V6,19.75286102294922
V6,13.6245756149292
V6,16.268829345703125
V6,18.268217086791992
V6,17.2178955078125
V6,14.642300605773926
V6,11.389874458312988
V6,15.499300003051758
V6,19.645357131958008
V6,32.29317855834961
V6,9.589847564697266
V6,9.466785430908203
V6,34.281185150146484
V6,8.996039390563965
V6,37.34554672241211
V6,13.297656059265137
V6,15.24360179901123
V6,9.29912281036377
V6,14.7988862991333
V6,12.718514442443848
V6,19.42364501953125
V6,14.318227767944336
V6,15.244016647338867
V6,15.665701866149902
V6,14.770275115966797
V6,20.83165740966797
V6,19.491750717163086
V6,8.089515686035156
V6,19.033615112304688
V6,8.162938117980957
V6,13.55782699584961
V6,8.732124328613281
V6,15.745890617370605
V6,10.47959041595459
V6,23.311887741088867
V6,9.218827247619629
V6,20.25493812561035
V6,11.67445182800293
V6,14.53024959564209
V6,13.473658561706543
V6,13.647998809814453
V6,15.000754356384277
V6,8.420677185058594
V6,15.548591613769531
V6,9.661961555480957
V6,27.720439910888672
V6,23.705463409423828
V6,5.064923286437988
V6,11.08549690246582
V6,14.572779655456543
V6,12.436806678771973
V6,19.97907066345215
V6,20.784252166748047
V6,17.985057830810547
V6,31.848514556884766
V6,13.147290229797363
V6,6.898901462554932
V6,12.291125297546387
V6,10.009560585021973
V6,10.937652587890625
V6,19.094341278076172
V6,17.301000595092773
V6,19.744686126708984
V6,14.725790023803711
V6,12.664810180664062
V6,16.083345413208008
V6,9.348090171813965
V6,20.922821044921875
V6,11.068753242492676
V6,12.17682933807373
V6,22.219566345214844
V6,20.10306167602539
V6,10.118453979492188
V6,15.31119155883789
V6,7.045144081115723
V6,35.12421417236328
V6,8.811399459838867
V6,12.859292984008789
V6,14.422995567321777
V6,13.326104164123535
V6,26.52484703063965
V6,10.25622272491455
V6,10.03344440460205
V6,10.180547714233398
V6,15.129295349121094
V6,13.884908676147461
V6,10.936644554138184
V6,27.276103973388672
V6,12.396242141723633
V6,27.091581344604492
V6,11.894957542419434
V6,26.53337287902832
V6,11.71392822265625
V6,25.6859130859375
V6,14.847570419311523
V6,16.707983016967773
V6,14.354570388793945
V6,9.467117309570312
V6,11.652457237243652
V6,19.72185707092285
V6,19.06877899169922
V6,6.373721599578857
V6,15.168540000915527
V6,13.725202560424805
V6,21.496761322021484
V6,17.476808547973633
V6,16.525901794433594
V6,19.159982681274414
V6,16.307270050048828
V6,16.049509048461914
V6,11.458565711975098
V6,18.90865707397461
V6,7.912815570831299
V6,14.080588340759277
V6,12.526652336120605
V6,16.513181686401367
V6,12.122990608215332
V6,17.426828384399414
V6,19.68039321899414
V6,10.360404968261719
V6,26.53432846069336
V6,13.52918529510498
V6,14.826552391052246
V6,9.319347381591797
V6,29.006681442260742
V6,10.60190486907959
V6,14.532930374145508
V6,21.091970443725586
V6,12.712183952331543
V6,6.752933979034424
V6,15.464859008789062
V6,7.719478607177734
V6,13.165221214294434
V6,8.001822471618652
V6,9.823630332946777
V6,17.547433853149414
V6,22.01936149597168
V6,23.66059684753418
V6,15.937237739562988
V6,15.8814115524292
V6,10.602461814880371
V6,22.28145408630371
V6,29.724306106567383
V6,17.1185359954834
V6,21.88397216796875
V6,19.90227699279785
V6,15.780121803283691
V6,12.363554954528809
V6,24.341323852539062
V6,11.94163990020752
V6,15.156683921813965
V6,18.120508193969727
V6,18.24870491027832
V6,7.979613780975342
V6,13.183501243591309
V6,12.642032623291016
V6,12.256522178649902
V6,17.648170471191406
V6,23.832111358642578
V6,14.747270584106445
V6,10.992968559265137
V6,23.472379684448242
V6,11.6741304397583
V6,18.755281448364258
V6,7.779755115509033
V6,24.290498733520508
V6,24.357824325561523
V6,31.059152603149414
V6,15.449470520019531
V6,16.890718460083008
V6,21.554410934448242
V6,7.503468036651611
V6,10.557208061218262
V6,27.432146072387695
V6,11.16757583618164
V6,17.88114356994629
V6,8.202743530273438
V6,13.345499038696289
V6,12.474507331848145
V6,14.510540008544922
V6,14.79302978515625
V6,14.69111442565918
V6,10.965372085571289
V6,13.929978370666504
V6,18.409168243408203
V6,25.623550415039062
V6,13.836211204528809
V6,22.73737335205078
V6,17.838773727416992
V6,18.27604866027832
V6,13.179338455200195
V6,11.570487976074219
V6,15.752345085144043
V6,15.723536491394043
V6,11.227386474609375
V6,20.918106079101562
V6,20.866392135620117
V6,20.471296310424805
V6,12.565013885498047
V6,7.415740966796875
V6,12.798124313354492
V6,9.818584442138672
V6,8.324966430664062
V6,19.449190139770508
V6,11.59671401977539
V6,11.351888656616211
V6,10.025914192199707
V6,18.656484603881836
V6,24.947620391845703
V6,12.5791654586792
V6,18.293397903442383
V6,12.169379234313965
V6,16.974369049072266
V6,15.912979125976562
V6,20.27324867248535
V6,22.690330505371094
V6,12.68949031829834
V6,12.371830940246582
V6,27.177392959594727
V6,22.243087768554688
V6,6.74215030670166
V6,14.371228218078613
V6,11.584253311157227
V6,12.177783966064453
V6,17.10747528076172
V6,13.05168342590332
V6,9.903116226196289
V6,21.094818115234375
V6,13.205001831054688
V6,19.50490951538086
V6,6.548708915710449
V6,26.569311141967773
V6,8.921651840209961
V6,27.441152572631836
V6,10.130324363708496
V6,12.23048210144043
V6,12.349719047546387
V6,11.894145011901855
V6,11.61633586883545
V6,13.716031074523926
V6,19.002655029296875
V6,45.41661834716797
V6,15.029596328735352
V6,15.40420150756836
V6,29.901395797729492
V6,26.550249099731445
V6,24.0483455657959
V6,34.514404296875
V6,14.491637229919434
V6,13.014142036437988
V6,18.2929630279541
V6,22.154815673828125
V6,7.569293022155762
V6,15.53576946258545
V6,12.201366424560547
V6,7.13542366027832
V6,17.1083927154541
V6,25.445735931396484
V6,31.549396514892578
V6,9.371315002441406
V6,22.20111656188965
V6,17.579631805419922
V6,20.66950035095215
V6,18.57142448425293
V6,19.89574432373047
V6,15.70669174194336
V6,11.522698402404785
V6,14.1909761428833
V6,8.39391040802002
V6,17.4989013671875
V6,11.91593074798584
V6,9.59363842010498
V6,21.540481567382812
V6,8.81472110748291
V6,6.566860198974609
V6,14.75837516784668
V6,18.779706954956055
V6,15.00047779083252
V6,10.587100982666016
V6,16.435665130615234
V6,6.790180683135986
V6,15.173903465270996
V6,15.998538970947266
V6,15.475831985473633
V6,11.473048210144043
V6,11.212116241455078
V6,12.887513160705566
V6,20.442256927490234
V6,13.189864158630371
V6,7.026826858520508
V6,11.82699966430664
V6,29.690454483032227
V6,14.905141830444336
V6,11.926379203796387
V6,11.903535842895508
V6,12.146807670593262
V6,15.503835678100586
V6,20.358362197875977
V6,10.042202949523926
V6,16.621906280517578
V6,6.597189903259277
V6,29.09766960144043
V6,9.378568649291992
V6,9.487298965454102
V6,20.36004066467285
V6,19.15256118774414
V6,13.291032791137695
V6,10.853530883789062
V6,12.618870735168457
V6,19.547658920288086
V6,10.402307510375977
V6,23.437458038330078
V6,24.215408325195312
V6,9.560837745666504
V6,15.922517776489258
V6,17.06069564819336
V6,16.06229019165039
V6,12.693702697753906
V6,14.13588809967041
V6,18.188922882080078
V6,21.735658645629883
V6,13.942073822021484
V6,15.044272422790527
V6,12.23615550994873
V6,16.669416427612305
V6,18.449129104614258
V6,13.50292682647705
V6,8.734081268310547
V6,5.8576555252075195
V6,15.280744552612305
V6,14.595864295959473
V6,18.60942268371582
V6,10.030797004699707
V6,23.876283645629883
V6,11.02453327178955
V6,10.868537902832031
V6,26.207473754882812
V6,13.437775611877441
V6,15.913402557373047
V6,13.844649314880371
V6,17.261211395263672
V6,14.033049583435059
V6,18.91411590576172
V6,18.528657913208008
V6,30.177932739257812
V6,11.778848648071289
V6,12.488571166992188
V6,13.406570434570312
V6,11.865511894226074
V6,24.106689453125
V6,14.19082260131836
V6,11.45672607421875
V6,13.179682731628418
V6,10.430904388427734
V6,11.3457612991333
V6,24.363361358642578
V6,22.04685401916504
V6,16.809024810791016
V6,13.317091941833496
V6,23.800209045410156
V6,26.064598083496094
V6,11.340761184692383
V6,12.677607536315918
V6,10.133605003356934
V6,18.393157958984375
V6,14.96922779083252
V6,30.219497680664062
V6,14.143688201904297
V6,11.999828338623047
V6,13.491968154907227
V6,17.946550369262695
V6,11.131989479064941
V6,13.806434631347656
V6,24.262657165527344
V6,15.763599395751953
V6,19.472017288208008
V6,19.37895393371582
V6,10.56147575378418
V6,11.47697925567627
V6,18.946369171142578
V6,9.508718490600586
V6,6.279196262359619
V6,9.184850692749023
V6,14.189513206481934
V6,12.86740779876709
V6,15.15976619720459
V6,17.101669311523438
V6,5.997472286224365
V6,25.389711380004883
V6,15.382896423339844
V6,8.447152137756348
V6,10.920395851135254
V6,12.891278266906738
V6,12.901606559753418
V6,18.55604362487793
V6,10.685608863830566
V6,18.823373794555664
V6,16.412811279296875
V6,18.257591247558594
V6,14.41103458404541
V6,12.950796127319336
V6,16.47983169555664
V6,17.17950439453125
V6,10.537786483764648
V6,9.158689498901367
V6,16.15081214904785
V6,12.955443382263184
V6,16.91031265258789
V6,12.713022232055664
V6,27.681045532226562
V6,17.46588706970215
V6,12.429685592651367
V6,10.513951301574707
V6,12.27282428741455
V6,17.176971435546875
V6,14.25211238861084
V6,13.589286804199219
V6,17.571500778198242
V6,22.818641662597656
V6,31.792268753051758
V6,24.031091690063477
V6,13.33879566192627
V6,11.465645790100098
V6,10.706438064575195
V6,22.637508392333984
V6,18.5040340423584
V6,8.934921264648438
V6,13.003551483154297
V6,11.808740615844727
V6,25.952014923095703
V6,12.138949394226074
V6,11.039258003234863
V6,31.662939071655273
V6,12.06483268737793
V6,17.911670684814453
V6,13.812186241149902
V6,15.125593185424805
V6,23.734878540039062
V6,18.905960083007812
V6,15.110219955444336
V6,12.774298667907715
V6,29.869478225708008
V6,9.935867309570312
V6,8.349343299865723
V6,26.201202392578125
V6,14.106856346130371
V6,14.446764945983887
V6,14.870994567871094
V6,17.05786895751953
V6,17.391843795776367
V6,10.087596893310547
V6,25.187925338745117
V6,12.427971839904785
V6,12.528180122375488
V6,11.916112899780273
V6,8.118151664733887
V6,25.180131912231445
V6,23.80190086364746
V6,16.735553741455078
V6,11.987123489379883
V6,19.288633346557617
V6,15.782896041870117
V6,18.53338623046875
V6,9.7717924118042
V6,25.165462493896484
V6,10.797709465026855
V6,9.02072811126709
V6,38.32476806640625
V6,11.189085006713867
V6,15.829361915588379
V6,15.772835731506348
V6,23.183454513549805
V6,22.657711029052734
V6,25.092111587524414
V6,16.07403564453125
V6,20.58144187927246
V6,12.987667083740234
V6,11.313898086547852
V6,10.165271759033203
V6,10.623453140258789
V6,20.538625717163086
V6,10.59022331237793
V6,18.097864151000977
V6,21.18947410583496
V6,9.388225555419922
V6,12.97597599029541
V6,13.787674903869629
V6,20.13351058959961
V6,23.90578269958496
V6,22.813823699951172
V6,11.79005241394043
V6,13.80667781829834
V6,12.759137153625488
V6,20.019451141357422
V6,12.504495620727539
V6,12.527125358581543
V6,16.663450241088867
V6,14.40992259979248
V6,17.786449432373047
V6,11.174256324768066
V6,16.14549446105957
V6,16.807430267333984
V6,8.540584564208984
V6,26.3692569732666
V6,7.881297588348389
V6,12.129315376281738
V6,14.902791023254395
V6,22.05768585205078
V6,12.395956039428711
V6,18.661340713500977
V6,14.906707763671875
V6,12.200364112854004
V6,27.25385856628418
V6,13.0881986618042
V6,5.928668975830078
V6,15.911123275756836
V6,23.913373947143555
V6,17.246784210205078
V6,21.11441421508789
V6,28.14533233642578
V6,16.676843643188477
V6,7.47795295715332
V6,10.772908210754395
V6,15.50324821472168
V6,19.593801498413086
V6,18.042295455932617
V6,10.110481262207031
V6,8.919933319091797
V6,8.189664840698242
V6,14.002581596374512
V6,19.163915634155273
V6,14.933527946472168
V6,11.925305366516113
V6,15.859169006347656
V6,18.75755500793457
V6,15.188000679016113
V6,15.852444648742676
V6,16.643775939941406
V6,22.93974494934082
V6,12.498547554016113
V8,8.059123039245605
V8,15.392342567443848
V8,8.98211669921875
V8,19.644819259643555
V8,13.310032844543457
V8,11.315169334411621
V8,9.427336692810059
V8,8.796985626220703
V8,11.94036865234375
V8,7.466792106628418
V8,11.169109344482422
V8,14.721100807189941
V8,11.826183319091797
V8,15.220555305480957
V8,11.772054672241211
V8,26.0902042388916
V8,63.76166915893555
V8,13.106765747070312
V8,19.291372299194336
V8,12.144908905029297
V8,11.214767456054688
V8,12.298150062561035
V8,20.610275268554688
V8,14.703524589538574
V8,6.868583679199219
V8,9.254209518432617
V8,24.467430114746094
V8,37.10942459106445
V8,7.04965353012085
V8,9.18820858001709
V8,9.27811336517334
V8,7.939216136932373
V8,15.727631568908691
V8,14.884202003479004
V8,11.288646697998047
V8,16.112756729125977
V8,15.739092826843262
V8,10.687450408935547
V8,16.78900718688965
V8,15.91230583190918
V8,17.33538246154785
V8,14.257063865661621
V8,10.923622131347656
V8,6.787349224090576
V8,11.36988353729248
V8,9.938301086425781
V8,17.32357406616211
V8,24.483808517456055
V8,14.905884742736816
V8,32.426780700683594
V8,13.311695098876953
V8,12.155406951904297
V8,22.347761154174805
V8,34.304622650146484
V8,12.104863166809082
V8,15.973564147949219
V8,10.429376602172852
V8,12.058001518249512
V8,23.397459030151367
V8,25.58538818359375
V8,7.3238630294799805
V8,14.664793014526367
V8,21.21625328063965
V8,19.994657516479492
V8,13.83836841583252
V8,7.1115193367004395
V8,14.245272636413574
V8,10.030895233154297
V8,11.062917709350586
V8,10.896122932434082
V8,10.530388832092285
V8,8.772028923034668
V8,12.139290809631348
V8,12.985387802124023
V8,11.087930679321289
V8,36.533592224121094
V8,19.69684600830078
V8,13.564730644226074
V8,13.562501907348633
V8,9.603694915771484
V8,16.2298583984375
V8,45.14604949951172
V8,19.27536392211914
V8,62.23554611206055
V8,8.998724937438965
V8,12.481793403625488
V8,13.7382230758667
V8,13.23941707611084
V8,6.440406799316406
V8,43.80672836303711
V8,11.205475807189941
V8,11.638583183288574
V8,12.633557319641113
V8,31.29458999633789
V8,17.60393714904785
V8,14.108174324035645
V8,17.724632263183594
V8,11.807856559753418
V8,21.395015716552734
V8,14.92819881439209
V8,13.896858215332031
V8,8.763045310974121
V8,9.846741676330566
V8,21.329059600830078
V8,17.003904342651367
V8,26.341093063354492
V8,10.754530906677246
V8,14.86215591430664
V8,20.42705535888672
V8,22.635334014892578
V8,9.901209831237793
V8,15.727619171142578
V8,9.96132755279541
V8,13.912363052368164
V8,20.390928268432617
V8,34.187232971191406
V8,14.72513198852539
V8,9.320444107055664
V8,11.16143798828125
V8,9.738960266113281
V8,22.307443618774414
V8,33.735897064208984
V8,11.199200630187988
V8,13.69583797454834
V8,10.107718467712402
V8,13.373270988464355
V8,10.52334213256836
V8,20.6630859375
V8,15.223078727722168
V8,6.544275760650635
V8,10.912100791931152
V8,11.077466011047363
V8,20.02035903930664
V8,12.158406257629395
V8,30.90290641784668
V8,7.906537055969238
V8,22.348875045776367
V8,7.814669132232666
V8,11.723865509033203
V8,18.43160629272461
V8,11.52980899810791
V8,11.776556968688965
V8,29.97537612915039
V8,14.841452598571777
V8,12.530383110046387
V8,23.237550735473633
V8,14.294830322265625
V8,27.34831428527832
V8,25.778579711914062
V8,7.332430362701416
V8,11.202505111694336
V8,12.269866943359375
V8,34.68783950805664
V8,12.150604248046875
V8,11.993896484375
V8,20.059585571289062
V8,9.34607219696045
V8,12.577346801757812
V8,9.285882949829102
V8,14.45556354522705
V8,7.129647254943848
V8,12.779657363891602
V8,9.401803016662598
V8,20.062332153320312
V8,15.96595573425293
V8,11.05855655670166
V8,15.346949577331543
V8,8.447733879089355
V8,15.275534629821777
V8,11.02585506439209
V8,5.8392558097839355
V8,30.584468841552734
V8,11.925537109375
V8,25.494829177856445
V8,11.154502868652344
V8,14.617504119873047
V8,16.482263565063477
V8,7.447689056396484
V8,14.543732643127441
V8,9.245159149169922
V8,13.90000057220459
V8,15.378582954406738
V8,15.484046936035156
V8,10.928739547729492
V8,11.874759674072266
V8,7.042916297912598
V8,16.912273406982422
V8,9.478571891784668
V8,24.406457901000977
V8,23.6673526763916
V8,13.906936645507812
V8,26.622732162475586
V8,15.297722816467285
V8,12.108868598937988
V8,18.526357650756836
V8,14.227316856384277
V8,15.18285083770752
V8,20.72650909423828
V8,14.51153564453125
V8,10.954935073852539
V8,44.12743377685547
V8,34.9158821105957
V8,21.250389099121094
V8,22.353580474853516
V8,8.741768836975098
V8,9.061997413635254
V8,14.202574729919434
V8,6.767178535461426
V8,7.672658443450928
V8,9.704276084899902
V8,19.474098205566406
V8,8.332345008850098
V8,10.402704238891602
V8,17.61151123046875
V8,19.97222328186035
V8,8.478456497192383
V8,13.76449966430664
V8,15.013745307922363
V8,11.819799423217773
V8,21.421558380126953
V8,14.305490493774414
V8,11.979952812194824
V8,15.643630027770996
V8,15.073020935058594
V8,27.237192153930664
V8,16.336688995361328
V8,21.81913948059082
V8,19.762378692626953
V8,13.91856861114502
V8,17.118906021118164
V8,15.134045600891113
V8,11.843850135803223
V8,29.639358520507812
V8,27.93589973449707
V8,30.710153579711914
V8,13.271305084228516
V8,13.801939964294434
V8,27.52229118347168
V8,13.333643913269043
V8,12.386199951171875
V8,9.927748680114746
V8,13.908102035522461
V8,6.967929840087891
V8,11.356121063232422
V8,12.929231643676758
V8,83.44473266601562
V8,9.40968132019043
V8,24.387691497802734
V8,12.178916931152344
V8,12.049676895141602
V8,9.313441276550293
V8,19.195266723632812
V8,9.631617546081543
V8,7.657756805419922
V8,9.149072647094727
V8,12.241938591003418
V8,27.1783504486084
V8,11.69269847869873
V8,15.115419387817383
V8,9.631331443786621
V8,12.347675323486328
V8,30.431346893310547
V8,12.195676803588867
V8,19.49163818359375
V8,12.813485145568848
V8,15.574331283569336
V8,12.12967300415039
V8,25.999624252319336
V8,11.734952926635742
V8,27.85915756225586
V8,11.302316665649414
V8,10.035933494567871
V8,11.68700122833252
V8,10.335575103759766
V8,7.740729808807373
V8,34.806392669677734
V8,18.51040267944336
V8,42.91356658935547
V8,10.660862922668457
V8,16.279565811157227
V8,12.797800064086914
V8,13.695577621459961
V8,7.147564888000488
V8,24.521053314208984
V8,31.59599494934082
V8,9.078482627868652
V8,36.64844512939453
V8,9.810450553894043
V8,9.57181167602539
V8,7.879329681396484
V8,13.187065124511719
V8,18.419300079345703
V8,13.89670181274414
V8,20.17011070251465
V8,81.33157348632812
V8,14.921396255493164
V8,27.344106674194336
V8,14.577774047851562
V8,16.18773651123047
V8,13.096189498901367
V8,12.567901611328125
V8,15.679393768310547
V8,24.867277145385742
V8,8.35197639465332
V8,13.335346221923828
V8,25.06361961364746
V8,13.819378852844238
V8,22.341230392456055
V8,5.337810516357422
V8,43.282283782958984
V8,34.23943328857422
V8,19.003076553344727
V8,23.36106300354004
V8,10.536311149597168
V8,10.007792472839355
V8,17.69391441345215
V8,12.965462684631348
V8,66.69429779052734
V8,30.173715591430664
V8,13.135604858398438
V8,21.85736656188965
V8,16.739765167236328
V8,9.70893383026123
V8,12.88605785369873
V8,19.13637924194336
V8,12.807339668273926
V8,26.888912200927734
V8,25.60338020324707
V8,9.887277603149414
V8,23.663158416748047
V8,12.661179542541504
V8,14.086609840393066
V8,10.349309921264648
V8,10.951916694641113
V8,11.249150276184082
V8,46.2218017578125
V8,13.549054145812988
V8,60.17987060546875
V8,15.083536148071289
V8,22.111804962158203
V8,28.649185180664062
V8,8.87949275970459
V8,9.03824520111084
V8,12.527708053588867
V8,9.733163833618164
V8,11.0889253616333
V8,12.179468154907227
V8,12.8909273147583
V8,15.838172912597656
V8,13.107202529907227
V8,17.36979103088379
V8,15.080583572387695
V8,21.49279022216797
V8,13.825111389160156
V8,12.350628852844238
V8,14.654157638549805
V8,8.170798301696777
V8,12.494617462158203
V8,20.51424789428711
V8,6.662677764892578
V8,34.744258880615234
V8,13.128840446472168
V8,10.389911651611328
V8,8.67597770690918
V8,15.27176284790039
V8,10.010641098022461
V8,44.90851974487305
V8,13.018826484680176
V8,13.521957397460938
V8,11.425494194030762
V8,12.207601547241211
V8,31.478403091430664
V8,11.022801399230957
V8,8.302008628845215
V8,11.93975830078125
V8,10.091339111328125
V8,39.268184661865234
V8,10.575701713562012
V8,8.259563446044922
V8,14.613877296447754
V8,65.3403549194336
V8,10.911396980285645
V8,7.4498748779296875
V8,23.953948974609375
V8,8.599505424499512
V8,15.139525413513184
V8,11.009700775146484
V8,14.293156623840332
V8,40.69538116455078
V8,10.661343574523926
V8,27.701580047607422
V8,49.02024459838867
V8,9.409743309020996
V8,10.49979305267334
V8,11.052412033081055
V8,25.353185653686523
V8,12.219789505004883
V8,13.08863639831543
V8,8.007120132446289
V8,19.948333740234375
V8,9.18542766571045
V8,13.066117286682129
V8,11.364893913269043
V8,7.497659683227539
V8,12.863712310791016
V8,16.93166732788086
V8,10.787095069885254
V8,17.226097106933594
V8,16.484153747558594
V8,23.7884521484375
V8,22.44524383544922
V8,46.80136489868164
V8,6.074250221252441
V8,11.161949157714844
V8,21.664363861083984
V8,31.607290267944336
V8,11.897061347961426
V8,11.892172813415527
V8,7.816452503204346
V8,6.639355182647705
V8,28.440547943115234
V8,20.851669311523438
V8,13.197270393371582
V8,9.270060539245605
V8,24.633607864379883
V8,12.824967384338379
V8,13.119138717651367
V8,26.419313430786133
V8,16.92086410522461
V8,13.332324981689453
V8,12.491191864013672
V8,18.452106475830078
V8,11.655415534973145
V8,12.172182083129883
V8,29.42673110961914
V8,11.036438941955566
V8,20.054147720336914
V8,11.66254711151123
V8,8.405155181884766
V8,9.937529563903809
V8,14.225287437438965
V8,33.078773498535156
V8,22.9293155670166
V8,18.861303329467773
V8,8.167242050170898
V8,7.787924766540527
V8,16.713218688964844
V8,21.971927642822266
V8,13.821310043334961
V8,22.649280548095703
V8,17.858972549438477
V8,51.21721649169922
V8,19.93598747253418
V8,12.228853225708008
V8,10.258484840393066
V8,10.479815483093262
V8,8.229316711425781
V8,14.699609756469727
V8,15.359139442443848
V8,21.513399124145508
V8,7.365110397338867
V8,9.222493171691895
V8,32.9003791809082
V8,9.388477325439453
V8,15.430074691772461
V8,25.956867218017578
V8,9.15461254119873
V8,9.551889419555664
V8,17.1822452545166
V8,6.55625057220459
V8,28.64867401123047
V8,9.72506046295166
V8,17.46677589416504
V8,23.823320388793945
V8,13.70154857635498
V8,12.740739822387695
V8,14.06520938873291
V8,25.40505599975586
V8,14.067893028259277
V8,25.796409606933594
V8,27.972448348999023
V8,8.765578269958496
V8,18.579959869384766
V8,15.941889762878418
V8,11.724286079406738
V8,15.667688369750977
V8,14.832035064697266
V8,11.84719467163086
V8,11.213258743286133
V8,26.55293846130371
V8,15.92155933380127
V8,16.190467834472656
V8,18.203907012939453
V8,8.0093994140625
V8,26.751693725585938
V8,23.768056869506836
V8,14.60995101928711
V8,7.788429260253906
V8,12.063868522644043
V8,15.449098587036133
V8,15.374770164489746
V8,10.432262420654297
V8,8.435054779052734
V8,10.602629661560059
V8,17.855365753173828
V8,12.281046867370605
V8,11.615097999572754
V8,16.502389907836914
V8,8.291380882263184
V8,9.471206665039062
V8,10.686511039733887
V8,7.9817047119140625
V8,10.419618606567383
V8,11.451996803283691
V8,25.667131423950195
V8,8.673169136047363
V8,13.797344207763672
V8,18.16620635986328
V8,19.102378845214844
V8,10.052577018737793
V8,14.275246620178223
V8,44.56083679199219
V8,14.924459457397461
V8,19.871143341064453
V8,15.61807918548584
V8,15.964813232421875
V8,13.13573932647705
V8,12.849422454833984
V8,24.763505935668945
V8,15.529802322387695
V8,60.86637878417969
V8,8.61876106262207
V8,19.19190216064453
V8,21.668331146240234
V8,12.928361892700195
V8,25.377084732055664
V8,20.405193328857422
V8,8.929158210754395
V8,11.785672187805176
V8,23.391876220703125
V8,7.280981063842773
V8,11.106205940246582
V8,6.571009635925293
V8,9.996524810791016
V8,12.835902214050293
V8,15.509622573852539
V8,21.674407958984375
V8,11.667698860168457
V8,12.200154304504395
V8,15.274069786071777
V8,22.97617530822754
V8,13.045647621154785
V8,14.002836227416992
V8,16.744234085083008
V8,18.802288055419922
V8,31.200517654418945
V8,16.260086059570312
V8,10.038519859313965
V8,15.69588851928711
V8,11.694198608398438
V8,8.271393775939941
V8,9.833212852478027
V8,22.93381118774414
V8,26.49945640563965
V8,13.671830177307129
V8,59.20231246948242
V8,13.60877799987793
V8,20.059925079345703
V8,10.24392032623291
V8,7.990824222564697
V8,4.568789482116699
V8,20.436418533325195
V8,19.7657413482666
V8,24.043081283569336
V8,12.579259872436523
V8,18.401317596435547
V8,11.887829780578613
V8,23.31002426147461
V8,18.574899673461914
V8,7.656962871551514
V8,18.027206420898438
V8,19.520715713500977
V8,13.598410606384277
V8,27.080347061157227
V8,20.08061408996582
V8,31.029775619506836
V8,12.838346481323242
V8,6.687005996704102
V8,16.96894073486328
V8,27.117794036865234
V8,16.095975875854492
V8,10.703458786010742
V8,19.879993438720703
V8,28.036890029907227
V8,12.295408248901367
V8,22.45534896850586
V8,13.452624320983887
V8,10.207196235656738
V8,14.281726837158203
V8,38.0062370300293
V8,7.6104044914245605
V8,10.425300598144531
V8,7.777863025665283
V8,16.062118530273438
V8,21.732439041137695
V8,15.31449031829834
V8,48.2088508605957
V8,45.38348388671875
V8,12.117071151733398
V8,7.006222724914551
V8,11.652913093566895
V8,20.336214065551758
V8,13.944498062133789
V8,8.221894264221191
V8,8.495972633361816
V8,16.812225341796875
V8,26.06075096130371
V8,11.14012336730957
V8,23.213077545166016
V8,7.410447597503662
V8,15.919604301452637
V8,11.775535583496094
V8,11.631099700927734
V8,12.774206161499023
V8,9.378087043762207
V8,11.652778625488281
V8,15.706818580627441
V8,15.02553939819336
V8,9.49632740020752
V8,37.06455993652344
V8,14.7679443359375
V8,35.099853515625
V8,9.182666778564453
V8,39.65571594238281
V8,8.776775360107422
V8,32.55963134765625
V8,14.844144821166992
V8,5.892986297607422
V8,9.076622009277344
V8,7.228489398956299
V8,11.28016471862793
V8,7.404910564422607
V8,23.898530960083008
V8,25.296987533569336
V8,13.006784439086914
V8,15.84003734588623
V8,13.618978500366211
V8,18.362211227416992
V8,30.808645248413086
V8,12.724020004272461
V8,16.660972595214844
V8,13.029601097106934
V8,21.279569625854492
V8,8.788742065429688
V8,12.236590385437012
V8,11.956485748291016
V8,11.183416366577148
V8,10.701013565063477
V8,13.592788696289062
V8,10.934844970703125
V8,13.01717472076416
V8,25.868881225585938
V8,14.323847770690918
V8,6.433248043060303
V8,6.470114707946777
V8,19.7900447845459
V8,49.340728759765625
V8,15.588215827941895
V8,31.424564361572266
V8,11.68457317352295
V8,8.899581909179688
V8,12.971183776855469
V8,11.0425386428833
V8,27.015113830566406
V8,7.29183292388916
V8,10.362873077392578
V8,10.147822380065918
V8,13.27625846862793
V8,20.565387725830078
V8,15.912817001342773
V8,29.295639038085938
V8,17.283754348754883
V8,19.033666610717773
V8,14.804448127746582
V8,14.262887001037598
V8,17.502910614013672
V8,14.010159492492676
V8,37.24015808105469
V8,9.16923999786377
V8,12.264177322387695
V8,10.157722473144531
V8,7.195383548736572
V8,19.898805618286133
V8,8.753580093383789
V8,10.754768371582031
V8,8.402398109436035
V8,21.19882583618164
V8,14.259074211120605
V8,62.73700714111328
V8,9.681578636169434
V8,12.312187194824219
V8,11.243371963500977
V8,12.793652534484863
V8,12.090784072875977
V8,7.311100006103516
V8,11.209568977355957
V8,18.560571670532227
V8,9.574295997619629
V8,13.371411323547363
V8,41.1278190612793
V8,14.302587509155273
V8,9.665461540222168
V8,20.24348258972168
V8,16.4595947265625
V8,33.30609893798828
V8,8.148253440856934
V8,12.465807914733887
V8,14.720590591430664
V8,10.119114875793457
V8,7.294496536254883
V8,8.662836074829102
V8,32.34526824951172
V8,18.76972198486328
V8,9.40249252319336
V8,13.892890930175781
V8,16.123804092407227
V8,15.959683418273926
V8,6.690816879272461
V8,7.543140888214111
V8,14.84463882446289
V8,19.477693557739258
V8,9.159075736999512
V8,8.82826042175293
V8,9.067048072814941
V8,12.113377571105957
V8,9.258710861206055
V8,12.93779182434082
V8,10.47962760925293
V8,11.570878982543945
V8,7.535305976867676
V8,8.760758399963379
V8,8.742375373840332
V8,9.419597625732422
V8,9.983473777770996
V8,14.199846267700195
V8,21.834827423095703
V8,25.65263557434082
V8,16.130443572998047
V8,11.138550758361816
V8,16.087684631347656
V8,7.999589920043945
V8,13.504522323608398
V8,19.414852142333984
V8,37.68960189819336
V8,26.215869903564453
V8,19.032190322875977
V8,16.916311264038086
V8,15.785558700561523
V8,10.510825157165527
V8,11.279692649841309
V8,15.031927108764648
V8,13.788978576660156
V8,16.91153335571289
V8,22.10465431213379
V8,13.933510780334473
V8,20.239120483398438
V8,23.1834716796875
V8,13.29224967956543
V8,10.545178413391113
V8,20.21390151977539
V8,13.625431060791016
V8,12.284305572509766
V8,18.437686920166016
V8,14.911991119384766
V8,13.857430458068848
V8,7.009861469268799
V8,7.931176662445068
V8,14.07174301147461
V8,16.99425506591797
V8,10.950963973999023
V8,10.886489868164062
V8,18.390722274780273
V8,21.34099006652832
V8,17.39603614807129
V8,9.663590431213379
V8,9.828272819519043
V8,17.759531021118164
V8,14.64759635925293
V8,12.12733268737793
V8,16.247177124023438
V8,24.57610321044922
V8,13.584518432617188
V8,10.091495513916016
V8,30.273880004882812
V8,8.741679191589355
V8,9.830793380737305
V8,8.788652420043945
V8,18.663177490234375
V8,8.997764587402344
V8,19.782052993774414
V8,12.383636474609375
V8,14.0601224899292
V8,12.723709106445312
V8,17.335153579711914
V8,16.354528427124023
V8,13.062416076660156
V8,18.164794921875
V8,13.585375785827637
V8,15.399560928344727
V8,12.148333549499512
V8,8.930279731750488
V8,21.862035751342773
V8,19.32883071899414
V8,12.389764785766602
V8,27.333309173583984
V8,11.275222778320312
V8,14.389131546020508
V8,20.571481704711914
V8,10.601348876953125
V8,12.42478084564209
V8,10.675971984863281
V8,11.112214088439941
V8,10.140105247497559
V8,9.959806442260742
V8,8.97101879119873
V8,12.98373031616211
V8,22.67673683166504
V8,69.60538482666016
V8,25.527639389038086
V8,9.144001960754395
V8,11.976316452026367
V8,12.065601348876953
V8,13.812686920166016
V8,9.745780944824219
V8,13.138174057006836
V8,20.0360050201416
V8,28.227083206176758
V8,19.42142677307129
V8,9.876930236816406
V8,15.194907188415527
V8,49.70635223388672
V8,11.488112449645996
V8,19.067869186401367
V8,9.992137908935547
V8,19.59833335876465
V8,14.653552055358887
V8,10.09658145904541
V8,88.45494079589844
V8,10.603185653686523
V8,18.310636520385742
V8,15.834030151367188
V8,16.120864868164062
V8,11.946590423583984
V8,8.162961959838867
V8,8.772701263427734
V8,15.204195022583008
V8,18.685331344604492
V8,10.08338451385498
V8,19.01998519897461
V8,18.17144203186035
V8,18.1363582611084
V8,11.640192031860352
V8,25.64794921875
V8,28.27019500732422
V8,7.916660308837891
V8,17.56110191345215
V8,9.895329475402832
V8,12.899266242980957
V8,11.69975757598877
V8,14.155046463012695
V8,14.121086120605469
V8,9.207693099975586
V8,34.13932418823242
V8,24.610919952392578
V8,73.2978286743164
V8,10.439238548278809
V8,23.886974334716797
V8,13.314898490905762
V8,12.125072479248047
V8,14.45425033569336
V8,11.520116806030273
V8,11.156355857849121
V8,63.288673400878906
V8,13.82654094696045
V8,10.015865325927734
V8,16.467235565185547
V8,16.244050979614258
V8,14.331547737121582
V8,14.459434509277344
V8,16.379711151123047
V8,15.401630401611328
V8,19.250106811523438
V8,37.65005874633789
V8,16.106407165527344
V8,16.023487091064453
V8,17.68617057800293
V8,25.97079849243164
V8,11.060157775878906
V8,12.236541748046875
V8,23.905174255371094
V8,6.63746452331543
V8,16.3262939453125
V8,19.852296829223633
V8,7.402287006378174
V8,15.688905715942383
V8,13.100227355957031
V8,9.469878196716309
V8,19.248210906982422
V8,11.700363159179688
V8,15.701505661010742
V8,10.256816864013672
V8,9.086596488952637
V8,10.906506538391113
V8,18.013219833374023
V8,10.024031639099121
V8,14.332720756530762
V8,14.720562934875488
V8,14.420032501220703
V8,10.23725414276123
V8,69.04432678222656
V8,65.9449462890625
V8,11.039667129516602
V8,47.56887435913086
V8,11.152914047241211
V8,8.4055757522583
V8,14.702960014343262
V8,11.376429557800293
V8,10.576277732849121
V8,22.23963165283203
V8,14.218393325805664
V8,16.160017013549805
V8,35.14188003540039
V8,13.844991683959961
V8,28.05833625793457
V8,9.214072227478027
V8,9.033461570739746
V8,9.782431602478027
V8,8.694272994995117
V8,26.431753158569336
V8,13.088907241821289
V8,12.765507698059082
V8,15.118000030517578
V8,17.95580291748047
V8,16.107208251953125
V8,23.527082443237305
V8,10.473466873168945
V8,69.03668975830078
V8,65.82240295410156
V8,14.709431648254395
V8,7.801949501037598
V8,7.536243438720703
V8,16.885805130004883
V8,11.182536125183105
V8,20.085596084594727
V8,15.544539451599121
V8,30.42027473449707
V8,34.90180206298828
V8,14.97544002532959
V8,13.397052764892578
V8,14.398996353149414
V8,12.429685592651367
V8,12.613883018493652
V8,33.18532180786133
V8,8.864013671875
V8,9.429420471191406
V8,28.929277420043945
V8,5.394267559051514
V8,7.887720584869385
V8,15.501931190490723
V8,9.428815841674805
V8,15.61713981628418
V8,10.577338218688965
V8,7.634117603302002
V8,15.896093368530273
V8,10.320183753967285
V8,8.624000549316406
V8,15.756972312927246
V8,9.874759674072266
V8,14.587079048156738
V8,18.314680099487305
V8,10.822054862976074
V8,19.77424430847168
V8,50.87665939331055
V8,9.741019248962402
V8,14.17721939086914
V8,13.05428409576416
V8,15.9863920211792
V8,15.49399471282959
V8,18.16006088256836
V8,16.847139358520508
V8,22.37095069885254
V8,10.925641059875488
V8,10.47491455078125
V8,18.31692886352539
V8,9.229756355285645
V8,26.091222763061523
V8,13.450084686279297
V8,13.881692886352539
V8,10.588346481323242
V8,14.932652473449707
inline-4,13.801424980163574
inline-4,10.40259075164795
inline-4,11.626169204711914
inline-4,25.75214385986328
inline-4,21.0738468170166
inline-4,23.216161727905273
inline-4,47.15657424926758
inline-4,30.62786102294922
inline-4,22.60628318786621
inline-4,10.11658763885498
inline-4,35.39738082885742
inline-4,15.009169578552246
inline-4,9.599292755126953
inline-4,15.866016387939453
inline-4,11.63369083404541
inline-4,26.249996185302734
inline-4,9.632147789001465
inline-4,10.24351692199707
inline-4,10.270674705505371
inline-4,34.279510498046875
inline-4,13.025343894958496
inline-4,10.858807563781738
inline-4,14.783356666564941
inline-4,12.29991340637207
inline-4,9.40234661102295
inline-4,81.55511474609375
inline-4,7.150638580322266
inline-4,17.375349044799805
inline-4,24.565353393554688
inline-4,10.84456729888916
inline-4,8.456562995910645
inline-4,9.20269775390625
inline-4,13.918951988220215
inline-4,18.710481643676758
inline-4,19.683515548706055
inline-4,14.605483055114746
inline-4,64.81502532958984
inline-4,10.629916191101074
inline-4,30.490297317504883
inline-4,10.967418670654297
inline-4,10.271727561950684
inline-4,14.564701080322266
inline-4,9.08242130279541
inline-4,25.815141677856445
inline-4,24.396604537963867
inline-4,34.441341400146484
inline-4,8.337693214416504
inline-4,10.435808181762695
inline-4,16.072729110717773
inline-4,31.400306701660156
inline-4,9.984359741210938
inline-4,21.781354904174805
inline-4,24.27593421936035
inline-4,7.43392276763916
inline-4,12.48005485534668
inline-4,19.949934005737305
inline-4,21.815353393554688
inline-4,54.119544982910156
inline-4,12.205130577087402
inline-4,48.22504425048828
inline-4,13.638978958129883
inline-4,7.800389766693115
inline-4,17.108427047729492
inline-4,20.676563262939453
inline-4,10.494694709777832
inline-4,8.66263198852539
inline-4,12.028179168701172
inline-4,15.100481986999512
inline-4,20.245574951171875
inline-4,5.771799564361572
inline-4,28.95821762084961
inline-4,11.549219131469727
inline-4,15.724267959594727
inline-4,6.859983444213867
inline-4,17.358266830444336
inline-4,17.144481658935547
inline-4,10.286846160888672
inline-4,22.615253448486328
inline-4,36.99925231933594
inline-4,11.108864784240723
inline-4,10.143228530883789
inline-4,6.84085750579834
inline-4,9.961604118347168
inline-4,7.612183094024658
inline-4,9.120203018188477
inline-4,16.21384620666504
inline-4,10.206425666809082
inline-4,12.478033065795898
inline-4,19.75599479675293
inline-4,10.552509307861328
inline-4,16.266597747802734
inline-4,11.802597999572754
inline-4,8.95795726776123
inline-4,12.24301815032959
inline-4,20.636260986328125
inline-4,56.548255920410156
inline-4,10.952024459838867
inline-4,11.749351501464844
inline-4,9.961288452148438
inline-4,12.283502578735352
inline-4,11.50572681427002
inline-4,17.514307022094727
inline-4,17.10703468322754
inline-4,64.14555358886719
inline-4,10.34288215637207
inline-4,32.34419250488281
inline-4,61.82406234741211
inline-4,12.855364799499512
inline-4,8.023846626281738
inline-4,12.061074256896973
inline-4,20.58894920349121
inline-4,11.259211540222168
inline-4,13.891838073730469
inline-4,18.328725814819336
inline-4,7.089223384857178
inline-4,22.009166717529297
inline-4,8.362432479858398
inline-4,73.74681854248047
inline-4,24.571931838989258
inline-4,10.103903770446777
inline-4,8.164453506469727
inline-4,38.79868698120117
inline-4,16.146377563476562
inline-4,11.615216255187988
inline-4,28.08085823059082
inline-4,7.784975528717041
inline-4,7.613343238830566
inline-4,12.000041961669922
inline-4,11.591734886169434
inline-4,12.910887718200684
inline-4,27.27796745300293
inline-4,44.3314208984375
inline-4,9.982941627502441
inline-4,83.92975616455078
inline-4,11.352338790893555
inline-4,15.55133056640625
inline-4,47.6865234375
inline-4,21.353343963623047
inline-4,8.037341117858887
inline-4,11.046853065490723
inline-4,9.968511581420898
inline-4,18.385244369506836
inline-4,10.294015884399414
inline-4,26.999284744262695
inline-4,27.48459815979004
inline-4,19.306058883666992
inline-4,22.593849182128906
inline-4,12.469510078430176
inline-4,10.756305694580078
inline-4,11.873880386352539
inline-4,25.045644760131836
inline-4,13.670674324035645
inline-4,6.778038024902344
inline-4,23.595582962036133
inline-4,7.661318778991699
inline-4,20.51458740234375
inline-4,22.155376434326172
inline-4,13.77810001373291
inline-4,21.950551986694336
inline-4,20.94687843322754
inline-4,15.114870071411133
inline-4,14.832342147827148
inline-4,12.536805152893066
inline-4,11.110690116882324
inline-4,10.951088905334473
inline-4,8.252120018005371
inline-4,45.38157653808594
inline-4,57.8486442565918
inline-4,8.592491149902344
inline-4,14.319263458251953
inline-4,11.923338890075684
inline-4,24.285295486450195
inline-4,22.356435775756836
inline-4,22.73240852355957
inline-4,7.218521595001221
inline-4,15.658404350280762
inline-4,14.826377868652344
inline-4,16.64263153076172
inline-4,24.204391479492188
inline-4,16.232534408569336
inline-4,70.41189575195312
inline-4,8.807318687438965
inline-4,14.39498519897461
inline-4,12.009302139282227
inline-4,22.449188232421875
inline-4,20.581491470336914
inline-4,7.260932922363281
inline-4,68.46161651611328
inline-4,18.13640022277832
inline-4,17.266469955444336
inline-4,51.36115646362305
inline-4,8.848264694213867
inline-4,7.777937889099121
inline-4,79.17058563232422
inline-4,11.736665725708008
inline-4,11.585290908813477
inline-4,6.918661117553711
inline-4,18.072847366333008
inline-4,30.121566772460938
inline-4,22.490907669067383
inline-4,24.972415924072266
inline-4,28.068580627441406
inline-4,25.787790298461914
inline-4,7.938796043395996
inline-4,16.91938591003418
inline-4,17.25425910949707
inline-4,10.97594165802002
inline-4,7.934072017669678
inline-4,15.452021598815918
inline-4,47.36014175415039
inline-4,10.619914054870605
inline-4,42.25932312011719
inline-4,51.159629821777344
inline-4,8.768266677856445
inline-4,8.128640174865723
inline-4,14.448379516601562
inline-4,10.16848373413086
inline-4,7.268656253814697
inline-4,22.844701766967773
inline-4,11.766362190246582
inline-4,50.538265228271484
inline-4,24.7857608795166
inline-4,14.691787719726562
inline-4,27.406522750854492
inline-4,11.133793830871582
inline-4,8.962737083435059
inline-4,22.212692260742188
inline-4,8.84557819366455
inline-4,58.869041442871094
inline-4,13.779519081115723
inline-4,43.9447021484375
inline-4,30.793987274169922
inline-4,7.199934959411621
inline-4,18.950071334838867
inline-4,23.304758071899414
inline-4,20.395015716552734
inline-4,74.80181884765625
inline-4,17.067691802978516
inline-4,13.083070755004883
inline-4,6.774738788604736
inline-4,11.955660820007324
inline-4,9.35634994506836
inline-4,15.51765251159668
inline-4,40.07785415649414
inline-4,7.556085109710693
inline-4,12.48601245880127
inline-4,29.085979461669922
inline-4,12.61181926727295
inline-4,15.120160102844238
inline-4,7.241858005523682
inline-4,14.025527000427246
inline-4,12.4779691696167
inline-4,15.33348560333252
inline-4,15.72275447845459
inline-4,13.141583442687988
inline-4,13.979487419128418
inline-4,19.221891403198242
inline-4,66.34431457519531
inline-4,18.668672561645508
inline-4,8.798370361328125
inline-4,20.682558059692383
inline-4,10.41357421875
inline-4,26.67361068725586
inline-4,17.530616760253906
inline-4,10.812301635742188
inline-4,21.037336349487305
inline-4,11.614063262939453
inline-4,29.008434295654297
inline-4,10.89158821105957
inline-4,14.789779663085938
inline-4,13.522147178649902
inline-4,21.68450164794922
inline-4,11.426838874816895
inline-4,8.044933319091797
inline-4,13.622879028320312
inline-4,11.315308570861816
inline-4,8.082426071166992
inline-4,12.770483016967773
inline-4,19.807085037231445
inline-4,34.988101959228516
inline-4,56.31938934326172
inline-4,9.90653133392334
inline-4,19.566755294799805
inline-4,23.644559860229492
inline-4,52.77610397338867
inline-4,11.401247024536133
inline-4,21.082763671875
inline-4,9.7499361038208
inline-4,8.213412284851074
inline-4,30.79107093811035
inline-4,14.357118606567383
inline-4,9.655102729797363
inline-4,14.935661315917969
inline-4,24.706192016601562
inline-4,29.25328254699707
inline-4,7.203013896942139
inline-4,11.668070793151855
inline-4,15.809868812561035
inline-4,34.801551818847656
inline-4,18.145845413208008
inline-4,44.87876510620117
inline-4,16.757600784301758
inline-4,12.088664054870605
inline-4,11.782478332519531
inline-4,45.0078239440918
inline-4,16.588851928710938
inline-4,22.285749435424805
inline-4,54.18103790283203
inline-4,14.1109619140625
inline-4,8.692398071289062
inline-4,9.15158462524414
inline-4,11.199339866638184
inline-4,21.127464294433594
inline-4,13.138955116271973
inline-4,13.568151473999023
inline-4,39.77924728393555
inline-4,6.906630039215088
inline-4,14.269220352172852
inline-4,12.413156509399414
inline-4,24.32427406311035
inline-4,11.977797508239746
inline-4,84.07998657226562
inline-4,34.37883758544922
inline-4,6.241270065307617
inline-4,14.170037269592285
inline-4,6.467416763305664
inline-4,9.06834888458252
inline-4,10.997820854187012
inline-4,12.207715034484863
inline-4,22.331201553344727
inline-4,22.523292541503906
inline-4,17.576194763183594
inline-4,9.304024696350098
inline-4,23.632293701171875
inline-4,21.60094451904297
inline-4,10.97854232788086
inline-4,16.14862632751465
inline-4,35.27885055541992
inline-4,12.447744369506836
inline-4,13.831855773925781
inline-4,22.215131759643555
inline-4,22.244089126586914
inline-4,52.063846588134766
inline-4,12.953386306762695
inline-4,21.589345932006836
inline-4,20.396474838256836
inline-4,14.198022842407227
inline-4,6.873750686645508
inline-4,12.86691665649414
inline-4,7.913783073425293
inline-4,11.542752265930176
inline-4,11.66857624053955
inline-4,50.96731185913086
inline-4,15.582228660583496
inline-4,10.484246253967285
inline-4,8.716769218444824
inline-4,10.25978946685791
inline-4,7.496246814727783
inline-4,8.906730651855469
inline-4,5.362021446228027
inline-4,21.59139633178711
inline-4,12.11768913269043
inline-4,13.13587474822998
inline-4,22.308622360229492
inline-4,54.94522476196289
inline-4,17.5472412109375
inline-4,19.07802963256836
inline-4,22.226194381713867
inline-4,46.918575286865234
inline-4,12.159493446350098
inline-4,7.508147239685059
inline-4,7.242860317230225
inline-4,14.747861862182617
inline-4,12.210524559020996
inline-4,14.860771179199219
inline-4,16.038005828857422
inline-4,6.671796798706055
inline-4,17.037565231323242
inline-4,8.612560272216797
inline-4,84.91666412353516
inline-4,35.81465530395508
inline-4,10.400813102722168
inline-4,13.955732345581055
inline-4,9.219594955444336
inline-4,17.7769775390625
inline-4,17.320039749145508
inline-4,14.618491172790527
inline-4,70.84607696533203
inline-4,17.227582931518555
inline-4,10.134245872497559
inline-4,7.856128215789795
inline-4,12.738896369934082
inline-4,19.84103012084961
inline-4,8.855721473693848
inline-4,10.465780258178711
inline-4,21.138233184814453
inline-4,66.94345092773438
inline-4,16.52455711364746
inline-4,9.09835147857666
inline-4,9.609936714172363
inline-4,16.039291381835938
inline-4,23.436342239379883
inline-4,13.487180709838867
inline-4,14.1583833694458
inline-4,12.554931640625
inline-4,18.847745895385742
inline-4,58.69104766845703
inline-4,12.483626365661621
inline-4,8.951506614685059
inline-4,17.358074188232422
inline-4,51.42714309692383
inline-4,10.758574485778809
inline-4,20.78481101989746
inline-4,74.01128387451172
inline-4,15.709188461303711
inline-4,26.204681396484375
inline-4,13.009378433227539
inline-4,40.36668014526367
inline-4,8.873007774353027
inline-4,12.1231050491333
inline-4,13.836454391479492
inline-4,32.72240447998047
inline-4,22.6999454498291
inline-4,18.3162784576416
inline-4,14.394791603088379
inline-4,16.633520126342773
inline-4,12.302013397216797
inline-4,22.020401000976562
inline-4,28.57149887084961
inline-4,69.15510559082031
inline-4,8.371233940124512
inline-4,26.90381622314453
inline-4,49.934593200683594
inline-4,69.05323791503906
inline-4,50.5389404296875
inline-4,45.12151336669922
inline-4,23.497360229492188
inline-4,7.4865288734436035
inline-4,6.772654056549072
inline-4,10.390745162963867
inline-4,16.248458862304688
inline-4,50.06017303466797
inline-4,13.687469482421875
inline-4,37.770652770996094
inline-4,12.307045936584473
inline-4,12.980659484863281
inline-4,14.732935905456543
inline-4,25.9110050201416
inline-4,14.276132583618164
inline-4,22.164331436157227
inline-4,12.885337829589844
inline-4,33.029151916503906
inline-4,9.403935432434082
inline-4,14.067233085632324
inline-4,11.977765083312988
inline-4,6.889285087585449
inline-4,12.873617172241211
inline-4,13.807478904724121
inline-4,8.874557495117188
inline-4,74.70915985107422
inline-4,17.535615921020508
inline-4,8.451638221740723
inline-4,11.628270149230957
inline-4,10.315302848815918
inline-4,15.269050598144531
inline-4,43.20722198486328
inline-4,7.412750244140625
inline-4,8.129582405090332
inline-4,12.360555648803711
inline-4,20.357282638549805
inline-4,13.028131484985352
inline-4,59.526031494140625
inline-4,16.1600399017334
inline-4,60.699859619140625
inline-4,17.611331939697266
inline-4,6.892500877380371
inline-4,12.110788345336914
inline-4,15.721304893493652
inline-4,9.223409652709961
inline-4,16.474750518798828
inline-4,11.889968872070312
inline-4,10.977447509765625
inline-4,14.650836944580078
inline-4,17.36646270751953
inline-4,23.471385955810547
inline-4,63.12846374511719
inline-4,37.184383392333984
inline-4,19.31804656982422
inline-4,22.818281173706055
inline-4,39.947078704833984
inline-4,65.90831756591797
inline-4,25.434423446655273
inline-4,41.95265579223633
inline-4,15.378209114074707
inline-4,11.192358016967773
inline-4,19.71158218383789
inline-4,10.460082054138184
inline-4,39.52130126953125
inline-4,13.765403747558594
inline-4,12.239957809448242
inline-4,60.00403594970703
inline-4,11.073803901672363
inline-4,16.241731643676758
inline-4,42.838951110839844
inline-4,42.6656379699707
inline-4,17.98699378967285
inline-4,11.41502571105957
inline-4,20.118953704833984
inline-4,13.056022644042969
inline-4,27.039554595947266
inline-4,37.00667190551758
inline-4,9.038702011108398
inline-4,10.644587516784668
inline-4,11.900870323181152
inline-4,15.209442138671875
inline-4,12.070876121520996
inline-4,24.44918441772461
inline-4,9.502989768981934
inline-4,45.731754302978516
inline-4,9.435256004333496
inline-4,9.821468353271484
inline-4,13.364705085754395
inline-4,7.980597496032715
inline-4,9.99825668334961
inline-4,27.696950912475586
inline-4,6.817651748657227
inline-4,13.232168197631836
inline-4,11.481715202331543
inline-4,8.587483406066895
inline-4,26.315237045288086
inline-4,10.529510498046875
inline-4,18.62109375
inline-4,58.38069534301758
inline-4,12.951375007629395
inline-4,27.557222366333008
inline-4,13.97230339050293
inline-4,7.2064714431762695
inline-4,27.354721069335938
inline-4,18.71885871887207
inline-4,8.509139060974121
inline-4,19.11945343017578
inline-4,5.1345014572143555
inline-4,20.32930564880371
inline-4,13.290928840637207
inline-4,11.786892890930176
inline-4,6.029581546783447
inline-4,10.811118125915527
inline-4,13.932333946228027
inline-4,7.817883491516113
inline-4,7.441943168640137
inline-4,21.06781578063965
inline-4,6.252317905426025
inline-4,48.4788818359375
inline-4,17.432085037231445
inline-4,14.015772819519043
inline-4,58.1840705871582
inline-4,21.41797637939453
inline-4,11.941474914550781
inline-4,18.94618034362793
inline-4,26.387250900268555
inline-4,11.641697883605957
inline-4,26.961639404296875
inline-4,12.935503005981445
inline-4,30.79438018798828
inline-4,37.31399917602539
inline-4,21.155899047851562
inline-4,14.228622436523438
inline-4,27.156339645385742
inline-4,9.127483367919922
inline-4,21.376338958740234
inline-4,11.489347457885742
inline-4,17.672306060791016
inline-4,68.25458526611328
inline-4,19.404699325561523
inline-4,57.27920150756836
inline-4,21.97599983215332
inline-4,10.54370403289795
inline-4,22.73958396911621
inline-4,66.06211853027344
inline-4,22.834644317626953
inline-4,18.192861557006836
inline-4,13.01749324798584
inline-4,44.491294860839844
inline-4,10.462828636169434
inline-4,14.21733570098877
inline-4,11.419096946716309
inline-4,69.27134704589844
inline-4,42.60258483886719
inline-4,15.528372764587402
inline-4,9.699310302734375
inline-4,18.330432891845703
inline-4,6.601082801818848
inline-4,66.45723724365234
inline-4,19.621768951416016
inline-4,12.913883209228516
inline-4,9.875636100769043
inline-4,12.50529956817627
inline-4,6.135744094848633
inline-4,25.91284942626953
inline-4,22.59771728515625
inline-4,26.098007202148438
inline-4,12.40233325958252
inline-4,68.64089965820312
inline-4,11.900224685668945
inline-4,22.328521728515625
inline-4,34.37967300415039
inline-4,26.08220672607422
inline-4,32.22406005859375
inline-4,14.296061515808105
inline-4,15.291003227233887
inline-4,73.511962890625
inline-4,12.938264846801758
inline-4,11.329258918762207
inline-4,8.192948341369629
inline-4,9.743037223815918
inline-4,10.558735847473145
inline-4,14.856975555419922
inline-4,10.2329683303833
inline-4,18.961101531982422
inline-4,12.410582542419434
inline-4,7.539211750030518
inline-4,67.37137603759766
inline-4,7.576756477355957
inline-4,11.752537727355957
inline-4,10.769399642944336
inline-4,16.45585823059082
inline-4,8.95576286315918
inline-4,12.669450759887695
inline-4,9.772073745727539
inline-4,27.381406784057617
inline-4,29.405424118041992
inline-4,10.518535614013672
inline-4,15.989615440368652
inline-4,13.666975021362305
inline-4,46.91146469116211
inline-4,47.01663589477539
inline-4,18.86201286315918
inline-4,52.16447448730469
inline-4,9.598719596862793
inline-4,72.51171112060547
inline-4,10.990872383117676
inline-4,14.96188735961914
inline-4,11.55552864074707
inline-4,11.589252471923828
inline-4,74.74223327636719
inline-4,48.83214569091797
inline-4,14.394105911254883
inline-4,19.840225219726562
inline-4,15.059369087219238
inline-4,18.19563865661621
inline-4,13.14557933807373
inline-4,28.822280883789062
inline-4,23.26531219482422
inline-4,17.41507911682129
inline-4,13.949853897094727
inline-4,87.22372436523438
inline-4,8.389932632446289
inline-4,14.596879959106445
inline-4,28.648956298828125
inline-4,7.442891597747803
inline-4,21.564123153686523
inline-4,17.21669578552246
inline-4,10.352635383605957
inline-4,20.054418563842773
inline-4,10.947745323181152
inline-4,7.116979122161865
inline-4,59.61728286743164
inline-4,21.635316848754883
inline-4,11.7029390335083
inline-4,12.260672569274902
inline-4,16.67352294921875
inline-4,11.285139083862305
inline-4,9.689697265625
inline-4,10.681057929992676
inline-4,16.194902420043945
inline-4,12.101604461669922
inline-4,14.707036018371582
inline-4,8.845666885375977
inline-4,14.187729835510254
inline-4,18.339508056640625
inline-4,8.789680480957031
inline-4,8.745790481567383
inline-4,64.94169616699219
inline-4,7.789865493774414
inline-4,11.335880279541016
inline-4,63.52679443359375
inline-4,7.891974925994873
inline-4,12.907051086425781
inline-4,12.488333702087402
inline-4,10.998018264770508
inline-4,16.51959800720215
inline-4,13.879828453063965
inline-4,17.733131408691406
inline-4,13.37677001953125
inline-4,18.87828254699707
inline-4,38.01784896850586
inline-4,62.76429748535156
inline-4,8.679666519165039
inline-4,13.051985740661621
inline-4,13.044543266296387
inline-4,15.423925399780273
inline-4,16.46787452697754
inline-4,7.566077709197998
inline-4,23.320920944213867
inline-4,9.115527153015137
inline-4,46.70583724975586
inline-4,19.29248046875
inline-4,14.298965454101562
inline-4,10.677225112915039
inline-4,25.03890037536621
inline-4,45.11941909790039
inline-4,34.987098693847656
inline-4,39.365692138671875
inline-4,21.291017532348633
inline-4,12.583696365356445
inline-4,10.713181495666504
inline-4,16.981035232543945
inline-4,22.389766693115234
inline-4,7.983917713165283
inline-4,7.240123748779297
inline-4,14.740614891052246
inline-4,13.936829566955566
inline-4,11.433233261108398
inline-4,13.24561882019043
inline-4,21.81667709350586
inline-4,25.76708984375
inline-4,11.620185852050781
inline-4,14.431303024291992
inline-4,48.14126205444336
inline-4,18.56791877746582
inline-4,8.673622131347656
inline-4,8.466009140014648
inline-4,15.599420547485352
inline-4,8.314935684204102
inline-4,34.20490264892578
inline-4,12.583571434020996
inline-4,23.38182830810547
inline-4,13.879956245422363
inline-4,6.292795658111572
inline-4,26.746065139770508
inline-4,10.314349174499512
inline-4,8.141937255859375
inline-4,10.396953582763672
inline-4,19.131868362426758
inline-4,15.371538162231445
inline-4,15.21507740020752
inline-4,9.674121856689453
inline-4,29.891666412353516
inline-4,23.30013084411621
inline-4,16.58711814880371
inline-4,16.592620849609375
inline-4,19.569704055786133
inline-4,32.097076416015625
inline-4,12.036993026733398
inline-4,9.043766021728516
inline-4,9.983749389648438
inline-4,10.45067310333252
inline-4,22.897247314453125
inline-4,25.673391342163086
inline-4,5.796976089477539
inline-4,25.188709259033203
inline-4,11.681065559387207
inline-4,10.089137077331543
inline-4,9.605578422546387
inline-4,27.271825790405273
inline-4,15.4011812210083
inline-4,45.61516571044922
inline-4,13.928049087524414
inline-4,10.939614295959473
inline-4,9.115570068359375
inline-4,14.941980361938477
inline-4,8.67735767364502
inline-4,56.45050811767578
inline-4,27.547954559326172
inline-4,28.01361656188965
inline-4,18.687654495239258
inline-4,31.47864532470703
inline-4,25.045927047729492
inline-4,15.712820053100586
inline-4,10.396574974060059
inline-4,10.453139305114746
inline-4,15.622023582458496
inline-4,48.417293548583984
inline-4,16.100114822387695
inline-4,61.5621452331543
inline-4,12.843324661254883
inline-4,11.582314491271973
inline-4,58.73195266723633
inline-4,39.074161529541016
inline-4,12.00759506225586
inline-4,17.081789016723633
inline-4,17.817312240600586
inline-4,21.614744186401367
inline-4,39.080413818359375
inline-4,13.942060470581055
inline-4,11.184155464172363
inline-4,13.7384672164917
inline-4,21.801803588867188
inline-4,8.296401023864746
inline-4,17.25284194946289
inline-4,9.130561828613281
inline-4,10.74050235748291
inline-4,25.19792938232422
inline-4,31.36868667602539
inline-4,13.521475791931152
inline-4,57.823116302490234
inline-4,26.63300323486328
inline-4,20.14639663696289
inline-4,11.726588249206543
inline-4,45.115264892578125
inline-4,11.474438667297363
inline-4,18.825490951538086
inline-4,49.69967269897461
inline-4,20.767780303955078
inline-4,13.571847915649414
inline-4,42.776878356933594
inline-4,10.845620155334473
inline-4,8.871657371520996
inline-4,23.715229034423828
inline-4,15.93151569366455
inline-4,66.75881958007812
inline-4,6.550355434417725
inline-4,11.637127876281738
inline-4,17.311309814453125
inline-4,13.904577255249023
inline-4,9.924697875976562
inline-4,10.274312973022461
inline-4,14.501623153686523
inline-4,8.271108627319336
inline-4,12.508153915405273
inline-4,9.45529556274414
inline-4,10.959966659545898
inline-4,9.340813636779785
inline-4,9.949633598327637
inline-4,15.10288143157959
inline-4,9.401677131652832
inline-4,19.450082778930664
inline-4,8.187674522399902
inline-4,9.08858585357666
inline-4,14.92864990234375
inline-4,69.67367553710938
inline-4,14.274166107177734
inline-4,9.745983123779297
inline-4,63.844425201416016
inline-4,13.144948959350586
inline-4,8.968501091003418
inline-4,45.76904296875
inline-4,55.81083297729492
inline-4,34.70856475830078
inline-4,8.185179710388184
inline-4,9.738940238952637
inline-4,21.88311004638672
inline-4,33.57045364379883
inline-4,17.829328536987305
inline-4,7.565999984741211
inline-4,13.440861701965332
inline-4,13.033160209655762
inline-4,13.68150806427002
inline-4,9.54781436920166
inline-4,10.332205772399902
inline-4,10.976120948791504
inline-4,22.92060089111328
inline-4,33.81562423706055
inline-4,24.25876808166504
inline-4,18.126623153686523
inline-4,14.459243774414062
inline-4,16.375267028808594
inline-4,11.547700881958008
inline-4,7.492947578430176
inline-4,24.936492919921875
inline-4,18.993194580078125
inline-4,18.719839096069336
inline-4,9.444687843322754
inline-4,10.644660949707031
inline-4,12.047142028808594
inline-4,8.06165599822998
inline-4,18.580934524536133
inline-4,35.28679656982422
inline-4,8.028983116149902
inline-4,17.207162857055664
inline-4,32.051998138427734
inline-4,13.616164207458496
inline-4,15.639527320861816
inline-4,10.695659637451172
inline-4,25.665000915527344
inline-4,23.104141235351562
inline-4,12.306629180908203
inline-4,14.593871116638184
inline-4,47.15736770629883
inline-4,15.789851188659668
inline-4,10.756927490234375
inline-4,8.614270210266113
inline-4,39.6406135559082
inline-4,18.883790969848633
inline-4,22.786230087280273
inline-4,10.615187644958496
inline-4,15.16015911102295
inline-4,20.396583557128906
inline-4,17.23226547241211
inline-4,9.16617488861084
inline-4,10.22325611114502
inline-4,20.735790252685547
inline-4,68.76815795898438
inline-4,66.57803344726562
inline-4,31.896425247192383
inline-4,11.599958419799805
inline-4,14.749350547790527
inline-4,13.565180778503418
inline-4,67.0168228149414
inline-4,9.867429733276367
inline-4,13.099640846252441
inline-4,9.77203369140625
inline-4,15.403341293334961
inline-4,23.99575424194336
inline-4,10.95062255859375
inline-4,16.256147384643555
inline-4,21.679428100585938
inline-4,9.283787727355957
inline-4,12.766990661621094
inline-4,19.52907371520996
inline-4,11.109556198120117
inline-4,37.93015670776367
inline-4,18.1049861907959
inline-4,12.058720588684082
inline-4,20.123022079467773
inline-4,33.7081298828125
inline-4,54.61477279663086
inline-4,13.64045524597168
inline-4,11.320180892944336
inline-4,10.529043197631836
inline-4,19.355331420898438
inline-4,20.430295944213867
inline-4,21.206907272338867
inline-4,74.71974182128906
inline-4,20.80991554260254
inline-4,11.440879821777344
inline-4,6.880595684051514
inline-4,47.937076568603516
inline-4,9.961504936218262
inline-4,7.256526470184326
inline-4,8.592582702636719
inline-4,23.10289764404297
inline-4,11.153037071228027
inline-4,20.65789794921875
inline-4,9.047914505004883
inline-4,9.61756420135498
inline-4,7.805018901824951
inline-4,18.69435691833496
inline-4,9.49730110168457
inline-4,8.135231018066406
inline-4,55.319766998291016
inline-4,18.340930938720703
inline-4,20.428747177124023
inline-4,10.136981964111328
inline-4,66.64987182617188
inline-4,9.339319229125977
inline-4,13.44394588470459
inline-4,8.052471160888672
inline-4,29.22950553894043
inline-4,7.408858776092529
inline-4,11.64244270324707
inline-4,52.953338623046875
inline-4,19.262420654296875
inline-4,9.819806098937988
inline-4,11.699470520019531
inline-4,21.401519775390625
inline-4,14.989033699035645
inline-4,25.51023292541504
inline-4,24.47109031677246
inline-4,51.7540397644043
inline-4,22.40340805053711
inline-4,8.999664306640625
inline-4,23.456907272338867
inline-4,24.601726531982422
inline-4,30.687570571899414
inline-4,9.887178421020508
inline-4,65.03327941894531
inline-4,18.49045753479004
inline-4,21.486282348632812
inline-4,17.83407974243164
inline-4,34.77622604370117
inline-4,20.03973388671875
inline-4,23.60692024230957
inline-4,45.81562423706055
inline-4,25.362810134887695
inline-4,15.682994842529297
inline-4,11.169479370117188
inline-4,14.639666557312012
inline-4,7.6838788986206055
inline-4,28.21919059753418
inline-4,29.695171356201172
inline-4,10.47589111328125
inline-4,15.503606796264648
inline-4,68.43213653564453
inline-4,14.278334617614746
inline-4,58.85261535644531
inline-4,8.348143577575684
inline-4,20.60852813720703
inline-4,10.093034744262695
inline-4,32.923011779785156
inline-6,35.95389938354492
inline-6,60.675174713134766
inline-6,46.22597885131836
inline-6,33.61655044555664
inline-6,48.83414077758789
inline-6,37.31172561645508
inline-6,55.44598388671875
inline-6,50.99052047729492
inline-6,11.571407318115234
inline-6,18.079561233520508
inline-6,26.89419174194336
inline-6,48.33488845825195
inline-6,42.981483459472656
inline-6,22.705764770507812
inline-6,10.89346694946289
inline-6,37.34246063232422
inline-6,52.837913513183594
inline-6,81.1120834350586
inline-6,66.7221908569336
inline-6,19.622539520263672
inline-6,55.97793960571289
inline-6,86.95069122314453
inline-6,21.36773681640625
inline-6,33.830318450927734
inline-6,42.061607360839844
inline-6,32.9207878112793
inline-6,41.437599182128906
inline-6,43.121795654296875
inline-6,46.57174301147461
inline-6,45.75941848754883
inline-6,26.654661178588867
inline-6,22.06475257873535
inline-6,18.684968948364258
inline-6,40.01660919189453
inline-6,82.3684310913086
inline-6,38.70146942138672
inline-6,42.234344482421875
inline-6,35.20686721801758
inline-6,32.28898620605469
inline-6,38.68632125854492
inline-6,42.58412170410156
inline-6,50.2816276550293
inline-6,53.47661209106445
inline-6,24.113378524780273
inline-6,51.858646392822266
inline-6,37.686641693115234
inline-6,34.47218322753906
inline-6,43.07813262939453
inline-6,46.97384262084961
inline-6,37.68191909790039
inline-6,43.90418243408203
inline-6,83.85311126708984
inline-6,46.64897918701172
inline-6,53.21282958984375
inline-6,35.48988723754883
inline-6,26.43101692199707
inline-6,19.181903839111328
inline-6,47.277896881103516
inline-6,43.73466873168945
inline-6,36.356956481933594
inline-6,9.214563369750977
inline-6,44.49351501464844
inline-6,24.400333404541016
inline-6,42.83948516845703
inline-6,38.40568542480469
inline-6,47.549190521240234
inline-6,50.893924713134766
inline-6,54.21657180786133
inline-6,41.57952117919922
inline-6,31.0379581451416
inline-6,41.54811477661133
inline-6,40.26325607299805
inline-6,61.9812126159668
inline-6,52.98279571533203
inline-6,29.310434341430664
inline-6,40.25258255004883
inline-6,24.637239456176758
inline-6,66.00828552246094
inline-6,64.06932067871094
inline-6,41.426109313964844
inline-6,32.54465103149414
inline-6,52.72389602661133
inline-6,64.07347869873047
inline-6,28.300687789916992
inline-6,38.21314239501953
inline-6,69.75947570800781
inline-6,26.15936279296875
inline-6,20.093708038330078
inline-6,19.775888442993164
inline-6,48.57804870605469
inline-6,43.84409713745117
inline-6,36.659236907958984
inline-6,40.011085510253906
inline-6,11.945831298828125
inline-6,53.20038604736328
inline-6,23.33568572998047
inline-6,26.095687866210938
inline-6,37.849998474121094
inline-6,19.61268424987793
inline-6,32.17202377319336
inline-6,34.96296310424805
inline-6,81.4124526977539
inline-6,45.93043899536133
inline-6,74.1246337890625
inline-6,61.741981506347656
inline-6,54.88070297241211
inline-6,40.40791702270508
inline-6,32.84546661376953
inline-6,45.33354187011719
inline-6,57.14186477661133
inline-6,32.973609924316406
inline-6,22.614595413208008
inline-6,47.54002380371094
inline-6,60.229923248291016
inline-6,24.747121810913086
inline-6,37.50995635986328
inline-6,41.60469436645508
inline-6,82.8057632446289
inline-6,38.07841873168945
inline-6,54.97080612182617
inline-6,27.675090789794922
inline-6,19.434795379638672
inline-6,27.50636100769043
inline-6,61.3648681640625
inline-6,39.29787063598633
inline-6,44.06296920776367
inline-6,21.813505172729492
inline-6,60.66233444213867
inline-6,62.246009826660156
inline-6,42.688255310058594
inline-6,48.1392707824707
inline-6,25.482011795043945
inline-6,45.52622985839844
inline-6,34.465980529785156
inline-6,41.88154220581055
inline-6,58.40283966064453
inline-6,83.7311019897461
inline-6,24.525251388549805
inline-6,77.73729705810547
inline-6,26.651159286499023
inline-6,20.93421745300293
inline-6,34.29474639892578
inline-6,46.339542388916016
inline-6,53.017547607421875
inline-6,52.982582092285156
inline-6,23.338176727294922
inline-6,24.558269500732422
inline-6,36.80914306640625
inline-6,57.138694763183594
inline-6,25.497509002685547
inline-6,53.110389709472656
inline-6,85.58708953857422
inline-6,40.595542907714844
inline-6,43.855018615722656
inline-6,45.28245544433594
inline-6,38.21063232421875
inline-6,37.74745178222656
inline-6,83.62787628173828
inline-6,25.559368133544922
inline-6,28.05657386779785
inline-6,52.570343017578125
inline-6,44.33543395996094
inline-6,47.08406066894531
inline-6,26.837074279785156
inline-6,48.44618225097656
inline-6,27.248973846435547
inline-6,70.21942901611328
inline-6,46.16933822631836
inline-6,23.888473510742188
inline-6,40.11982727050781
inline-6,46.924095153808594
inline-6,40.967254638671875
inline-6,44.58601760864258
inline-6,36.76466751098633
inline-6,89.8513412475586
inline-6,26.97341537475586
inline-6,36.336387634277344
inline-6,36.246177673339844
inline-6,18.946117401123047
inline-6,22.544422149658203
inline-6,19.74088478088379
inline-6,34.962772369384766
inline-6,56.11763381958008
inline-6,37.1583251953125
inline-6,50.02681350708008
inline-6,77.51439666748047
inline-6,22.953584671020508
inline-6,72.15907287597656
inline-6,69.27908325195312
inline-6,29.917736053466797
inline-6,65.6841049194336
inline-6,89.80789184570312
inline-6,36.24848937988281
inline-6,28.868858337402344
inline-6,60.27489471435547
inline-6,46.67534255981445
inline-6,32.87590026855469
inline-6,40.35249710083008
inline-6,68.23983001708984
inline-6,41.491031646728516
inline-6,9.308860778808594
inline-6,40.79875183105469
inline-6,63.98419952392578
inline-6,21.220640182495117
inline-6,50.3769416809082
inline-6,29.276824951171875
inline-6,29.75995635986328
inline-6,46.91776657104492
inline-6,13.436863899230957
inline-6,79.4804458618164
inline-6,45.92130661010742
inline-6,33.24399948120117
inline-6,75.6111831665039
inline-6,31.727327346801758
inline-6,47.501251220703125
inline-6,42.89594650268555
inline-6,23.526338577270508
inline-6,32.94792556762695
inline-6,22.955581665039062
inline-6,62.790889739990234
inline-6,26.669464111328125
inline-6,30.937530517578125
inline-6,15.650708198547363
inline-6,15.4241304397583
inline-6,38.85869216918945
inline-6,40.741600036621094
inline-6,50.38047409057617
inline-6,14.502686500549316
inline-6,28.842660903930664
inline-6,50.955039978027344
inline-6,40.29323196411133
inline-6,20.14206314086914
inline-6,42.7669677734375
inline-6,19.21748161315918
inline-6,50.002227783203125
inline-6,35.98016357421875
inline-6,31.30257797241211
inline-6,41.159645080566406
inline-6,33.64421081542969
inline-6,34.50546646118164
inline-6,19.30884552001953
inline-6,11.35927677154541
inline-6,37.82184600830078
inline-6,38.95901870727539
inline-6,40.35394287109375
inline-6,64.15174102783203
inline-6,67.18518829345703
inline-6,10.782185554504395
inline-6,53.75255584716797
inline-6,48.02387619018555
inline-6,37.47104263305664
inline-6,35.950767517089844
inline-6,13.62859058380127
inline-6,25.565454483032227
inline-6,12.735318183898926
inline-6,51.3661003112793
inline-6,42.295555114746094
inline-6,49.79594039916992
inline-6,34.60923767089844
inline-6,86.93144989013672
inline-6,36.59825134277344
inline-6,43.18473434448242
inline-6,69.12261962890625
inline-6,52.073368072509766
inline-6,36.754615783691406
inline-6,27.657909393310547
inline-6,57.43293380737305
inline-6,41.91044998168945
inline-6,43.829307556152344
inline-6,49.84632110595703
inline-6,42.126319885253906
inline-6,51.163169860839844
inline-6,44.73109436035156
inline-6,54.338409423828125
inline-6,23.829126358032227
inline-6,35.41786193847656
inline-6,40.86574172973633
inline-6,45.486968994140625
inline-6,20.534420013427734
inline-6,55.22480010986328
inline-6,54.82429122924805
inline-6,57.744117736816406
inline-6,27.506397247314453
inline-6,39.64066696166992
inline-6,59.938758850097656
inline-6,35.882041931152344
inline-6,32.506412506103516
inline-6,80.38922882080078
inline-6,42.58713912963867
inline-6,71.81049346923828
inline-6,35.80497741699219
inline-6,62.482826232910156
inline-6,23.334806442260742
inline-6,36.4652214050293
inline-6,24.780555725097656
inline-6,28.718246459960938
inline-6,47.33676528930664
inline-6,38.237091064453125
inline-6,12.218804359436035
inline-6,45.602027893066406
inline-6,33.874996185302734
inline-6,54.41942596435547
inline-6,49.287498474121094
inline-6,23.419206619262695
inline-6,39.13365936279297
inline-6,16.2565860748291
inline-6,52.71337890625
inline-6,34.69995880126953
inline-6,48.248558044433594
inline-6,29.843950271606445
inline-6,37.40029525756836
inline-6,38.88872528076172
inline-6,29.269588470458984
inline-6,46.23859786987305
inline-6,64.44070434570312
inline-6,44.34625244140625
inline-6,30.667400360107422
inline-6,38.119049072265625
inline-6,25.360506057739258
inline-6,35.04408645629883
inline-6,65.90198516845703
inline-6,40.35810852050781
inline-6,53.94242858886719
inline-6,27.607219696044922
inline-6,24.68921661376953
inline-6,31.282808303833008
inline-6,8.855388641357422
inline-6,36.909202575683594
inline-6,58.019737243652344
inline-6,19.816041946411133
inline-6,42.540794372558594
inline-6,32.504032135009766
inline-6,44.21290588378906
inline-6,39.4742546081543
inline-6,25.451265335083008
inline-6,49.4521369934082
inline-6,50.58707046508789
inline-6,48.58965301513672
inline-6,27.28515625
inline-6,62.41542053222656
inline-6,8.977914810180664
inline-6,40.20354461669922
inline-6,52.51004409790039
inline-6,43.35755920410156
inline-6,27.737083435058594
inline-6,29.12470054626465
inline-6,30.774736404418945
inline-6,28.700040817260742
inline-6,56.67908477783203
inline-6,18.948516845703125
inline-6,37.53321075439453
inline-6,10.296232223510742
inline-6,37.57309341430664
inline-6,80.43730163574219
inline-6,62.19456481933594
inline-6,39.68940734863281
inline-6,29.43024253845215
inline-6,43.0213737487793
inline-6,48.13412857055664
inline-6,54.586612701416016
inline-6,34.13219451904297
inline-6,53.9345588684082
inline-6,47.42055130004883
inline-6,44.54521560668945
inline-6,35.08246612548828
inline-6,43.73561477661133
inline-6,30.31631851196289
inline-6,37.04560089111328
inline-6,25.277807235717773
inline-6,43.81409454345703
inline-6,48.65258026123047
inline-6,41.450706481933594
inline-6,41.19051742553711
inline-6,35.568992614746094
inline-6,37.51902770996094
inline-6,19.846040725708008
inline-6,52.700252532958984
inline-6,45.03384780883789
inline-6,50.342002868652344
inline-6,51.3086051940918
inline-6,37.60423278808594
inline-6,61.57958984375
inline-6,26.209522247314453
inline-6,40.124149322509766
inline-6,38.47629928588867
inline-6,63.616294860839844
inline-6,13.576766014099121
inline-6,15.227824211120605
inline-6,44.19342803955078
inline-6,25.579498291015625
inline-6,41.62725830078125
inline-6,39.367958068847656
inline-6,44.008758544921875
inline-6,20.223417282104492
inline-6,72.98613739013672
inline-6,28.213165283203125
inline-6,65.93575286865234
inline-6,52.4421272277832
inline-6,37.063682556152344
inline-6,8.596375465393066
inline-6,33.289669036865234
inline-6,44.05313491821289
inline-6,36.68397521972656
inline-6,31.978885650634766
inline-6,30.079679489135742
inline-6,77.31893157958984
inline-6,53.11344528198242
inline-6,64.8879623413086
inline-6,34.97266387939453
inline-6,69.02552795410156
inline-6,36.7879638671875
inline-6,56.40041732788086
inline-6,36.88338851928711
inline-6,56.83559036254883
inline-6,31.460460662841797
inline-6,37.546390533447266
inline-6,59.0502815246582
inline-6,67.8986587524414
inline-6,17.129634857177734
inline-6,56.336326599121094
inline-6,68.02730560302734
inline-6,59.62199020385742
inline-6,40.43090057373047
inline-6,25.76128387451172
inline-6,39.64381790161133
inline-6,33.942440032958984
inline-6,25.20342254638672
inline-6,41.9519157409668
inline-6,43.1740837097168
inline-6,35.009483337402344
inline-6,33.911529541015625
inline-6,55.597782135009766
inline-6,17.94390106201172
inline-6,43.261260986328125
inline-6,16.774860382080078
inline-6,74.17977142333984
inline-6,44.04416275024414
inline-6,28.394908905029297
inline-6,35.695858001708984
inline-6,71.20045471191406
inline-6,38.33822250366211
inline-6,51.05443572998047
inline-6,52.03758239746094
inline-6,60.724830627441406
inline-6,46.52756881713867
inline-6,30.47282600402832
inline-6,54.018192291259766
inline-6,56.917911529541016
inline-6,64.10200500488281
inline-6,37.1876106262207
inline-6,46.38203811645508
inline-6,59.03177261352539
inline-6,21.611665725708008
inline-6,43.95394515991211
inline-6,20.52533531188965
inline-6,51.886417388916016
inline-6,48.97132110595703
inline-6,22.264894485473633
inline-6,50.946617126464844
inline-6,72.2553482055664
inline-6,33.94724655151367
inline-6,39.04709243774414
inline-6,38.07718276977539
inline-6,45.34619140625
inline-6,17.95528221130371
inline-6,45.862308502197266
inline-6,66.92046356201172
inline-6,71.53773498535156
inline-6,85.96475982666016
inline-6,37.70188903808594
inline-6,33.52626419067383
inline-6,33.74768829345703
inline-6,32.66379165649414
inline-6,52.49890899658203
inline-6,12.221709251403809
inline-6,39.15255355834961
inline-6,81.24959564208984
inline-6,58.05864715576172
inline-6,43.16636276245117
inline-6,39.12568283081055
inline-6,31.64592742919922
inline-6,25.732635498046875
inline-6,38.35141372680664
inline-6,34.720726013183594
inline-6,59.85661315917969
inline-6,58.75913619995117
inline-6,40.957637786865234
inline-6,52.12129592895508
inline-6,22.732160568237305
inline-6,57.71846389770508
inline-6,44.676753997802734
inline-6,47.57579803466797
inline-6,44.60610580444336
inline-6,14.799836158752441
inline-6,55.02031707763672
inline-6,32.75382614135742
inline-6,36.21282958984375
inline-6,41.37287521362305
inline-6,25.783910751342773
inline-6,48.16919708251953
inline-6,53.63283920288086
inline-6,29.755020141601562
inline-6,37.84956359863281
inline-6,41.233489990234375
inline-6,56.32371520996094
inline-6,62.756744384765625
inline-6,40.09638595581055
inline-6,37.699562072753906
inline-6,33.28630828857422
inline-6,19.776655197143555
inline-6,31.65785026550293
inline-6,37.19963836669922
inline-6,26.441526412963867
inline-6,64.51746368408203
inline-6,50.76053237915039
inline-6,31.523656845092773
inline-6,39.436180114746094
inline-6,41.713714599609375
inline-6,31.384933471679688
inline-6,47.537078857421875
inline-6,28.755382537841797
inline-6,43.69978332519531
inline-6,9.595830917358398
inline-6,40.04879379272461
inline-6,71.81047058105469
inline-6,58.94609451293945
inline-6,41.807003021240234
inline-6,24.70354461669922
inline-6,41.12821578979492
inline-6,30.20836067199707
inline-6,66.24713897705078
inline-6,42.21930694580078
inline-6,54.314369201660156
inline-6,51.43488311767578
inline-6,39.25199890136719
inline-6,25.540863037109375
inline-6,40.161712646484375
inline-6,55.497737884521484
inline-6,52.6934814453125
inline-6,78.23992919921875
inline-6,45.35868835449219
inline-6,23.61720085144043
inline-6,44.601016998291016
inline-6,61.486717224121094
inline-6,27.42890739440918
inline-6,27.10747528076172
inline-6,70.76846313476562
inline-6,28.071300506591797
inline-6,42.70819091796875
inline-6,49.840065002441406
inline-6,46.288692474365234
inline-6,29.855697631835938
inline-6,43.15347671508789
inline-6,40.138816833496094
inline-6,77.83406829833984
inline-6,50.47437286376953
inline-6,48.47446060180664
inline-6,16.280162811279297
inline-6,47.58018112182617
inline-6,48.2796516418457
inline-6,49.157413482666016
inline-6,40.07147979736328
inline-6,77.06659698486328
inline-6,20.067935943603516
inline-6,40.2150764465332
inline-6,51.98896789550781
inline-6,62.80680847167969
inline-6,43.16404724121094
inline-6,47.14913558959961
inline-6,63.81145477294922
inline-6,31.974319458007812
inline-6,47.02341079711914
inline-6,18.801769256591797
inline-6,39.75600814819336
inline-6,32.392330169677734
inline-6,49.410247802734375
inline-6,25.9731388092041
inline-6,47.62569046020508
inline-6,35.95953369140625
inline-6,44.390045166015625
inline-6,47.78006362915039
inline-6,46.91841125488281
inline-6,37.09266662597656
inline-6,34.776187896728516
inline-6,44.29671096801758
inline-6,64.4840316772461
inline-6,25.391416549682617
inline-6,20.80214500427246
inline-6,19.625093460083008
inline-6,35.06733322143555
inline-6,23.392065048217773
inline-6,45.962162017822266
inline-6,37.72261047363281
inline-6,59.610145568847656
inline-6,28.176973342895508
inline-6,15.669028282165527
inline-6,66.36040496826172
inline-6,66.07719421386719
inline-6,18.163469314575195
inline-6,41.077606201171875
inline-6,20.474422454833984
inline-6,40.16263198852539
inline-6,36.77179718017578
inline-6,21.84050178527832
inline-6,37.49046325683594
inline-6,45.919246673583984
inline-6,62.28136444091797
inline-6,52.867923736572266
inline-6,53.37709045410156
inline-6,28.960813522338867
inline-6,46.884300231933594
inline-6,29.767728805541992
inline-6,26.954708099365234
inline-6,69.22428131103516
inline-6,29.305055618286133
inline-6,12.047435760498047
inline-6,60.72390365600586
inline-6,33.02436065673828
inline-6,28.111894607543945
inline-6,26.306867599487305
inline-6,33.29652404785156
inline-6,22.237855911254883
inline-6,34.674137115478516
inline-6,24.676809310913086
inline-6,37.21075439453125
inline-6,43.10932540893555
inline-6,38.2891731262207
inline-6,38.20342254638672
inline-6,41.05164337158203
inline-6,50.34347915649414
inline-6,39.527801513671875
inline-6,51.2953987121582
inline-6,50.49785614013672
inline-6,76.25566101074219
inline-6,19.501144409179688
inline-6,38.78556442260742
inline-6,84.66881561279297
inline-6,54.88332748413086
inline-6,20.381792068481445
inline-6,25.88435173034668
inline-6,24.09016227722168
inline-6,43.078453063964844
inline-6,35.51978302001953
inline-6,15.450892448425293
inline-6,34.157718658447266
inline-6,36.0149040222168
inline-6,31.44070816040039
inline-6,33.53252029418945
inline-6,49.221866607666016
inline-6,40.210044860839844
inline-6,61.750240325927734
inline-6,44.62850570678711
inline-6,46.15858459472656
inline-6,28.558435440063477
inline-6,16.428117752075195
inline-6,34.562984466552734
inline-6,28.370840072631836
inline-6,19.879390716552734
inline-6,51.733036041259766
inline-6,45.903316497802734
inline-6,14.555301666259766
inline-6,50.50419616699219
inline-6,48.1282844543457
inline-6,30.641077041625977
inline-6,40.89719009399414
inline-6,25.9766788482666
inline-6,51.65771484375
inline-6,56.84257125854492
inline-6,37.18644714355469
inline-6,20.53449821472168
inline-6,48.110931396484375
inline-6,32.98161697387695
inline-6,36.69548797607422
inline-6,36.31838607788086
inline-6,20.746339797973633
inline-6,45.591331481933594
inline-6,67.21356201171875
inline-6,34.602909088134766
inline-6,51.75797653198242
inline-6,37.898868560791016
inline-6,22.750350952148438
inline-6,37.17148971557617
inline-6,43.24243927001953
inline-6,14.266213417053223
inline-6,28.048213958740234
inline-6,50.2402229309082
inline-6,40.910362243652344
inline-6,39.54261779785156
inline-6,61.54175567626953
inline-6,55.87483596801758
inline-6,59.68622589111328
inline-6,46.72488021850586
inline-6,46.333152770996094
inline-6,31.3557071685791
inline-6,29.60074806213379
inline-6,75.43262481689453
inline-6,38.17019271850586
inline-6,35.72486114501953
inline-6,34.68330001831055
inline-6,53.616905212402344
inline-6,41.6162223815918
inline-6,45.86371612548828
inline-6,70.71723175048828
inline-6,43.733882904052734
inline-6,48.92868423461914
inline-6,60.61248779296875
inline-6,41.99701690673828
inline-6,39.05216979980469
inline-6,23.569095611572266
inline-6,53.660362243652344
inline-6,39.80752182006836
inline-6,35.089820861816406
inline-6,51.452728271484375
inline-6,62.74591827392578
inline-6,65.73515319824219
inline-6,50.58671569824219
inline-6,10.59616756439209
inline-6,54.3038215637207
inline-6,85.74728393554688
inline-6,57.874107360839844
inline-6,49.7959098815918
inline-6,36.381561279296875
inline-6,44.97393035888672
inline-6,31.7082576751709
inline-6,35.7242317199707
inline-6,37.435264587402344
inline-6,46.62293243408203
inline-6,37.913047790527344
inline-6,38.341941833496094
inline-6,53.284061431884766
inline-6,12.272405624389648
inline-6,55.17687225341797
inline-6,55.79184341430664
inline-6,73.23895263671875
inline-6,48.22626876831055
inline-6,42.23540496826172
inline-6,38.632080078125
inline-6,27.878576278686523
inline-6,30.374116897583008
inline-6,70.22709655761719
inline-6,19.172195434570312
inline-6,17.11460304260254
inline-6,89.2123031616211
inline-6,29.126502990722656
inline-6,83.4023666381836
inline-6,43.91823196411133
inline-6,55.586917877197266
inline-6,21.838041305541992
inline-6,26.4974365234375
inline-6,18.34738540649414
inline-6,32.68122100830078
inline-6,24.66583824157715
inline-6,44.58250045776367
inline-6,37.62750244140625
inline-6,15.548578262329102
inline-6,17.526716232299805
inline-6,87.11734008789062
inline-6,18.97089385986328
inline-6,40.47328567504883
inline-6,39.76059341430664
inline-6,36.91190719604492
inline-6,42.764404296875
inline-6,58.37923049926758
inline-6,46.84476852416992
inline-6,59.41112518310547
inline-6,45.870521545410156
inline-6,33.065818786621094
inline-6,47.96501541137695
inline-6,69.76904296875
inline-6,32.117645263671875
inline-6,71.3197021484375
inline-6,28.573453903198242
inline-6,24.9768009185791
inline-6,57.48224639892578
inline-6,23.333349227905273
inline-6,23.34705352783203
inline-6,33.48970413208008
inline-6,22.507070541381836
inline-6,59.903472900390625
inline-6,22.83660888671875
inline-6,38.70265197753906
inline-6,19.1290225982666
inline-6,35.72129440307617
inline-6,24.007230758666992
inline-6,84.9334716796875
inline-6,22.862279891967773
inline-6,44.58598709106445
inline-6,39.536048889160156
inline-6,19.02648162841797
inline-6,73.0421371459961
inline-6,73.19853210449219
inline-6,29.589019775390625
inline-6,36.21717071533203
inline-6,18.73367691040039
inline-6,19.26188087463379
inline-6,63.5308723449707
inline-6,14.59278678894043
inline-6,44.83018493652344
inline-6,28.34568214416504
inline-6,46.892181396484375
inline-6,61.02764892578125
inline-6,46.69875717163086
inline-6,15.324197769165039
inline-6,40.99757766723633
inline-6,43.10708999633789
inline-6,39.224609375
inline-6,37.321563720703125
inline-6,37.648651123046875
inline-6,43.40479278564453
inline-6,17.189918518066406
inline-6,56.38203048706055
inline-6,53.92694854736328
inline-6,30.87127113342285
inline-6,18.87828254699707
inline-6,49.496826171875
inline-6,29.88623809814453
inline-6,27.636947631835938
inline-6,30.191917419433594
inline-6,46.3231315612793
inline-6,38.190643310546875
inline-6,87.87804412841797
inline-6,23.975833892822266
inline-6,86.97364044189453
inline-6,28.804006576538086
inline-6,80.24968719482422
inline-6,23.832094192504883
inline-6,52.897216796875
inline-6,53.227783203125
inline-6,61.835906982421875
inline-6,41.090614318847656
inline-6,52.95695877075195
inline-6,42.79322052001953
inline-6,35.07863235473633
inline-6,24.049123764038086
inline-6,35.54588317871094
inline-6,22.268281936645508
inline-6,33.97129440307617
inline-6,48.12518310546875
inline-6,24.81163787841797
inline-6,32.43934631347656
inline-6,36.34811019897461
inline-6,20.568721771240234
inline-6,48.909366607666016
inline-6,28.53469467163086
inline-6,40.61491012573242
inline-6,39.58643341064453
inline-6,38.292274475097656
inline-6,59.422882080078125
inline-6,56.418212890625
inline-6,34.48229217529297
inline-6,21.8940486907959
inline-6,42.65802764892578
inline-6,45.229583740234375
inline-6,45.7329216003418
inline-6,48.064186096191406
inline-6,48.09861755371094
inline-6,53.80624771118164
inline-6,34.760093688964844
inline-6,40.974815368652344
inline-6,39.43994140625
inline-6,36.70683670043945
inline-6,43.18473815917969
inline-6,25.718427658081055
inline-6,44.04722595214844
inline-6,39.14060974121094
inline-6,31.437623977661133
inline-6,31.252666473388672
inline-6,38.09532928466797
inline-6,69.73147583007812
inline-6,17.718652725219727
inline-6,37.110809326171875
inline-6,54.17644119262695
inline-6,58.72715759277344
inline-6,31.81843376159668
inline-6,44.232017517089844
inline-6,46.81522750854492
inline-6,49.677364349365234
inline-6,39.863224029541016
inline-6,22.59065055847168
inline-6,34.23335266113281
inline-6,39.65745162963867
inline-6,20.764198303222656
inline-6,63.45358657836914
inline-6,32.26922607421875
inline-6,75.98733520507812
inline-6,31.101253509521484
inline-6,18.401273727416992
inline-6,19.471372604370117
inline-6,56.81793975830078
inline-6,57.325950622558594
inline-6,36.46611785888672
inline-6,56.18414306640625
inline-6,45.901695251464844
inline-6,35.13292694091797
inline-6,84.1116943359375
inline-6,85.49432373046875
inline-6,61.03221130371094
inline-6,40.26267623901367
inline-6,39.2132568359375
inline-6,58.5449104309082
inline-6,67.42999267578125
inline-6,33.81282424926758
inline-6,28.282739639282227
inline-6,29.92508316040039
inline-6,36.654685974121094
inline-6,37.1016731262207
inline-6,23.251672744750977
inline-6,59.150882720947266
inline-6,44.04912185668945
inline-6,44.262691497802734
inline-6,25.38713264465332
inline-6,63.42912292480469
inline-6,16.860990524291992
inline-6,46.43355941772461
inline-6,50.530948638916016
inline-6,31.055160522460938
inline-6,11.332596778869629
inline-6,87.80672454833984
inline-6,13.976150512695312
inline-6,48.35438537597656
inline-6,59.17044448852539
inline-6,37.30961227416992
inline-6,38.91215133666992
inline-6,42.32963943481445
inline-6,66.92111206054688
inline-6,24.24395751953125
inline-6,62.57389450073242
inline-6,31.557497024536133
inline-6,29.546924591064453
inline-6,44.62769317626953
inline-6,49.86302947998047
inline-6,41.5727424621582
inline-6,32.23743438720703
inline-6,24.995113372802734
inline-6,84.85420227050781
inline-6,36.996131896972656
inline-6,38.57124328613281
inline-6,44.31740951538086
inline-6,89.1542739868164
inline-6,45.42627716064453
inline-6,37.44841384887695
inline-6,22.100879669189453
inline-6,25.871965408325195
inline-6,40.80986404418945
inline-6,21.727384567260742
inline-6,32.1502571105957
inline-6,36.780616760253906
inline-6,24.642826080322266
inline-6,50.38878631591797
inline-6,26.50446128845215
inline-6,19.36844253540039
inline-6,36.97841262817383
inline-6,78.23485565185547
inline-6,12.055319786071777
inline-6,33.051124572753906
inline-6,66.97401428222656
inline-6,11.520065307617188
inline-6,33.2139892578125
inline-6,83.96017456054688
inline-6,84.66502380371094
inline-6,58.184600830078125
inline-6,80.25227355957031
inline-6,44.09320068359375
inline-6,25.49001121520996
inline-6,36.73268508911133
inline-6,42.10347366333008
inline-6,41.615482330322266
inline-6,34.47530746459961
inline-6,30.79930877685547
inline-6,30.374675750732422
inline-6,45.070716857910156
inline-6,34.143096923828125
inline-6,33.38225173950195
inline-6,37.16437911987305
inline-6,71.36643981933594
inline-6,69.54006958007812
inline-6,54.49977493286133
inline-6,29.709651947021484
inline-6,44.14900588989258
inline-6,40.46397018432617
inline-6,35.89449691772461
inline-6,19.789812088012695
inline-6,44.18811798095703
inline-6,28.989025115966797
inline-6,21.966890335083008
inline-6,43.126686096191406
inline-6,54.458614349365234
inline-6,56.2489013671875
inline-6,30.994075775146484
inline-6,26.299301147460938
inline-6,19.91280746459961
inline-6,39.28172302246094
inline-6,14.498390197753906
inline-6,84.16356658935547
inline-6,32.786895751953125
inline-6,47.09444808959961
inline-6,31.733081817626953
inline-6,51.9592170715332
inline-6,19.390838623046875
inline-6,13.329333305358887
single-cylinder,8.537113189697266
single-cylinder,18.705978393554688
single-cylinder,10.801573753356934
single-cylinder,17.96994400024414
single-cylinder,12.450294494628906
single-cylinder,22.596782684326172
single-cylinder,11.29987621307373
single-cylinder,8.200469017028809
single-cylinder,7.160042762756348
single-cylinder,16.769678115844727
single-cylinder,15.252016067504883
single-cylinder,10.588885307312012
single-cylinder,17.827856063842773
single-cylinder,12.222418785095215
single-cylinder,13.652397155761719
single-cylinder,18.578266143798828
single-cylinder,20.139118194580078
single-cylinder,6.807518005371094
single-cylinder,13.323747634887695
single-cylinder,9.11513900756836
single-cylinder,9.651823043823242
single-cylinder,19.613569259643555
single-cylinder,16.431427001953125
single-cylinder,21.96078109741211
single-cylinder,22.01174545288086
single-cylinder,9.698458671569824
single-cylinder,19.73650550842285
single-cylinder,13.633241653442383
single-cylinder,10.138379096984863
single-cylinder,8.556690216064453
single-cylinder,12.709436416625977
single-cylinder,10.350296974182129
single-cylinder,6.2427144050598145
single-cylinder,16.041379928588867
single-cylinder,7.093677043914795
single-cylinder,13.207901954650879
single-cylinder,23.664297103881836
single-cylinder,10.864679336547852
single-cylinder,21.97566032409668
single-cylinder,10.749808311462402
single-cylinder,8.185442924499512
single-cylinder,13.149662971496582
single-cylinder,9.378506660461426
single-cylinder,11.739922523498535
single-cylinder,14.095250129699707
single-cylinder,14.69604206085205
single-cylinder,9.255760192871094
single-cylinder,9.373245239257812
single-cylinder,10.379188537597656
single-cylinder,17.47085952758789
single-cylinder,11.12716007232666
single-cylinder,15.478710174560547
single-cylinder,17.097627639770508
single-cylinder,9.477721214294434
single-cylinder,11.17261791229248
single-cylinder,21.07076072692871
single-cylinder,12.23003101348877
single-cylinder,12.356359481811523
single-cylinder,10.9619779586792
single-cylinder,19.26474952697754
single-cylinder,9.473219871520996
single-cylinder,7.2103095054626465
single-cylinder,11.860261917114258
single-cylinder,9.96199893951416
single-cylinder,10.610459327697754
single-cylinder,8.752099990844727
single-cylinder,22.6807861328125
single-cylinder,8.8245210647583
single-cylinder,19.12946128845215
single-cylinder,10.77475357055664
single-cylinder,13.197120666503906
single-cylinder,18.29038429260254
single-cylinder,12.104813575744629
single-cylinder,11.063539505004883
single-cylinder,20.797731399536133
single-cylinder,24.123624801635742
single-cylinder,10.727740287780762
single-cylinder,8.05488395690918
single-cylinder,16.095003128051758
single-cylinder,12.535325050354004
single-cylinder,11.487907409667969
single-cylinder,21.8740291595459
single-cylinder,19.27654457092285
single-cylinder,8.275261878967285
single-cylinder,7.2102556228637695
single-cylinder,21.318822860717773
single-cylinder,10.683950424194336
single-cylinder,14.009750366210938
single-cylinder,12.097678184509277
single-cylinder,14.550530433654785
single-cylinder,13.898053169250488
single-cylinder,8.117402076721191
single-cylinder,20.46748924255371
single-cylinder,5.183986186981201
single-cylinder,14.502591133117676
single-cylinder,8.689956665039062
single-cylinder,12.456755638122559
single-cylinder,14.89047622680664
single-cylinder,10.113767623901367
single-cylinder,16.928325653076172
single-cylinder,12.914280891418457
single-cylinder,10.971653938293457
single-cylinder,14.144722938537598
single-cylinder,15.079665184020996
single-cylinder,7.358927249908447
single-cylinder,10.626545906066895
single-cylinder,9.190282821655273
single-cylinder,13.08816909790039
single-cylinder,12.842141151428223
single-cylinder,14.286848068237305
single-cylinder,15.280264854431152
single-cylinder,15.346962928771973
single-cylinder,15.900344848632812
single-cylinder,11.315290451049805
single-cylinder,9.796009063720703
single-cylinder,7.886849880218506
single-cylinder,13.323169708251953
single-cylinder,15.27124309539795
single-cylinder,9.881210327148438
single-cylinder,19.64646339416504
single-cylinder,17.77617073059082
single-cylinder,8.646223068237305
single-cylinder,9.05778980255127
single-cylinder,12.930407524108887
single-cylinder,13.009652137756348
single-cylinder,10.694003105163574
single-cylinder,19.211931228637695
single-cylinder,11.74980354309082
single-cylinder,14.889572143554688
single-cylinder,18.662023544311523
single-cylinder,12.396305084228516
single-cylinder,9.815359115600586
single-cylinder,15.21015739440918
single-cylinder,11.291420936584473
single-cylinder,11.470403671264648
single-cylinder,10.199369430541992
single-cylinder,15.955833435058594
single-cylinder,15.125997543334961
single-cylinder,8.541481971740723
single-cylinder,10.835396766662598
single-cylinder,10.773913383483887
single-cylinder,19.982717514038086
single-cylinder,14.318476676940918
single-cylinder,15.75275993347168
single-cylinder,11.368220329284668
single-cylinder,11.792191505432129
single-cylinder,20.694265365600586
single-cylinder,13.901052474975586
single-cylinder,10.61129379272461
single-cylinder,11.162708282470703
single-cylinder,12.01750659942627
single-cylinder,12.620370864868164
single-cylinder,17.084136962890625
single-cylinder,9.889047622680664
single-cylinder,8.48699951171875
single-cylinder,7.932339668273926
single-cylinder,13.415331840515137
single-cylinder,11.321867942810059
single-cylinder,19.30683135986328
single-cylinder,14.69971752166748
single-cylinder,9.285417556762695
single-cylinder,19.632413864135742
single-cylinder,16.217905044555664
single-cylinder,16.543901443481445
single-cylinder,11.277109146118164
single-cylinder,16.636322021484375
single-cylinder,10.051188468933105
single-cylinder,11.888394355773926
single-cylinder,11.217121124267578
single-cylinder,14.841330528259277
single-cylinder,21.444931030273438
single-cylinder,9.248091697692871
single-cylinder,7.607618808746338
single-cylinder,11.697600364685059
single-cylinder,12.77578067779541
single-cylinder,9.323501586914062
single-cylinder,9.239588737487793
single-cylinder,13.113571166992188
single-cylinder,8.40281867980957
single-cylinder,12.883255004882812
single-cylinder,22.524620056152344
single-cylinder,13.850427627563477
single-cylinder,28.0524845123291
single-cylinder,21.2513484954834
single-cylinder,9.942851066589355
single-cylinder,12.711360931396484
single-cylinder,8.046788215637207
single-cylinder,16.313215255737305
single-cylinder,14.003414154052734
single-cylinder,15.984407424926758
single-cylinder,12.463007926940918
single-cylinder,16.45173454284668
single-cylinder,13.151839256286621
single-cylinder,9.603612899780273
single-cylinder,12.133475303649902
single-cylinder,20.7175235748291
single-cylinder,20.745847702026367
single-cylinder,16.137435913085938
single-cylinder,16.693199157714844
single-cylinder,12.28929615020752
single-cylinder,11.866092681884766
single-cylinder,13.931709289550781
single-cylinder,10.292085647583008
single-cylinder,16.41590690612793
single-cylinder,12.323201179504395
single-cylinder,15.014008522033691
single-cylinder,20.6916446685791
single-cylinder,10.612405776977539
single-cylinder,18.50851821899414
single-cylinder,11.581464767456055
single-cylinder,10.670421600341797
single-cylinder,17.818561553955078
single-cylinder,25.32691764831543
single-cylinder,14.176997184753418
single-cylinder,16.551549911499023
single-cylinder,10.497300148010254
single-cylinder,18.504926681518555
single-cylinder,10.592229843139648
single-cylinder,20.110034942626953
single-cylinder,11.332804679870605
single-cylinder,10.453177452087402
single-cylinder,13.703566551208496
single-cylinder,20.456037521362305
single-cylinder,9.53879165649414
single-cylinder,13.682229995727539
single-cylinder,19.8511905670166
single-cylinder,12.479802131652832
single-cylinder,9.181276321411133
single-cylinder,12.049612045288086
single-cylinder,10.810881614685059
single-cylinder,11.459406852722168
single-cylinder,11.27055835723877
single-cylinder,9.359562873840332
single-cylinder,13.181943893432617
single-cylinder,13.961522102355957
single-cylinder,7.9172797203063965
single-cylinder,15.512368202209473
single-cylinder,9.664097785949707
single-cylinder,20.528596878051758
single-cylinder,7.491271018981934
single-cylinder,16.239192962646484
single-cylinder,7.772056579589844
single-cylinder,14.184956550598145
single-cylinder,17.490629196166992
single-cylinder,16.367900848388672
single-cylinder,6.6168389320373535
single-cylinder,17.533824920654297
single-cylinder,16.33934783935547
single-cylinder,16.98969841003418
single-cylinder,11.046745300292969
single-cylinder,5.936433792114258
single-cylinder,14.095306396484375
single-cylinder,13.65423583984375
single-cylinder,19.11411476135254
single-cylinder,19.283546447753906
single-cylinder,11.096362113952637
single-cylinder,12.390974998474121
single-cylinder,9.705491065979004
single-cylinder,9.56718921661377
single-cylinder,7.399423599243164
single-cylinder,9.500031471252441
single-cylinder,11.879953384399414
single-cylinder,15.209467887878418
single-cylinder,15.748355865478516
single-cylinder,18.021224975585938
single-cylinder,11.436023712158203
single-cylinder,13.656448364257812
single-cylinder,10.982809066772461
single-cylinder,6.9898810386657715
single-cylinder,11.751246452331543
single-cylinder,10.975080490112305
single-cylinder,16.312280654907227
single-cylinder,12.580718040466309
single-cylinder,13.28690242767334
single-cylinder,10.904484748840332
single-cylinder,8.477622985839844
single-cylinder,15.416757583618164
single-cylinder,8.469232559204102
single-cylinder,19.5524959564209
single-cylinder,18.52495002746582
single-cylinder,10.736323356628418
single-cylinder,12.932513236999512
single-cylinder,9.037962913513184
single-cylinder,17.183088302612305
single-cylinder,9.253467559814453
single-cylinder,9.785686492919922
single-cylinder,14.376056671142578
single-cylinder,11.934210777282715
single-cylinder,15.242457389831543
single-cylinder,8.841934204101562
single-cylinder,13.99398422241211
single-cylinder,10.095918655395508
single-cylinder,17.87228775024414
single-cylinder,10.222929000854492
single-cylinder,12.671895027160645
single-cylinder,17.36276626586914
single-cylinder,9.442773818969727
single-cylinder,5.325314521789551
single-cylinder,9.444791793823242
single-cylinder,17.87275505065918
single-cylinder,20.96344566345215
single-cylinder,11.675463676452637
single-cylinder,11.783849716186523
single-cylinder,17.18619728088379
single-cylinder,10.574231147766113
single-cylinder,16.234086990356445
single-cylinder,23.51719856262207
single-cylinder,11.97873592376709
single-cylinder,19.143138885498047
single-cylinder,10.785799980163574
single-cylinder,6.941445827484131
single-cylinder,7.723570823669434
single-cylinder,12.812299728393555
single-cylinder,9.838010787963867
single-cylinder,8.908892631530762
single-cylinder,8.670655250549316
single-cylinder,8.44591999053955
single-cylinder,12.924881935119629
single-cylinder,15.360015869140625
single-cylinder,19.334535598754883
single-cylinder,15.914262771606445
single-cylinder,12.011189460754395
single-cylinder,11.057808876037598
single-cylinder,5.1555986404418945
single-cylinder,19.15452766418457
single-cylinder,12.423559188842773
single-cylinder,18.87664794921875
single-cylinder,9.799983024597168
single-cylinder,21.276538848876953
single-cylinder,15.857406616210938
single-cylinder,9.381628036499023
single-cylinder,17.726055145263672
single-cylinder,7.665006160736084
single-cylinder,14.605170249938965
single-cylinder,7.851404666900635
single-cylinder,12.006315231323242
single-cylinder,13.868006706237793
single-cylinder,14.87131404876709
single-cylinder,14.4789400100708
single-cylinder,14.79039478302002
single-cylinder,8.15249252319336
single-cylinder,9.479068756103516
single-cylinder,11.724403381347656
single-cylinder,11.961759567260742
single-cylinder,15.042075157165527
single-cylinder,14.823122024536133
single-cylinder,8.549342155456543
single-cylinder,13.746676445007324
single-cylinder,7.756586074829102
single-cylinder,16.425704956054688
single-cylinder,10.37767219543457
single-cylinder,16.59358787536621
single-cylinder,18.17658805847168
single-cylinder,13.077305793762207
single-cylinder,9.66800308227539
single-cylinder,7.0929856300354
single-cylinder,11.675177574157715
single-cylinder,10.723172187805176
single-cylinder,15.26976490020752
single-cylinder,11.894376754760742
single-cylinder,13.122629165649414
single-cylinder,10.303833961486816
single-cylinder,9.793961524963379
single-cylinder,7.88642692565918
single-cylinder,16.998998641967773
single-cylinder,12.013700485229492
single-cylinder,7.653604030609131
single-cylinder,8.93390941619873
single-cylinder,7.060080528259277
single-cylinder,13.899162292480469
single-cylinder,8.418742179870605
single-cylinder,15.506032943725586
single-cylinder,11.884397506713867
single-cylinder,22.428010940551758
single-cylinder,9.866372108459473
single-cylinder,13.934503555297852
single-cylinder,10.155108451843262
single-cylinder,13.381448745727539
single-cylinder,12.537355422973633
single-cylinder,16.072961807250977
single-cylinder,14.734761238098145
single-cylinder,15.497701644897461
single-cylinder,15.317593574523926
single-cylinder,13.753643989562988
single-cylinder,16.774293899536133
single-cylinder,12.72794246673584
single-cylinder,12.378698348999023
single-cylinder,21.374727249145508
single-cylinder,11.60479736328125
single-cylinder,10.153055191040039
single-cylinder,11.426959991455078
single-cylinder,20.370805740356445
single-cylinder,15.564878463745117
single-cylinder,12.123820304870605
single-cylinder,14.278265953063965
single-cylinder,11.810441970825195
single-cylinder,9.47900676727295
single-cylinder,8.609846115112305
single-cylinder,9.993337631225586
single-cylinder,12.741668701171875
single-cylinder,10.392315864562988
single-cylinder,13.248614311218262
single-cylinder,9.468549728393555
single-cylinder,13.47481632232666
single-cylinder,14.051530838012695
single-cylinder,16.287822723388672
single-cylinder,11.519415855407715
single-cylinder,12.904038429260254
single-cylinder,16.564348220825195
single-cylinder,18.45561408996582
single-cylinder,12.006281852722168
single-cylinder,8.109319686889648
single-cylinder,9.09692668914795
single-cylinder,17.151582717895508
single-cylinder,13.086373329162598
single-cylinder,16.297500610351562
single-cylinder,11.54015827178955
single-cylinder,7.853879451751709
single-cylinder,7.953988075256348
single-cylinder,12.217239379882812
single-cylinder,19.07708740234375
single-cylinder,10.11586856842041
single-cylinder,20.77675437927246
single-cylinder,10.501291275024414
single-cylinder,11.182025909423828
single-cylinder,10.933061599731445
single-cylinder,13.46294116973877
single-cylinder,6.819722652435303
single-cylinder,5.98674201965332
single-cylinder,15.067030906677246
single-cylinder,14.653766632080078
single-cylinder,9.164996147155762
single-cylinder,16.666664123535156
single-cylinder,11.723093032836914
single-cylinder,5.344854354858398
single-cylinder,10.466232299804688
single-cylinder,13.849257469177246
single-cylinder,5.2347636222839355
single-cylinder,10.566802978515625
single-cylinder,9.480230331420898
single-cylinder,19.29232406616211
single-cylinder,11.353119850158691
single-cylinder,10.62791633605957
single-cylinder,19.684417724609375
single-cylinder,10.845819473266602
single-cylinder,15.656961441040039
single-cylinder,12.323409080505371
single-cylinder,14.752850532531738
single-cylinder,10.40784740447998
single-cylinder,11.736464500427246
single-cylinder,13.76498794555664
single-cylinder,22.57080841064453
single-cylinder,14.537109375
single-cylinder,10.275786399841309
single-cylinder,24.176944732666016
single-cylinder,7.214743137359619
single-cylinder,9.941585540771484
single-cylinder,12.409185409545898
single-cylinder,10.67381477355957
single-cylinder,16.053943634033203
single-cylinder,11.758488655090332
single-cylinder,16.258148193359375
single-cylinder,19.532148361206055
single-cylinder,18.00042724609375
single-cylinder,20.90729522705078
single-cylinder,11.311600685119629
single-cylinder,11.897574424743652
single-cylinder,10.116801261901855
single-cylinder,16.86831283569336
single-cylinder,11.514609336853027
single-cylinder,11.028372764587402
single-cylinder,9.547751426696777
single-cylinder,9.088606834411621
single-cylinder,12.81085205078125
single-cylinder,10.073001861572266
single-cylinder,22.987512588500977
single-cylinder,12.874552726745605
single-cylinder,11.59676456451416
single-cylinder,14.596175193786621
single-cylinder,12.819720268249512
single-cylinder,8.879006385803223
single-cylinder,15.518533706665039
single-cylinder,6.595852375030518
single-cylinder,10.90134334564209
single-cylinder,13.85379409790039
single-cylinder,12.324225425720215
single-cylinder,12.22580623626709
single-cylinder,10.703882217407227
single-cylinder,6.565665245056152
single-cylinder,22.310701370239258
single-cylinder,9.196503639221191
single-cylinder,14.51901626586914
single-cylinder,17.073787689208984
single-cylinder,12.473004341125488
single-cylinder,7.722986698150635
single-cylinder,16.510190963745117
single-cylinder,12.160157203674316
single-cylinder,14.850235939025879
single-cylinder,9.143550872802734
single-cylinder,14.496262550354004
single-cylinder,9.752961158752441
single-cylinder,10.352977752685547
single-cylinder,15.72497272491455
single-cylinder,13.567845344543457
single-cylinder,12.539620399475098
single-cylinder,9.884950637817383
single-cylinder,11.772540092468262
single-cylinder,21.86541175842285
single-cylinder,15.538447380065918
single-cylinder,10.94997501373291
single-cylinder,12.157125473022461
single-cylinder,13.061931610107422
single-cylinder,10.384608268737793
single-cylinder,11.49140453338623
single-cylinder,14.843743324279785
single-cylinder,7.595743656158447
single-cylinder,13.739099502563477
single-cylinder,11.738764762878418
single-cylinder,15.1677827835083
single-cylinder,13.92875862121582
single-cylinder,9.584453582763672
single-cylinder,17.90622901916504
single-cylinder,7.598145961761475
single-cylinder,10.41215705871582
single-cylinder,13.329392433166504
single-cylinder,14.279857635498047
single-cylinder,13.444239616394043
single-cylinder,8.807765007019043
single-cylinder,8.994903564453125
single-cylinder,10.555493354797363
single-cylinder,13.026571273803711
single-cylinder,11.535957336425781
single-cylinder,12.002537727355957
single-cylinder,8.494285583496094
single-cylinder,10.269946098327637
single-cylinder,18.03423500061035
single-cylinder,8.89202880859375
single-cylinder,10.892382621765137
single-cylinder,10.839248657226562
single-cylinder,12.372054100036621
single-cylinder,10.9937744140625
single-cylinder,22.021564483642578
single-cylinder,14.834263801574707
single-cylinder,16.322891235351562
single-cylinder,13.837896347045898
single-cylinder,24.95187759399414
single-cylinder,9.671704292297363
single-cylinder,15.083771705627441
single-cylinder,16.51653289794922
single-cylinder,9.805057525634766
single-cylinder,10.870457649230957
single-cylinder,13.493637084960938
single-cylinder,9.029742240905762
single-cylinder,12.241471290588379
single-cylinder,13.960049629211426
single-cylinder,8.621198654174805
single-cylinder,7.026492118835449
single-cylinder,12.692614555358887
single-cylinder,24.051462173461914
single-cylinder,13.09100341796875
single-cylinder,19.67918586730957
single-cylinder,13.185432434082031
single-cylinder,12.530383110046387
single-cylinder,9.385210037231445
single-cylinder,16.721187591552734
single-cylinder,16.730525970458984
single-cylinder,8.968609809875488
single-cylinder,12.850083351135254
single-cylinder,16.542774200439453
single-cylinder,15.250911712646484
single-cylinder,10.048702239990234
single-cylinder,11.471124649047852
single-cylinder,6.611976623535156
single-cylinder,14.28701400756836
single-cylinder,11.153319358825684
single-cylinder,14.50944995880127
single-cylinder,8.73059368133545
single-cylinder,8.705516815185547
single-cylinder,14.183897018432617
single-cylinder,11.24708366394043
single-cylinder,8.854634284973145
single-cylinder,10.84534740447998
single-cylinder,10.143635749816895
single-cylinder,8.729153633117676
single-cylinder,13.720149040222168
single-cylinder,8.860267639160156
single-cylinder,10.326301574707031
single-cylinder,12.854734420776367
single-cylinder,9.653860092163086
single-cylinder,15.728739738464355
single-cylinder,15.187049865722656
single-cylinder,13.708539962768555
single-cylinder,22.241409301757812
single-cylinder,13.30150032043457
single-cylinder,11.999022483825684
single-cylinder,8.358697891235352
single-cylinder,19.790023803710938
single-cylinder,15.716150283813477
single-cylinder,7.488494396209717
single-cylinder,11.223246574401855
single-cylinder,17.454505920410156
single-cylinder,11.431941032409668
single-cylinder,11.512059211730957
single-cylinder,7.741769790649414
single-cylinder,12.794130325317383
single-cylinder,21.23328971862793
single-cylinder,20.45130729675293
single-cylinder,21.745275497436523
single-cylinder,10.76234245300293
single-cylinder,12.018113136291504
single-cylinder,7.635427951812744
single-cylinder,16.727760314941406
single-cylinder,10.323213577270508
single-cylinder,11.08311653137207
single-cylinder,14.450145721435547
single-cylinder,13.708525657653809
single-cylinder,20.371807098388672
single-cylinder,16.463947296142578
single-cylinder,10.56721305847168
single-cylinder,12.813008308410645
single-cylinder,14.326303482055664
single-cylinder,20.270360946655273
single-cylinder,12.889196395874023
single-cylinder,10.605134010314941
single-cylinder,8.619603157043457
single-cylinder,15.689916610717773
single-cylinder,14.773636817932129
single-cylinder,7.007286548614502
single-cylinder,12.915305137634277
single-cylinder,16.86073112487793
single-cylinder,13.905714988708496
single-cylinder,22.57413673400879
single-cylinder,9.649725914001465
single-cylinder,28.256860733032227
single-cylinder,10.746254920959473
single-cylinder,14.431589126586914
single-cylinder,9.59349536895752
single-cylinder,11.397065162658691
single-cylinder,9.914924621582031
single-cylinder,11.322980880737305
single-cylinder,14.925362586975098
single-cylinder,13.942442893981934
single-cylinder,13.59817886352539
single-cylinder,11.013079643249512
single-cylinder,5.343424320220947
single-cylinder,9.91522216796875
single-cylinder,14.021538734436035
single-cylinder,5.6625776290893555
single-cylinder,10.235794067382812
single-cylinder,11.601316452026367
single-cylinder,10.763623237609863
single-cylinder,9.49730110168457
single-cylinder,6.910150527954102
single-cylinder,12.192103385925293
single-cylinder,11.139928817749023
single-cylinder,6.614319324493408
single-cylinder,10.72072982788086
single-cylinder,9.510661125183105
single-cylinder,24.680686950683594
single-cylinder,23.32197380065918
single-cylinder,11.976892471313477
single-cylinder,15.505254745483398
single-cylinder,9.683953285217285
single-cylinder,16.505634307861328
single-cylinder,13.079434394836426
single-cylinder,13.865925788879395
single-cylinder,21.383852005004883
single-cylinder,9.259539604187012
single-cylinder,15.63376235961914
single-cylinder,18.5548095703125
single-cylinder,12.941818237304688
single-cylinder,13.804759979248047
single-cylinder,12.517659187316895
single-cylinder,25.604598999023438
single-cylinder,17.577133178710938
single-cylinder,8.527905464172363
single-cylinder,11.974374771118164
single-cylinder,14.435399055480957
single-cylinder,15.498353958129883
single-cylinder,10.86498737335205
single-cylinder,13.600052833557129
single-cylinder,11.731796264648438
single-cylinder,8.746329307556152
single-cylinder,21.710912704467773
single-cylinder,15.183216094970703
single-cylinder,8.885397911071777
single-cylinder,20.10917091369629
single-cylinder,9.368147850036621
single-cylinder,10.652091026306152
single-cylinder,18.825607299804688
single-cylinder,15.527199745178223
single-cylinder,14.87666130065918
single-cylinder,7.341335296630859
single-cylinder,8.521546363830566
single-cylinder,15.70850658416748
single-cylinder,9.579057693481445
single-cylinder,15.541059494018555
single-cylinder,14.00670337677002
single-cylinder,12.266669273376465
single-cylinder,14.4426851272583
single-cylinder,19.669326782226562
single-cylinder,10.42873477935791
single-cylinder,17.501853942871094
single-cylinder,14.027626991271973
single-cylinder,8.535501480102539
single-cylinder,14.885424613952637
single-cylinder,14.367332458496094
single-cylinder,13.035901069641113
single-cylinder,12.257697105407715
single-cylinder,12.2036771774292
single-cylinder,11.771217346191406
single-cylinder,15.521188735961914
single-cylinder,9.905518531799316
single-cylinder,16.19088363647461
single-cylinder,10.416407585144043
single-cylinder,12.076737403869629
single-cylinder,13.659601211547852
single-cylinder,14.482339859008789
single-cylinder,13.733448028564453
single-cylinder,21.023719787597656
single-cylinder,5.14052677154541
single-cylinder,12.93583869934082
single-cylinder,9.631596565246582
single-cylinder,17.175249099731445
single-cylinder,10.728089332580566
single-cylinder,16.42507553100586
single-cylinder,10.240021705627441
single-cylinder,11.276358604431152
single-cylinder,12.862898826599121
single-cylinder,9.899263381958008
single-cylinder,19.08903694152832
single-cylinder,8.600510597229004
single-cylinder,7.196256160736084
single-cylinder,12.182089805603027
single-cylinder,17.448333740234375
single-cylinder,13.72933292388916
single-cylinder,13.40377140045166
single-cylinder,13.5853910446167
single-cylinder,8.535984992980957
single-cylinder,13.069123268127441
single-cylinder,16.516366958618164
single-cylinder,12.662629127502441
single-cylinder,16.569499969482422
single-cylinder,10.474181175231934
single-cylinder,7.862472057342529
single-cylinder,17.669189453125
single-cylinder,12.618308067321777
single-cylinder,11.361478805541992
single-cylinder,5.985529899597168
single-cylinder,12.856622695922852
single-cylinder,11.962797164916992
single-cylinder,15.870911598205566
single-cylinder,14.820838928222656
single-cylinder,14.05870246887207
single-cylinder,9.719499588012695
single-cylinder,6.820010662078857
single-cylinder,9.612717628479004
single-cylinder,13.737920761108398
single-cylinder,12.725725173950195
single-cylinder,22.63392448425293
single-cylinder,13.095013618469238
single-cylinder,13.11849308013916
single-cylinder,20.194639205932617
single-cylinder,24.9337215423584
single-cylinder,7.123288631439209
single-cylinder,12.804443359375
single-cylinder,11.674062728881836
single-cylinder,17.557693481445312
single-cylinder,10.504570960998535
single-cylinder,10.940190315246582
single-cylinder,10.48112964630127
single-cylinder,16.01595115661621
single-cylinder,8.56109619140625
single-cylinder,13.831855773925781
single-cylinder,18.0501766204834
single-cylinder,10.173068046569824
single-cylinder,11.481355667114258
single-cylinder,16.651203155517578
single-cylinder,15.440917015075684
single-cylinder,13.687743186950684
single-cylinder,8.086870193481445
single-cylinder,12.75847339630127
single-cylinder,17.88410186767578
single-cylinder,14.301772117614746
single-cylinder,16.64749526977539
single-cylinder,9.905677795410156
single-cylinder,12.796442985534668
single-cylinder,7.651988506317139
single-cylinder,16.333993911743164
single-cylinder,15.980052947998047
single-cylinder,13.168503761291504
single-cylinder,13.803657531738281
single-cylinder,8.28612232208252
single-cylinder,16.311635971069336
single-cylinder,12.533421516418457
single-cylinder,17.905696868896484
single-cylinder,25.610225677490234
single-cylinder,21.712766647338867
single-cylinder,12.206793785095215
single-cylinder,15.748443603515625
single-cylinder,19.80242919921875
single-cylinder,17.22915267944336
single-cylinder,18.629947662353516
single-cylinder,18.460250854492188
single-cylinder,11.27817440032959
single-cylinder,5.8068742752075195
single-cylinder,17.632246017456055
single-cylinder,16.51711082458496
single-cylinder,17.386165618896484
single-cylinder,13.528732299804688
single-cylinder,5.571265697479248
single-cylinder,6.980305194854736
single-cylinder,11.109042167663574
single-cylinder,13.783447265625
single-cylinder,11.183328628540039
single-cylinder,21.526105880737305
single-cylinder,12.65178108215332
single-cylinder,17.7357120513916
single-cylinder,8.857917785644531
single-cylinder,16.574037551879883
single-cylinder,12.152292251586914
single-cylinder,7.785581111907959
single-cylinder,9.284528732299805
single-cylinder,11.062649726867676
single-cylinder,6.617372512817383
single-cylinder,11.309388160705566
single-cylinder,8.631126403808594
single-cylinder,14.70565128326416
single-cylinder,9.436901092529297
single-cylinder,6.058318614959717
single-cylinder,9.922320365905762
single-cylinder,15.352084159851074
single-cylinder,10.368738174438477
single-cylinder,8.761408805847168
single-cylinder,10.636523246765137
single-cylinder,17.987791061401367
single-cylinder,10.323099136352539
single-cylinder,13.468147277832031
single-cylinder,8.389370918273926
single-cylinder,10.568758010864258
single-cylinder,17.401460647583008
single-cylinder,23.424171447753906
single-cylinder,11.113738059997559
single-cylinder,15.914773941040039
single-cylinder,9.645364761352539
single-cylinder,8.06163215637207
single-cylinder,13.845619201660156
single-cylinder,10.27670669555664
single-cylinder,20.47051429748535
single-cylinder,13.985169410705566
single-cylinder,16.553924560546875
single-cylinder,11.182589530944824
single-cylinder,14.979721069335938
single-cylinder,14.066010475158691
single-cylinder,11.930510520935059
single-cylinder,23.00149154663086
single-cylinder,15.94166374206543
single-cylinder,16.897451400756836
single-cylinder,14.99295425415039
single-cylinder,19.73267364501953
single-cylinder,12.689132690429688
single-cylinder,10.766895294189453
single-cylinder,7.2664971351623535
single-cylinder,9.603203773498535
single-cylinder,17.41777229309082
single-cylinder,9.088888168334961
single-cylinder,17.122966766357422
single-cylinder,14.026203155517578
single-cylinder,14.480469703674316
single-cylinder,13.740178108215332
single-cylinder,14.418304443359375
single-cylinder,9.514918327331543
single-cylinder,15.277219772338867
single-cylinder,7.432708740234375
single-cylinder,17.368715286254883
single-cylinder,12.660447120666504
single-cylinder,9.027827262878418
single-cylinder,17.10125160217285
single-cylinder,12.413411140441895
single-cylinder,16.307950973510742
single-cylinder,9.941585540771484
single-cylinder,10.053672790527344
single-cylinder,11.221597671508789
single-cylinder,7.872376441955566
single-cylinder,14.824870109558105
single-cylinder,12.090963363647461
single-cylinder,14.99642562866211
single-cylinder,10.814432144165039
single-cylinder,13.911965370178223
single-cylinder,20.02033805847168
single-cylinder,7.313621997833252
single-cylinder,12.716094970703125
single-cylinder,17.352725982666016
single-cylinder,8.560087203979492
single-cylinder,14.96377944946289
single-cylinder,13.459111213684082
single-cylinder,7.813086986541748
single-cylinder,8.99278450012207
single-cylinder,8.865610122680664
single-cylinder,13.890202522277832
single-cylinder,11.428545951843262
single-cylinder,8.748732566833496
single-cylinder,12.686769485473633
single-cylinder,8.164188385009766
single-cylinder,8.672172546386719
single-cylinder,9.536194801330566
single-cylinder,13.943052291870117
single-cylinder,12.079398155212402
single-cylinder,19.856931686401367
single-cylinder,9.097790718078613
single-cylinder,8.672693252563477
single-cylinder,17.85392951965332
single-cylinder,18.237218856811523
single-cylinder,15.504844665527344
single-cylinder,12.200687408447266
single-cylinder,12.555936813354492
single-cylinder,12.841958045959473
single-cylinder,10.24148178100586
single-cylinder,14.759339332580566
single-cylinder,12.723942756652832
single-cylinder,18.59878158569336
single-cylinder,11.990462303161621
single-cylinder,14.458874702453613
single-cylinder,10.425470352172852
single-cylinder,14.856802940368652
single-cylinder,12.1735258102417
single-cylinder,11.747288703918457
single-cylinder,10.480228424072266
single-cylinder,9.713610649108887
single-cylinder,15.127739906311035
single-cylinder,14.398116111755371
single-cylinder,13.424778938293457
single-cylinder,18.181886672973633
single-cylinder,12.0217866897583
single-cylinder,10.179697036743164
single-cylinder,5.824601650238037
single-cylinder,14.126684188842773
single-cylinder,17.465717315673828
single-cylinder,12.65723705291748
single-cylinder,8.189616203308105
single-cylinder,13.731088638305664
single-cylinder,12.108233451843262
single-cylinder,22.38363265991211
single-cylinder,20.567564010620117
single-cylinder,17.927122116088867
single-cylinder,19.019954681396484
single-cylinder,19.411535263061523
single-cylinder,13.888651847839355
single-cylinder,11.959403038024902
single-cylinder,15.1151704788208
single-cylinder,11.920363426208496
single-cylinder,7.2746734619140625
single-cylinder,18.197202682495117
single-cylinder,22.355024337768555
single-cylinder,23.97757339477539
single-cylinder,16.009254455566406
single-cylinder,15.648366928100586
single-cylinder,8.143046379089355
single-cylinder,8.19242000579834
single-cylinder,13.130900382995605
single-cylinder,13.960644721984863
single-cylinder,22.850454330444336
single-cylinder,11.014473915100098
single-cylinder,16.65581512451172
single-cylinder,13.143522262573242
single-cylinder,11.771133422851562
single-cylinder,7.837542533874512
single-cylinder,13.766953468322754
single-cylinder,19.425514221191406
single-cylinder,14.188077926635742
single-cylinder,19.39021110534668
single-cylinder,12.438883781433105
single-cylinder,15.211615562438965
single-cylinder,11.696927070617676
single-cylinder,19.032556533813477
single-cylinder,11.347185134887695
single-cylinder,17.618621826171875
single-cylinder,18.625736236572266
single-cylinder,11.127850532531738
single-cylinder,10.993935585021973
single-cylinder,7.292370796203613
single-cylinder,8.673259735107422
single-cylinder,7.4210309982299805
single-cylinder,7.709658622741699
single-cylinder,17.102994918823242
single-cylinder,8.567861557006836
single-cylinder,13.903938293457031
single-cylinder,10.192925453186035
single-cylinder,13.890799522399902
single-cylinder,15.265926361083984
single-cylinder,10.481035232543945
single-cylinder,12.87140941619873
single-cylinder,15.432153701782227
single-cylinder,6.817910671234131
single-cylinder,8.54235553741455
single-cylinder,6.562707901000977
single-cylinder,20.419832229614258
single-cylinder,18.743711471557617
single-cylinder,13.318130493164062
single-cylinder,7.420660972595215
