class,r,median_deg,p25_deg,p75_deg,n_train_clips
V6,5,10.283338069915771,9.624816656112671,11.42087721824646,45
V8,5,12.686289310455322,10.570373296737671,18.898513078689575,47
inline-4,5,37.636863708496094,23.294991970062256,65.60766410827637,50
inline-6,5,63.7982234954834,19.479111671447754,76.02379417419434,47
single-cylinder,5,16.399883270263672,10.36765193939209,21.708134174346924,45
