,V6,V8,inline-4,inline-6,single-cylinder
V6,0.0,40.40922,66.74137,74.98456,72.331055
V8,40.40922,0.0,31.834352,43.544422,39.79895
inline-4,66.74137,31.834352,0.0,37.86621,39.212265
inline-6,74.98456,43.544422,37.86621,0.0,25.764057
single-cylinder,72.331055,39.79895,39.212265,25.764057,0.0
