{
  "overall": 0.2413793103448276,
  "macro": 0.23835164835164835
}