,precision,recall,f1-score,support
V6,0.2,0.25,0.2222222222222222,8.0
V8,0.4,0.2,0.26666666666666666,10.0
inline-4,0.21428571428571427,0.23076923076923078,0.2222222222222222,13.0
inline-6,0.16666666666666666,0.15384615384615385,0.16,13.0
single-cylinder,0.29411764705882354,0.35714285714285715,0.3225806451612903,14.0
accuracy,0.2413793103448276,0.2413793103448276,0.2413793103448276,0.2413793103448276
macro avg,0.2550140056022409,0.23835164835164835,0.23873835125448029,58.0
weighted avg,0.25293151743456005,0.2413793103448276,0.24016314423433444,58.0
