class,EVR_at_5,test_recon_MSE,n_train_clips
V6,0.9600214958190918,714.7070922851562,46
V8,0.9566491842269897,745.0592041015625,50
inline-4,0.9591841697692871,954.7593994140625,47
inline-6,0.9478934407234192,808.3661499023438,47
single-cylinder,0.9384921193122864,677.2863159179688,45
