class,r,median_deg,p25_deg,p75_deg,n_train_clips
V6,5,10.404614448547363,8.932969331741333,11.835283279418945,46
V8,5,13.500620365142822,10.666828155517578,15.357083559036255,50
inline-4,5,10.28355360031128,6.023491859436035,13.307793378829956,47
inline-6,5,33.34047317504883,23.23787212371826,57.34645652770996,47
single-cylinder,5,23.38990879058838,16.610435485839844,27.90096664428711,45
