class,theta_max_deg
V6,8.212718963623047
V6,10.098119735717773
V6,10.361772537231445
V6,12.228273391723633
V6,11.311704635620117
V6,9.04141902923584
V6,20.171953201293945
V6,13.50908374786377
V6,9.913159370422363
V6,10.490005493164062
V6,8.067011833190918
V6,18.648338317871094
V6,13.302851676940918
V6,19.995895385742188
V6,16.672855377197266
V6,10.46139907836914
V6,14.833223342895508
V6,13.711450576782227
V6,6.912392616271973
V6,8.70865249633789
V6,17.232933044433594
V6,13.616047859191895
V6,9.181661605834961
V6,11.194785118103027
V6,36.48149490356445
V6,11.342392921447754
V6,15.003618240356445
V6,7.49462366104126
V6,8.386959075927734
V6,18.04191017150879
V6,10.818216323852539
V6,38.64533233642578
V6,20.925508499145508
V6,12.600175857543945
V6,7.564676761627197
V6,36.036766052246094
V6,13.396050453186035
V6,11.737606048583984
V6,10.895671844482422
V6,7.523890972137451
V6,14.068610191345215
V6,10.630304336547852
V6,9.991644859313965
V6,15.744908332824707
V6,32.03422164916992
V6,46.103302001953125
V6,10.594181060791016
V6,25.857559204101562
V6,21.689401626586914
V6,4.702904224395752
V6,22.6187801361084
V6,17.135826110839844
V6,12.577911376953125
V6,11.725629806518555
V6,21.282466888427734
V6,7.8037109375
V6,19.302732467651367
V6,32.35118103027344
V6,5.494546413421631
V6,9.07354736328125
V6,14.985376358032227
V6,14.349238395690918
V6,17.568016052246094
V6,24.983190536499023
V6,12.098753929138184
V6,16.734664916992188
V6,10.941341400146484
V6,15.413135528564453
V6,20.34359359741211
V6,7.830427169799805
V6,13.541135787963867
V6,6.763032913208008
V6,14.590455055236816
V6,16.415834426879883
V6,38.70126724243164
V6,7.511204719543457
V6,12.046110153198242
V6,17.267288208007812
V6,9.095133781433105
V6,18.705062866210938
V6,13.844877243041992
V6,13.342984199523926
V6,14.527594566345215
V6,16.323802947998047
V6,29.44977378845215
V6,7.1829400062561035
V6,20.777860641479492
V6,8.083446502685547
V6,10.804853439331055
V6,20.649261474609375
V6,10.081063270568848
V6,10.257104873657227
V6,18.10752296447754
V6,19.570232391357422
V6,10.311162948608398
V6,28.337114334106445
V6,11.761672019958496
V6,12.953691482543945
V6,7.551721572875977
V6,9.37311840057373
V6,8.893354415893555
V6,13.96515941619873
V6,12.49812126159668
V6,10.635153770446777
V6,25.564109802246094
V6,19.51516342163086
V6,14.233248710632324
V6,17.68890380859375
V6,16.19214630126953
V6,15.171893119812012
V6,8.94434928894043
V6,10.405523300170898
V6,14.952705383300781
V6,9.667210578918457
V6,37.14109802246094
V6,9.642877578735352
V6,15.141826629638672
V6,12.139761924743652
V6,10.932953834533691
V6,24.117055892944336
V6,10.335175514221191
V6,16.081756591796875
V6,11.458101272583008
V6,12.16681957244873
V6,5.410662651062012
V6,10.734031677246094
V6,37.02243423461914
V6,9.686714172363281
V6,30.324064254760742
V6,15.334040641784668
V6,16.47662925720215
V6,10.478463172912598
V6,17.334259033203125
V6,15.05927848815918
V6,10.333539009094238
V6,11.955182075500488
V6,13.512138366699219
V6,26.648183822631836
V6,19.126148223876953
V6,22.688383102416992
V6,14.277074813842773
V6,13.873861312866211
V6,16.18387794494629
V6,10.858173370361328
V6,5.469308376312256
V6,23.802614212036133
V6,14.445942878723145
V6,8.656394004821777
V6,13.302821159362793
V6,14.458874702453613
V6,14.913981437683105
V6,14.562324523925781
V6,9.249558448791504
V6,12.966954231262207
V6,10.082487106323242
V6,12.449470520019531
V6,16.30035972595215
V6,5.684616565704346
V6,15.88811206817627
V6,17.624794006347656
V6,11.571661949157715
V6,10.879996299743652
V6,13.863560676574707
V6,22.65691375732422
V6,18.13123321533203
V6,23.136676788330078
V6,6.251345157623291
V6,40.30718994140625
V6,4.9324870109558105
V6,6.953586101531982
V6,31.640682220458984
V6,6.746047496795654
V6,15.65658187866211
V6,14.01439094543457
V6,10.370388984680176
V6,6.95319128036499
V6,9.192784309387207
V6,43.26449966430664
V6,10.426734924316406
V6,14.296338081359863
V6,7.918395042419434
V6,10.600643157958984
V6,13.701908111572266
V6,18.206693649291992
V6,10.718802452087402
V6,12.046929359436035
V6,21.983306884765625
V6,20.315311431884766
V6,15.425260543823242
V6,9.144023895263672
V6,25.369482040405273
V6,7.135175704956055
V6,11.92128849029541
V6,11.25312328338623
V6,12.345438957214355
V6,11.798239707946777
V6,26.940170288085938
V6,12.093343734741211
V6,14.143240928649902
V6,13.579355239868164
V6,14.176048278808594
V6,16.57021713256836
V6,5.971201419830322
V6,7.982048988342285
V6,8.648880958557129
V6,12.063100814819336
V6,10.714652061462402
V6,19.367630004882812
V6,24.560373306274414
V6,13.004068374633789
V6,20.578487396240234
V6,16.06168556213379
V6,16.929311752319336
V6,16.651893615722656
V6,28.543787002563477
V6,11.940485000610352
V6,19.875654220581055
V6,6.492260932922363
V6,10.19460391998291
V6,12.668049812316895
V6,19.9444580078125
V6,7.033216953277588
V6,12.314604759216309
V6,32.11152267456055
V6,14.761859893798828
V6,9.422163963317871
V6,23.573698043823242
V6,14.101377487182617
V6,19.89487075805664
V6,10.785598754882812
V6,11.724823951721191
V6,31.62224006652832
V6,36.85520553588867
V6,8.510153770446777
V6,16.907283782958984
V6,12.13139533996582
V6,15.709668159484863
V6,21.22026252746582
V6,13.836111068725586
V6,18.391372680664062
V6,13.124629974365234
V6,12.571511268615723
V6,24.664382934570312
V6,14.73787784576416
V6,8.250929832458496
V6,9.888232231140137
V6,12.934328079223633
V6,9.083134651184082
V6,11.057629585266113
V6,9.180441856384277
V6,13.973774909973145
V6,12.360939025878906
V6,7.576186180114746
V6,32.631099700927734
V6,13.324518203735352
V6,9.26671028137207
V6,20.368825912475586
V6,12.162005424499512
V6,15.113848686218262
V6,14.255857467651367
V6,38.60669708251953
V6,16.639257431030273
V6,15.536380767822266
V6,38.509029388427734
V6,12.808187484741211
V6,19.85150146484375
V6,15.052257537841797
V6,4.130857467651367
V6,23.14202117919922
V6,12.463308334350586
V6,12.974044799804688
V6,14.735930442810059
V6,9.649908065795898
V6,14.302422523498535
V6,7.718868255615234
V6,13.603290557861328
V6,8.700281143188477
V6,21.312076568603516
V6,13.508162498474121
V6,18.30751609802246
V6,10.397899627685547
V6,20.43667221069336
V6,12.897369384765625
V6,16.837556838989258
V6,9.735790252685547
V6,18.681385040283203
V6,6.576140880584717
V6,7.799660682678223
V6,12.670323371887207
V6,9.980084419250488
V6,39.576759338378906
V6,8.32921028137207
V6,17.118059158325195
V6,20.516380310058594
V6,15.041247367858887
V6,15.878089904785156
V6,8.469209671020508
V6,16.71468162536621
V6,15.97940731048584
V6,14.941370964050293
V6,19.830856323242188
V6,13.368043899536133
V6,14.38064956665039
V6,10.64244270324707
V6,8.282377243041992
V6,6.517913818359375
V6,6.974035739898682
V6,19.349023818969727
V6,14.147237777709961
V6,7.576704502105713
V6,14.749966621398926
V6,12.442038536071777
V6,6.04824686050415
V6,27.52189826965332
V6,16.708147048950195
V6,7.186926364898682
V6,6.499144077301025
V6,9.483464241027832
V6,11.590850830078125
V6,9.581356048583984
V6,18.665760040283203
V6,18.54932403564453
V6,12.92225456237793
V6,12.067544937133789
V6,12.787174224853516
V6,17.968448638916016
V6,14.463264465332031
V6,17.339359283447266
V6,6.748546600341797
V6,12.511086463928223
V6,8.928079605102539
V6,6.555532932281494
V6,15.563821792602539
V6,6.979208946228027
V6,20.01779556274414
V6,15.914847373962402
V6,19.4115047454834
V6,8.60998249053955
V6,22.69536018371582
V6,34.315914154052734
V6,19.964073181152344
V6,9.437901496887207
V6,14.820772171020508
V6,8.670859336853027
V6,18.942256927490234
V6,6.8587541580200195
V6,21.53529930114746
V6,14.555777549743652
V6,11.715812683105469
V6,13.069666862487793
V6,9.70822525024414
V6,19.293720245361328
V6,10.874459266662598
V6,16.83181381225586
V6,21.561763763427734
V6,11.778965950012207
V6,34.10289764404297
V6,13.629373550415039
V6,10.130577087402344
V6,10.048663139343262
V6,16.784727096557617
V6,21.412879943847656
V6,15.8661527633667
V6,14.561279296875
V6,6.085503101348877
V6,11.9713773727417
V6,14.003485679626465
V6,7.699443817138672
V6,16.0631160736084
V6,12.193429946899414
V6,23.478878021240234
V6,9.975176811218262
V6,8.80542278289795
V6,10.59744930267334
V6,14.58675479888916
V6,26.376253128051758
V6,33.583892822265625
V6,12.180294036865234
V6,9.332371711730957
V6,11.08839225769043
V6,13.206930160522461
V6,14.877447128295898
V6,22.411623001098633
V6,19.70088768005371
V6,13.146810531616211
V6,29.328676223754883
V6,13.816219329833984
V6,14.148285865783691
V6,14.66882610321045
V6,11.751028060913086
V6,11.583012580871582
V6,11.5122652053833
V6,13.72749137878418
V6,13.158592224121094
V6,16.68181800842285
V6,8.909509658813477
V6,8.873495101928711
V6,9.774608612060547
V6,11.908419609069824
V6,6.036599636077881
V6,19.761974334716797
V6,23.131940841674805
V6,16.569595336914062
V6,13.225871086120605
V6,14.707062721252441
V6,10.01794719696045
V6,20.93561363220215
V6,24.58999252319336
V6,16.042505264282227
V6,19.38346290588379
V6,47.53817367553711
V6,11.067133903503418
V6,16.1314640045166
V6,10.950477600097656
V6,13.604582786560059
V6,23.048133850097656
V6,15.699827194213867
V6,16.942779541015625
V6,14.375218391418457
V6,21.009082794189453
V6,14.330554008483887
V6,10.894859313964844
V6,17.244020462036133
V6,8.45168399810791
V6,8.954667091369629
V6,21.597623825073242
V6,8.143528938293457
V6,21.308704376220703
V6,7.770869731903076
V6,18.507766723632812
V6,10.389457702636719
V6,12.123056411743164
V6,16.22640037536621
V6,20.416669845581055
V6,8.005647659301758
V6,8.613198280334473
V6,11.826600074768066
V6,6.4789276123046875
V6,11.867289543151855
V6,17.8577938079834
V6,11.155632019042969
V6,18.836959838867188
V6,7.748864650726318
V6,9.323163986206055
V6,6.517703533172607
V6,15.3223876953125
V6,9.7788724899292
V6,16.836071014404297
V6,5.541037559509277
V6,20.156993865966797
V6,5.872193813323975
V6,20.34409523010254
V6,32.60874938964844
V6,36.94599533081055
V6,16.23313331604004
V6,13.601447105407715
V6,18.36106300354004
V6,7.699112415313721
V6,9.004400253295898
V6,18.788902282714844
V6,8.21030330657959
V6,11.745442390441895
V6,18.825490951538086
V6,16.919597625732422
V6,17.8723087310791
V6,45.04802703857422
V6,14.161385536193848
V6,21.60849380493164
V6,9.02216625213623
V6,36.02236557006836
V6,13.527579307556152
V6,14.625998497009277
V6,10.268969535827637
V6,10.59157943725586
V6,9.337718963623047
V6,35.16901397705078
V6,13.820809364318848
V6,14.338252067565918
V6,16.343669891357422
V6,25.756662368774414
V6,38.77728271484375
V6,9.139315605163574
V6,10.923785209655762
V6,7.091160297393799
V6,14.367444038391113
V6,19.12225914001465
V6,11.976991653442383
V6,11.825716972351074
V6,8.94096565246582
V6,14.14310073852539
V6,14.032739639282227
V6,22.806495666503906
V6,6.111637592315674
V6,20.892436981201172
V6,7.660370826721191
V6,14.679084777832031
V6,19.36003875732422
V6,9.36915397644043
V6,14.957891464233398
V6,17.34922218322754
V6,12.113377571105957
V6,16.175199508666992
V6,7.096856594085693
V6,13.369062423706055
V6,18.75868034362793
V6,8.710208892822266
V6,37.41203308105469
V6,10.852768898010254
V6,19.521215438842773
V6,17.553062438964844
V6,8.286572456359863
V6,14.917019844055176
V6,18.924657821655273
V6,11.55068588256836
V6,10.622156143188477
V6,10.275825500488281
V6,5.940988540649414
V6,12.029735565185547
V6,24.84286117553711
V6,5.449206352233887
V6,11.937710762023926
V6,12.983776092529297
V6,5.4139933586120605
V6,17.722196578979492
V6,6.202670097351074
V6,10.537301063537598
V6,7.217489719390869
V6,9.706645965576172
V6,15.664754867553711
V6,15.426761627197266
V6,6.6219940185546875
V6,17.219533920288086
V6,19.759580612182617
V6,12.006463050842285
V6,7.162919044494629
V6,11.200325012207031
V6,11.930940628051758
V6,19.99388885498047
V6,12.242212295532227
V6,30.42365837097168
V6,14.853765487670898
V6,20.316177368164062
V6,6.735281467437744
V6,12.61591625213623
V6,36.572879791259766
V6,10.4616060256958
V6,10.945820808410645
V6,11.027337074279785
V6,38.34281921386719
V6,6.950143814086914
V6,9.15255069732666
V6,15.779329299926758
V6,8.85141658782959
V6,7.416296482086182
V6,11.130026817321777
V6,12.395271301269531
V6,6.681548595428467
V6,29.445186614990234
V6,7.057496070861816
V6,10.86757755279541
V6,12.91308879852295
V6,5.815812110900879
V6,24.483184814453125
V6,9.710959434509277
V6,7.96651554107666
V6,12.402079582214355
V6,7.314426898956299
V6,18.03928565979004
V6,18.008668899536133
V6,12.580608367919922
V6,8.277397155761719
V6,8.71510124206543
V6,10.245994567871094
V6,12.749006271362305
V6,14.692798614501953
V6,7.676392078399658
V6,17.369905471801758
V6,12.614665031433105
V6,11.877248764038086
V6,12.894829750061035
V6,11.993912696838379
V6,15.826605796813965
V6,18.031728744506836
V6,6.241835117340088
V6,8.080215454101562
V6,10.203166961669922
V6,7.153628349304199
V6,12.684467315673828
V6,22.022722244262695
V6,10.161614418029785
V6,11.2059326171875
V6,7.613085746765137
V6,9.163129806518555
V6,20.276472091674805
V6,13.246781349182129
V6,16.799055099487305
V6,7.73842191696167
V6,13.114911079406738
V6,13.491426467895508
V6,8.653761863708496
V6,17.766460418701172
V6,6.960972785949707
V6,16.438175201416016
V6,29.339181900024414
V6,16.014293670654297
V6,17.43535614013672
V6,7.159905910491943
V6,10.948949813842773
V6,13.313399314880371
V6,11.8547945022583
V6,14.72862434387207
V6,36.36379623413086
V6,34.67099380493164
V6,11.35350227355957
V6,16.03032684326172
V6,46.404998779296875
V6,11.809107780456543
V6,22.331615447998047
V6,8.127432823181152
V6,21.189342498779297
V6,16.49201011657715
V6,15.906600952148438
V6,11.024194717407227
V6,19.53710174560547
V6,12.58676815032959
V6,6.521432876586914
V6,19.638521194458008
V6,14.614877700805664
V6,12.104291915893555
V6,24.751672744750977
V6,11.066671371459961
V6,20.165088653564453
V6,14.207222938537598
V6,18.816375732421875
V6,12.335116386413574
V6,10.997319221496582
V6,14.9552583694458
V6,8.666711807250977
V6,7.015260219573975
V6,15.005648612976074
V6,14.81998348236084
V6,36.9078483581543
V6,7.403666019439697
V6,38.62494659423828
V6,9.995128631591797
V6,10.457806587219238
V6,17.653553009033203
V6,11.837725639343262
V6,8.95771598815918
V6,9.680806159973145
V6,6.378549575805664
V6,15.510260581970215
V6,16.37839126586914
V6,8.643383026123047
V6,25.850770950317383
V6,42.479766845703125
V6,16.479759216308594
V6,18.96383285522461
V6,13.91132640838623
V6,42.62229537963867
V6,16.370431900024414
V6,9.673330307006836
V6,15.155678749084473
V6,19.01235580444336
V6,14.273736000061035
V6,6.498781681060791
V6,14.146986961364746
V6,12.526825904846191
V6,17.26645851135254
V6,5.539127349853516
V6,7.661625862121582
V6,25.932403564453125
V6,11.820549964904785
V6,25.557214736938477
V6,8.45605182647705
V6,14.15268611907959
V6,8.503320693969727
V6,17.02197265625
V6,12.530352592468262
V6,12.253931999206543
V6,15.925006866455078
V6,22.496122360229492
V6,23.89890480041504
V6,26.39820671081543
V6,11.369796752929688
V6,13.91132640838623
V6,8.196494102478027
V6,14.517012596130371
V6,11.955446243286133
V6,12.291654586791992
V6,29.9185733795166
V6,8.761453628540039
V6,14.04965877532959
V6,9.13178825378418
V6,11.044231414794922
V6,17.3193302154541
V6,14.855351448059082
V6,14.704184532165527
V6,12.559863090515137
V6,20.540660858154297
V6,7.978113174438477
V6,17.18619728088379
V6,7.961363792419434
V6,11.587587356567383
V6,19.259023666381836
V6,9.354395866394043
V6,12.223967552185059
V6,6.6363115310668945
V6,9.191329956054688
V6,8.066160202026367
V6,26.04132652282715
V6,17.792015075683594
V6,9.529720306396484
V6,21.307273864746094
V6,7.666669845581055
V6,9.0631685256958
V6,13.246990203857422
V6,13.786786079406738
V6,13.665573120117188
V6,15.984457015991211
V6,13.16051197052002
V6,12.287001609802246
V6,12.4849853515625
V6,17.88290023803711
V6,21.665935516357422
V6,42.22309494018555
V6,12.357892036437988
V6,13.007967948913574
V6,9.675139427185059
V6,12.58002758026123
V6,19.027509689331055
V6,5.908897399902344
V6,20.111286163330078
V6,13.956411361694336
V6,17.95928192138672
V6,14.979893684387207
V6,8.99247932434082
V6,13.128615379333496
V6,15.755539894104004
V6,8.969902992248535
V6,19.15335464477539
V6,6.365132808685303
V6,11.577773094177246
V6,12.511795997619629
V6,17.821809768676758
V6,12.1607084274292
V6,18.407655715942383
V6,14.430506706237793
V6,11.112302780151367
V6,8.78541088104248
V6,21.841703414916992
V6,12.704437255859375
V6,12.032144546508789
V6,6.882505416870117
V6,17.15947723388672
V6,10.170843124389648
V6,13.0847749710083
V6,17.032678604125977
V6,7.3853559494018555
V6,11.899760246276855
V6,11.172141075134277
V6,9.087071418762207
V6,8.52092456817627
V6,10.243170738220215
V6,14.16628360748291
V6,11.272026062011719
V6,11.71438217163086
V6,9.691523551940918
V6,15.050311088562012
V6,11.415732383728027
V6,16.404882431030273
V6,16.646387100219727
V6,16.497711181640625
V6,7.292479038238525
V6,8.035045623779297
V6,13.617904663085938
V6,16.532838821411133
V6,12.513766288757324
V6,27.334186553955078
V6,19.804182052612305
V6,12.084569931030273
V6,10.751657485961914
V6,13.700783729553223
V6,34.86236572265625
V6,21.535608291625977
V6,17.8658447265625
V6,8.184244155883789
V6,12.4346342086792
V6,19.12055778503418
V6,18.639171600341797
V6,7.616281032562256
V6,19.07256317138672
V6,14.59571361541748
V6,19.78429412841797
V6,11.83444595336914
V6,12.522574424743652
V6,8.411017417907715
V6,12.717970848083496
V6,19.69413948059082
V6,6.697877407073975
V6,10.651849746704102
V6,8.818575859069824
V6,8.15713882446289
V6,17.296579360961914
V6,17.707460403442383
V6,12.79329776763916
V6,20.79535675048828
V6,9.278091430664062
V6,11.684590339660645
V6,11.12992000579834
V6,12.337610244750977
V6,13.285401344299316
V6,14.75208568572998
V6,11.048189163208008
V6,9.978095054626465
V6,11.579575538635254
V6,12.600865364074707
V6,28.24797248840332
V6,38.43362045288086
V6,12.63032341003418
V6,18.00952911376953
V6,12.333821296691895
V6,16.221439361572266
V6,8.185803413391113
V6,9.629942893981934
V6,8.680843353271484
V6,20.339496612548828
V6,20.32242202758789
V6,24.507490158081055
V6,12.304145812988281
V6,8.307635307312012
V6,11.261887550354004
V6,12.962920188903809
V6,7.794902801513672
V6,11.786023139953613
V6,11.943934440612793
V6,12.960209846496582
V6,14.615541458129883
V6,5.674195289611816
V6,11.449347496032715
V6,13.47285270690918
V6,21.274986267089844
V6,11.743043899536133
V6,17.77753448486328
V6,16.12639808654785
V6,12.788422584533691
V6,36.20790481567383
V6,16.187124252319336
V6,9.326936721801758
V6,29.034944534301758
V6,16.11537742614746
V6,20.00892448425293
V6,8.488757133483887
V6,22.22484016418457
V6,17.245643615722656
V6,12.28061294555664
V6,16.53785514831543
V6,9.33702564239502
V6,12.69090461730957
V6,11.463343620300293
V6,22.773468017578125
V6,10.996496200561523
V6,24.632463455200195
V6,13.428970336914062
V6,5.973629951477051
V6,14.318449020385742
V6,15.494621276855469
V6,16.68267250061035
V6,40.00344467163086
V6,9.790668487548828
V6,36.54684066772461
V6,14.458012580871582
V6,6.302539825439453
V6,16.16178321838379
V6,5.942506313323975
V6,9.026368141174316
V6,7.850504398345947
V6,36.55675506591797
V6,10.74112606048584
V6,7.948038101196289
V6,11.430476188659668
V6,12.801823616027832
V6,11.692883491516113
V6,29.048683166503906
V6,6.2141642570495605
V6,12.969388961791992
V6,12.726051330566406
V6,21.023433685302734
V6,20.63304328918457
V6,12.717784881591797
V6,11.767584800720215
V6,10.663705825805664
V6,12.89063549041748
V6,7.030706405639648
V6,17.686002731323242
V6,12.95617389678955
V6,13.324666023254395
V6,14.128180503845215
V6,22.76182746887207
V6,12.373041152954102
V6,31.714649200439453
V6,10.003684043884277
V6,10.702926635742188
V6,12.359040260314941
V6,24.254310607910156
V6,12.392693519592285
V6,12.3251371383667
V6,10.269966125488281
V6,9.407947540283203
V6,7.409546852111816
V6,10.594663619995117
V6,25.985456466674805
V6,11.862953186035156
V6,43.19670486450195
V6,20.637054443359375
V6,14.217711448669434
V6,32.713539123535156
V6,10.802247047424316
V6,31.502626419067383
V6,13.25485610961914
V6,12.069341659545898
V6,14.610179901123047
V6,17.65987205505371
V6,8.411460876464844
V6,8.915792465209961
V6,16.693044662475586
V6,19.683496475219727
V6,18.009750366210938
V6,44.4086799621582
V6,16.632505416870117
V6,13.471254348754883
V6,6.893212795257568
V6,10.623007774353027
V6,7.837116718292236
V6,12.01035213470459
V6,7.86424446105957
V6,11.801412582397461
V6,6.534649848937988
V6,33.84767150878906
V6,11.127619743347168
V6,18.019004821777344
V6,11.439071655273438
V6,7.84442663192749
V6,10.029777526855469
V6,8.452427864074707
V6,25.787099838256836
V6,17.430818557739258
V6,25.235570907592773
V6,16.53573226928711
V6,17.04852867126465
V6,18.915958404541016
V6,10.53875732421875
V6,11.71263313293457
V6,13.962002754211426
V6,19.890335083007812
V6,8.183524131774902
V6,15.136555671691895
V6,21.439456939697266
V6,32.05187225341797
V6,15.958230972290039
V6,6.0463666915893555
V6,9.071229934692383
V6,6.693864822387695
V6,12.061564445495605
V6,38.72200393676758
V6,10.165833473205566
V6,11.440879821777344
V6,10.460421562194824
V6,12.55711555480957
V6,14.424298286437988
V6,18.950115203857422
V6,18.234664916992188
V6,13.18335247039795
V6,14.192243576049805
V6,8.68064022064209
V6,13.329852104187012
V6,30.712221145629883
V6,11.663053512573242
V6,11.268706321716309
V6,10.480772972106934
V6,12.05075740814209
V6,13.374762535095215
V6,15.961808204650879
V6,18.40061378479004
V6,12.121788024902344
V6,23.1689453125
V6,5.694434642791748
V6,14.060754776000977
V6,15.972485542297363
V6,22.237802505493164
V6,13.404287338256836
V6,11.377070426940918
V6,7.452297687530518
V6,16.285839080810547
V6,10.660881042480469
V6,18.834632873535156
V6,11.126293182373047
V6,16.869760513305664
V6,12.200202941894531
V6,17.02518081665039
V8,10.566336631774902
V8,20.64879608154297
V8,8.369403839111328
V8,9.657341957092285
V8,21.5959529876709
V8,14.516550064086914
V8,11.787511825561523
V8,19.613283157348633
V8,8.974610328674316
V8,12.314509391784668
V8,4.923661708831787
V8,11.729629516601562
V8,11.715896606445312
V8,5.562182903289795
V8,8.468769073486328
V8,9.898150444030762
V8,14.611737251281738
V8,18.155261993408203
V8,16.546586990356445
V8,8.276827812194824
V8,11.260156631469727
V8,8.998266220092773
V8,7.248356819152832
V8,10.396177291870117
V8,13.17428970336914
V8,9.155105590820312
V8,12.951069831848145
V8,8.176876068115234
V8,7.81502103805542
V8,13.631648063659668
V8,13.811842918395996
V8,13.63351821899414
V8,12.784303665161133
V8,9.184422492980957
V8,10.315168380737305
V8,16.12405014038086
V8,14.550395965576172
V8,16.37308692932129
V8,21.061298370361328
V8,6.656023025512695
V8,8.51031494140625
V8,8.155550003051758
V8,7.103956699371338
V8,8.211762428283691
V8,15.282636642456055
V8,12.743231773376465
V8,9.352567672729492
V8,10.350089073181152
V8,5.32719087600708
V8,8.281761169433594
V8,12.078076362609863
V8,14.740763664245605
V8,9.140734672546387
V8,6.811895847320557
V8,10.963899612426758
V8,12.112156867980957
V8,10.522650718688965
V8,16.322418212890625
V8,12.23093318939209
V8,5.920893669128418
V8,9.675748825073242
V8,18.060117721557617
V8,8.414519309997559
V8,7.3818488121032715
V8,11.099591255187988
V8,8.864922523498535
V8,14.648974418640137
V8,11.77521800994873
V8,10.02346134185791
V8,12.281737327575684
V8,7.781041622161865
V8,25.857099533081055
V8,10.451784133911133
V8,7.925853729248047
V8,7.818335056304932
V8,7.712254524230957
V8,12.376850128173828
V8,8.456539154052734
V8,21.209070205688477
V8,8.63062572479248
V8,10.868917465209961
V8,11.131422996520996
V8,9.261406898498535
V8,13.177959442138672
V8,17.260831832885742
V8,13.803730010986328
V8,12.390068054199219
V8,18.612300872802734
V8,9.296417236328125
V8,23.366100311279297
V8,8.076838493347168
V8,8.727736473083496
V8,13.115272521972656
V8,11.193607330322266
V8,12.60058307647705
V8,12.000682830810547
V8,26.234703063964844
V8,15.048114776611328
V8,11.479536056518555
V8,9.069192886352539
V8,8.47646427154541
V8,18.945423126220703
V8,17.32998275756836
V8,9.917759895324707
V8,14.097185134887695
V8,41.514278411865234
V8,12.449455261230469
V8,7.810196876525879
V8,10.508821487426758
V8,17.08220672607422
V8,8.845688819885254
V8,6.696823596954346
V8,14.424421310424805
V8,13.762763023376465
V8,8.53559398651123
V8,17.641342163085938
V8,19.978759765625
V8,8.206093788146973
V8,16.650367736816406
V8,9.180013656616211
V8,6.24506950378418
V8,14.063368797302246
V8,14.013445854187012
V8,11.357993125915527
V8,7.057384967803955
V8,14.020933151245117
V8,8.717196464538574
V8,20.801780700683594
V8,21.106950759887695
V8,10.896503448486328
V8,17.556427001953125
V8,7.998411655426025
V8,9.963972091674805
V8,10.090091705322266
V8,9.039658546447754
V8,17.95921516418457
V8,17.021623611450195
V8,14.99101448059082
V8,10.924433708190918
V8,12.892472267150879
V8,18.466022491455078
V8,9.878005027770996
V8,12.956981658935547
V8,9.365923881530762
V8,11.284284591674805
V8,9.690834045410156
V8,7.726898670196533
V8,6.400796890258789
V8,12.813193321228027
V8,6.7256364822387695
V8,17.285951614379883
V8,14.30824089050293
V8,12.737317085266113
V8,10.188292503356934
V8,12.892182350158691
V8,9.708812713623047
V8,21.333253860473633
V8,8.037927627563477
V8,10.152589797973633
V8,16.704809188842773
V8,11.356728553771973
V8,14.97236156463623
V8,12.428462982177734
V8,7.627558708190918
V8,21.691572189331055
V8,10.666694641113281
V8,13.032873153686523
V8,10.68253231048584
V8,9.261258125305176
V8,14.698088645935059
V8,8.142443656921387
V8,11.261293411254883
V8,13.982398986816406
V8,6.643252372741699
V8,16.38838005065918
V8,9.180655479431152
V8,8.973668098449707
V8,17.1116886138916
V8,10.940567970275879
V8,12.219999313354492
V8,29.976045608520508
V8,15.635295867919922
V8,11.323068618774414
V8,8.266526222229004
V8,15.5329008102417
V8,7.552292346954346
V8,18.54834747314453
V8,14.405380249023438
V8,17.5081787109375
V8,10.936806678771973
V8,11.854178428649902
V8,14.31607437133789
V8,10.915870666503906
V8,10.419354438781738
V8,8.694657325744629
V8,9.165316581726074
V8,16.93224334716797
V8,14.789913177490234
V8,11.873946189880371
V8,18.83930778503418
V8,11.87446117401123
V8,9.351600646972656
V8,10.38449478149414
V8,8.671968460083008
V8,20.076345443725586
V8,11.489913940429688
V8,11.955265045166016
V8,10.830254554748535
V8,10.003979682922363
V8,14.26987075805664
V8,24.58917999267578
V8,21.553359985351562
V8,7.637381553649902
V8,11.784000396728516
V8,12.84367847442627
V8,14.320326805114746
V8,25.390199661254883
V8,11.087930679321289
V8,16.692306518554688
V8,7.221728324890137
V8,9.337298393249512
V8,14.28908920288086
V8,11.7247896194458
V8,17.033077239990234
V8,5.755578517913818
V8,20.62320327758789
V8,10.029012680053711
V8,8.75086498260498
V8,10.498780250549316
V8,17.96005630493164
V8,7.860973358154297
V8,22.262378692626953
V8,6.02447509765625
V8,6.941134929656982
V8,5.523041248321533
V8,12.013766288757324
V8,7.304199695587158
V8,11.333430290222168
V8,8.486026763916016
V8,8.840846061706543
V8,8.330765724182129
V8,8.963504791259766
V8,13.995565414428711
V8,11.458891868591309
V8,20.04117774963379
V8,13.940146446228027
V8,15.62500286102295
V8,13.560638427734375
V8,13.319168090820312
V8,13.8143892288208
V8,11.20709228515625
V8,10.637392044067383
V8,17.191734313964844
V8,14.495661735534668
V8,15.537185668945312
V8,10.286177635192871
V8,8.221081733703613
V8,13.174544334411621
V8,7.793492794036865
V8,9.72069263458252
V8,17.402650833129883
V8,21.504364013671875
V8,9.857379913330078
V8,10.164962768554688
V8,18.671863555908203
V8,11.017781257629395
V8,15.830061912536621
V8,18.698598861694336
V8,9.72607135772705
V8,16.048805236816406
V8,9.746769905090332
V8,18.387723922729492
V8,14.449831008911133
V8,16.119020462036133
V8,12.125203132629395
V8,5.160916805267334
V8,8.472594261169434
V8,15.003894805908203
V8,10.819890975952148
V8,11.627117156982422
V8,8.132044792175293
V8,11.375927925109863
V8,14.196407318115234
V8,8.683218955993652
V8,7.257202625274658
V8,22.25930404663086
V8,13.026162147521973
V8,16.14179801940918
V8,15.760706901550293
V8,8.924271583557129
V8,14.788923263549805
V8,8.024703025817871
V8,13.145008087158203
V8,12.135165214538574
V8,11.208813667297363
V8,20.9975643157959
V8,7.8256378173828125
V8,11.073287963867188
V8,8.652581214904785
V8,11.854095458984375
V8,19.681659698486328
V8,10.527641296386719
V8,7.728448390960693
V8,11.78154182434082
V8,8.481837272644043
V8,13.988658905029297
V8,8.350142478942871
V8,11.662293434143066
V8,10.20740795135498
V8,9.81784439086914
V8,9.289628982543945
V8,14.512475967407227
V8,10.862722396850586
V8,17.975067138671875
V8,12.524542808532715
V8,22.017274856567383
V8,14.224661827087402
V8,13.868989944458008
V8,7.75939416885376
V8,12.522385597229004
V8,10.924559593200684
V8,12.073097229003906
V8,12.786016464233398
V8,9.493760108947754
V8,10.236831665039062
V8,10.617393493652344
V8,15.399109840393066
V8,12.29458999633789
V8,8.827659606933594
V8,14.953683853149414
V8,5.92794132232666
V8,10.492144584655762
V8,16.30995750427246
V8,11.16143798828125
V8,16.952083587646484
V8,14.765907287597656
V8,13.445958137512207
V8,11.112781524658203
V8,16.56474494934082
V8,8.851150512695312
V8,10.850229263305664
V8,6.8916473388671875
V8,11.62089729309082
V8,16.24652862548828
V8,8.107722282409668
V8,8.010894775390625
V8,16.26704978942871
V8,10.4710054397583
V8,12.723539352416992
V8,8.459418296813965
V8,14.350975036621094
V8,10.096484184265137
V8,22.994077682495117
V8,9.652068138122559
V8,9.847081184387207
V8,11.90726089477539
V8,12.432016372680664
V8,33.798057556152344
V8,22.20647621154785
V8,17.050195693969727
V8,13.54848575592041
V8,7.898637771606445
V8,10.235217094421387
V8,20.99223518371582
V8,21.25905418395996
V8,15.074701309204102
V8,28.601652145385742
V8,12.680936813354492
V8,10.058699607849121
V8,10.148113250732422
V8,9.364286422729492
V8,9.448786735534668
V8,9.844204902648926
V8,11.533498764038086
V8,18.332048416137695
V8,12.360684394836426
V8,16.338571548461914
V8,18.904926300048828
V8,9.455857276916504
V8,12.31026554107666
V8,10.122495651245117
V8,14.152783393859863
V8,10.928072929382324
V8,11.608463287353516
V8,15.408598899841309
V8,10.357935905456543
V8,9.123520851135254
V8,16.08030128479004
V8,11.473958015441895
V8,19.22837257385254
V8,12.032390594482422
V8,10.377557754516602
V8,21.643356323242188
V8,6.761350631713867
V8,8.895783424377441
V8,15.659276962280273
V8,13.43830394744873
V8,9.15182113647461
V8,17.9130916595459
V8,8.953766822814941
V8,22.47844123840332
V8,11.841204643249512
V8,13.668940544128418
V8,11.805469512939453
V8,15.869638442993164
V8,7.700693130493164
V8,15.60659408569336
V8,7.536972522735596
V8,13.169644355773926
V8,8.18717098236084
V8,9.296839714050293
V8,7.093095779418945
V8,16.433841705322266
V8,8.26992130279541
V8,12.710942268371582
V8,20.64325523376465
V8,10.706989288330078
V8,13.264906883239746
V8,9.531534194946289
V8,22.82819366455078
V8,15.154973030090332
V8,9.770967483520508
V8,17.282480239868164
V8,5.409177303314209
V8,6.444424629211426
V8,7.583461284637451
V8,14.950149536132812
V8,6.772740840911865
V8,9.764305114746094
V8,6.618646621704102
V8,20.340497970581055
V8,9.933432579040527
V8,11.669978141784668
V8,15.036994934082031
V8,7.65916633605957
V8,19.373950958251953
V8,16.165279388427734
V8,11.305155754089355
V8,8.282401084899902
V8,5.863374710083008
V8,13.341163635253906
V8,28.3902530670166
V8,6.947207927703857
V8,11.067383766174316
V8,28.75226402282715
V8,7.682780742645264
V8,7.7762980461120605
V8,14.442835807800293
V8,10.35592269897461
V8,12.36310863494873
V8,8.107261657714844
V8,25.32602310180664
V8,10.47564697265625
V8,12.914677619934082
V8,14.196059226989746
V8,7.995612621307373
V8,9.357609748840332
V8,18.739906311035156
V8,16.576744079589844
V8,12.907586097717285
V8,14.128894805908203
V8,37.42618942260742
V8,9.2616605758667
V8,11.445131301879883
V8,22.78797721862793
V8,13.631662368774414
V8,22.862051010131836
V8,13.699976921081543
V8,12.225741386413574
V8,9.19051742553711
V8,12.988609313964844
V8,12.242422103881836
V8,10.367999076843262
V8,11.254979133605957
V8,9.501439094543457
V8,5.083148956298828
V8,14.76125717163086
V8,10.60582160949707
V8,17.27070426940918
V8,7.617956161499023
V8,18.109272003173828
V8,17.084577560424805
V8,8.375829696655273
V8,8.826501846313477
V8,16.667545318603516
V8,12.946331024169922
V8,17.50673484802246
V8,19.154924392700195
V8,11.692766189575195
V8,17.413253784179688
V8,15.27056884765625
V8,16.824899673461914
V8,7.351751327514648
V8,8.92823314666748
V8,18.36280632019043
V8,10.108126640319824
V8,9.691239356994629
V8,32.31184005737305
V8,7.217625141143799
V8,11.020121574401855
V8,12.316045761108398
V8,17.179447174072266
V8,9.264037132263184
V8,18.0148983001709
V8,7.498575687408447
V8,16.78945541381836
V8,22.287559509277344
V8,7.1093950271606445
V8,22.375255584716797
V8,11.050130844116211
V8,25.072307586669922
V8,13.460416793823242
V8,14.190766334533691
V8,14.955867767333984
V8,11.370386123657227
V8,8.001404762268066
V8,14.164204597473145
V8,9.430817604064941
V8,17.366039276123047
V8,13.795210838317871
V8,14.073484420776367
V8,9.698945999145508
V8,16.831058502197266
V8,11.102694511413574
V8,8.653035163879395
V8,6.253602981567383
V8,12.071039199829102
V8,8.906311988830566
V8,7.482359886169434
V8,10.883197784423828
V8,8.058124542236328
V8,16.213048934936523
V8,9.700993537902832
V8,7.704692840576172
V8,7.802629470825195
V8,10.626526832580566
V8,8.646540641784668
V8,12.162492752075195
V8,10.502846717834473
V8,24.545021057128906
V8,5.627860069274902
V8,7.494256496429443
V8,11.053961753845215
V8,13.965994834899902
V8,8.679983139038086
V8,12.092169761657715
V8,12.898653984069824
V8,7.322576999664307
V8,27.287025451660156
V8,9.538111686706543
V8,7.084545135498047
V8,35.38239669799805
V8,15.495938301086426
V8,11.434576034545898
V8,10.861743927001953
V8,11.485968589782715
V8,14.121491432189941
V8,24.288490295410156
V8,10.049896240234375
V8,12.526527404785156
V8,14.607540130615234
V8,21.531095504760742
V8,24.210153579711914
V8,10.049778938293457
V8,19.41895294189453
V8,8.376955032348633
V8,19.262056350708008
V8,18.98784065246582
V8,8.418532371520996
V8,8.320908546447754
V8,9.950858116149902
V8,26.283164978027344
V8,14.122736930847168
V8,9.658440589904785
V8,8.515460014343262
V8,12.135197639465332
V8,14.18814754486084
V8,10.691168785095215
V8,20.827037811279297
V8,9.853788375854492
V8,13.65391731262207
V8,10.307537078857422
V8,24.55861473083496
V8,13.301545143127441
V8,13.071146965026855
V8,15.838274002075195
V8,23.34090232849121
V8,6.654048442840576
V8,13.141433715820312
V8,9.1182861328125
V8,16.508880615234375
V8,14.233067512512207
V8,8.81788444519043
V8,10.851190567016602
V8,11.57516860961914
V8,19.0762939453125
V8,6.956660270690918
V8,19.122947692871094
V8,8.45742130279541
V8,22.8312931060791
V8,17.33165740966797
V8,19.68428611755371
V8,8.415779113769531
V8,9.876870155334473
V8,15.256532669067383
V8,7.7100911140441895
V8,15.167938232421875
V8,11.80273151397705
V8,18.592998504638672
V8,9.36445426940918
V8,6.107690334320068
V8,14.12906265258789
V8,10.07632064819336
V8,11.327276229858398
V8,10.297378540039062
V8,10.37651538848877
V8,15.348718643188477
V8,7.416323184967041
V8,8.222275733947754
V8,10.634801864624023
V8,8.487369537353516
V8,10.495819091796875
V8,23.760929107666016
V8,18.143585205078125
V8,20.721538543701172
V8,7.990013122558594
V8,26.195415496826172
V8,9.696331024169922
V8,8.967294692993164
V8,10.241788864135742
V8,13.88757038116455
V8,8.876638412475586
V8,10.5287446975708
V8,25.200326919555664
V8,19.492876052856445
V8,15.181624412536621
V8,8.932413101196289
V8,8.097763061523438
V8,25.553787231445312
V8,11.784167289733887
V8,8.145337104797363
V8,16.41190528869629
V8,17.738143920898438
V8,21.91356658935547
V8,10.610514640808105
V8,11.279273986816406
V8,14.786581993103027
V8,22.52432632446289
V8,10.130324363708496
V8,39.3939323425293
V8,20.505056381225586
V8,11.80451774597168
V8,13.353190422058105
V8,11.753477096557617
V8,14.44587516784668
V8,8.385226249694824
V8,9.362187385559082
V8,9.93012523651123
V8,10.600457191467285
V8,7.512902736663818
V8,14.18459415435791
V8,10.731629371643066
V8,16.471908569335938
V8,10.797436714172363
V8,10.831000328063965
V8,9.136907577514648
V8,11.627778053283691
V8,16.689132690429688
V8,10.117753982543945
V8,8.328432083129883
V8,10.677169799804688
V8,7.452982425689697
V8,7.023141384124756
V8,33.897804260253906
V8,8.163298606872559
V8,11.621439933776855
V8,13.014065742492676
V8,18.896440505981445
V8,9.498252868652344
V8,12.040316581726074
V8,7.815095901489258
V8,23.301071166992188
V8,6.699692726135254
V8,13.473511695861816
V8,9.742795944213867
V8,25.82087516784668
V8,13.440302848815918
V8,14.463783264160156
V8,15.490837097167969
V8,12.55552864074707
V8,12.456376075744629
V8,7.504697322845459
V8,7.097492218017578
V8,9.799681663513184
V8,6.247863292694092
V8,8.572490692138672
V8,7.120121002197266
V8,28.72719383239746
V8,8.891454696655273
V8,28.651159286499023
V8,16.218503952026367
V8,16.527629852294922
V8,12.474981307983398
V8,13.100334167480469
V8,5.601296424865723
V8,7.927239894866943
V8,20.545265197753906
V8,7.6776442527771
V8,6.645230293273926
V8,5.821639537811279
V8,14.106170654296875
V8,7.94835901260376
V8,9.5239839553833
V8,38.837181091308594
V8,10.491693496704102
V8,8.350048065185547
V8,11.82349967956543
V8,7.856352806091309
V8,12.11920166015625
V8,15.790214538574219
V8,8.787960052490234
V8,15.432256698608398
V8,11.416043281555176
V8,15.992032051086426
V8,7.884908199310303
V8,13.904122352600098
V8,7.338101387023926
V8,10.334338188171387
V8,32.04133224487305
V8,8.76981258392334
V8,15.514181137084961
V8,16.16941261291504
V8,14.45730209350586
V8,8.406930923461914
V8,8.136799812316895
V8,22.76035499572754
V8,15.11627197265625
V8,21.629146575927734
V8,13.114428520202637
V8,11.651374816894531
V8,14.545989990234375
V8,7.842824935913086
V8,16.79465675354004
V8,24.279348373413086
V8,6.901885509490967
V8,7.882742404937744
V8,12.878138542175293
V8,11.924809455871582
V8,9.8041353225708
V8,10.986662864685059
V8,7.8476033210754395
V8,14.796226501464844
V8,11.717560768127441
V8,9.189042091369629
V8,6.727502346038818
V8,12.974896430969238
V8,14.11950397491455
V8,7.590394020080566
V8,13.966461181640625
V8,13.74783992767334
V8,8.456748962402344
V8,11.030336380004883
V8,12.135571479797363
V8,8.096574783325195
V8,27.762880325317383
V8,10.316770553588867
V8,11.750777244567871
V8,18.788890838623047
V8,14.279815673828125
V8,27.056127548217773
V8,9.537266731262207
V8,28.44034767150879
V8,14.448147773742676
V8,9.678714752197266
V8,17.731483459472656
V8,10.758702278137207
V8,8.252143859863281
V8,21.633472442626953
V8,8.81690502166748
V8,12.1666898727417
V8,20.68718910217285
V8,12.038220405578613
V8,6.445793628692627
V8,16.144105911254883
V8,8.678194999694824
V8,13.130780220031738
V8,16.990283966064453
V8,15.259906768798828
V8,11.999351501464844
V8,10.193986892700195
V8,13.002018928527832
V8,17.30430793762207
V8,8.47298812866211
V8,10.160898208618164
V8,9.52736759185791
V8,12.450263023376465
V8,11.051236152648926
V8,9.651151657104492
V8,16.046051025390625
V8,9.94261360168457
V8,9.5160551071167
V8,7.900053977966309
V8,8.30184268951416
V8,8.958988189697266
V8,19.085538864135742
V8,10.90847396850586
V8,12.123739242553711
V8,12.989080429077148
V8,7.716936111450195
V8,12.041037559509277
V8,8.339153289794922
V8,12.348553657531738
V8,9.887297630310059
V8,11.760666847229004
V8,15.046207427978516
V8,8.207313537597656
V8,7.5877299308776855
V8,11.44750690460205
V8,14.167679786682129
V8,9.729729652404785
V8,19.41649627685547
V8,49.669437408447266
V8,9.29796028137207
V8,9.395153045654297
V8,14.201071739196777
V8,12.266266822814941
V8,11.508157730102539
V8,11.08242416381836
V8,14.28585147857666
V8,16.626691818237305
V8,5.767825126647949
V8,8.497960090637207
V8,9.357504844665527
V8,16.850990295410156
V8,12.979945182800293
V8,11.420683860778809
V8,12.621464729309082
V8,8.764165878295898
V8,13.006814956665039
V8,9.069042205810547
V8,14.650418281555176
V8,16.95406150817871
V8,6.271229267120361
V8,15.56192398071289
V8,8.992390632629395
V8,12.7373628616333
V8,10.70882797241211
V8,9.929451942443848
V8,8.425201416015625
V8,12.363077163696289
V8,20.074325561523438
V8,15.205470085144043
V8,8.181244850158691
V8,12.499762535095215
V8,7.7099385261535645
V8,13.928985595703125
V8,11.96815013885498
V8,9.699614524841309
V8,33.209991455078125
V8,15.71737289428711
V8,16.249460220336914
V8,20.29256820678711
V8,18.293920516967773
V8,10.045687675476074
V8,10.425263404846191
V8,27.047388076782227
V8,24.83521270751953
V8,8.525026321411133
V8,15.470454216003418
V8,25.880094528198242
V8,9.394964218139648
V8,21.748924255371094
V8,9.93545150756836
V8,12.55351734161377
V8,7.134378433227539
V8,8.418835639953613
V8,12.327376365661621
V8,7.871204376220703
V8,7.360499858856201
V8,8.986730575561523
V8,13.61620807647705
V8,8.984084129333496
V8,8.752704620361328
V8,8.977784156799316
V8,14.80639934539795
V8,18.392303466796875
V8,12.772306442260742
V8,16.337684631347656
V8,6.222677230834961
V8,9.654797554016113
V8,13.416229248046875
V8,6.510056972503662
V8,11.515242576599121
V8,17.965436935424805
V8,14.570037841796875
V8,17.716745376586914
V8,43.860897064208984
V8,7.406182765960693
V8,13.754764556884766
V8,9.242799758911133
V8,14.583011627197266
V8,10.730785369873047
V8,11.5951509475708
V8,16.717126846313477
V8,11.158244132995605
V8,11.455401420593262
V8,12.684219360351562
V8,15.592726707458496
V8,9.301595687866211
V8,8.821515083312988
V8,10.942222595214844
V8,13.945362091064453
V8,10.008244514465332
V8,12.103331565856934
V8,11.622456550598145
V8,6.803281307220459
V8,10.671841621398926
V8,10.06895923614502
V8,16.008968353271484
V8,14.644002914428711
V8,7.358980178833008
V8,7.645625591278076
V8,26.301265716552734
V8,13.525564193725586
V8,11.269981384277344
V8,10.373329162597656
V8,12.584527015686035
V8,10.874313354492188
V8,12.958824157714844
V8,8.363442420959473
V8,8.242453575134277
V8,13.318753242492676
V8,13.250849723815918
V8,18.987380981445312
V8,10.910386085510254
V8,9.951827049255371
V8,19.24757957458496
V8,14.152700424194336
V8,6.183549404144287
V8,8.156007766723633
V8,11.66051959991455
V8,12.046093940734863
V8,26.169626235961914
V8,9.036397933959961
V8,10.913363456726074
V8,8.681680679321289
V8,10.94139575958252
V8,10.480904579162598
V8,6.350514888763428
V8,16.204498291015625
V8,11.195296287536621
V8,15.717775344848633
V8,9.411999702453613
V8,8.748933792114258
V8,13.06380558013916
V8,15.995637893676758
V8,11.790888786315918
V8,11.972596168518066
V8,16.604562759399414
V8,12.012420654296875
V8,11.951587677001953
V8,24.84245491027832
V8,12.206987380981445
V8,25.117603302001953
V8,7.952828407287598
V8,22.10009002685547
V8,15.391108512878418
V8,6.858153343200684
V8,14.563982963562012
V8,9.718588829040527
V8,12.413555145263672
V8,15.812450408935547
V8,10.71239185333252
V8,19.72516441345215
V8,7.470523357391357
V8,9.969319343566895
V8,33.76174545288086
V8,8.912596702575684
V8,16.39529037475586
V8,10.903691291809082
V8,12.764888763427734
V8,9.384267807006836
V8,10.321308135986328
V8,14.103885650634766
V8,11.291019439697266
V8,9.78222942352295
V8,5.956212997436523
V8,14.225760459899902
V8,12.381406784057617
V8,10.741968154907227
V8,19.287155151367188
V8,9.280908584594727
V8,43.42939758300781
V8,12.424527168273926
V8,6.213754653930664
V8,13.796098709106445
V8,9.171168327331543
V8,19.865968704223633
V8,6.958013534545898
V8,22.296733856201172
inline-4,12.871149063110352
inline-4,8.573040008544922
inline-4,10.877137184143066
inline-4,5.5894927978515625
inline-4,3.994441270828247
inline-4,11.637804985046387
inline-4,5.39088773727417
inline-4,16.70195770263672
inline-4,4.0984930992126465
inline-4,18.56533432006836
inline-4,6.05844783782959
inline-4,15.983985900878906
inline-4,22.49527359008789
inline-4,19.962932586669922
inline-4,8.85190486907959
inline-4,7.376556873321533
inline-4,7.670560836791992
inline-4,9.516178131103516
inline-4,15.077773094177246
inline-4,21.878400802612305
inline-4,12.340886116027832
inline-4,17.44760513305664
inline-4,8.832931518554688
inline-4,4.728451728820801
inline-4,29.143001556396484
inline-4,6.564082622528076
inline-4,10.00362491607666
inline-4,10.327786445617676
inline-4,19.4364070892334
inline-4,16.539859771728516
inline-4,20.22038459777832
inline-4,23.631160736083984
inline-4,7.520082473754883
inline-4,12.156314849853516
inline-4,13.52270221710205
inline-4,10.638964653015137
inline-4,9.34935188293457
inline-4,10.276591300964355
inline-4,22.934995651245117
inline-4,12.28894329071045
inline-4,22.78965187072754
inline-4,20.60190200805664
inline-4,11.089812278747559
inline-4,9.689413070678711
inline-4,6.5925211906433105
inline-4,16.395315170288086
inline-4,10.728713035583496
inline-4,8.793904304504395
inline-4,17.568378448486328
inline-4,11.354212760925293
inline-4,13.967041015625
inline-4,4.356534957885742
inline-4,12.895777702331543
inline-4,18.00989532470703
inline-4,15.009169578552246
inline-4,12.793004035949707
inline-4,8.39002513885498
inline-4,5.216427803039551
inline-4,14.892230987548828
inline-4,16.745525360107422
inline-4,10.690488815307617
inline-4,19.48996925354004
inline-4,9.277667999267578
inline-4,7.507206439971924
inline-4,18.354978561401367
inline-4,9.032831192016602
inline-4,8.03526496887207
inline-4,7.251306533813477
inline-4,21.99209213256836
inline-4,11.710698127746582
inline-4,7.270383358001709
inline-4,12.944196701049805
inline-4,9.92501449584961
inline-4,5.342360496520996
inline-4,8.129268646240234
inline-4,10.401588439941406
inline-4,6.4924421310424805
inline-4,9.186262130737305
inline-4,6.625665187835693
inline-4,17.802640914916992
inline-4,11.369467735290527
inline-4,13.800436973571777
inline-4,10.590967178344727
inline-4,17.192472457885742
inline-4,6.959563732147217
inline-4,19.853302001953125
inline-4,15.762441635131836
inline-4,19.51699447631836
inline-4,6.235770225524902
inline-4,22.25066566467285
inline-4,19.259220123291016
inline-4,16.76295280456543
inline-4,9.266900062561035
inline-4,4.699612617492676
inline-4,10.30782413482666
inline-4,7.492214202880859
inline-4,12.712898254394531
inline-4,9.301870346069336
inline-4,7.498288154602051
inline-4,15.829174041748047
inline-4,7.29678201675415
inline-4,14.3388032913208
inline-4,29.1917667388916
inline-4,6.402788162231445
inline-4,14.601621627807617
inline-4,8.097423553466797
inline-4,16.54991912841797
inline-4,10.713200569152832
inline-4,11.624541282653809
inline-4,9.321393013000488
inline-4,16.63254165649414
inline-4,4.978033065795898
inline-4,7.292236328125
inline-4,21.511451721191406
inline-4,13.332444190979004
inline-4,8.73988151550293
inline-4,12.812915802001953
inline-4,8.567424774169922
inline-4,7.8675384521484375
inline-4,4.447348594665527
inline-4,10.933817863464355
inline-4,14.361139297485352
inline-4,9.830432891845703
inline-4,7.3150434494018555
inline-4,7.991143226623535
inline-4,4.835171222686768
inline-4,15.325876235961914
inline-4,6.628594398498535
inline-4,13.116205215454102
inline-4,7.775994777679443
inline-4,13.956907272338867
inline-4,10.551576614379883
inline-4,22.238431930541992
inline-4,7.388331413269043
inline-4,13.366862297058105
inline-4,11.286779403686523
inline-4,11.582060813903809
inline-4,7.412168025970459
inline-4,16.210689544677734
inline-4,18.875
inline-4,10.503708839416504
inline-4,17.8315372467041
inline-4,16.929908752441406
inline-4,8.448221206665039
inline-4,14.290943145751953
inline-4,7.384399890899658
inline-4,8.40662670135498
inline-4,11.717427253723145
inline-4,11.017816543579102
inline-4,9.37423038482666
inline-4,16.17375373840332
inline-4,11.156073570251465
inline-4,16.905685424804688
inline-4,27.266422271728516
inline-4,8.431235313415527
inline-4,15.73682689666748
inline-4,8.850573539733887
inline-4,25.19154930114746
inline-4,6.483889102935791
inline-4,4.23951530456543
inline-4,10.849213600158691
inline-4,28.101564407348633
inline-4,19.938451766967773
inline-4,7.565143585205078
inline-4,18.15498924255371
inline-4,19.864591598510742
inline-4,7.365536212921143
inline-4,8.632696151733398
inline-4,16.706628799438477
inline-4,19.034629821777344
inline-4,23.748043060302734
inline-4,11.29564094543457
inline-4,11.075066566467285
inline-4,15.05497932434082
inline-4,21.58359146118164
inline-4,14.622658729553223
inline-4,8.226716041564941
inline-4,10.96696949005127
inline-4,28.78505516052246
inline-4,7.309784889221191
inline-4,25.475494384765625
inline-4,8.357476234436035
inline-4,7.969447135925293
inline-4,10.74695110321045
inline-4,15.762718200683594
inline-4,13.577900886535645
inline-4,7.299121379852295
inline-4,9.408428192138672
inline-4,7.29341983795166
inline-4,5.2633209228515625
inline-4,9.08858585357666
inline-4,5.682237148284912
inline-4,7.63368034362793
inline-4,17.318836212158203
inline-4,24.372533798217773
inline-4,14.079620361328125
inline-4,14.949607849121094
inline-4,9.046698570251465
inline-4,9.30307388305664
inline-4,19.662548065185547
inline-4,10.036188125610352
inline-4,14.104923248291016
inline-4,21.590553283691406
inline-4,9.155105590820312
inline-4,12.511890411376953
inline-4,20.794971466064453
inline-4,13.604408264160156
inline-4,20.729711532592773
inline-4,25.364086151123047
inline-4,14.012754440307617
inline-4,15.545393943786621
inline-4,7.680992126464844
inline-4,17.325489044189453
inline-4,11.97646427154541
inline-4,10.235678672790527
inline-4,8.5130615234375
inline-4,14.086904525756836
inline-4,8.618852615356445
inline-4,20.860475540161133
inline-4,8.903532028198242
inline-4,46.96256637573242
inline-4,6.512195110321045
inline-4,22.302486419677734
inline-4,15.340612411499023
inline-4,14.98361873626709
inline-4,8.058636665344238
inline-4,9.148427963256836
inline-4,8.104815483093262
inline-4,11.543314933776855
inline-4,23.191303253173828
inline-4,6.447648525238037
inline-4,18.200319290161133
inline-4,8.724044799804688
inline-4,20.501625061035156
inline-4,17.364139556884766
inline-4,17.7034854888916
inline-4,8.064943313598633
inline-4,18.23522186279297
inline-4,9.460409164428711
inline-4,7.447556972503662
inline-4,19.812707901000977
inline-4,15.789600372314453
inline-4,30.76009750366211
inline-4,7.228218078613281
inline-4,7.158836841583252
inline-4,7.3482818603515625
inline-4,9.010398864746094
inline-4,12.435712814331055
inline-4,27.966222763061523
inline-4,7.993574619293213
inline-4,15.823915481567383
inline-4,12.418621063232422
inline-4,13.821523666381836
inline-4,7.066079616546631
inline-4,19.883447647094727
inline-4,9.743078231811523
inline-4,8.220843315124512
inline-4,15.727240562438965
inline-4,16.381916046142578
inline-4,18.63951301574707
inline-4,16.525253295898438
inline-4,7.480602741241455
inline-4,10.97260570526123
inline-4,11.611841201782227
inline-4,26.186601638793945
inline-4,13.808222770690918
inline-4,4.887439250946045
inline-4,21.560741424560547
inline-4,19.722211837768555
inline-4,21.477554321289062
inline-4,12.364958763122559
inline-4,19.349178314208984
inline-4,5.867619037628174
inline-4,10.506012916564941
inline-4,15.865854263305664
inline-4,8.157958030700684
inline-4,25.289241790771484
inline-4,10.433469772338867
inline-4,11.415353775024414
inline-4,6.972320079803467
inline-4,13.744146347045898
inline-4,6.828230857849121
inline-4,10.943734169006348
inline-4,6.42272424697876
inline-4,8.106995582580566
inline-4,14.40984058380127
inline-4,4.283634662628174
inline-4,13.458099365234375
inline-4,8.974632263183594
inline-4,18.727540969848633
inline-4,11.363298416137695
inline-4,9.318398475646973
inline-4,11.622965812683105
inline-4,26.20173454284668
inline-4,8.791312217712402
inline-4,8.335196495056152
inline-4,5.742794036865234
inline-4,22.005237579345703
inline-4,21.234760284423828
inline-4,20.424314498901367
inline-4,6.5286455154418945
inline-4,8.03971004486084
inline-4,20.417110443115234
inline-4,7.932711124420166
inline-4,9.036246299743652
inline-4,9.66983413696289
inline-4,20.948265075683594
inline-4,8.498584747314453
inline-4,8.897660255432129
inline-4,10.698769569396973
inline-4,9.783275604248047
inline-4,8.001086235046387
inline-4,7.268791198730469
inline-4,16.332427978515625
inline-4,13.888296127319336
inline-4,7.33491849899292
inline-4,12.10254955291748
inline-4,11.040719032287598
inline-4,17.168678283691406
inline-4,11.156584739685059
inline-4,11.267534255981445
inline-4,13.543119430541992
inline-4,11.349146842956543
inline-4,18.087966918945312
inline-4,16.94611930847168
inline-4,14.661635398864746
inline-4,17.902997970581055
inline-4,8.086069107055664
inline-4,20.043529510498047
inline-4,16.869630813598633
inline-4,9.219850540161133
inline-4,25.07172966003418
inline-4,14.05946159362793
inline-4,7.418439865112305
inline-4,17.12046241760254
inline-4,9.780662536621094
inline-4,17.330636978149414
inline-4,10.187211036682129
inline-4,16.705368041992188
inline-4,9.380517959594727
inline-4,8.481328010559082
inline-4,18.848241806030273
inline-4,23.855798721313477
inline-4,9.162851333618164
inline-4,5.967654705047607
inline-4,15.925667762756348
inline-4,6.7052226066589355
inline-4,9.5427885055542
inline-4,12.201786041259766
inline-4,9.470978736877441
inline-4,9.59029769897461
inline-4,17.20414924621582
inline-4,6.8937249183654785
inline-4,24.031368255615234
inline-4,24.89637565612793
inline-4,20.77106285095215
inline-4,8.432633399963379
inline-4,5.635898590087891
inline-4,8.463990211486816
inline-4,7.0431952476501465
inline-4,10.11783218383789
inline-4,7.465503692626953
inline-4,16.599220275878906
inline-4,21.870939254760742
inline-4,10.177668571472168
inline-4,7.073654651641846
inline-4,4.312342643737793
inline-4,21.688236236572266
inline-4,9.796189308166504
inline-4,9.449057579040527
inline-4,17.296049118041992
inline-4,17.664541244506836
inline-4,26.89006233215332
inline-4,11.62408447265625
inline-4,16.55560302734375
inline-4,16.493633270263672
inline-4,8.983931541442871
inline-4,19.868471145629883
inline-4,9.023907661437988
inline-4,11.736279487609863
inline-4,5.512955188751221
inline-4,10.199021339416504
inline-4,19.620515823364258
inline-4,20.418834686279297
inline-4,26.16231346130371
inline-4,14.682225227355957
inline-4,10.37613582611084
inline-4,19.796348571777344
inline-4,13.617164611816406
inline-4,6.214290618896484
inline-4,10.268183708190918
inline-4,20.366657257080078
inline-4,10.004706382751465
inline-4,22.850234985351562
inline-4,21.982067108154297
inline-4,5.976287364959717
inline-4,17.922607421875
inline-4,11.09291934967041
inline-4,21.620695114135742
inline-4,16.309654235839844
inline-4,15.304052352905273
inline-4,17.487300872802734
inline-4,20.9239501953125
inline-4,17.8984317779541
inline-4,9.90950870513916
inline-4,9.806541442871094
inline-4,16.715404510498047
inline-4,6.768395900726318
inline-4,10.831218719482422
inline-4,18.181011199951172
inline-4,9.465808868408203
inline-4,22.80046844482422
inline-4,11.650546073913574
inline-4,8.0338716506958
inline-4,11.964921951293945
inline-4,22.260377883911133
inline-4,8.478780746459961
inline-4,8.628030776977539
inline-4,20.688011169433594
inline-4,6.343193531036377
inline-4,13.745296478271484
inline-4,8.981175422668457
inline-4,7.58602237701416
inline-4,9.217484474182129
inline-4,8.547480583190918
inline-4,16.93559455871582
inline-4,10.465198516845703
inline-4,11.504596710205078
inline-4,14.443190574645996
inline-4,18.462989807128906
inline-4,15.062458038330078
inline-4,9.694079399108887
inline-4,22.334976196289062
inline-4,8.842535018920898
inline-4,7.568411827087402
inline-4,8.208174705505371
inline-4,7.5280890464782715
inline-4,10.5765380859375
inline-4,18.507184982299805
inline-4,9.994636535644531
inline-4,9.171082496643066
inline-4,18.739662170410156
inline-4,12.666787147521973
inline-4,6.6797871589660645
inline-4,21.874990463256836
inline-4,6.698697566986084
inline-4,10.850592613220215
inline-4,15.141498565673828
inline-4,9.303285598754883
inline-4,11.153549194335938
inline-4,13.859711647033691
inline-4,19.559066772460938
inline-4,7.184359550476074
inline-4,4.951119899749756
inline-4,10.551595687866211
inline-4,12.801406860351562
inline-4,18.577709197998047
inline-4,6.824581623077393
inline-4,4.512667655944824
inline-4,9.381900787353516
inline-4,21.194103240966797
inline-4,5.9482102394104
inline-4,10.738926887512207
inline-4,14.518838882446289
inline-4,8.105687141418457
inline-4,17.029672622680664
inline-4,5.847574710845947
inline-4,12.634493827819824
inline-4,10.083638191223145
inline-4,12.063802719116211
inline-4,11.578980445861816
inline-4,13.26279354095459
inline-4,16.22850227355957
inline-4,11.504579544067383
inline-4,8.891718864440918
inline-4,11.308361053466797
inline-4,20.88117218017578
inline-4,9.218421936035156
inline-4,11.84268569946289
inline-4,9.315529823303223
inline-4,26.95915985107422
inline-4,13.979841232299805
inline-4,7.4084343910217285
inline-4,10.435467720031738
inline-4,14.260196685791016
inline-4,12.562957763671875
inline-4,14.533897399902344
inline-4,6.531168460845947
inline-4,24.373775482177734
inline-4,14.808844566345215
inline-4,8.042664527893066
inline-4,20.835315704345703
inline-4,9.403600692749023
inline-4,19.272293090820312
inline-4,11.08206844329834
inline-4,14.215097427368164
inline-4,20.24962043762207
inline-4,16.21929931640625
inline-4,21.482982635498047
inline-4,20.089693069458008
inline-4,11.212678909301758
inline-4,6.351780414581299
inline-4,11.658982276916504
inline-4,13.006071090698242
inline-4,19.04981803894043
inline-4,9.537884712219238
inline-4,7.791654109954834
inline-4,7.389340400695801
inline-4,9.461426734924316
inline-4,16.88112449645996
inline-4,10.020713806152344
inline-4,21.9974365234375
inline-4,9.891016006469727
inline-4,12.484700202941895
inline-4,15.26954460144043
inline-4,23.33115005493164
inline-4,7.754764080047607
inline-4,6.261843204498291
inline-4,14.851007461547852
inline-4,5.966833591461182
inline-4,14.361455917358398
inline-4,5.893983840942383
inline-4,7.693094253540039
inline-4,16.540973663330078
inline-4,21.874231338500977
inline-4,10.755244255065918
inline-4,9.651762962341309
inline-4,11.831331253051758
inline-4,9.70040512084961
inline-4,5.553261756896973
inline-4,10.224199295043945
inline-4,8.160484313964844
inline-4,20.078563690185547
inline-4,22.571706771850586
inline-4,17.641433715820312
inline-4,10.84173583984375
inline-4,8.88088607788086
inline-4,4.892967700958252
inline-4,11.299667358398438
inline-4,14.325103759765625
inline-4,8.881063461303711
inline-4,6.790988922119141
inline-4,18.637697219848633
inline-4,7.967181205749512
inline-4,19.67420768737793
inline-4,10.727080345153809
inline-4,16.622896194458008
inline-4,8.506160736083984
inline-4,22.582548141479492
inline-4,5.9061102867126465
inline-4,12.272357940673828
inline-4,9.29068660736084
inline-4,23.37451934814453
inline-4,19.018695831298828
inline-4,8.030987739562988
inline-4,19.003128051757812
inline-4,21.080305099487305
inline-4,9.911969184875488
inline-4,13.771373748779297
inline-4,23.0103702545166
inline-4,8.352728843688965
inline-4,7.976759910583496
inline-4,9.228372573852539
inline-4,6.889626502990723
inline-4,4.955549716949463
inline-4,12.481524467468262
inline-4,24.4466609954834
inline-4,7.664340972900391
inline-4,9.587386131286621
inline-4,7.9469757080078125
inline-4,10.275882720947266
inline-4,11.951506614685059
inline-4,9.887735366821289
inline-4,10.309693336486816
inline-4,17.53347396850586
inline-4,16.787967681884766
inline-4,7.658961296081543
inline-4,6.228125095367432
inline-4,17.149150848388672
inline-4,16.21954345703125
inline-4,17.346759796142578
inline-4,12.20945930480957
inline-4,12.60197639465332
inline-4,7.662471294403076
inline-4,14.309885025024414
inline-4,10.030306816101074
inline-4,21.3052921295166
inline-4,12.945630073547363
inline-4,12.008464813232422
inline-4,27.092788696289062
inline-4,14.727470397949219
inline-4,16.688894271850586
inline-4,14.832796096801758
inline-4,20.732868194580078
inline-4,8.046935081481934
inline-4,8.270182609558105
inline-4,17.42449188232422
inline-4,19.811750411987305
inline-4,19.041006088256836
inline-4,7.120121002197266
inline-4,13.01403522491455
inline-4,9.477950096130371
inline-4,19.592702865600586
inline-4,10.675326347351074
inline-4,14.507254600524902
inline-4,8.65230941772461
inline-4,17.025226593017578
inline-4,16.791336059570312
inline-4,15.00669002532959
inline-4,7.843050479888916
inline-4,8.631512641906738
inline-4,12.622636795043945
inline-4,23.86801528930664
inline-4,16.75901985168457
inline-4,19.377504348754883
inline-4,20.672277450561523
inline-4,10.161498069763184
inline-4,26.11865997314453
inline-4,19.605093002319336
inline-4,5.546905517578125
inline-4,24.033254623413086
inline-4,20.96776008605957
inline-4,18.64701271057129
inline-4,10.088006019592285
inline-4,16.600200653076172
inline-4,13.993814468383789
inline-4,18.635475158691406
inline-4,15.243847846984863
inline-4,14.976232528686523
inline-4,11.969171524047852
inline-4,21.790912628173828
inline-4,13.85620403289795
inline-4,8.28617000579834
inline-4,8.886150360107422
inline-4,21.808597564697266
inline-4,16.300106048583984
inline-4,14.476303100585938
inline-4,25.947940826416016
inline-4,11.729998588562012
inline-4,10.950675964355469
inline-4,10.867088317871094
inline-4,20.54684066772461
inline-4,8.723188400268555
inline-4,12.716544151306152
inline-4,15.16634750366211
inline-4,18.343164443969727
inline-4,12.561591148376465
inline-4,19.329771041870117
inline-4,10.462677955627441
inline-4,17.705778121948242
inline-4,27.480995178222656
inline-4,12.039301872253418
inline-4,8.625116348266602
inline-4,16.116670608520508
inline-4,11.10501766204834
inline-4,22.431169509887695
inline-4,8.151890754699707
inline-4,9.686836242675781
inline-4,11.415353775024414
inline-4,12.53370475769043
inline-4,8.741498947143555
inline-4,9.617094039916992
inline-4,8.718571662902832
inline-4,11.001775741577148
inline-4,20.240028381347656
inline-4,13.843707084655762
inline-4,26.81320571899414
inline-4,7.731800079345703
inline-4,11.587077140808105
inline-4,42.90373992919922
inline-4,9.821027755737305
inline-4,7.800490379333496
inline-4,16.517290115356445
inline-4,23.62848663330078
inline-4,19.203502655029297
inline-4,7.015288352966309
inline-4,10.589034080505371
inline-4,24.06861686706543
inline-4,9.467055320739746
inline-4,14.583349227905273
inline-4,9.865077018737793
inline-4,11.353727340698242
inline-4,17.69480323791504
inline-4,20.15406036376953
inline-4,10.734142303466797
inline-4,10.843423843383789
inline-4,13.13114070892334
inline-4,7.327478408813477
inline-4,9.948545455932617
inline-4,5.7044758796691895
inline-4,16.57359504699707
inline-4,20.184171676635742
inline-4,19.179140090942383
inline-4,17.423053741455078
inline-4,28.697696685791016
inline-4,9.34880542755127
inline-4,10.21334171295166
inline-4,10.477974891662598
inline-4,8.421215057373047
inline-4,7.170173168182373
inline-4,12.544228553771973
inline-4,6.324123859405518
inline-4,18.62188720703125
inline-4,7.605142116546631
inline-4,25.879695892333984
inline-4,16.772729873657227
inline-4,9.35412311553955
inline-4,6.220502853393555
inline-4,19.072771072387695
inline-4,17.744701385498047
inline-4,16.68288803100586
inline-4,5.493190765380859
inline-4,10.217039108276367
inline-4,20.178319931030273
inline-4,7.904352188110352
inline-4,20.96038246154785
inline-4,18.332843780517578
inline-4,22.0737247467041
inline-4,16.939849853515625
inline-4,11.29956340789795
inline-4,19.810338973999023
inline-4,7.326916217803955
inline-4,8.952384948730469
inline-4,17.465864181518555
inline-4,20.46023941040039
inline-4,22.34714126586914
inline-4,8.592079162597656
inline-4,12.859983444213867
inline-4,24.5135555267334
inline-4,7.306911945343018
inline-4,20.685564041137695
inline-4,8.618328094482422
inline-4,29.810815811157227
inline-4,17.1822566986084
inline-4,12.532713890075684
inline-4,16.829076766967773
inline-4,11.341386795043945
inline-4,12.896757125854492
inline-4,21.96289825439453
inline-4,17.994943618774414
inline-4,9.740979194641113
inline-4,7.406368255615234
inline-4,11.876551628112793
inline-4,19.85562515258789
inline-4,19.396228790283203
inline-4,11.835245132446289
inline-4,13.643033027648926
inline-4,8.551294326782227
inline-4,18.19544219970703
inline-4,13.583718299865723
inline-4,23.866411209106445
inline-4,19.472253799438477
inline-4,12.882903099060059
inline-4,18.542558670043945
inline-4,13.713107109069824
inline-4,21.209449768066406
inline-4,17.33687400817871
inline-4,12.415127754211426
inline-4,7.948927402496338
inline-4,15.700407981872559
inline-4,7.5818047523498535
inline-4,7.966294288635254
inline-4,12.222434997558594
inline-4,6.387242794036865
inline-4,9.596589088439941
inline-4,6.146693706512451
inline-4,25.478097915649414
inline-4,20.146406173706055
inline-4,13.691481590270996
inline-4,18.814088821411133
inline-4,7.299793243408203
inline-4,15.924086570739746
inline-4,7.719555377960205
inline-4,10.484846115112305
inline-4,15.722704887390137
inline-4,11.048046112060547
inline-4,9.490240097045898
inline-4,12.62468433380127
inline-4,14.66058349609375
inline-4,12.100692749023438
inline-4,18.514272689819336
inline-4,25.224578857421875
inline-4,21.449199676513672
inline-4,12.738215446472168
inline-4,13.527506828308105
inline-4,8.861930847167969
inline-4,6.67908239364624
inline-4,21.25899887084961
inline-4,7.126537322998047
inline-4,27.938100814819336
inline-4,9.799942970275879
inline-4,21.321910858154297
inline-4,15.851707458496094
inline-4,11.821467399597168
inline-4,8.457537651062012
inline-4,5.890024662017822
inline-4,10.319916725158691
inline-4,9.391365051269531
inline-4,10.868302345275879
inline-4,6.21555233001709
inline-4,11.138055801391602
inline-4,19.19170379638672
inline-4,15.23957347869873
inline-4,5.8575215339660645
inline-4,4.344289302825928
inline-4,17.790237426757812
inline-4,25.681697845458984
inline-4,12.956067085266113
inline-4,10.656283378601074
inline-4,9.162121772766113
inline-4,18.70136833190918
inline-4,12.34561538696289
inline-4,23.355514526367188
inline-4,18.76080322265625
inline-4,9.891453742980957
inline-4,20.656047821044922
inline-4,9.516571044921875
inline-4,12.789055824279785
inline-4,8.726970672607422
inline-4,6.704550266265869
inline-4,17.402124404907227
inline-4,7.957220554351807
inline-4,8.240857124328613
inline-4,8.238164901733398
inline-4,8.643360137939453
inline-4,7.3279337882995605
inline-4,9.56679916381836
inline-4,8.400318145751953
inline-4,8.82641315460205
inline-4,9.347102165222168
inline-4,4.680734157562256
inline-4,20.542722702026367
inline-4,27.570512771606445
inline-4,16.989757537841797
inline-4,7.715510845184326
inline-4,20.04351806640625
inline-4,15.017423629760742
inline-4,14.423887252807617
inline-4,9.183481216430664
inline-4,8.437033653259277
inline-4,4.2454705238342285
inline-4,9.972594261169434
inline-4,37.049381256103516
inline-4,10.711344718933105
inline-4,8.968303680419922
inline-4,26.232023239135742
inline-4,17.622175216674805
inline-4,10.615632057189941
inline-4,17.334293365478516
inline-4,9.729001998901367
inline-4,6.457099914550781
inline-4,6.930444717407227
inline-4,14.427847862243652
inline-4,15.632241249084473
inline-4,14.135859489440918
inline-4,12.295408248901367
inline-4,7.9878997802734375
inline-4,17.80855941772461
inline-4,15.868014335632324
inline-4,9.682918548583984
inline-4,10.310972213745117
inline-4,16.303632736206055
inline-4,5.26934814453125
inline-4,9.021577835083008
inline-4,26.00440788269043
inline-4,9.450616836547852
inline-4,9.41162395477295
inline-4,19.87864875793457
inline-4,13.955491065979004
inline-4,6.827943325042725
inline-4,7.239013195037842
inline-4,7.5727925300598145
inline-4,5.830319881439209
inline-4,15.890494346618652
inline-4,8.601902961730957
inline-4,15.725778579711914
inline-4,8.884491920471191
inline-4,23.396961212158203
inline-4,14.279566764831543
inline-4,13.054359436035156
inline-4,10.521340370178223
inline-4,7.639796733856201
inline-4,11.336331367492676
inline-4,8.456144332885742
inline-4,17.134017944335938
inline-4,10.086660385131836
inline-4,19.479679107666016
inline-4,16.663402557373047
inline-4,16.733253479003906
inline-4,19.14734649658203
inline-4,6.117248058319092
inline-4,12.554570198059082
inline-4,15.81534481048584
inline-4,12.721957206726074
inline-4,9.261873245239258
inline-4,5.742930889129639
inline-4,12.255878448486328
inline-4,8.91063404083252
inline-4,8.663402557373047
inline-4,6.647029876708984
inline-4,4.985112190246582
inline-4,13.316187858581543
inline-4,11.643407821655273
inline-4,24.016202926635742
inline-4,7.799584865570068
inline-4,15.271463394165039
inline-4,9.671440124511719
inline-4,17.38175392150879
inline-4,15.126180648803711
inline-4,12.333613395690918
inline-4,13.944371223449707
inline-4,26.69965362548828
inline-4,19.303112030029297
inline-4,8.849995613098145
inline-4,8.255402565002441
inline-4,18.53837013244629
inline-4,45.71846389770508
inline-4,11.349215507507324
inline-4,6.749186038970947
inline-4,5.475646018981934
inline-4,11.160396575927734
inline-4,5.753296375274658
inline-4,13.049141883850098
inline-4,8.947994232177734
inline-4,19.705354690551758
inline-4,9.741887092590332
inline-4,11.14680290222168
inline-4,8.288230895996094
inline-4,10.024462699890137
inline-4,6.202164173126221
inline-4,8.15956974029541
inline-4,15.962912559509277
inline-4,11.175542831420898
inline-4,17.288639068603516
inline-4,19.147367477416992
inline-4,13.488293647766113
inline-4,9.325419425964355
inline-4,11.407793045043945
inline-4,14.061527252197266
inline-4,31.87441062927246
inline-4,9.657973289489746
inline-4,11.063166618347168
inline-4,7.764147758483887
inline-4,11.380168914794922
inline-4,14.077401161193848
inline-4,22.628650665283203
inline-4,22.841279983520508
inline-4,5.9500226974487305
inline-4,21.68766212463379
inline-4,9.42950439453125
inline-4,18.29830551147461
inline-4,11.126823425292969
inline-4,18.933185577392578
inline-4,14.627663612365723
inline-4,7.057023525238037
inline-4,10.262550354003906
inline-4,7.517237663269043
inline-4,14.510361671447754
inline-4,22.107830047607422
inline-4,4.956261157989502
inline-4,18.179567337036133
inline-4,12.091941833496094
inline-4,11.19886589050293
inline-4,9.355005264282227
inline-4,8.626733779907227
inline-4,5.77339506149292
inline-4,17.22171401977539
inline-4,17.30664825439453
inline-4,8.20671558380127
inline-4,15.49021053314209
inline-4,9.128990173339844
inline-4,7.813287734985352
inline-4,24.32244300842285
inline-4,15.855693817138672
inline-4,16.36432456970215
inline-4,9.90404987335205
inline-4,9.501004219055176
inline-4,6.615949630737305
inline-4,5.303449630737305
inline-4,6.030946731567383
inline-4,9.812935829162598
inline-4,4.543812274932861
inline-4,8.804954528808594
inline-4,19.395126342773438
inline-4,17.434410095214844
inline-4,12.145817756652832
inline-4,23.246326446533203
inline-4,17.97605323791504
inline-4,7.522195339202881
inline-4,11.156214714050293
inline-4,9.24354362487793
inline-4,13.009105682373047
inline-4,13.242056846618652
inline-4,15.841900825500488
inline-4,23.844837188720703
inline-4,10.131994247436523
inline-4,8.246383666992188
inline-4,15.693086624145508
inline-4,11.440552711486816
inline-4,20.022205352783203
inline-6,11.141608238220215
inline-6,26.94539451599121
inline-6,17.128616333007812
inline-6,20.58629035949707
inline-6,34.8367919921875
inline-6,13.112547874450684
inline-6,32.759498596191406
inline-6,24.93177032470703
inline-6,17.79925537109375
inline-6,16.774694442749023
inline-6,24.107425689697266
inline-6,25.56987762451172
inline-6,14.954703330993652
inline-6,19.729496002197266
inline-6,37.33857727050781
inline-6,15.15429401397705
inline-6,44.171566009521484
inline-6,26.673213958740234
inline-6,42.21416091918945
inline-6,10.409019470214844
inline-6,23.261308670043945
inline-6,39.34968948364258
inline-6,20.751728057861328
inline-6,14.720723152160645
inline-6,50.4338493347168
inline-6,16.139081954956055
inline-6,39.168067932128906
inline-6,15.626335144042969
inline-6,39.37156295776367
inline-6,14.701815605163574
inline-6,20.3558292388916
inline-6,29.60948944091797
inline-6,7.38636589050293
inline-6,28.79532814025879
inline-6,41.6136474609375
inline-6,35.34169006347656
inline-6,11.091747283935547
inline-6,26.452367782592773
inline-6,28.65508460998535
inline-6,23.608190536499023
inline-6,17.800809860229492
inline-6,20.41985321044922
inline-6,19.47035789489746
inline-6,45.2301139831543
inline-6,11.337773323059082
inline-6,17.989946365356445
inline-6,12.241633415222168
inline-6,37.331268310546875
inline-6,20.70262336730957
inline-6,15.529457092285156
inline-6,22.813858032226562
inline-6,10.543013572692871
inline-6,15.910400390625
inline-6,19.013782501220703
inline-6,20.402462005615234
inline-6,18.205915451049805
inline-6,17.453140258789062
inline-6,37.395301818847656
inline-6,20.36113166809082
inline-6,23.20417022705078
inline-6,12.378826141357422
inline-6,20.507843017578125
inline-6,14.612523078918457
inline-6,6.480742931365967
inline-6,14.091772079467773
inline-6,7.3487348556518555
inline-6,16.61250877380371
inline-6,76.38964080810547
inline-6,23.222822189331055
inline-6,27.33026885986328
inline-6,15.339799880981445
inline-6,21.991506576538086
inline-6,18.880605697631836
inline-6,16.988624572753906
inline-6,44.649864196777344
inline-6,41.06407165527344
inline-6,11.818832397460938
inline-6,25.632963180541992
inline-6,16.028186798095703
inline-6,31.935216903686523
inline-6,25.36337661743164
inline-6,28.13560676574707
inline-6,18.703954696655273
inline-6,26.481081008911133
inline-6,22.139921188354492
inline-6,5.863542079925537
inline-6,21.82457733154297
inline-6,19.60251808166504
inline-6,8.025118827819824
inline-6,16.758939743041992
inline-6,19.12187385559082
inline-6,23.465538024902344
inline-6,15.021890640258789
inline-6,32.44361877441406
inline-6,56.18303298950195
inline-6,15.668270111083984
inline-6,17.7525634765625
inline-6,12.287322998046875
inline-6,15.7296724319458
inline-6,12.411616325378418
inline-6,5.987953186035156
inline-6,21.90741539001465
inline-6,36.01108932495117
inline-6,61.33541488647461
inline-6,28.97456169128418
inline-6,21.48744010925293
inline-6,16.601980209350586
inline-6,6.597279071807861
inline-6,29.478620529174805
inline-6,14.347335815429688
inline-6,18.081100463867188
inline-6,69.68285369873047
inline-6,11.290513038635254
inline-6,30.56148910522461
inline-6,17.040197372436523
inline-6,28.246110916137695
inline-6,24.83550453186035
inline-6,16.540590286254883
inline-6,14.447940826416016
inline-6,34.32135009765625
inline-6,15.201525688171387
inline-6,11.770915985107422
inline-6,17.346450805664062
inline-6,39.255218505859375
inline-6,27.700756072998047
inline-6,13.311323165893555
inline-6,12.896849632263184
inline-6,27.917612075805664
inline-6,43.928733825683594
inline-6,17.84434700012207
inline-6,18.10663414001465
inline-6,14.385420799255371
inline-6,49.75382995605469
inline-6,20.060869216918945
inline-6,17.06521224975586
inline-6,20.6081600189209
inline-6,36.4412956237793
inline-6,18.61795997619629
inline-6,22.892210006713867
inline-6,20.8442440032959
inline-6,16.69913101196289
inline-6,21.53271484375
inline-6,30.737995147705078
inline-6,35.996158599853516
inline-6,30.408559799194336
inline-6,12.447283744812012
inline-6,23.166019439697266
inline-6,20.845462799072266
inline-6,19.192222595214844
inline-6,11.720100402832031
inline-6,22.565156936645508
inline-6,21.422773361206055
inline-6,16.281673431396484
inline-6,22.29469108581543
inline-6,30.040109634399414
inline-6,22.014524459838867
inline-6,23.249052047729492
inline-6,66.92652893066406
inline-6,20.992645263671875
inline-6,35.68963623046875
inline-6,20.56415367126465
inline-6,25.880571365356445
inline-6,62.02031326293945
inline-6,21.338136672973633
inline-6,31.09667205810547
inline-6,14.399723052978516
inline-6,25.884891510009766
inline-6,5.988150119781494
inline-6,22.70020866394043
inline-6,29.058231353759766
inline-6,25.265825271606445
inline-6,24.57174301147461
inline-6,32.27313995361328
inline-6,13.077804565429688
inline-6,17.182579040527344
inline-6,20.081836700439453
inline-6,35.01264190673828
inline-6,14.215527534484863
inline-6,18.937543869018555
inline-6,19.163373947143555
inline-6,16.297805786132812
inline-6,15.867314338684082
inline-6,48.44386291503906
inline-6,10.57242488861084
inline-6,8.608979225158691
inline-6,25.00031852722168
inline-6,10.757439613342285
inline-6,30.621017456054688
inline-6,20.61760902404785
inline-6,13.743585586547852
inline-6,32.00563049316406
inline-6,61.674686431884766
inline-6,36.600677490234375
inline-6,37.062801361083984
inline-6,20.961002349853516
inline-6,24.471256256103516
inline-6,24.076562881469727
inline-6,15.014471054077148
inline-6,37.334869384765625
inline-6,17.289443969726562
inline-6,11.928296089172363
inline-6,13.921280860900879
inline-6,37.9146728515625
inline-6,10.787405967712402
inline-6,17.8723201751709
inline-6,8.128012657165527
inline-6,14.056593894958496
inline-6,12.649238586425781
inline-6,18.622238159179688
inline-6,23.023189544677734
inline-6,39.11670684814453
inline-6,24.27715492248535
inline-6,31.664714813232422
inline-6,12.375225067138672
inline-6,39.68857955932617
inline-6,23.586275100708008
inline-6,46.69984436035156
inline-6,18.058881759643555
inline-6,26.52676010131836
inline-6,17.67439842224121
inline-6,18.35567283630371
inline-6,19.473299026489258
inline-6,15.144165992736816
inline-6,14.13791561126709
inline-6,31.478761672973633
inline-6,22.737808227539062
inline-6,38.461997985839844
inline-6,22.259681701660156
inline-6,19.730770111083984
inline-6,42.5405387878418
inline-6,46.34041213989258
inline-6,8.516244888305664
inline-6,27.45592498779297
inline-6,22.028785705566406
inline-6,10.828092575073242
inline-6,13.279991149902344
inline-6,33.46427917480469
inline-6,17.980854034423828
inline-6,38.36662292480469
inline-6,26.359498977661133
inline-6,74.38629913330078
inline-6,12.096114158630371
inline-6,11.326042175292969
inline-6,17.113279342651367
inline-6,9.056184768676758
inline-6,23.395179748535156
inline-6,24.384803771972656
inline-6,30.70113182067871
inline-6,11.015064239501953
inline-6,13.303445816040039
inline-6,14.503600120544434
inline-6,31.040355682373047
inline-6,23.828527450561523
inline-6,16.151216506958008
inline-6,10.706841468811035
inline-6,15.413416862487793
inline-6,22.60825538635254
inline-6,19.075834274291992
inline-6,22.641801834106445
inline-6,22.924108505249023
inline-6,22.57246208190918
inline-6,15.523154258728027
inline-6,23.87996482849121
inline-6,30.44743537902832
inline-6,20.697385787963867
inline-6,15.819504737854004
inline-6,11.61133098602295
inline-6,16.98911476135254
inline-6,11.59693431854248
inline-6,28.691850662231445
inline-6,22.633949279785156
inline-6,14.016575813293457
inline-6,32.704368591308594
inline-6,17.660423278808594
inline-6,30.596824645996094
inline-6,14.765572547912598
inline-6,9.509958267211914
inline-6,17.473522186279297
inline-6,8.211906433105469
inline-6,13.641498565673828
inline-6,24.485309600830078
inline-6,11.356884002685547
inline-6,12.099471092224121
inline-6,22.65443992614746
inline-6,35.22338104248047
inline-6,14.099204063415527
inline-6,7.237250804901123
inline-6,9.939705848693848
inline-6,11.733509063720703
inline-6,26.72269058227539
inline-6,32.49303436279297
inline-6,36.03837966918945
inline-6,17.602888107299805
inline-6,10.932647705078125
inline-6,27.82854461669922
inline-6,28.61846351623535
inline-6,18.75074577331543
inline-6,28.316265106201172
inline-6,22.12563705444336
inline-6,16.260269165039062
inline-6,13.78205680847168
inline-6,27.6690673828125
inline-6,18.323383331298828
inline-6,26.018850326538086
inline-6,13.425925254821777
inline-6,25.971595764160156
inline-6,44.026432037353516
inline-6,20.233047485351562
inline-6,18.803730010986328
inline-6,14.76550579071045
inline-6,25.51590919494629
inline-6,19.79596519470215
inline-6,19.014053344726562
inline-6,18.62637710571289
inline-6,15.337410926818848
inline-6,37.508811950683594
inline-6,27.919893264770508
inline-6,26.58919334411621
inline-6,25.74571990966797
inline-6,20.13176727294922
inline-6,23.606748580932617
inline-6,21.571044921875
inline-6,43.92460250854492
inline-6,27.377500534057617
inline-6,21.604961395263672
inline-6,33.32966995239258
inline-6,15.10910701751709
inline-6,15.85706901550293
inline-6,36.566200256347656
inline-6,18.74347686767578
inline-6,26.504867553710938
inline-6,26.136728286743164
inline-6,21.220027923583984
inline-6,24.625070571899414
inline-6,21.38873291015625
inline-6,20.89069366455078
inline-6,41.284332275390625
inline-6,22.931989669799805
inline-6,24.29832649230957
inline-6,17.612380981445312
inline-6,14.450830459594727
inline-6,19.099611282348633
inline-6,22.021120071411133
inline-6,17.577754974365234
inline-6,30.906641006469727
inline-6,10.087440490722656
inline-6,20.012935638427734
inline-6,17.95570182800293
inline-6,22.68727684020996
inline-6,19.50010108947754
inline-6,18.569913864135742
inline-6,14.018394470214844
inline-6,14.389310836791992
inline-6,19.86840057373047
inline-6,40.64163589477539
inline-6,16.202110290527344
inline-6,23.36311149597168
inline-6,13.052953720092773
inline-6,33.221466064453125
inline-6,37.57754135131836
inline-6,22.302629470825195
inline-6,37.7220458984375
inline-6,18.871294021606445
inline-6,28.47915267944336
inline-6,15.136791229248047
inline-6,19.593313217163086
inline-6,15.285940170288086
inline-6,15.771930694580078
inline-6,21.711557388305664
inline-6,29.36199378967285
inline-6,33.60997772216797
inline-6,24.560300827026367
inline-6,18.3565731048584
inline-6,26.325956344604492
inline-6,17.868227005004883
inline-6,23.784835815429688
inline-6,25.542177200317383
inline-6,28.451431274414062
inline-6,14.896244049072266
inline-6,15.544500350952148
inline-6,26.367265701293945
inline-6,34.55691146850586
inline-6,15.447867393493652
inline-6,37.49863815307617
inline-6,14.497722625732422
inline-6,18.3249568939209
inline-6,10.43469524383545
inline-6,22.38752555847168
inline-6,17.641443252563477
inline-6,24.607532501220703
inline-6,14.85095500946045
inline-6,29.24612808227539
inline-6,16.054622650146484
inline-6,14.290155410766602
inline-6,17.27485466003418
inline-6,17.940231323242188
inline-6,20.69379997253418
inline-6,26.68393898010254
inline-6,19.708675384521484
inline-6,13.654263496398926
inline-6,17.403335571289062
inline-6,17.765172958374023
inline-6,22.604843139648438
inline-6,12.84449291229248
inline-6,25.514989852905273
inline-6,12.603041648864746
inline-6,35.88427734375
inline-6,16.15294647216797
inline-6,28.745460510253906
inline-6,51.56602096557617
inline-6,26.385114669799805
inline-6,22.154199600219727
inline-6,9.997489929199219
inline-6,31.698585510253906
inline-6,31.139083862304688
inline-6,28.91192626953125
inline-6,34.287200927734375
inline-6,29.579036712646484
inline-6,34.64830017089844
inline-6,20.12637710571289
inline-6,24.251543045043945
inline-6,31.654857635498047
inline-6,52.480682373046875
inline-6,26.45598602294922
inline-6,50.80792999267578
inline-6,24.947879791259766
inline-6,13.394679069519043
inline-6,18.92285919189453
inline-6,17.690183639526367
inline-6,14.525470733642578
inline-6,46.296817779541016
inline-6,50.796836853027344
inline-6,14.622469902038574
inline-6,11.301009178161621
inline-6,38.265987396240234
inline-6,21.277751922607422
inline-6,39.29032897949219
inline-6,11.183345794677734
inline-6,6.773030757904053
inline-6,27.0233154296875
inline-6,17.55130958557129
inline-6,21.229827880859375
inline-6,53.41986083984375
inline-6,29.444089889526367
inline-6,17.349027633666992
inline-6,12.18891716003418
inline-6,22.801481246948242
inline-6,25.33525848388672
inline-6,42.66436767578125
inline-6,27.04629898071289
inline-6,16.8344669342041
inline-6,12.953615188598633
inline-6,12.168034553527832
inline-6,9.836332321166992
inline-6,6.81552267074585
inline-6,34.293941497802734
inline-6,10.9889554977417
inline-6,37.78601837158203
inline-6,23.539508819580078
inline-6,26.89678192138672
inline-6,18.47466468811035
inline-6,7.881049156188965
inline-6,16.206321716308594
inline-6,23.38193130493164
inline-6,20.465837478637695
inline-6,13.49431037902832
inline-6,16.816722869873047
inline-6,30.522785186767578
inline-6,30.544286727905273
inline-6,20.655244827270508
inline-6,30.734392166137695
inline-6,20.835651397705078
inline-6,22.49445152282715
inline-6,27.69769287109375
inline-6,17.258840560913086
inline-6,21.746767044067383
inline-6,11.448263168334961
inline-6,36.966739654541016
inline-6,35.52891540527344
inline-6,16.349590301513672
inline-6,17.66314697265625
inline-6,23.20612907409668
inline-6,32.642822265625
inline-6,19.5991268157959
inline-6,21.006587982177734
inline-6,52.459781646728516
inline-6,23.445348739624023
inline-6,39.32305145263672
inline-6,19.94415855407715
inline-6,10.803194999694824
inline-6,14.005672454833984
inline-6,20.00936508178711
inline-6,19.047222137451172
inline-6,19.257688522338867
inline-6,20.601348876953125
inline-6,21.71200180053711
inline-6,21.419164657592773
inline-6,17.139650344848633
inline-6,13.385491371154785
inline-6,21.666547775268555
inline-6,30.402942657470703
inline-6,29.411663055419922
inline-6,31.24293327331543
inline-6,19.308815002441406
inline-6,24.708227157592773
inline-6,39.00851821899414
inline-6,14.621941566467285
inline-6,9.714259147644043
inline-6,16.34674072265625
inline-6,37.116844177246094
inline-6,15.904855728149414
inline-6,10.698217391967773
inline-6,17.88184356689453
inline-6,27.226186752319336
inline-6,25.96149444580078
inline-6,29.442874908447266
inline-6,22.392061233520508
inline-6,10.557245254516602
inline-6,11.336609840393066
inline-6,9.3831787109375
inline-6,25.168039321899414
inline-6,11.40760326385498
inline-6,25.432100296020508
inline-6,12.735426902770996
inline-6,19.04095458984375
inline-6,23.95242691040039
inline-6,25.562725067138672
inline-6,8.86596393585205
inline-6,20.911561965942383
inline-6,9.10368537902832
inline-6,14.167679786682129
inline-6,29.75515365600586
inline-6,25.893306732177734
inline-6,9.728375434875488
inline-6,16.963769912719727
inline-6,23.881826400756836
inline-6,18.759519577026367
inline-6,21.1855525970459
inline-6,22.9697265625
inline-6,25.00251579284668
inline-6,10.806693077087402
inline-6,14.369027137756348
inline-6,21.949920654296875
inline-6,20.679445266723633
inline-6,11.168210983276367
inline-6,29.673328399658203
inline-6,14.0093412399292
inline-6,21.41508674621582
inline-6,36.28114700317383
inline-6,12.085320472717285
inline-6,21.292747497558594
inline-6,12.98918628692627
inline-6,29.073766708374023
inline-6,30.24734115600586
inline-6,19.95442771911621
inline-6,14.289352416992188
inline-6,35.99162673950195
inline-6,22.90265464782715
inline-6,31.384140014648438
inline-6,37.933692932128906
inline-6,24.72744369506836
inline-6,32.17267608642578
inline-6,30.61774444580078
inline-6,15.914897918701172
inline-6,12.36586856842041
inline-6,31.283950805664062
inline-6,11.860445022583008
inline-6,17.14116859436035
inline-6,9.699249267578125
inline-6,14.975850105285645
inline-6,20.0770320892334
inline-6,35.68049621582031
inline-6,29.18124008178711
inline-6,9.043722152709961
inline-6,24.47081184387207
inline-6,45.90245819091797
inline-6,25.53791618347168
inline-6,14.777024269104004
inline-6,21.7957706451416
inline-6,12.085124969482422
inline-6,30.425365447998047
inline-6,17.95571517944336
inline-6,21.156938552856445
inline-6,15.71531867980957
inline-6,22.610448837280273
inline-6,15.662857055664062
inline-6,24.816869735717773
inline-6,9.0372896194458
inline-6,17.074392318725586
inline-6,25.35851287841797
inline-6,25.36083221435547
inline-6,28.380325317382812
inline-6,14.270869255065918
inline-6,28.498291015625
inline-6,14.24967098236084
inline-6,12.463118553161621
inline-6,22.124385833740234
inline-6,19.104997634887695
inline-6,20.64637565612793
inline-6,25.421123504638672
inline-6,19.310726165771484
inline-6,20.691190719604492
inline-6,21.840429306030273
inline-6,23.20754051208496
inline-6,9.208162307739258
inline-6,34.30503463745117
inline-6,8.177741050720215
inline-6,50.81287384033203
inline-6,43.49970626831055
inline-6,11.779768943786621
inline-6,25.338027954101562
inline-6,11.82861614227295
inline-6,16.412752151489258
inline-6,18.141502380371094
inline-6,29.26154327392578
inline-6,12.78510570526123
inline-6,32.85572052001953
inline-6,15.432319641113281
inline-6,22.30504035949707
inline-6,13.615482330322266
inline-6,21.682331085205078
inline-6,25.346588134765625
inline-6,15.546195983886719
inline-6,17.309289932250977
inline-6,22.699588775634766
inline-6,24.789230346679688
inline-6,21.766538619995117
inline-6,18.973981857299805
inline-6,21.640344619750977
inline-6,28.09316062927246
inline-6,16.15262794494629
inline-6,18.059467315673828
inline-6,39.86709213256836
inline-6,30.204931259155273
inline-6,20.783876419067383
inline-6,15.443610191345215
inline-6,28.95126724243164
inline-6,34.4650764465332
inline-6,30.044387817382812
inline-6,20.28213882446289
inline-6,21.461496353149414
inline-6,14.259684562683105
inline-6,13.417539596557617
inline-6,19.143150329589844
inline-6,26.983692169189453
inline-6,33.24563217163086
inline-6,19.325807571411133
inline-6,24.137592315673828
inline-6,29.43678855895996
inline-6,16.173385620117188
inline-6,20.934093475341797
inline-6,16.627159118652344
inline-6,28.587602615356445
inline-6,15.196263313293457
inline-6,12.940537452697754
inline-6,29.83426856994629
inline-6,12.047714233398438
inline-6,11.01606559753418
inline-6,25.44208526611328
inline-6,27.186948776245117
inline-6,36.97351837158203
inline-6,26.01755142211914
inline-6,13.567728996276855
inline-6,15.760153770446777
inline-6,23.102130889892578
inline-6,15.10074520111084
inline-6,17.69217300415039
inline-6,14.691652297973633
inline-6,40.902320861816406
inline-6,18.757543563842773
inline-6,24.058013916015625
inline-6,25.32466697692871
inline-6,24.241954803466797
inline-6,15.311010360717773
inline-6,32.777488708496094
inline-6,47.556453704833984
inline-6,16.50478172302246
inline-6,10.653032302856445
inline-6,54.924495697021484
inline-6,18.30617904663086
inline-6,20.994848251342773
inline-6,17.30026626586914
inline-6,13.319168090820312
inline-6,10.516926765441895
inline-6,26.720678329467773
inline-6,41.18852996826172
inline-6,37.75330352783203
inline-6,16.363889694213867
inline-6,25.651058197021484
inline-6,33.545013427734375
inline-6,19.88892936706543
inline-6,7.699469566345215
inline-6,13.334412574768066
inline-6,24.96479606628418
inline-6,20.947843551635742
inline-6,16.853063583374023
inline-6,64.21360778808594
inline-6,18.208463668823242
inline-6,16.156986236572266
inline-6,28.833959579467773
inline-6,49.89631271362305
inline-6,20.29291343688965
inline-6,25.285715103149414
inline-6,38.98426055908203
inline-6,15.125971794128418
inline-6,19.732337951660156
inline-6,15.744329452514648
inline-6,24.101472854614258
inline-6,15.029582977294922
inline-6,20.399463653564453
inline-6,29.900665283203125
inline-6,26.820526123046875
inline-6,21.860549926757812
inline-6,31.20488929748535
inline-6,25.393447875976562
inline-6,26.942039489746094
inline-6,15.519274711608887
inline-6,22.61252784729004
inline-6,20.042491912841797
inline-6,21.425447463989258
inline-6,12.494443893432617
inline-6,13.320072174072266
inline-6,34.985145568847656
inline-6,16.661998748779297
inline-6,25.005781173706055
inline-6,24.118343353271484
inline-6,16.3139591217041
inline-6,10.745870590209961
inline-6,18.137344360351562
inline-6,31.299528121948242
inline-6,12.778592109680176
inline-6,11.00417423248291
inline-6,23.80742645263672
inline-6,11.37485408782959
inline-6,18.460479736328125
inline-6,15.505317687988281
inline-6,17.84234046936035
inline-6,13.360611915588379
inline-6,25.928998947143555
inline-6,22.068078994750977
inline-6,22.24358558654785
inline-6,8.208748817443848
inline-6,18.820093154907227
inline-6,17.610214233398438
inline-6,25.067562103271484
inline-6,25.29691505432129
inline-6,29.237764358520508
inline-6,54.34559631347656
inline-6,19.88838768005371
inline-6,59.474571228027344
inline-6,13.8109130859375
inline-6,23.332210540771484
inline-6,49.935550689697266
inline-6,34.393123626708984
inline-6,12.481635093688965
inline-6,22.91912078857422
inline-6,17.873878479003906
inline-6,19.043046951293945
inline-6,13.314393997192383
inline-6,29.58437156677246
inline-6,15.590959548950195
inline-6,23.54823875427246
inline-6,10.380534172058105
inline-6,11.909296035766602
inline-6,35.71438980102539
inline-6,41.346805572509766
inline-6,7.524647235870361
inline-6,17.597137451171875
inline-6,28.775856018066406
inline-6,25.056169509887695
inline-6,31.493873596191406
inline-6,26.958301544189453
inline-6,26.076276779174805
inline-6,18.952016830444336
inline-6,21.32973289489746
inline-6,15.523728370666504
inline-6,15.8814115524292
inline-6,22.482826232910156
inline-6,19.850658416748047
inline-6,22.791425704956055
inline-6,30.582536697387695
inline-6,21.007291793823242
inline-6,20.709259033203125
inline-6,28.450828552246094
inline-6,21.923429489135742
inline-6,11.01272201538086
inline-6,31.541532516479492
inline-6,19.194000244140625
inline-6,34.583778381347656
inline-6,26.96175193786621
inline-6,22.336441040039062
inline-6,8.999031066894531
inline-6,34.14107131958008
inline-6,16.6978702545166
inline-6,23.53233528137207
inline-6,38.629146575927734
inline-6,6.683104038238525
inline-6,33.296321868896484
inline-6,25.64919662475586
inline-6,35.03340530395508
inline-6,21.340463638305664
inline-6,32.65011978149414
inline-6,28.957090377807617
inline-6,27.9871826171875
inline-6,21.896026611328125
inline-6,16.297319412231445
inline-6,32.86655044555664
inline-6,7.584392547607422
inline-6,24.03191375732422
inline-6,26.56843376159668
inline-6,15.781301498413086
inline-6,33.472618103027344
inline-6,18.368194580078125
inline-6,23.762744903564453
inline-6,55.63658142089844
inline-6,21.088420867919922
inline-6,22.239118576049805
inline-6,31.653335571289062
inline-6,16.241804122924805
inline-6,32.559200286865234
inline-6,20.365497589111328
inline-6,21.941194534301758
inline-6,37.27079391479492
inline-6,12.577549934387207
inline-6,36.74589157104492
inline-6,43.920780181884766
inline-6,23.214645385742188
inline-6,19.628761291503906
inline-6,32.1148567199707
inline-6,35.996482849121094
inline-6,27.832244873046875
inline-6,31.195877075195312
inline-6,16.674034118652344
inline-6,18.00355339050293
inline-6,15.663818359375
inline-6,10.849431037902832
inline-6,15.905241966247559
inline-6,25.800418853759766
inline-6,9.083069801330566
inline-6,23.29330062866211
inline-6,17.014598846435547
inline-6,27.768064498901367
inline-6,29.205299377441406
inline-6,21.96426773071289
inline-6,20.89224624633789
inline-6,16.107515335083008
inline-6,31.190404891967773
inline-6,18.3617000579834
inline-6,19.424867630004883
inline-6,23.151525497436523
inline-6,8.073555946350098
inline-6,61.05830764770508
inline-6,20.45566749572754
inline-6,29.472637176513672
inline-6,20.00642967224121
inline-6,16.893749237060547
inline-6,7.7089457511901855
inline-6,24.94418716430664
inline-6,15.894247055053711
inline-6,37.7763557434082
inline-6,22.269678115844727
inline-6,15.011438369750977
inline-6,44.12456130981445
inline-6,16.11632537841797
inline-6,6.9920973777771
inline-6,24.083168029785156
inline-6,20.503816604614258
inline-6,10.603445053100586
inline-6,27.096942901611328
inline-6,29.356657028198242
inline-6,5.812643527984619
inline-6,26.71086311340332
inline-6,19.789480209350586
inline-6,10.904791831970215
inline-6,25.30040740966797
inline-6,11.35289478302002
inline-6,15.466062545776367
inline-6,18.2650146484375
inline-6,8.989899635314941
inline-6,20.95106315612793
inline-6,13.76474380493164
inline-6,15.114738464355469
inline-6,23.868682861328125
inline-6,14.420239448547363
inline-6,17.961162567138672
inline-6,15.994089126586914
inline-6,21.38541603088379
inline-6,8.17005443572998
inline-6,19.051179885864258
inline-6,21.487756729125977
inline-6,15.793553352355957
inline-6,45.24846649169922
inline-6,9.713125228881836
inline-6,15.804879188537598
inline-6,19.121538162231445
inline-6,22.66722297668457
inline-6,22.905303955078125
inline-6,20.40419578552246
inline-6,25.615121841430664
inline-6,22.880563735961914
inline-6,18.580902099609375
inline-6,18.01203727722168
inline-6,25.246543884277344
inline-6,29.797971725463867
inline-6,26.0391788482666
inline-6,21.221158981323242
inline-6,27.253686904907227
inline-6,32.06024932861328
inline-6,16.202159881591797
inline-6,22.45349884033203
inline-6,19.880876541137695
inline-6,16.698368072509766
inline-6,17.710098266601562
inline-6,21.785236358642578
inline-6,14.443547248840332
inline-6,25.174190521240234
inline-6,21.98052406311035
inline-6,47.771522521972656
inline-6,8.424549102783203
inline-6,17.046106338500977
inline-6,36.826934814453125
inline-6,15.90749740600586
inline-6,28.236526489257812
inline-6,16.387073516845703
inline-6,11.143463134765625
inline-6,25.12027359008789
inline-6,19.13265037536621
inline-6,30.54776382446289
inline-6,33.81011962890625
inline-6,14.741111755371094
inline-6,45.7112922668457
inline-6,23.694272994995117
inline-6,41.44411849975586
inline-6,28.074443817138672
inline-6,12.834179878234863
inline-6,21.211231231689453
inline-6,33.86174392700195
inline-6,20.007177352905273
inline-6,26.800628662109375
inline-6,44.01787567138672
inline-6,28.694305419921875
inline-6,29.89792251586914
inline-6,11.230507850646973
inline-6,22.937870025634766
inline-6,20.119348526000977
inline-6,20.594524383544922
inline-6,31.608156204223633
inline-6,24.66731834411621
inline-6,11.3883695602417
inline-6,13.362621307373047
inline-6,17.093677520751953
inline-6,15.123916625976562
inline-6,18.67852783203125
inline-6,17.640216827392578
inline-6,7.631211757659912
inline-6,29.19654083251953
inline-6,22.80194854736328
inline-6,22.246706008911133
inline-6,24.079233169555664
inline-6,32.15919876098633
inline-6,23.304946899414062
inline-6,18.04947280883789
inline-6,44.138450622558594
inline-6,12.80302619934082
inline-6,17.09562873840332
inline-6,9.879836082458496
inline-6,33.425804138183594
inline-6,15.66235065460205
inline-6,28.983776092529297
inline-6,19.573535919189453
inline-6,30.434852600097656
inline-6,9.323332786560059
inline-6,27.832141876220703
inline-6,15.828935623168945
inline-6,15.4242582321167
inline-6,18.866268157958984
inline-6,37.63726806640625
inline-6,10.934375762939453
inline-6,38.050819396972656
inline-6,30.75300407409668
inline-6,20.184011459350586
inline-6,17.70094871520996
inline-6,30.11266326904297
inline-6,20.172597885131836
inline-6,31.95648956298828
inline-6,24.503694534301758
inline-6,16.31683921813965
inline-6,17.48440170288086
inline-6,18.27227020263672
inline-6,20.603229522705078
inline-6,24.132631301879883
inline-6,25.061466217041016
inline-6,20.9907283782959
inline-6,42.0514030456543
inline-6,15.635015487670898
inline-6,20.663183212280273
inline-6,20.60444450378418
inline-6,23.643095016479492
inline-6,16.310346603393555
inline-6,12.572892189025879
single-cylinder,29.386756896972656
single-cylinder,28.622285842895508
single-cylinder,14.0244140625
single-cylinder,12.36821174621582
single-cylinder,14.37763786315918
single-cylinder,15.541570663452148
single-cylinder,15.588838577270508
single-cylinder,12.04887580871582
single-cylinder,15.254352569580078
single-cylinder,22.473806381225586
single-cylinder,26.26268768310547
single-cylinder,9.300243377685547
single-cylinder,16.921966552734375
single-cylinder,8.722784042358398
single-cylinder,12.06491470336914
single-cylinder,14.940853118896484
single-cylinder,16.883699417114258
single-cylinder,11.873215675354004
single-cylinder,12.966862678527832
single-cylinder,14.268375396728516
single-cylinder,11.361444473266602
single-cylinder,14.514301300048828
single-cylinder,31.979101181030273
single-cylinder,10.110908508300781
single-cylinder,16.402477264404297
single-cylinder,13.763681411743164
single-cylinder,15.633711814880371
single-cylinder,9.008021354675293
single-cylinder,15.181756019592285
single-cylinder,21.29791259765625
single-cylinder,13.101433753967285
single-cylinder,10.019301414489746
single-cylinder,18.631338119506836
single-cylinder,23.69525909423828
single-cylinder,17.737449645996094
single-cylinder,15.105005264282227
single-cylinder,18.54602813720703
single-cylinder,9.84262752532959
single-cylinder,20.036273956298828
single-cylinder,9.549954414367676
single-cylinder,10.255934715270996
single-cylinder,8.426319122314453
single-cylinder,9.461135864257812
single-cylinder,16.505779266357422
single-cylinder,9.339570999145508
single-cylinder,13.670356750488281
single-cylinder,11.412747383117676
single-cylinder,11.012330055236816
single-cylinder,10.28734302520752
single-cylinder,19.839841842651367
single-cylinder,12.68603801727295
single-cylinder,9.720126152038574
single-cylinder,17.089832305908203
single-cylinder,12.753013610839844
single-cylinder,24.56664276123047
single-cylinder,17.918500900268555
single-cylinder,33.198890686035156
single-cylinder,19.743816375732422
single-cylinder,15.174620628356934
single-cylinder,10.648303031921387
single-cylinder,10.489874839782715
single-cylinder,13.556296348571777
single-cylinder,9.279997825622559
single-cylinder,16.57975959777832
single-cylinder,22.065170288085938
single-cylinder,9.649114608764648
single-cylinder,22.305212020874023
single-cylinder,13.737504005432129
single-cylinder,21.19817352294922
single-cylinder,17.968582153320312
single-cylinder,10.981285095214844
single-cylinder,15.345105171203613
single-cylinder,16.695873260498047
single-cylinder,51.40776824951172
single-cylinder,26.417049407958984
single-cylinder,13.315298080444336
single-cylinder,21.58376693725586
single-cylinder,11.531482696533203
single-cylinder,15.735655784606934
single-cylinder,11.638059616088867
single-cylinder,30.5887508392334
single-cylinder,25.919071197509766
single-cylinder,11.00360107421875
single-cylinder,10.697610855102539
single-cylinder,19.60845184326172
single-cylinder,20.3297176361084
single-cylinder,20.922399520874023
single-cylinder,11.953912734985352
single-cylinder,16.405269622802734
single-cylinder,13.256658554077148
single-cylinder,12.447077751159668
single-cylinder,13.076807975769043
single-cylinder,10.870565414428711
single-cylinder,9.578812599182129
single-cylinder,18.091432571411133
single-cylinder,12.461013793945312
single-cylinder,14.641315460205078
single-cylinder,10.992968559265137
single-cylinder,9.891294479370117
single-cylinder,11.192656517028809
single-cylinder,15.558143615722656
single-cylinder,10.236889839172363
single-cylinder,12.243759155273438
single-cylinder,9.132067680358887
single-cylinder,15.016013145446777
single-cylinder,9.721158027648926
single-cylinder,14.136852264404297
single-cylinder,15.340986251831055
single-cylinder,21.414384841918945
single-cylinder,23.245704650878906
single-cylinder,18.50952911376953
single-cylinder,11.688940048217773
single-cylinder,21.511489868164062
single-cylinder,14.366521835327148
single-cylinder,13.310745239257812
single-cylinder,13.744376182556152
single-cylinder,13.76190185546875
single-cylinder,26.532241821289062
single-cylinder,12.879578590393066
single-cylinder,19.50722885131836
single-cylinder,13.873448371887207
single-cylinder,14.788106918334961
single-cylinder,11.280635833740234
single-cylinder,13.525535583496094
single-cylinder,17.532339096069336
single-cylinder,9.291595458984375
single-cylinder,21.847366333007812
single-cylinder,20.67229652404785
single-cylinder,30.797550201416016
single-cylinder,6.738134860992432
single-cylinder,11.723999977111816
single-cylinder,18.507970809936523
single-cylinder,8.883341789245605
single-cylinder,12.232093811035156
single-cylinder,22.08517074584961
single-cylinder,7.79963493347168
single-cylinder,11.716922760009766
single-cylinder,14.935117721557617
single-cylinder,23.894638061523438
single-cylinder,15.869362831115723
single-cylinder,15.858769416809082
single-cylinder,23.07495880126953
single-cylinder,18.88306427001953
single-cylinder,12.550783157348633
single-cylinder,13.484588623046875
single-cylinder,12.4373140335083
single-cylinder,26.438488006591797
single-cylinder,12.51876163482666
single-cylinder,13.72433853149414
single-cylinder,20.86426544189453
single-cylinder,34.7203369140625
single-cylinder,11.369433403015137
single-cylinder,16.73566246032715
single-cylinder,21.721729278564453
single-cylinder,9.241650581359863
single-cylinder,14.534400939941406
single-cylinder,32.409034729003906
single-cylinder,8.254474639892578
single-cylinder,11.43874454498291
single-cylinder,10.322604179382324
single-cylinder,15.504154205322266
single-cylinder,19.16398811340332
single-cylinder,21.09335708618164
single-cylinder,7.642416000366211
single-cylinder,14.78299617767334
single-cylinder,31.683439254760742
single-cylinder,13.786027908325195
single-cylinder,16.01044273376465
single-cylinder,20.694671630859375
single-cylinder,23.18819808959961
single-cylinder,19.967924118041992
single-cylinder,16.614501953125
single-cylinder,8.17954158782959
single-cylinder,13.106178283691406
single-cylinder,22.809974670410156
single-cylinder,15.46610164642334
single-cylinder,16.650165557861328
single-cylinder,22.504615783691406
single-cylinder,22.084270477294922
single-cylinder,10.952563285827637
single-cylinder,13.63122844696045
single-cylinder,9.315994262695312
single-cylinder,27.409610748291016
single-cylinder,25.9444522857666
single-cylinder,16.96070098876953
single-cylinder,11.649277687072754
single-cylinder,18.99004554748535
single-cylinder,17.40022850036621
single-cylinder,27.812240600585938
single-cylinder,17.570730209350586
single-cylinder,9.143013954162598
single-cylinder,10.601998329162598
single-cylinder,22.802141189575195
single-cylinder,41.233299255371094
single-cylinder,24.947540283203125
single-cylinder,9.919901847839355
single-cylinder,17.997154235839844
single-cylinder,14.677157402038574
single-cylinder,10.695403099060059
single-cylinder,14.267765998840332
single-cylinder,28.375232696533203
single-cylinder,9.342033386230469
single-cylinder,14.32029914855957
single-cylinder,10.70060920715332
single-cylinder,10.556909561157227
single-cylinder,12.650860786437988
single-cylinder,21.756168365478516
single-cylinder,13.149242401123047
single-cylinder,13.35126781463623
single-cylinder,12.408501625061035
single-cylinder,16.960081100463867
single-cylinder,19.283742904663086
single-cylinder,21.148876190185547
single-cylinder,19.346683502197266
single-cylinder,31.3780574798584
single-cylinder,9.97909927368164
single-cylinder,14.439727783203125
single-cylinder,9.431255340576172
single-cylinder,12.413474082946777
single-cylinder,8.875864028930664
single-cylinder,17.946006774902344
single-cylinder,8.61481761932373
single-cylinder,15.899147987365723
single-cylinder,12.288750648498535
single-cylinder,18.100788116455078
single-cylinder,18.87388038635254
single-cylinder,11.853564262390137
single-cylinder,12.157336235046387
single-cylinder,10.621896743774414
single-cylinder,7.200589179992676
single-cylinder,12.157855987548828
single-cylinder,9.898448944091797
single-cylinder,13.937410354614258
single-cylinder,10.546223640441895
single-cylinder,9.053385734558105
single-cylinder,18.44415283203125
single-cylinder,24.865245819091797
single-cylinder,15.075423240661621
single-cylinder,21.441558837890625
single-cylinder,10.673224449157715
single-cylinder,14.240302085876465
single-cylinder,9.270992279052734
single-cylinder,20.33405303955078
single-cylinder,33.531166076660156
single-cylinder,21.092683792114258
single-cylinder,12.377583503723145
single-cylinder,15.319389343261719
single-cylinder,11.702417373657227
single-cylinder,11.394006729125977
single-cylinder,15.177217483520508
single-cylinder,25.733901977539062
single-cylinder,10.22602653503418
single-cylinder,14.870262145996094
single-cylinder,15.015393257141113
single-cylinder,25.215272903442383
single-cylinder,6.338183879852295
single-cylinder,13.399572372436523
single-cylinder,14.957653999328613
single-cylinder,10.09749698638916
single-cylinder,12.161147117614746
single-cylinder,29.30919075012207
single-cylinder,23.018117904663086
single-cylinder,17.86471939086914
single-cylinder,20.08245277404785
single-cylinder,17.016864776611328
single-cylinder,11.152860641479492
single-cylinder,13.466416358947754
single-cylinder,15.982074737548828
single-cylinder,8.755712509155273
single-cylinder,10.956643104553223
single-cylinder,24.364728927612305
single-cylinder,18.3099422454834
single-cylinder,15.452200889587402
single-cylinder,15.283373832702637
single-cylinder,26.511323928833008
single-cylinder,12.814640998840332
single-cylinder,13.563667297363281
single-cylinder,10.318048477172852
single-cylinder,8.673100471496582
single-cylinder,11.773242950439453
single-cylinder,15.405924797058105
single-cylinder,24.461261749267578
single-cylinder,16.240365982055664
single-cylinder,20.515134811401367
single-cylinder,12.400457382202148
single-cylinder,16.134733200073242
single-cylinder,10.914067268371582
single-cylinder,17.8096981048584
single-cylinder,12.061793327331543
single-cylinder,11.291733741760254
single-cylinder,14.929034233093262
single-cylinder,20.10556411743164
single-cylinder,20.583337783813477
single-cylinder,9.589621543884277
single-cylinder,19.37620735168457
single-cylinder,20.20841407775879
single-cylinder,9.753182411193848
single-cylinder,7.765841960906982
single-cylinder,13.074362754821777
single-cylinder,15.057096481323242
single-cylinder,24.954030990600586
single-cylinder,15.894708633422852
single-cylinder,12.100464820861816
single-cylinder,13.600255966186523
single-cylinder,22.752487182617188
single-cylinder,10.799295425415039
single-cylinder,18.316072463989258
single-cylinder,14.591986656188965
single-cylinder,11.448573112487793
single-cylinder,16.886661529541016
single-cylinder,8.43917465209961
single-cylinder,24.757030487060547
single-cylinder,8.836023330688477
single-cylinder,10.580482482910156
single-cylinder,14.756711959838867
single-cylinder,16.216463088989258
single-cylinder,16.751535415649414
single-cylinder,28.544265747070312
single-cylinder,14.663025856018066
single-cylinder,29.024587631225586
single-cylinder,11.992582321166992
single-cylinder,15.040733337402344
single-cylinder,12.11744499206543
single-cylinder,11.301898002624512
single-cylinder,17.1588191986084
single-cylinder,9.11513900756836
single-cylinder,12.254672050476074
single-cylinder,11.198813438415527
single-cylinder,15.613041877746582
single-cylinder,24.458698272705078
single-cylinder,30.97692108154297
single-cylinder,13.226737022399902
single-cylinder,9.808445930480957
single-cylinder,18.783239364624023
single-cylinder,21.38514518737793
single-cylinder,8.513822555541992
single-cylinder,9.71385383605957
single-cylinder,8.478503227233887
single-cylinder,16.280529022216797
single-cylinder,21.544435501098633
single-cylinder,16.28348731994629
single-cylinder,16.456546783447266
single-cylinder,10.521583557128906
single-cylinder,12.485917091369629
single-cylinder,16.422237396240234
single-cylinder,12.652935028076172
single-cylinder,16.220325469970703
single-cylinder,14.163813591003418
single-cylinder,12.145476341247559
single-cylinder,13.613073348999023
single-cylinder,11.52903938293457
single-cylinder,14.86832046508789
single-cylinder,12.778328895568848
single-cylinder,10.98788070678711
single-cylinder,10.47192668914795
single-cylinder,13.008028984069824
single-cylinder,14.383275985717773
single-cylinder,21.99270248413086
single-cylinder,12.387107849121094
single-cylinder,17.593839645385742
single-cylinder,21.719839096069336
single-cylinder,13.079237937927246
single-cylinder,15.282181739807129
single-cylinder,10.237235069274902
single-cylinder,16.529550552368164
single-cylinder,10.786785125732422
single-cylinder,15.447854995727539
single-cylinder,18.553295135498047
single-cylinder,9.008282661437988
single-cylinder,12.270975112915039
single-cylinder,17.293304443359375
single-cylinder,12.160530090332031
single-cylinder,17.753202438354492
single-cylinder,15.460273742675781
single-cylinder,10.687265396118164
single-cylinder,23.839082717895508
single-cylinder,9.9151029586792
single-cylinder,19.615198135375977
single-cylinder,13.55180835723877
single-cylinder,11.305208206176758
single-cylinder,13.133304595947266
single-cylinder,16.117568969726562
single-cylinder,15.413019180297852
single-cylinder,19.1298885345459
single-cylinder,20.86361312866211
single-cylinder,11.025158882141113
single-cylinder,35.14717102050781
single-cylinder,24.059858322143555
single-cylinder,10.29923152923584
single-cylinder,18.969654083251953
single-cylinder,15.785406112670898
single-cylinder,20.40033531188965
single-cylinder,12.923888206481934
single-cylinder,26.193117141723633
single-cylinder,16.814834594726562
single-cylinder,15.895344734191895
single-cylinder,19.479167938232422
single-cylinder,14.442028045654297
single-cylinder,30.0047607421875
single-cylinder,16.797197341918945
single-cylinder,16.178668975830078
single-cylinder,22.106849670410156
single-cylinder,11.50368881225586
single-cylinder,25.03856086730957
single-cylinder,26.39206886291504
single-cylinder,27.59599494934082
single-cylinder,9.905499458312988
single-cylinder,29.285629272460938
single-cylinder,11.517995834350586
single-cylinder,18.345510482788086
single-cylinder,16.587703704833984
single-cylinder,17.989261627197266
single-cylinder,28.039758682250977
single-cylinder,17.18494987487793
single-cylinder,12.84484577178955
single-cylinder,14.993561744689941
single-cylinder,12.141645431518555
single-cylinder,26.689680099487305
single-cylinder,14.990275382995605
single-cylinder,24.878271102905273
single-cylinder,19.625286102294922
single-cylinder,15.605425834655762
single-cylinder,9.487277030944824
single-cylinder,13.00497817993164
single-cylinder,15.845904350280762
single-cylinder,10.646065711975098
single-cylinder,16.56596565246582
single-cylinder,20.131826400756836
single-cylinder,17.629552841186523
single-cylinder,38.38798141479492
single-cylinder,15.9723482131958
single-cylinder,23.52174186706543
single-cylinder,24.07910919189453
single-cylinder,22.017093658447266
single-cylinder,7.623467445373535
single-cylinder,16.943695068359375
single-cylinder,13.51327896118164
single-cylinder,8.854767799377441
single-cylinder,11.975329399108887
single-cylinder,7.594477653503418
single-cylinder,12.986071586608887
single-cylinder,13.86086654663086
single-cylinder,11.435799598693848
single-cylinder,21.519908905029297
single-cylinder,9.175559043884277
single-cylinder,9.511818885803223
single-cylinder,31.59008026123047
single-cylinder,12.476309776306152
single-cylinder,15.81424331665039
single-cylinder,18.160751342773438
single-cylinder,9.408949851989746
single-cylinder,11.318754196166992
single-cylinder,13.110725402832031
single-cylinder,12.560098648071289
single-cylinder,21.118423461914062
single-cylinder,9.659398078918457
single-cylinder,10.809406280517578
single-cylinder,19.71242332458496
single-cylinder,11.766529083251953
single-cylinder,18.541046142578125
single-cylinder,15.264019012451172
single-cylinder,14.435494422912598
single-cylinder,29.45886993408203
single-cylinder,20.625646591186523
single-cylinder,14.918744087219238
single-cylinder,13.120823860168457
single-cylinder,11.706003189086914
single-cylinder,8.491950035095215
single-cylinder,18.26844596862793
single-cylinder,7.872775077819824
single-cylinder,14.546370506286621
single-cylinder,14.270495414733887
single-cylinder,9.92551040649414
single-cylinder,10.438051223754883
single-cylinder,12.868910789489746
single-cylinder,17.971614837646484
single-cylinder,15.033665657043457
single-cylinder,20.869441986083984
single-cylinder,17.17758560180664
single-cylinder,10.100340843200684
single-cylinder,10.971403121948242
single-cylinder,11.913780212402344
single-cylinder,10.84750747680664
single-cylinder,10.844096183776855
single-cylinder,17.444244384765625
single-cylinder,26.194849014282227
single-cylinder,13.762877464294434
single-cylinder,12.614007949829102
single-cylinder,9.607439994812012
single-cylinder,10.672283172607422
single-cylinder,10.351228713989258
single-cylinder,12.49611759185791
single-cylinder,9.927332878112793
single-cylinder,16.552221298217773
single-cylinder,13.010546684265137
single-cylinder,15.920077323913574
single-cylinder,16.03291130065918
single-cylinder,11.802931785583496
single-cylinder,18.312667846679688
single-cylinder,22.289398193359375
single-cylinder,12.224096298217773
single-cylinder,12.902295112609863
single-cylinder,14.776958465576172
single-cylinder,18.6877498626709
single-cylinder,10.769234657287598
single-cylinder,12.341972351074219
single-cylinder,16.756935119628906
single-cylinder,19.69129180908203
single-cylinder,26.184194564819336
single-cylinder,18.19422721862793
single-cylinder,11.629371643066406
single-cylinder,17.294153213500977
single-cylinder,21.22216796875
single-cylinder,19.604177474975586
single-cylinder,11.862771034240723
single-cylinder,16.06132698059082
single-cylinder,18.179149627685547
single-cylinder,14.152518272399902
single-cylinder,8.554096221923828
single-cylinder,22.72463035583496
single-cylinder,13.26318073272705
single-cylinder,10.66861343383789
single-cylinder,17.68512535095215
single-cylinder,15.244861602783203
single-cylinder,31.004737854003906
single-cylinder,22.715707778930664
single-cylinder,22.47162437438965
single-cylinder,14.001791000366211
single-cylinder,10.20734977722168
single-cylinder,11.424890518188477
single-cylinder,8.89874267578125
single-cylinder,18.77094078063965
single-cylinder,12.52440071105957
single-cylinder,14.262110710144043
single-cylinder,10.590595245361328
single-cylinder,27.30420684814453
single-cylinder,17.052627563476562
single-cylinder,10.651684761047363
single-cylinder,13.925736427307129
single-cylinder,17.31891632080078
single-cylinder,25.847370147705078
single-cylinder,19.475502014160156
single-cylinder,20.326101303100586
single-cylinder,17.91370391845703
single-cylinder,16.933332443237305
single-cylinder,13.857830047607422
single-cylinder,15.90915584564209
single-cylinder,18.421785354614258
single-cylinder,17.38294219970703
single-cylinder,27.698793411254883
single-cylinder,18.47281265258789
single-cylinder,12.53810977935791
single-cylinder,26.774938583374023
single-cylinder,23.677406311035156
single-cylinder,9.448432922363281
single-cylinder,18.21889877319336
single-cylinder,13.142560958862305
single-cylinder,6.969308853149414
single-cylinder,16.284170150756836
single-cylinder,15.873983383178711
single-cylinder,9.920516014099121
single-cylinder,19.80966567993164
single-cylinder,13.247631072998047
single-cylinder,15.03101921081543
single-cylinder,13.023404121398926
single-cylinder,19.262718200683594
single-cylinder,11.428976058959961
single-cylinder,17.738658905029297
single-cylinder,16.227062225341797
single-cylinder,19.314722061157227
single-cylinder,14.940338134765625
single-cylinder,22.048046112060547
single-cylinder,24.600282669067383
single-cylinder,14.273210525512695
single-cylinder,9.556415557861328
single-cylinder,20.78519630432129
single-cylinder,13.253665924072266
single-cylinder,9.194067001342773
single-cylinder,27.760086059570312
single-cylinder,15.317010879516602
single-cylinder,14.084125518798828
single-cylinder,15.375028610229492
single-cylinder,13.830183982849121
single-cylinder,23.368425369262695
single-cylinder,22.189138412475586
single-cylinder,17.44138526916504
single-cylinder,10.989117622375488
single-cylinder,10.599900245666504
single-cylinder,24.35859489440918
single-cylinder,20.382251739501953
single-cylinder,16.347843170166016
single-cylinder,13.780952453613281
single-cylinder,22.708633422851562
single-cylinder,18.923900604248047
single-cylinder,13.380342483520508
single-cylinder,15.628286361694336
single-cylinder,17.31601333618164
single-cylinder,9.993515014648438
single-cylinder,19.92402458190918
single-cylinder,12.476009368896484
single-cylinder,37.660667419433594
single-cylinder,21.522132873535156
single-cylinder,15.397809982299805
single-cylinder,22.268281936645508
single-cylinder,20.771814346313477
single-cylinder,13.086947441101074
single-cylinder,16.283498764038086
single-cylinder,11.654046058654785
single-cylinder,18.73395347595215
single-cylinder,17.681167602539062
single-cylinder,22.79485321044922
single-cylinder,16.234575271606445
single-cylinder,11.586277961730957
single-cylinder,16.349748611450195
single-cylinder,12.75903034210205
single-cylinder,10.973358154296875
single-cylinder,25.481027603149414
single-cylinder,16.33309555053711
single-cylinder,10.028876304626465
single-cylinder,16.212657928466797
single-cylinder,9.01314640045166
single-cylinder,12.104471206665039
single-cylinder,24.6385498046875
single-cylinder,13.807536125183105
single-cylinder,8.66387939453125
single-cylinder,16.789714813232422
single-cylinder,12.081536293029785
single-cylinder,7.555929660797119
single-cylinder,14.06065559387207
single-cylinder,10.659958839416504
single-cylinder,15.70974349975586
single-cylinder,12.209168434143066
single-cylinder,23.376258850097656
single-cylinder,19.2598934173584
single-cylinder,9.6108980178833
single-cylinder,21.87740135192871
single-cylinder,19.270719528198242
single-cylinder,26.52257537841797
single-cylinder,17.47238540649414
single-cylinder,18.859634399414062
single-cylinder,14.7119722366333
single-cylinder,16.64261817932129
single-cylinder,17.919233322143555
single-cylinder,9.517375946044922
single-cylinder,9.401238441467285
single-cylinder,15.583513259887695
single-cylinder,21.895889282226562
single-cylinder,13.939253807067871
single-cylinder,13.013731956481934
single-cylinder,8.006653785705566
single-cylinder,16.798439025878906
single-cylinder,8.362409591674805
single-cylinder,14.268707275390625
single-cylinder,18.44318199157715
single-cylinder,14.401741981506348
single-cylinder,15.193604469299316
single-cylinder,28.043848037719727
single-cylinder,14.072248458862305
single-cylinder,17.90011978149414
single-cylinder,20.606094360351562
single-cylinder,17.96621322631836
single-cylinder,12.044146537780762
single-cylinder,9.706483840942383
single-cylinder,16.795143127441406
single-cylinder,17.562177658081055
single-cylinder,10.62054443359375
single-cylinder,10.4563570022583
single-cylinder,23.61905288696289
single-cylinder,10.784339904785156
single-cylinder,11.994193077087402
single-cylinder,25.463502883911133
single-cylinder,19.371904373168945
single-cylinder,15.017462730407715
single-cylinder,29.159687042236328
single-cylinder,13.627561569213867
single-cylinder,11.174168586730957
single-cylinder,15.347814559936523
single-cylinder,18.39946746826172
single-cylinder,22.289945602416992
single-cylinder,18.060359954833984
single-cylinder,22.543851852416992
single-cylinder,14.56440258026123
single-cylinder,11.882142066955566
single-cylinder,11.757884979248047
single-cylinder,21.19391441345215
single-cylinder,9.773844718933105
single-cylinder,15.266134262084961
single-cylinder,15.09334945678711
single-cylinder,13.39992618560791
single-cylinder,13.166810035705566
single-cylinder,7.381237506866455
single-cylinder,10.881407737731934
single-cylinder,10.260613441467285
single-cylinder,11.259963989257812
single-cylinder,11.467002868652344
single-cylinder,16.916780471801758
single-cylinder,6.753398418426514
single-cylinder,14.794675827026367
single-cylinder,9.57515811920166
single-cylinder,20.93734359741211
single-cylinder,15.360015869140625
single-cylinder,15.99257755279541
single-cylinder,17.05260467529297
single-cylinder,17.060745239257812
single-cylinder,30.404985427856445
single-cylinder,16.50462532043457
single-cylinder,10.066829681396484
single-cylinder,22.91855812072754
single-cylinder,17.96898078918457
single-cylinder,9.67631721496582
single-cylinder,12.12890911102295
single-cylinder,11.57578182220459
single-cylinder,9.8831205368042
single-cylinder,21.347820281982422
single-cylinder,14.940669059753418
single-cylinder,12.306196212768555
single-cylinder,15.91963005065918
single-cylinder,8.387895584106445
single-cylinder,38.231693267822266
single-cylinder,10.853912353515625
single-cylinder,10.11085033416748
single-cylinder,10.386938095092773
single-cylinder,22.8902587890625
single-cylinder,11.41899299621582
single-cylinder,14.702852249145508
single-cylinder,12.930697441101074
single-cylinder,15.325980186462402
single-cylinder,18.807796478271484
single-cylinder,15.88811206817627
single-cylinder,10.388643264770508
single-cylinder,10.074974060058594
single-cylinder,11.112764358520508
single-cylinder,14.89096736907959
single-cylinder,22.887107849121094
single-cylinder,19.376298904418945
single-cylinder,32.53208923339844
single-cylinder,16.666439056396484
single-cylinder,11.490924835205078
single-cylinder,9.441669464111328
single-cylinder,31.8420352935791
single-cylinder,12.318431854248047
single-cylinder,15.024683952331543
single-cylinder,12.73403263092041
single-cylinder,10.613128662109375
single-cylinder,11.817048072814941
single-cylinder,11.983868598937988
single-cylinder,13.757278442382812
single-cylinder,11.255292892456055
single-cylinder,10.294722557067871
single-cylinder,13.56966495513916
single-cylinder,7.579268455505371
single-cylinder,17.709672927856445
single-cylinder,15.545737266540527
single-cylinder,17.89180564880371
single-cylinder,11.619218826293945
single-cylinder,11.149999618530273
single-cylinder,16.373788833618164
single-cylinder,8.471250534057617
single-cylinder,12.593396186828613
single-cylinder,19.446584701538086
single-cylinder,10.731518745422363
single-cylinder,14.687047004699707
single-cylinder,13.119094848632812
single-cylinder,18.283462524414062
single-cylinder,11.965301513671875
single-cylinder,15.169453620910645
single-cylinder,14.024907112121582
single-cylinder,13.517385482788086
single-cylinder,22.671892166137695
single-cylinder,13.673434257507324
single-cylinder,13.052605628967285
single-cylinder,12.6826171875
single-cylinder,13.073019027709961
single-cylinder,11.5226469039917
single-cylinder,23.10100746154785
single-cylinder,16.851179122924805
single-cylinder,27.793004989624023
single-cylinder,11.905141830444336
single-cylinder,11.45457649230957
single-cylinder,15.790879249572754
single-cylinder,11.301270484924316
single-cylinder,20.25059700012207
single-cylinder,11.321084976196289
single-cylinder,17.035968780517578
single-cylinder,27.216943740844727
single-cylinder,13.735432624816895
single-cylinder,12.054420471191406
single-cylinder,8.650084495544434
single-cylinder,10.164518356323242
single-cylinder,10.233640670776367
single-cylinder,11.865113258361816
single-cylinder,16.536882400512695
single-cylinder,14.07693862915039
single-cylinder,11.648414611816406
single-cylinder,14.864259719848633
single-cylinder,8.659480094909668
single-cylinder,25.570234298706055
single-cylinder,14.060234069824219
single-cylinder,15.138688087463379
single-cylinder,10.626119613647461
single-cylinder,10.853058815002441
single-cylinder,16.450807571411133
single-cylinder,10.678053855895996
single-cylinder,12.832319259643555
single-cylinder,18.826887130737305
single-cylinder,9.206732749938965
single-cylinder,12.793405532836914
single-cylinder,11.577704429626465
single-cylinder,10.597430229187012
single-cylinder,12.43117618560791
single-cylinder,21.43506622314453
single-cylinder,9.047175407409668
single-cylinder,7.301270961761475
single-cylinder,18.900836944580078
single-cylinder,22.445781707763672
single-cylinder,15.683476448059082
single-cylinder,12.586267471313477
single-cylinder,11.53037166595459
single-cylinder,20.8498477935791
single-cylinder,15.433384895324707
single-cylinder,10.131061553955078
single-cylinder,7.617956161499023
single-cylinder,18.572744369506836
single-cylinder,25.435924530029297
single-cylinder,11.108085632324219
single-cylinder,19.431049346923828
single-cylinder,10.790963172912598
single-cylinder,10.175020217895508
single-cylinder,15.502276420593262
single-cylinder,17.349576950073242
single-cylinder,10.578621864318848
single-cylinder,23.551067352294922
single-cylinder,12.776569366455078
single-cylinder,9.03176498413086
single-cylinder,16.348220825195312
single-cylinder,11.761152267456055
single-cylinder,13.808923721313477
single-cylinder,20.271347045898438
single-cylinder,10.614798545837402
single-cylinder,11.686563491821289
single-cylinder,19.129898071289062
single-cylinder,13.697525024414062
single-cylinder,19.101991653442383
single-cylinder,18.88465690612793
single-cylinder,11.837309837341309
single-cylinder,12.094337463378906
single-cylinder,19.73879051208496
single-cylinder,15.160353660583496
single-cylinder,13.083477973937988
single-cylinder,14.765303611755371
single-cylinder,12.581047058105469
single-cylinder,20.720333099365234
single-cylinder,7.437379837036133
single-cylinder,18.2142333984375
single-cylinder,11.502422332763672
single-cylinder,20.90898895263672
single-cylinder,10.665034294128418
single-cylinder,10.890865325927734
single-cylinder,15.35030460357666
single-cylinder,14.161733627319336
single-cylinder,27.296388626098633
single-cylinder,10.462979316711426
single-cylinder,10.90511703491211
single-cylinder,16.08281707763672
single-cylinder,16.721969604492188
single-cylinder,10.74207878112793
single-cylinder,6.894123077392578
single-cylinder,19.972412109375
single-cylinder,16.0756778717041
single-cylinder,9.871474266052246
single-cylinder,18.277637481689453
single-cylinder,13.189743995666504
single-cylinder,23.15741539001465
single-cylinder,8.154948234558105
single-cylinder,15.122215270996094
single-cylinder,12.954803466796875
single-cylinder,9.959668159484863
single-cylinder,12.018113136291504
single-cylinder,20.544095993041992
single-cylinder,19.83356285095215
single-cylinder,21.19824981689453
single-cylinder,14.907052993774414
single-cylinder,12.195725440979004
single-cylinder,22.724029541015625
single-cylinder,20.090110778808594
single-cylinder,22.093433380126953
single-cylinder,12.043933868408203
single-cylinder,17.26144027709961
single-cylinder,16.539762496948242
single-cylinder,16.54707908630371
single-cylinder,10.367049217224121
single-cylinder,10.470160484313965
single-cylinder,29.207643508911133
single-cylinder,18.840978622436523
single-cylinder,23.309696197509766
single-cylinder,22.130895614624023
single-cylinder,18.272518157958984
single-cylinder,9.39486026763916
single-cylinder,16.379045486450195
single-cylinder,14.854044914245605
single-cylinder,18.685747146606445
single-cylinder,11.612671852111816
single-cylinder,17.4606876373291
single-cylinder,8.51552963256836
single-cylinder,15.341361999511719
single-cylinder,13.639847755432129
single-cylinder,10.371167182922363
single-cylinder,10.857429504394531
single-cylinder,19.211267471313477
single-cylinder,12.60853385925293
single-cylinder,12.569502830505371
single-cylinder,83.41526794433594
single-cylinder,19.71735382080078
single-cylinder,9.427294731140137
single-cylinder,15.215715408325195
single-cylinder,20.456106185913086
single-cylinder,29.028913497924805
single-cylinder,11.902791976928711
single-cylinder,13.432836532592773
single-cylinder,12.758379936218262
single-cylinder,20.869882583618164
single-cylinder,19.361522674560547
single-cylinder,11.233856201171875
single-cylinder,24.55216407775879
single-cylinder,21.515167236328125
single-cylinder,12.809419631958008
single-cylinder,15.589434623718262
single-cylinder,10.028620719909668
single-cylinder,15.245146751403809
single-cylinder,16.197509765625
single-cylinder,13.21567153930664
single-cylinder,20.383134841918945
single-cylinder,12.339543342590332
single-cylinder,22.323776245117188
single-cylinder,9.539616584777832
single-cylinder,17.642683029174805
single-cylinder,18.382970809936523
single-cylinder,15.850582122802734
single-cylinder,16.513338088989258
single-cylinder,11.191390037536621
single-cylinder,19.41083526611328
single-cylinder,9.372552871704102
single-cylinder,7.447636127471924
single-cylinder,13.734354019165039
single-cylinder,22.19386863708496
single-cylinder,17.64158058166504
single-cylinder,10.87069320678711
single-cylinder,14.002300262451172
single-cylinder,11.347567558288574
single-cylinder,23.262805938720703
single-cylinder,12.181766510009766
single-cylinder,8.616504669189453
single-cylinder,12.56842041015625
single-cylinder,14.65738582611084
single-cylinder,16.360519409179688
single-cylinder,15.911870956420898
single-cylinder,9.49164867401123
single-cylinder,13.018872261047363
single-cylinder,19.180761337280273
single-cylinder,24.449655532836914
single-cylinder,10.262166976928711
single-cylinder,21.269941329956055
single-cylinder,12.241681098937988
single-cylinder,9.434463500976562
single-cylinder,27.131254196166992
single-cylinder,18.1497802734375
single-cylinder,9.996604919433594
single-cylinder,9.801748275756836
single-cylinder,12.419272422790527
single-cylinder,12.51882553100586
single-cylinder,18.856189727783203
single-cylinder,13.230511665344238
single-cylinder,25.775156021118164
single-cylinder,13.580548286437988
single-cylinder,12.909069061279297
single-cylinder,10.082253456115723
single-cylinder,12.577315330505371
single-cylinder,10.88598346710205
single-cylinder,21.18067741394043
single-cylinder,12.42114543914795
single-cylinder,9.345819473266602
single-cylinder,11.245945930480957
single-cylinder,9.720954895019531
single-cylinder,11.944594383239746
single-cylinder,14.168795585632324
single-cylinder,15.17672061920166
single-cylinder,12.65555477142334
single-cylinder,12.704530715942383
single-cylinder,18.054828643798828
single-cylinder,9.162164688110352
single-cylinder,12.027998924255371
single-cylinder,14.485358238220215
single-cylinder,19.018184661865234
single-cylinder,16.53202247619629
single-cylinder,30.99866485595703
single-cylinder,12.159119606018066
single-cylinder,11.080682754516602
single-cylinder,14.437193870544434
single-cylinder,15.237208366394043
single-cylinder,11.907657623291016
