freq_hz,alpha_-2,alpha_-1,alpha_0,alpha_1,alpha_2
0.0,0.0,0.0,0.0,0.0,0.0
10.7666015625,4.352176423551941,1.3947199456529722,0.5191049928821527,0.20793608037271905,0.08975895881209695
21.533203125,6.154906924027587,1.9724318628546988,0.7341253212295292,0.29406602496980117,0.12693833689521034
32.2998046875,7.538190689095368,2.4157258082006505,0.8991162221345684,0.3601558559322729,0.1554670770951301
43.06640625,8.704352847103882,2.7894398913059435,1.0382099857643046,0.41587216074543615,0.17951791762194202
53.8330078125,9.293888357922818,2.9977467034318246,1.1253158958749707,0.45509162479899234,0.19859825840799103
64.599609375,8.448468663849308,2.813882700236131,1.0980625258121932,0.4619066877242081,0.20992176579286742
75.3662109375,7.508454216318704,2.6171332414380406,1.070115300179013,0.46862265135875386,0.22066496610114403
86.1328125,6.432507028605919,2.4043371136743263,1.041418360103846,0.47524371702177,0.23090887114887093
96.8994140625,5.135894141001641,2.1707803916894943,1.011907923600537,0.4817737973061946,0.24071723304772827
107.666015625,4.182654207708622,1.9970571679846978,1.0036879021705125,0.5146744887800824,0.2788588899435905
118.4326171875,3.8672380378280486,1.9030135941776043,1.0180766227128561,0.5702561021012512,0.33665220460990564
129.19921875,3.5237003080831935,1.8040743186051011,1.0322647986177707,0.6208818040226253,0.3858848704441255
139.9658203125,3.142832747880018,1.6993844634090778,1.0462605885802814,0.6676798687612685,0.42951083758915465
150.732421875,2.7089354922383313,1.5878069661964134,1.060071612659885,0.7114060723185749,0.46909698994495297
161.4990234375,2.4057372396738925,1.4842429445567742,1.0540350295336174,0.77221191310987,0.5909561369330184
172.265625,2.1425869293368973,1.3792145731719636,1.0407893075031804,0.8350050473270224,0.71548715350736
183.0322265625,1.8422230682457763,1.2654993319766246,1.0273728250941656,0.8933955559405933,0.8213492423380977
193.798828125,1.4821919297406931,1.1405017665995267,1.0137788027331127,0.9481971365107575,0.9150449655315764
204.5654296875,1.0,1.0,1.0,1.0,1.0
215.33203125,0.9393448686697389,0.9469519844030572,0.9800221218977933,1.0431254802537089,1.1672626593207271
226.0986328125,0.8858597610285381,0.892802975897734,0.9595143416409809,1.0844279626196538,1.314803703775407
236.865234375,0.8289307872934317,0.8351504336218786,0.9385585672830421,1.1242140564271081,1.447382272614421
247.6318359375,0.7677922792241909,0.7732110577234225,0.9171240900914488,1.162639446786996,1.5687963879023439
258.3984375,0.704962817553577,0.7133677774508088,0.8935360162619111,1.1895918859668377,1.6690545395768706
269.1650390625,0.6494188740663712,0.675409798526332,0.863549755878926,1.1812282514072774,1.7230645200907142
279.931640625,0.588657093607305,0.6351875360754925,0.8324840835715112,1.172804974702634,1.775432236022716
290.6982421875,0.5208545610002561,0.5922398298205974,0.8002132952664838,1.164320761410618,1.8262989648526646
301.46484375,0.442788633069234,0.5459238280806246,0.7665852114687516,1.1557742695770468,1.8757868197999337
312.2314453125,0.38886500732435253,0.5100103940707982,0.736999643775551,1.1397226756409864,1.8940495372983193
322.998046875,0.37451574620959294,0.48855943335741747,0.712626033097186,1.1149608461606855,1.8784830583207575
333.7646484375,0.3595943470029547,0.46612234207854686,0.6873887191177742,1.0896364529385265,1.8627865017377212
344.53125,0.3440263720037107,0.442549156192913,0.6611888075980397,1.0637093168124265,1.8469565511171135
355.2978515625,0.32771968947806207,0.41764754699307116,0.6339069548565156,1.037134235176268,1.8309897466595952
366.064453125,0.31082040279464573,0.3993059625411419,0.6141407908870369,1.0187674200101908,1.824351679756866
376.8310546875,0.29305708471120706,0.3833888800889394,0.5972310840028172,1.0036028272721178,1.8214059543487493
387.59765625,0.2741451932926085,0.36678169942186956,0.5798284439099244,0.9882055523740763,1.818455457151042
398.3642578125,0.2538281290784415,0.34938602817762987,0.561887071425237,0.9725645441703705,1.8155001648988534
409.130859375,0.23173659878719666,0.33107760168981765,0.5433536028247661,0.9566678480077017,1.8125400541376007
419.8974609375,0.22175669627692066,0.32111093136484536,0.5362647081150482,0.9628388797628102,1.8639929565149997
430.6640625,0.21185961657442506,0.3111867377567509,0.5295387567906387,0.9697990875493631,1.9160351791424577
441.4306640625,0.20147695135293264,0.3009354436908014,0.5227262693963567,0.97670969691114,1.9667007585002267
452.197265625,0.19052933295919114,0.29032240144892224,0.5158238172968453,0.983571753289472,2.0160934847519636
462.9638671875,0.179753079230984,0.2801399488209824,0.5098316239048698,0.9935427862876242,2.0780012631597655
473.73046875,0.1716416506001397,0.2728262599731908,0.5075939594147094,1.0151531027112897,2.1877418523725183
484.4970703125,0.16312738258325726,0.26531103508240406,0.5053463866845468,1.0363128753926316,2.2922346248914436
495.263671875,0.15414353595331315,0.25757663430915895,0.5030887729178148,1.0570491613282356,2.392167372589121
506.0302734375,0.14460261548088485,0.2496026837747762,0.5008209823248004,1.0773864131428936,2.4880896087980093
516.796875,0.13722335350270262,0.2432248111701408,0.49955470723892653,1.0990928718632622,2.5964975926752167
527.5634765625,0.13294943625625566,0.23894891930053103,0.499500050172694,1.1224312463454171,2.7189579680431275
538.330078125,0.12853348378995957,0.2345951050235966,0.4994453871250366,1.1452941388850368,2.8361355953483955
549.0966796875,0.12396031747907002,0.23015894631139922,0.4993907180939912,1.1677094785760345,2.948660339615307
559.86328125,0.11921184573622484,0.22563558636286551,0.49933604307759155,1.1897025628904925,3.0570460385210283
570.6298828125,0.11622149391362503,0.2222760185446796,0.4971184025487699,1.1970244699512007,3.109019446994042
581.396484375,0.11400264809190433,0.2194096412453879,0.49395650401744606,1.198168735314056,3.1376436986189424
592.1630859375,0.11173975074447655,0.21650531846305088,0.49077423482659893,1.1993119089320394,3.1660091656812734
602.9296875,0.10943006908931158,0.21356150208813893,0.4875711961120449,1.2004539939241092,3.194122742612749
613.6962890625,0.10707057553483591,0.21057653579043237,0.4843469758206682,1.201594993394395,3.221991023043334
624.462890625,0.10633936297863213,0.20894077616343346,0.4801670086747512,1.1901791328136904,3.1885287832314764
635.2294921875,0.10570007339746239,0.20737287672227325,0.47589584003652874,1.177916262333917,3.1511087358448426
645.99609375,0.10505689369937929,0.2057930320889534,0.4715859888805943,1.1655243772466808,3.1132389450120055
656.7626953125,0.10440975199327487,0.20420096501402354,0.46723638476996027,1.1529993177976376,3.0749027939694678
667.529296875,0.1036121586183885,0.20239652142983786,0.46257110742451507,1.140114372910516,3.036740091268052
678.2958984375,0.10218036538020017,0.19971847118489297,0.4566792918892114,1.126128095048603,3.0009136340934712
689.0625,0.10072822208749026,0.19700401919240998,0.45071046344290777,1.1119659120667553,2.9646542625846752
699.8291015625,0.09925483555265202,0.19425163943580068,0.4446615207923998,1.097621015077201,2.927945893290177
710.595703125,0.09775924527256323,0.19145969620008524,0.4385291487346067,1.0830861442561992,2.890771421508145
721.3623046875,0.09551319969617937,0.18807768448266782,0.43317066505230556,1.0758746496598133,2.887867723923273
732.12890625,0.0922415322366411,0.1839090197594175,0.42886886095427007,1.078319917086246,2.9293006077169252
742.8955078125,0.08884947508301738,0.1796436464152811,0.4245234678207669,1.0807596519990708,2.9701555699767273
753.662109375,0.08532267093621851,0.17527450426655528,0.42013313314344314,1.083193891781807,3.010456139749721
764.4287109375,0.08164365945288368,0.17079362984138372,0.4156964329884038,1.0856226733988552,3.050224291564438
775.1953125,0.07775577049549226,0.16589740599063454,0.412356104683056,1.1015480561980584,3.1711933182223375
785.9619140625,0.07364567461355835,0.16071019090895308,0.40952596638265804,1.1234060679066824,3.3238364587457463
796.728515625,0.0692922140880251,0.15534986839248563,0.4066761330763292,1.1448468311112128,3.469770964694488
807.4951171875,0.06464624101333907,0.14979785631687997,0.40380618777599553,1.1658933656219246,3.609810561565021
818.26171875,0.05963943344034317,0.14403198917151197,0.4009156985682263,1.18656664932782,3.7446166737512447
829.0283203125,0.056476837831451424,0.13966645611846865,0.4002314552424521,1.2277849032100214,4.047041249194646
839.794921875,0.05331447288243133,0.1352923097028496,0.39972071840770396,1.2692387032904393,4.34075131150762
850.5615234375,0.04995230551265854,0.13077193569253534,0.39920932815159976,1.3093807709411158,4.615809899034764
861.328125,0.046346872961680344,0.12608960807621275,0.3986972819597999,1.3483282688908909,4.875374867607566
872.0947265625,0.042815572889048234,0.12152542808279279,0.39805619987286633,1.386653575878256,5.145720819458839
882.861328125,0.04090607283888741,0.11826227646280452,0.3967972651318645,1.4261469948599483,5.510404704898476
893.6279296875,0.038902960149295986,0.11490649414903645,0.3955343233842374,1.4645758301980005,5.852407818301993
904.39453125,0.036790947550477834,0.1114497140466563,0.39426733612350634,1.5020217953985449,6.175499537015396
915.1611328125,0.03455006997018738,0.10788222802917947,0.39299626422247985,1.5385566565142708,6.482508140498737
925.927734375,0.03281474368632415,0.10494740006248966,0.39088178103228555,1.5619844678162185,6.708720276640145
936.6943359375,0.03193290403552166,0.10300016989068053,0.3875782050193731,1.5680944855416192,6.836326231218406
947.4609375,0.03102601033149136,0.101015410780446,0.3842462273973642,1.5741807880522996,6.961593562474557
958.2275390625,0.030091797454450984,0.09899086540068144,0.38088510279633486,1.5802436493654644,7.084646322755252
968.994140625,0.029127636893194562,0.09692404062155308,0.377494052662081,1.586283338261737,7.205597970187606
979.7607421875,0.0286343541444695,0.09553936699769387,0.3730928265257531,1.571895028972054,7.158320778906986
990.52734375,0.0283890418419397,0.09450641585558728,0.3681354034784132,1.5468268702302492,7.024363010183954
1001.2939453125,0.02814159121542898,0.09346204913984266,0.3631103047056811,1.521345703916622,6.8878004489059945
1012.060546875,0.027891945352969478,0.09240587979651509,0.3580146805267783,1.495430418035161,6.748474964690813
1022.8271484375,0.027640044772151293,0.09133749839204731,0.35284547547322975,1.4690580381809517,6.606211749116713
1033.59375,0.027643822413238792,0.09076257204367723,0.3484843142650908,1.4424698923539767,6.450678522982928
1044.3603515625,0.027707136187602403,0.09030180876184041,0.3442756016841582,1.4154453891775935,6.2888860257911965
1055.126953125,0.027770305612549485,0.08983868235529414,0.3400147975326479,1.3878947759612497,6.12281973308951
1065.8935546875,0.02783333167131452,0.0893731560873439,0.3356999183308604,1.3597860745488406,5.952121934438912
1076.66015625,0.027896215335106042,0.0889051922594425,0.3313288514354353,1.331083929710429,5.776382047696234
1087.4267578125,0.02778690215011298,0.08819936383879297,0.3273481305899409,1.309581935405305,5.658703004885871
1098.193359375,0.02758430052344852,0.08736062206114141,0.3235612390936495,1.2919629481208208,5.572974161036255
1108.9599609375,0.027380199773320256,0.08651374915150956,0.3197294986186076,1.2741003387073475,5.485905786800477
1119.7265625,0.027174566121531362,0.08565850394206036,0.3158512769168345,1.255983712820877,5.397433056900688
1130.4931640625,0.026967364501587415,0.08479463310218247,0.3119248402629766,1.2376019152572655,5.307485742401721
1141.259765625,0.026700867503883348,0.08389013068476572,0.308379506522156,1.222793794884007,5.241428429433009
1152.0263671875,0.026213405693463705,0.08285609727283504,0.30641288230796626,1.222221293548861,5.269441053086257
1162.79296875,0.025716705672487804,0.08180899513051469,0.3044335540733034,1.221648523922356,5.297305545561159
1173.5595703125,0.025210221404116974,0.08074831585391662,0.3024412723937169,1.2210754856269506,5.325024232256157
1184.326171875,0.02469335084252147,0.07967351719500168,0.3004357795745334,1.2205021782842147,5.352599378357912
1195.0927734375,0.024165427544890396,0.078584019820834,0.29841680926178565,1.2199286015148316,5.3800331910016785
1205.859375,0.023602043408711238,0.07743110756470623,0.29664520339054656,1.223585722109425,5.44581623251393
1216.6259765625,0.02299823208996926,0.0762071535507011,0.29515090285909473,1.2318434969734366,5.55224044936494
1227.392578125,0.02237813453941683,0.07496321822002705,0.29364899833382485,1.2400462824916836,5.656662759685792
1238.1591796875,0.021740357210934744,0.07369828980041666,0.2921393725371139,1.2481951627879133,5.759192056709697
1248.92578125,0.021083295706818408,0.07241126813631737,0.29062190514532543,1.2562911868244742,5.859927705639375
1259.6923828125,0.020405087210304193,0.0711009534866644,0.28909647267688776,1.2643353699784505,5.958960671507398
1270.458984375,0.019813047876904362,0.06987819078366538,0.28738412937878977,1.2707161424462365,6.0540307789649646
1281.2255859375,0.01935081617954551,0.06878399414297345,0.2854240419062722,1.274945344048098,6.144584935158858
1291.9921875,0.018877269597389897,0.067672107646522,0.2834504005596426,1.2791605630046625,6.233823816736183
1302.7587890625,0.018391534141954966,0.0665416445272039,0.2814629202163765,1.2833619370944753,6.321803123384445
1313.525390625,0.017892617157193143,0.06539164135764425,0.27946130561499716,1.287549601848164,6.408574731058333
1324.2919921875,0.017379383457868044,0.0642210484382573,0.27744525084302185,1.2917236905994434,6.494187049684164
1335.05859375,0.016868669842557218,0.06306219960194448,0.2754334735637468,1.2954884786718281,6.574797717789381
1345.8251953125,0.016644227163565686,0.062434980451857955,0.2737191569646406,1.2927939149696488,6.591529125399027
1356.591796875,0.016416716281996122,0.06180139601507349,0.271994035632173,1.2900937232595373,6.6082181707415515
1367.3583984375,0.016186007818413322,0.06116124847319789,0.2702579026587717,1.2873878681286226,6.624865173967994
1378.125,0.01595196303621909,0.060514329544235086,0.2685105444476257,1.2846763137910906,6.641470451217047
1388.8916015625,0.01571443286664733,0.05986041969094748,0.2667517404059487,1.2819590240826606,6.658034314685099
1399.658203125,0.015473256797774641,0.059199287250475505,0.26498126261991606,1.2792359624549619,6.674557072694751
1410.4248046875,0.01527924086705828,0.058614671995382256,0.2630741648970287,1.2734733176237838,6.662494472817637
1421.19140625,0.015182947505730102,0.05818927334842837,0.2609079582671785,1.2617196459365925,6.59428272782238
1431.9580078125,0.015086039521766499,0.057760741793282035,0.25872361534662125,1.2498554473158052,6.525357981642657
1442.724609375,0.014988504993559871,0.057329007074972266,0.2565206728295113,1.2378775437932563,6.455697397084103
1453.4912109375,0.014890331609082616,0.0568939962728401,0.25429864734163227,1.2257826021241518,6.385276891165283
1464.2578125,0.014791506648000968,0.05645563365675647,0.2520570342019094,1.2135671229531924,6.314071037847163
1475.0244140625,0.014692016961858893,0.05601384053319248,0.2497953060838841,1.201227428989,6.242052960774307
1485.791015625,0.014610255342849569,0.055629828059176226,0.24775555129660162,1.1898197085539153,6.174342556069682
1496.5576171875,0.014581738875974644,0.05542227706535601,0.2464091199702751,1.1814094059631477,6.120998289957619
1507.32421875,0.014553166531810347,0.05521394588619735,0.24505529092588016,1.1729388006767751,6.067185025333823
1518.0908203125,0.014524537981040597,0.055004825656838355,0.24369394087053156,1.1644065766595209,6.012890170093395
1528.857421875,0.014495852890421303,0.054794907343240405,0.24232494304807436,1.1558113692998608,5.958100558363939
1539.6240234375,0.014467110923719764,0.054584181737655224,0.24094816710133904,1.1471517628621295,5.902802413222676
1550.390625,0.014438311741224287,0.054372639453906316,0.23956347892727134,1.1384262877641946,5.846981306239854
1561.1572265625,0.014409455000020116,0.05416027092251047,0.2381707405244808,1.1296334176658545,5.790622113511555
1571.923828125,0.014327244736157669,0.05391153456176118,0.23733079034320398,1.1268081850134959,5.781887550552974
1582.6904296875,0.014230171460748176,0.053652082065289486,0.23663838820020347,1.125590936726966,5.785992665027098
1593.45703125,0.014132431421329198,0.05339136878819852,0.23594395413964428,1.1243723706452269,5.790094869020313
1604.2236328125,0.014034010686525253,0.05312937617000472,0.2352474701672918,1.1231524824790466,5.794194168714349
1614.990234375,0.01393489483359045,0.05286608519032335,0.2345489180217448,1.1219312679158757,5.798290570269094
1625.7568359375,0.01383506892280945,0.052601476352735294,0.2338482791688481,1.1207087226196657,5.802384079822654
1636.5234375,0.013734517471365087,0.05233552966794082,0.2331455347959549,1.1194848422306938,5.806474703491562
1647.2900390625,0.013633224425836555,0.05206822463615033,0.2324406658060335,1.118259622365379,5.810562447370746
1658.056640625,0.013465873522341361,0.05175745846382013,0.2326113999732713,1.1269806565109615,5.898821683189901
1668.8232421875,0.013290408235023074,0.05144097705725679,0.2328613218650037,1.1365249292878976,5.993237849202885
1679.58984375,0.0131125951811607,0.05112253646461761,0.23311097581175466,1.145989716199863,6.086189496241856
1690.3564453125,0.012932337519380624,0.05080209984387434,0.23336036267348415,1.1553769706804895,6.177742731063775
1701.123046875,0.012749531561849482,0.05047962918364108,0.23360948330556203,1.1646885674384404,6.267958831889209
1711.8896484375,0.012564066076677307,0.050155085250539896,0.23385833855880206,1.173926306828835,6.356894728191158
1722.65625,0.012375821496379466,0.049828427533485646,0.23410692927949592,1.1830919189174491,6.444603420874808
1733.4228515625,0.01218466901652161,0.049499614184666224,0.23435525630944676,1.1921870672636705,6.531134351657284
1744.189453125,0.011980996684085445,0.04909613013023104,0.2345412922587563,1.2044946709288946,6.665714327272076
1754.9560546875,0.011767847444544505,0.048644139323630396,0.23468891430075994,1.218678604718798,6.827225082767013
1765.72265625,0.011550765576897661,0.04818790914024967,0.23483644354514369,1.2326993432717506,6.985002302700087
1776.4892578125,0.011329525027337351,0.04772731800636797,0.23498388016669042,1.2465623932262093,7.139293522939652
1787.255859375,0.011103877218260123,0.0472622384240641,0.23513122433963451,1.2602729583344643,7.290320078340216
1798.0224609375,0.010873547774805807,0.04679253655899776,0.23527847623766512,1.2738359622857063,7.438280828431579
1808.7890625,0.01063823261369165,0.04631807179057802,0.2354256360339282,1.2872560693644444,7.583355228431231
1819.5556640625,0.010397593234834917,0.0458386962202164,0.23557270390102852,1.3005377031900491,7.725705880923599
1830.322265625,0.010151251007114,0.04535425413278601,0.23571968001103288,1.3136850637508581,7.865480671675416
1841.0888671875,0.00998332347831913,0.044957637132329455,0.23573595008918458,1.3271544978727525,8.040412719924236
1851.85546875,0.00982532773528382,0.044571519538411514,0.23573267391297975,1.3405555831057603,8.217111830773035
1862.6220703125,0.009664749481409432,0.04418202769683353,0.23572939769124263,1.3538240216395085,8.390090403097016
1873.388671875,0.00950145778135999,0.0437890715686519,0.23572612142397112,1.3669636760866481,8.55957400253373
1884.1552734375,0.009335310246809135,0.043392557037875826,0.2357228451111634,1.3799782251588137,8.72576628368888
1894.921875,0.009166151582530585,0.04299238564822632,0.23571956875281735,1.3928711756959498,8.88885185894512
1905.6884765625,0.008993811887547035,0.04258845431765196,0.23571629234893154,1.4056458737024642,9.048998701678679
1916.455078125,0.00881810465460382,0.04218065502819209,0.23571301589950366,1.4183055144886492,9.206360173037599
1927.2216796875,0.008638824406806491,0.041768874488643595,0.23570973940453205,1.4308531520044465,9.361076741935353
1937.98828125,0.008513105462650022,0.04141828425870159,0.23517215830377194,1.436392354777125,9.456308631262464
1948.7548828125,0.008417086059601953,0.04110056122364374,0.23434084887275297,1.4381491017517924,9.519694438007496
1959.521484375,0.008319958584777907,0.0407803628583963,0.23350657990632856,1.4399037054181096,9.582660979935245
1970.2880859375,0.00822168376727672,0.040457630390648903,0.2326693195689941,1.4416561736017774,9.645216468266334
1981.0546875,0.00812221996043689,0.04013230268487299,0.23182903545036534,1.4434065140809882,9.707368849645006
1991.8212890625,0.008021522935304577,0.039804316107102077,0.230985694550539,1.4451547345868356,9.76912581792254
2002.587890625,0.007919545651030436,0.039473604379610776,0.23013926326496958,1.4469008428037013,9.830494825274215
2013.3544921875,0.00781623799767431,0.03914009842453123,0.22928970736884613,1.448644846369659,9.891483092695703
2024.12109375,0.007711546508493604,0.038803726195378065,0.2284369920009437,1.4503867528768628,9.952097619920533
2034.8876953125,0.007605414036669154,0.038464412495315174,0.22758108164693144,1.4521265698719252,10.01234519479679
2045.654296875,0.007571896359515334,0.0382975718280084,0.22660360170433988,1.445916770299189,9.969532440209388
2056.4208984375,0.007544278409442911,0.03814436280012876,0.225612176248254,1.439026275477245,9.918063112757961
2067.1875,0.007516558983883693,0.037990535912700296,0.22461637482064245,1.432102627745437,9.86632529064967
2077.9541015625,0.007488736956048714,0.037836083629789935,0.22361613896063362,1.425145343912985,9.814314727640262
2088.720703125,0.007460811178232787,0.03768099826101881,0.22261140889396389,1.418153928936607,9.7620270643673
2099.4873046875,0.007432780480853963,0.03752527195708577,0.22160212349129152,1.4111278755094463,9.709457824085867
2110.25390625,0.007404643672465385,0.037368896705142304,0.22058822022479743,1.4040666636314958,9.656602408195425
2121.0205078125,0.0073763995387138605,0.037211864323974636,0.21956963512297825,1.3969697601604532,9.603456091544798
2131.787109375,0.007348046842134523,0.037054166459013,0.21854630272354617,1.3898366183419641,9.55001401750237
2142.5537109375,0.00731958432123838,0.036895794577143634,0.2175181560243329,1.3826666773180365,9.496271192776339
2153.3203125,0.007315621788362247,0.03679583504750911,0.2164733767763108,1.373234660526387,9.413055123863277
2164.0869140625,0.007323497034481887,0.036724132028775835,0.2154178391277611,1.362656288669464,9.314878196590847
2174.853515625,0.007331363821233623,0.03665228873741107,0.2143571038617785,1.3519951513337063,9.21565542269018
2185.6201171875,0.007339222175629451,0.03658030434693044,0.21329109343229652,1.341249274896083,9.115352649359979
2196.38671875,0.007347072124797071,0.036508178022705166,0.21221972834559938,1.330416606025602,9.01393382351063
2207.1533203125,0.007354913695733042,0.036435908921846394,0.21114292709114213,1.319495007102376,8.911360840357894
2217.919921875,0.0073627469150473026,0.036363496193085126,0.2100606060691787,1.3084822512925098,8.807593376144215
2228.6865234375,0.0073705718095431584,0.03629093897666548,0.20897267951501708,1.2973760172467075,8.70258870290524
2239.453125,0.007378388405652422,0.036218236404215454,0.20787905941970544,1.286173883386825,8.596301482868654
2250.2197265625,0.007386196729619379,0.03614538759862911,0.20677965544694363,1.2748733217405406,8.488683539678208
2260.986328125,0.007393996807698203,0.03607239167394624,0.20567437484599796,1.2634716912796964,8.379683603170175
2271.7529296875,0.00741262478563964,0.03605149649014744,0.204955872573344,1.2555815748226407,8.305495134019719
2282.51953125,0.007432828611790937,0.036038436855006434,0.20429399094730388,1.2481872681996427,8.23611947228912
2293.2861328125,0.0074529776689048945,0.0360253724855907,0.20362995794345534,1.2407488956099342,8.166154450071017
2304.052734375,0.007473072399843521,0.03601230337674622,0.20296375244592255,1.2332656597095606,8.095584786969344
2314.8193359375,0.007493113241807585,0.035999229523312144,0.20229535299113025,1.2257367388148412,8.024394530654869
2325.5859375,0.007513100625875802,0.035986150920115485,0.20162473775973588,1.2181612858493025,7.952567014756843
2336.3525390625,0.007533034977621751,0.03597306756197595,0.2009518845683179,1.2105384272312931,7.880084813299487
2347.119140625,0.007552916717052764,0.03595997944370578,0.20027677086081375,1.202867261698147,7.806929691331164
2357.8857421875,0.007572746258435798,0.03594688656010339,0.19959937369969663,1.1951468590624263,7.733082551349301
2368.65234375,0.007592524010855397,0.03593378890596192,0.19891966975688316,1.1873762588953716,7.658523375075533
2379.4189453125,0.007612250377870811,0.03592068647606056,0.19823763530435828,1.1795544691322883,7.5832311600776015
2390.185546875,0.007619896083092871,0.035886671757107864,0.19765426966192365,1.1736767781000383,7.529647862290376
2400.9521484375,0.007614402414874587,0.03582978113431218,0.19717965183917904,1.1699543972834918,7.50028614219217
2411.71875,0.007608904780167932,0.03577280003666205,0.19670388883611659,1.1662201353066544,7.470809025763266
2422.4853515625,0.0076034031704565585,0.035715728031126444,0.19622697232307984,1.1624738776705323,7.44121514163462
2433.251953125,0.007597897576976756,0.03565856468120455,0.19574889386894165,1.1587155080251819,7.411503091057709
2444.0185546875,0.007592387991137065,0.035601309546896026,0.19526964493936488,1.1549449081275467,7.381671447133372
2454.78515625,0.0075868744042943345,0.035543962184656205,0.19478921689502499,1.1511619577980505,7.351718754011885
2465.5517578125,0.007581356807679607,0.035486522147353636,0.19430760098979286,1.1473665348759015,7.321643526064064
2476.318359375,0.007575835192427035,0.035428988984232496,0.193824788368877,1.1435585151730652,7.291444247021416
2487.0849609375,0.007570309549899771,0.03537136224087518,0.1933407700669246,1.1397377724268496,7.261119369084083
2497.8515625,0.00756477987123623,0.03531364145915234,0.19285553700607824,1.1359041782510577,7.2306673119950995
2508.6181640625,0.007559246147462724,0.03525582617718455,0.19236907999399055,1.1320576020856463,7.200086462079465
2519.384765625,0.0075372539564940826,0.035159746009287084,0.19188270768637425,1.1294316648761047,7.184962631206221
2530.1513671875,0.0074965166395361904,0.035020127036405405,0.19139659163035613,1.1281945670866915,7.187406954261565
2540.91796875,0.0074555567363314545,0.03487994919512263,0.19090923777119892,1.1269561112940671,7.189850446323961
2551.6845703125,0.007414370557962721,0.03473920572008975,0.19042063660497244,1.1257162930162128,7.19229310824038
2562.451171875,0.007372954312415493,0.034597889708349414,0.18993077850550122,1.1244751077464017,7.194734940856387
2573.2177734375,0.007331304100569908,0.034455994115385566,0.1894396537221513,1.1232325509530072,7.197175945016024
2583.984375,0.007289415911925342,0.034313511751026995,0.18894725237756546,1.1219886180793093,7.199616121561914
2594.7509765625,0.007247285620076334,0.034170435275194234,0.18845356446534567,1.1207433045432997,7.202055471335369
2605.517578125,0.007204908977981914,0.03402675719348829,0.18795857984768086,1.1194966057374864,7.20449399517612
2616.2841796875,0.007162281612948129,0.03388246985260939,0.18746228825291722,1.118248517028693,7.206931693922566
2627.05078125,0.007119399021352617,0.03373756543559968,0.186964679273072,1.1169990337578586,7.209368568411751
2637.8173828125,0.007076256563119986,0.0335920359569012,0.18646574236128594,1.1157481512398342,7.21180461947914
2648.583984375,0.007032849455918151,0.03344587325722188,0.18596546682921608,1.114495864763179,7.214239847958923
2659.3505859375,0.006977135538239301,0.03325450475646652,0.1853282351736146,1.1133482060643098,7.224882767371163
2670.1171875,0.006918123815723516,0.033051506353162785,0.18465687337730782,1.112224258519278,7.2374311882412785
2680.8837890625,0.006858604372637919,0.032847253428992154,0.18398306177036952,1.1110991740303386,7.249957890001803
2691.650390625,0.006798563874171931,0.0326417224337769,0.18330677333725579,1.1099729491402226,7.262462985039647
2702.4169921875,0.006737988391351196,0.03243488907116893,0.1826279805622144,1.1088455803741049,7.274946584775976
2713.18359375,0.0066768633633255085,0.03222672826512675,0.181946655416221,1.1077170642394778,7.287408799677381
2723.9501953125,0.006615173556547923,0.032017214124430045,0.18126276934347418,1.106587397226025,7.299849739267721
2734.716796875,0.006552903020343238,0.031806319905089614,0.1805762932474306,1.1054565758054955,7.312269512139106
2745.4833984375,0.0064900350387828935,0.031594017970498364,0.17988719747635878,1.1043245964315713,7.324668225962926
2756.25,0.006426552078346657,0.03138027974915942,0.17919545180839555,1.1031914555397424,7.337045987500916
2767.0166015625,0.006362435730622946,0.03116507568979702,0.17850102543607838,1.1020571495471718,7.349402902615634
2777.783203125,0.0062976666501751676,0.030948375213668996,0.17780388695033625,1.100921674852566,7.361739076281284
2788.5498046875,0.006232224486300482,0.030730146663843945,0.17710400432391268,1.0997850278360413,7.374054612593965
2799.31640625,0.006170576619400554,0.030511467735833606,0.17632456406012437,1.0978842097252193,7.3808365394083335
2810.0830078125,0.006113538220026354,0.030292501630417558,0.1754525720007,1.0950969235804828,7.38124739075399
2820.849609375,0.006055962625334642,0.030071941185478346,0.17457622447609727,1.0923025249933767,7.381658219232364
2831.6162109375,0.005997834365114409,0.029849751059211543,0.1736954555623049,1.0895009592370146,7.382069024847193
2842.3828125,0.0059391372120375045,0.029625894584483916,0.17281019765530203,1.08669217087906,7.382479807602382
2853.1494140625,0.0058798541287306254,0.029400333698190763,0.17192038141050192,1.0838761037689282,7.38289056750165
2863.916015625,0.0058199672101333965,0.029173028865700657,0.17102593567935934,1.0810527010246915,7.383301304548829
2874.6826171875,0.0057594576202017,0.02894393899995352,0.17012678744297818,1.078221905019672,7.383712018747784
2885.44921875,0.005698305522767178,0.028713021374753782,0.16922286174254403,1.0753836573687172,7.384122710102299
2896.2158203125,0.005636490005545514,0.028480231531732632,0.1683140816063947,1.072537898914154,7.384533378616194
2906.982421875,0.005573988996621769,0.02824552318041078,0.16740036797352628,1.0696845697113968,7.384944024293242
2917.7490234375,0.005510779172343068,0.028008848090722203,0.16648163961332163,1.06682360901422,7.385354647137289
2928.515625,0.005446835855632346,0.027770155977293032,0.16555781304126907,1.0639549552596639,7.385765247152127
2939.2822265625,0.0053821329034062235,0.027529394374689924,0.16462880243042446,1.0610785460525824,7.386175824341576
2950.048828125,0.005325386142981212,0.027310709202559697,0.1637369954467487,1.0579413064330354,7.38207952684698
2960.8154296875,0.00528155191576821,0.027127624708215753,0.16290576875578575,1.0544055236636678,7.371061516455581
2971.58203125,0.005237350828994431,0.026943296150857388,0.16207027892213455,1.0508578442432954,7.360027012046225
2982.3486328125,0.0051927735145078984,0.026757697820175397,0.16123045967150082,1.0472981472736789,7.348975939321688
2993.115234375,0.005147810198531669,0.02657080310790106,0.16038624299443016,1.0437263097949065,7.337908223424929
3003.8818359375,0.005102450676604013,0.026382584463275426,0.1595375590820336,1.0401422067358426,7.3268237889337975
3014.6484375,0.00505668428659281,0.026193013345640156,0.15868433625861858,1.0365457108630196,7.31572255985455
3025.4150390625,0.005010499879391808,0.026002060173915084,0.15782650091104242,1.03293669272794,7.304604459616086
3036.181640625,0.0049638857872156645,0.02580969427271316,0.15696397741459095,1.0293150206127133,7.293469411063684
3046.9482421875,0.004916829789160362,0.025615883814811894,0.15609668805517043,1.025680560473954,7.282317336452749
3057.71484375,0.0048693190738210825,0.02542059575967807,0.15522455294758666,1.0220331758849013,7.271148157442466
3068.4814453125,0.004821340198508566,0.025223795787707656,0.1543474899496687,1.0183727279756618,7.259961795089329
3079.248046875,0.00477287904485729,0.025025448229811932,0.15346541457197463,1.014699075371514,7.24875816984091
3090.0146484375,0.004723920770281439,0.024825515991938916,0.1525782398827992,1.0110120741291961,7.237537201528827
3100.78125,0.004674449754891286,0.0246239604740796,0.15168587640818096,1.007311577671096,7.226298809362409
3111.5478515625,0.0046339937067385595,0.024456156878516325,0.15093019652059067,1.0041356224538567,7.216730324221386
3122.314453125,0.004600651327086219,0.024314874913918812,0.15028151575435983,1.0013690066386312,7.208462086120141
3133.0810546875,0.004567065534095951,0.02417276721627943,0.1496300228333594,0.9985947259184189,7.200184353301428
3143.84765625,0.00453323091757466,0.024029819135926708,0.14897568086367463,0.9958127162311825,7.191897092980466
3154.6142578125,0.004499141863887296,0.023886015584820033,0.1483184521375516,0.9930229126175131,7.183600272183566
3165.380859375,0.004464792545091056,0.023741341017962322,0.1476582981080405,0.990225249202934,7.1752938577462215
3176.1474609375,0.004430176907299216,0.023595779413786936,0.14699517936261286,0.9874196591797512,7.166977816311787
3186.9140625,0.004395288658246389,0.023449314253449052,0.14632905559570347,0.9846060747884403,7.1586521143299215
3197.6806640625,0.004360121253889736,0.02330192849894456,0.14565988558012213,0.9817844272985511,7.150316718054888
3208.447265625,0.004324667884120941,0.023153604569976578,0.14498762713727684,0.9789546469891169,7.141971593544025
3219.2138671875,0.004288921457343649,0.023004324319478613,0.14431223710615046,0.9761166631285579,7.1336167066562
3229.98046875,0.004252874583923773,0.02285406900769908,0.14363367131096225,0.9732704039540468,7.125252023050052
3240.7470703125,0.0042165195583410125,0.022702819274741694,0.1429518845274497,0.9704157966503414,7.11687750818249
3251.513671875,0.004179848339976816,0.02255055511144903,0.14226683044769461,0.9675527673280465,7.108493127306838
3262.2802734375,0.00414285253231343,0.022397255828503045,0.1415784616434183,0.9646812410012983,7.100098845471314
3273.046875,0.004105523360526281,0.022242900023610436,0.14088672952766207,0.9618011415648501,7.091694627517385
3283.8134765625,0.004075732331753828,0.02212869257827459,0.14047523096071246,0.9612136039082181,7.1044488379848465
3294.580078125,0.004046350466068409,0.022017173644397536,0.14008504431052857,0.9608079556140887,7.118852112335664
3305.3466796875,0.004016753682814804,0.021905086974292557,0.13969376781195347,0.9604021359849342,7.133226303929242
3316.11328125,0.003986937195711731,0.021792423807715573,0.13930139228133076,0.959996144803469,7.147571588226966
3326.8798828125,0.003956896038148336,0.021679175156791807,0.13890790840529715,0.9595899818519478,7.161888138933125
3337.646484375,0.0039266250535106425,0.021565331797647493,0.1385133067382035,0.9591836469121653,7.17617612801922
3348.4130859375,0.0038961188848664744,0.021450884261642805,0.13811757769946909,0.9587771397654519,7.190435725748133
3359.1796875,0.003865371963882702,0.021335822826180482,0.13772071157086757,0.9583704601926755,7.204667100697744
3369.9462890625,0.0038343784989635266,0.021220137505066534,0.13732269849374262,0.9579636079742375,7.2188704197843885
3380.712890625,0.003803132462519333,0.02110381803839533,0.1369235284661499,0.9575565828900752,7.233045848285468
3391.4794921875,0.0037716275772694814,0.020986853881929713,0.13652319133992508,0.9571493847196565,7.247193549862015
3402.24609375,0.003739857301526194,0.0208692341959459,0.13612167681767298,0.9567420132419797,7.261313686580651
3413.0126953125,0.00370781481332579,0.020750947833508816,0.1357189744496775,0.9563344682355723,7.275406418935279
3423.779296875,0.003675492993337715,0.020631983328143064,0.13531507363072845,0.9559267494784917,7.289471905868537
3434.5458984375,0.00364288440637829,0.0205123288808595,0.13490996359686225,0.955518856748319,7.303510304792362
3445.3125,0.003609981281445308,0.0203919723464973,0.13450363342201546,0.9551107898221614,7.31752177160888
3456.0791015625,0.0035765110367799837,0.020270431682505634,0.13414331742547445,0.9556878747135163,7.3461947822070055
3466.845703125,0.0035423886546988724,0.02014756348207394,0.13384161216518786,0.9575021663825843,7.393124377448411
3477.6123046875,0.0035079343730549965,0.020023941368603502,0.13353922526374623,0.9593130267958665,7.439757949202259
3488.37890625,0.0034731383143188532,0.019899551291482482,0.13323615208008127,0.9611204753479928,7.486101029575777
3499.1455078125,0.003437990101078144,0.019774378758166157,0.13293238792021872,0.96292453125157,7.532158980485728
3509.912109375,0.0034024788198956583,0.019648408814468516,0.13262792803643017,0.9647252135395656,7.5779370008999525
3520.6787109375,0.00336659298171987,0.019521626023709077,0.1323227676263669,0.966522541067649,7.62344013368671
3531.4453125,0.003330320478465538,0.019394014444632814,0.13201690183217635,0.9683165325164959,7.6686732720987925
3542.2119140625,0.0032936485352894783,0.019265557608013767,0.13171032573959965,0.970107206394053,7.713641165915024
3552.978515625,0.0032565636580203228,0.019136238491844943,0.13140303437705095,0.9718945810377678,7.758348427261789
3563.7451171875,0.003219051575148622,0.019006039495008942,0.131095022714676,0.9736786746167769,7.802799536133972
3574.51171875,0.003181097173647986,0.018874942409313752,0.1307862856633921,0.9754595051340608,7.846998845634484
3585.2783203125,0.003142684427828298,0.01874292838976828,0.1304768180739068,0.9772370904285673,7.890950586949946
3596.044921875,0.003103796320257083,0.01860997792295985,0.1301666147357162,0.9790114481772908,7.9346588740778525
3606.8115234375,0.003064414753646442,0.018476070793383648,0.12985567037608078,0.9807825958973275,7.978127708320987
3617.578125,0.0030245204524175246,0.01834118604755961,0.12954397965898043,0.9825505509478915,8.02136098256247
3628.3447265625,0.0029840928524121992,0.01820530195575636,0.1292315371840454,0.9843153305322994,8.064362485334609
3639.111328125,0.002943372008178112,0.018067675345059944,0.12891503191066822,0.9861952102118716,8.110289451179145
3649.8779296875,0.0029058681280814303,0.017918630227597335,0.12855046963090033,0.9897536763007392,8.200559053876646
3660.64453125,0.002867873842600304,0.017768334927399404,0.12818487052738098,0.9932993943705072,8.28984575310831
3671.4111328125,0.002829369395526874,0.017616757447133098,0.1278182257032144,0.9968325004547192,8.378180973489359
3682.177734375,0.002790333667434055,0.017463864400813378,0.12745052613353258,1.000353128184641,8.465594500018868
3692.9443359375,0.0027507440402352343,0.01730962092793699,0.12708176266290408,1.0038614088482465,8.55211459540622
3703.7109375,0.0027105762439307234,0.01715399060066641,0.1267119260026739,1.0073574714473386,8.637768106818477
3714.4775390625,0.002669804182600886,0.016996935323364295,0.12634100672823342,1.0108414427529009,8.722580563192361
3725.244140625,0.0026283997360952425,0.016838415223693295,0.12596899527621838,1.0143134473587323,8.806576264110326
3736.0107421875,0.0025863325331401095,0.016678388534399353,0.12559588194163193,1.0177736077334414,8.889778361118008
3746.77734375,0.0025435696906612663,0.01651681146478524,0.12522165687489034,1.0212220442708506,8.972208932253682
3757.5439453125,0.0025000755129641777,0.0163536380607539,0.12484631007878921,1.0246588753388732,9.053889050470154
3768.310546875,0.002455811142941528,0.016188820052153774,0.12446983140538756,1.0280842173269245,9.134838846549723
3779.0771484375,0.0024107341556191086,0.016022306685989175,0.12409221055280634,1.0314981846919093,9.215077567044348
3789.84375,0.0023647980819386694,0.015854044543862324,0.12371343706193942,1.0349008900028516,9.29462362771376
3800.6103515625,0.002317951847561379,0.015683977341785726,0.12333350031307327,1.0382924439842003,9.373494662881344
3811.376953125,0.002270139107386596,0.015512045710238401,0.12295238952241339,1.0416729555578728,9.451707571083446
3822.1435546875,0.0022212974510762455,0.015338186952029334,0.1225700937385123,1.0450425318840684,9.52927855734562
3832.91015625,0.00217135744764203,0.015162334775168382,0.12218660183859813,1.048401278400906,9.606223172386617
3843.6767578125,0.0021337147990453304,0.014995603020155587,0.12166725565622499,1.0519969595133696,9.726489028062927
3854.443359375,0.00210004318320441,0.0148308422680898,0.12109964874741383,1.0556643402403239,9.860005816864653
3865.2099609375,0.002065822814033517,0.014664230454538647,0.12052936884667073,1.0593190245080566,9.99173861768715
3875.9765625,0.002031025954201324,0.014495703752032135,0.11995637783130413,1.0629611432758785,10.121757085593192
3886.7431640625,0.001995622447833603,0.01432519457841806,0.1193806366637253,1.0665908252671346,10.25012645752882
3897.509765625,0.0019595794145570093,0.014152631280168287,0.11880210536041096,1.0702081970222848,10.376907934973124
3908.2763671875,0.001922860891903955,0.013977937780490278,0.1182207429594992,1.0738133829503862,10.502159025004541
3919.04296875,0.0018854274150101012,0.01380103318734207,0.11763650748694375,1.077406505379012,10.62593384517615
3929.8095703125,0.0018472355196157296,0.013621831355620907,0.11704935592114794,1.0809876846026871,10.748283396786496
3940.576171875,0.001808237150538619,0.013440240396802309,0.11645924415599376,1.0845570389298766,10.869255810459702
3951.3427734375,0.0017683789526699968,0.013256162128108434,0.11586612696217631,1.0881146847285925,10.98889656738964
3962.109375,0.0017276014146510364,0.013069491451833776,0.11526995794674758,1.0916607364706616,11.107248699131747
3972.8759765625,0.0016858378259970602,0.01288011565368944,0.1146706895107671,1.0951953067747007,11.22435296843163
3983.642578125,0.0016430129954509106,0.012687913606865218,0.1140682728049502,1.0987185064478495,11.340248033244938
3994.4091796875,0.0015990416601447842,0.012492754865846651,0.11346265768319701,1.1022304445263054,11.45497059581961
4005.17578125,0.0015538264891991102,0.012294498630728902,0.11285379265387643,1.1057312283146927,11.568555538470102
4015.9423828125,0.0015072555477406158,0.012092992558661999,0.11224162482873247,1.1092209634243226,11.681036047467838
4026.708984375,0.0014591990316104866,0.011888071393910552,0.11162609986926773,1.1126997538103645,11.792443726294378
4037.4755859375,0.0014095049987534651,0.011679555381502066,0.11100716193045165,1.1161677018079799,11.902808699353082
4048.2421875,0.0013708813470132057,0.011498991997192579,0.11035595581071106,1.1192018316749337,12.03831863429818
4059.0087890625,0.0013482726518047553,0.011357524139967354,0.10966305318820052,1.1216766903873387,12.206010761061174
4069.775390625,0.001325278317796116,0.011214271809992094,0.10896574455405962,1.124146100599055,12.37143006516996
4080.5419921875,0.0013018779111868997,0.011069165725872273,0.10826394477333186,1.1266100981376954,12.53466652989385
4091.30859375,0.0012780491272452255,0.010922132003655131,0.10755756593352944,1.129068718439934,12.695804353166906
4102.0751953125,0.0012537675413202222,0.010773091717037858,0.10684651721608904,1.1315219965574521,12.854922455314249
4112.841796875,0.0012290063155590777,0.01062196040202335,0.10613070476007634,1.1339699671627683,13.01209493088615
4123.6083984375,0.001203735851297919,0.0104686474971982,0.1054100315175599,1.1364126645549573,13.167391451940778
4134.375,0.0011779233742972557,0.010313055709101751,0.10468439710002372,1.138850122665254,13.320877629003787
4145.1416015625,0.001151532436248206,0.010155080290055737,0.10395369761513025,1.1412823750625576,13.472615335009893
4155.908203125,0.0011245223109158876,0.009994608213227802,0.10321782549308241,1.143709454958819,13.622662996763685
4166.6748046875,0.0010968472563504424,0.009831517226469307,0.102476669301763,1.1461313952143388,13.77107585781319
4177.44140625,0.001068455604964179,0.009665674762415966,0.10173011354975171,1.1485482283429522,13.917906216090673
4188.2080078125,0.001039288629686309,0.009496936677226347,0.10097803847623428,1.1509599865171254,14.063203639219127
4198.974609375,0.0010092791149187202,0.00932514578383036,0.10022031982672142,1.1533667015729507,14.207015159997411
4209.7412109375,0.0009783495325429625,0.009150130137223808,0.09945682861338788,1.1557684050150512,14.349385454250182
4220.5078125,0.0009464096807635254,0.008971701018567972,0.09868743085872332,1.15816512802139,14.490357002948437
4231.2744140625,0.0009133535787737283,0.008789650550790725,0.09791198732105161,1.1605569014479944,14.629970240268678
4242.041015625,0.0008790553087688284,0.008603748859855096,0.0971303532003269,1.1629437558335904,14.76826368905288
4252.8076171875,0.0008433633332618473,0.008413740671181873,0.09634237782244495,1.1653257214041506,14.905274084955566
4263.57421875,0.0008079961836706312,0.008226675818884428,0.0955599626421551,1.1676254861848403,15.045166543127838
4274.3408203125,0.0007954107845417204,0.008128097114977771,0.09492221517757699,1.1689600418605537,15.234587895578658
4285.107421875,0.0007826230251559583,0.008028308065339931,0.09428015384091382,1.170293075663045,15.421682800063342
4295.8740234375,0.0007696228185567535,0.007927262962302586,0.09363368988945446,1.1716245927869184,15.606534926864025
4306.640625,0.0007563992108550885,0.007824913146801471,0.09298273149549156,1.1729545983972935,15.789223048050387
4317.4072265625,0.0007429402731856631,0.007721206734473478,0.09232718359405762,1.1742830976300385,15.969821429770056
4328.173828125,0.000729232975708149,0.0076160883081783344,0.09166694772086045,1.1756100955920037,16.148400185046206
4338.9404296875,0.0007152630398665461,0.007509498571773144,0.09100192183963544,1.1769355973612505,16.32502559183472
4349.70703125,0.0007010147641370425,0.00740137395899944,0.09033200015805733,1.1782596079872751,16.4997603804333
4360.4736328125,0.0006864708172071722,0.007291646190158103,0.08965707293127195,1.1795821324912354,16.672663993776595
4371.240234375,0.0006716119908221258,0.007180241767791617,0.08897702625201384,1.180903175866172,16.843792823679358
4382.0068359375,0.000656416902246615,0.0070670814007927985,0.08829174182617373,1.182222743077232,17.013200425689746
4392.7734375,0.0006408616331892636,0.006952079344118821,0.08760109673256301,1.1835408390618793,17.180937714873078
4403.5400390625,0.0006249192877748256,0.006835142638483543,0.08690496316549481,1.184857468730117,17.347053144554714
4414.306640625,0.0006085594462104458,0.006716170230861323,0.08620320815865357,1.186172636964697,17.511592869800957
4425.0732421875,0.0005917474823866476,0.00659505195213806,0.0854956932885646,1.1874863486213327,17.67460089720052
4435.83984375,0.0005744437015495188,0.006471667322482835,0.08478227435579005,1.1887986085289084,17.836119222324662
4446.6064453125,0.0005566022364210278,0.006345884147570318,0.08406280104177234,1.1901094214896846,17.99618795608217
4457.373046875,0.0005381696135307736,0.006217556859078688,0.08333711653901132,1.191418792279505,18.15484544104672
4468.1396484375,0.000519082860694554,0.006086524540110601,0.08260505715199827,1.1927267256479988,18.312128358712236
4478.90625,0.0004992669622614889,0.005952608559183167,0.08186645186603023,1.1940332263187814,18.468071828526405
4489.6728515625,0.0004786313643554813,0.005815609713551352,0.08112112188068653,1.195338298989655,18.622709499459745
4500.439453125,0.00046639911930622315,0.005724152761818932,0.0805327040503591,1.196317296494651,18.800765896183414
4511.2060546875,0.00045983394978183547,0.005662550748881236,0.08004468424350984,1.1970892562099338,18.992684543146957
4521.97265625,0.00045317368001054697,0.005600271165458991,0.07955367074889544,1.197860718436929,19.182683181137435
4532.7392578125,0.00044641405347125944,0.0055372911490807015,0.07905960778807426,1.1986316841362146,19.370818307451373
4543.505859375,0.00043955048631411764,0.005473586521898002,0.07856243782867611,1.1994021542652826,19.557143701795876
4554.2724609375,0.00043257803099709067,0.005409131682231407,0.07806210150620509,1.200172129778551,19.74171060584907
4565.0390625,0.00042549133455765806,0.005343899484340581,0.07755853754130189,1.2009416116273788,19.924567887848763
4575.8056640625,0.00041828459051941613,0.005277861104818085,0.07705168265213942,1.2017106007600784,20.105762193706905
4586.572265625,0.00041095148320493684,0.0052109858937409975,0.07654147146159701,1.20247909812193,20.285338085974658
4597.3388671875,0.0004034851229359942,0.005143241208399977,0.07602783639882789,1.2032471046551962,20.46333817183048
4608.10546875,0.0003958779702294824,0.005074592227046398,0.07551070759480014,1.2040146212991336,20.639803221133064
4618.8720703125,0.0003881217466148372,0.0050050017396416294,0.07499001277135425,1.2047816489900058,20.814772275465668
4629.638671875,0.000380207329068884,0.00493442991203967,0.0744656771232784,1.2055481886611008,20.98828274899818
4640.4052734375,0.00037212462423229746,0.004862834019360292,0.07393762319285638,1.2063142412427386,21.160370521904753
4651.171875,0.00036386241746348507,0.0047901681434855585,0.0734057707362935,1.207079807662288,21.331070026998052
4661.9384765625,0.0003554081902892917,0.004716382828596494,0.07287003658136687,1.2078448888441797,21.500414330172696
4672.705078125,0.0003467478977687503,0.004641424687409662,0.07233033447558648,1.2086094857099174,21.668435205189493
4683.4716796875,0.0003378656944547447,0.0045652359492048085,0.07178657492408091,1.2093735991780925,21.835163203280516
4694.23828125,0.00032874359365883774,0.004487753938768032,0.07123866501634596,1.2101372301643962,22.000627718006047
4705.0048828125,0.00031936103903586123,0.004408910472888285,0.07068650824090562,1.210900379581631,22.16485704575366
4715.771484375,0.0003096943592260053,0.004328631157878903,0.07013000428683923,1.211663048339728,22.327878442232173
4726.5380859375,0.00029971606399848566,0.004246834567530982,0.06956904883101787,1.212425237345752,22.48971817527947
4737.3046875,0.0002893939216726631,0.004163431275641779,0.06900353330977352,1.2131869475039234,22.650401574274497
4748.0712890625,0.0002859427852443888,0.0041269505801744535,0.06868518296879611,1.214361435533905,22.845750707594693
4758.837890625,0.0002825609208589695,0.004090894359950153,0.06836923295164392,1.2155411350748542,23.039988861480936
4769.6044921875,0.00027913808690327696,0.004054517509808257,0.06805181606199281,1.2167196908105677,23.23260312751818
4780.37109375,0.0002756727573108578,0.004017811320907376,0.0677329116772227,1.2178971060616168,23.423633565789245
4791.1376953125,0.00027216330885467254,0.0039807666828742,0.06741249868691715,1.2190733841325387,23.613118615887466
4801.904296875,0.00026860801225963616,0.003943374057396907,0.06709055547655533,1.2202485283119409,23.801095187229777
4812.6708984375,0.0002650050222418906,0.00390562344954307,0.06676705991049706,1.2214225418726137,23.987598742999985
4823.4375,0.0002613523663118,0.003867504376557378,0.06644198931422098,1.2225954280716311,24.17266337826216
4834.2041015625,0.0002576479321479797,0.003829005833863439,0.06611532045577789,1.22376719015046,24.35632189273204
4844.970703125,0.00025388945331281457,0.0037901162579569996,0.06578702952641466,1.2249378313350643,24.538605858646083
4855.7373046875,0.00025007449303523854,0.0037508234858361087,0.0654570921203234,1.2261073548360066,24.71954568412578
4866.50390625,0.00024620042573111396,0.0037111147105646667,0.06512548321346764,1.2272757638485525,24.899170672397577
4877.2705078125,0.00024226441586319255,0.00367097643250937,0.06479217714143277,1.2284430615527708,25.077509077194744
4888.037109375,0.00023826339365685538,0.003630394405723559,0.06445714757624599,1.2296092511136387,25.254588154638096
4898.8037109375,0.0002341940270806132,0.003589353578874434,0.06412036750210579,1.230774335681136,25.43043421186489
4909.5703125,0.00023005268936395382,0.0035478380300189125,0.06378180918995834,1.2319383183903483,25.605072652652048
4920.3369140625,0.0002258354211520854,0.0035058308944269194,0.06344144417085258,1.2331012023615653,25.778528020257326
4931.103515625,0.00022153788617365098,0.0034633142845239967,0.06309924320800177,1.234262990700376,25.950824037683166
4941.8701171875,0.00021715531900840513,0.0034202692008755294,0.0627551762674738,1.235423686497768,26.12198364555027
4952.63671875,0.00021268246316279244,0.0033766754329558352,0.06240921248742732,1.236583292830221,26.29202903775205
4963.4033203125,0.00020811349716042533,0.003332511448231976,0.06206132014580422,1.237741812759806,26.46098169504676
4974.169921875,0.0002034419456840077,0.0032877542678349555,0.06171146662638279,1.2388992493342748,26.628862416731238
4984.9365234375,0.00019866057189851953,0.0032423793267809886,0.06135961838308895,1.2400556055871557,26.795691350528777
4995.703125,0.00019416703843613397,0.0031995490078835257,0.06102531456585619,1.2412561473153152,26.965336553698368
5006.4697265625,0.0001922836755454523,0.0031773574513783444,0.06081871132303618,1.2427534728925942,27.15911116007309
5017.236328125,0.00019038168227924904,0.0031550098088295236,0.06061140384554641,1.2442489965939891,27.35151298477275
5028.0029296875,0.00018846049457030566,0.0031325027396303267,0.06040338488248012,1.2457427249089976,27.5425707969895
5038.76953125,0.00018651951929997296,0.003109832782284689,0.06019464705764239,1.2472346642882564,27.732312374884355
5049.5361328125,0.00018455813215922657,0.0030869963481924578,0.059985182866498336,1.2487248211438673,27.92076455273296
5060.302734375,0.00018257567530289973,0.0030639897150177516,0.05977498467302485,1.25021320184972,28.10795326522611
5071.0693359375,0.00018057145477211125,0.003040809019605728,0.0595640447064625,1.251699812741807,28.293903589132437
5081.8359375,0.00017854473765620957,0.003017450250409532,0.05935235505796352,1.253184660118539,28.478639782512545
5092.6025390625,0.00017649474896135373,0.0029939092393854437,0.05913990767713184,1.2546677502410601,28.66218532165843
5103.369140625,0.00017442066814784166,0.002970181653309869,0.0589266943684506,1.2561490893335505,28.84456293591702
5114.1357421875,0.0001723216252922129,0.002946262984466865,0.05871270678759324,1.2576286835835344,29.025794640544532
5124.90234375,0.00017019669682328306,0.0029221485406495996,0.05849793643761295,1.2591065391421805,29.205901767725816
5135.6689453125,0.0001680449007728748,0.0028978334344129603,0.05828237466500585,1.2605826621246001,29.384904995882412
5146.435546875,0.00016586519147178869,0.002873312571507425,0.058066012655642395,1.2620570586101438,29.56282437738351
5157.2021484375,0.00016365645360993716,0.0028485806384168986,0.05784884143056221,1.2635297346426926,29.739679364764616
5167.96875,0.00016141749556473022,0.002823632088913964,0.057630851841625946,1.265000696230946,29.915488835551248
5178.7353515625,0.0001591470418845312,0.0027984611295363082,0.057412034567018704,1.26646994934871,30.09027111577724
5189.501953125,0.0001568437247925685,0.002773061703876544,0.05719238010659863,1.2679374999351771,30.26404400228038
5200.2685546875,0.00015450607455053136,0.0027474274755646725,0.0569718787770841,1.2694033538952119,30.436824783852686
5211.03515625,0.00015213250848921363,0.002721551809807899,0.0567505207070726,1.2708675170996222,30.608630261315753
5221.8017578125,0.0001497213184734499,0.0026954277533352018,0.0565282958318839,1.272329995385436,30.779476766587837
5232.568359375,0.00014727065651934254,0.002669048012575027,0.05630519388822043,1.273790794556174,30.949380180803406
5243.3349609375,0.00014477851821954107,0.002642404929871972,0.05608120440863588,1.275249920382116,31.118355951542352
5254.1015625,0.0001422427235539799,0.0026154904575227786,0.05585631671580496,1.2767073786005703,31.286419109221793
5264.8681640625,0.00013966089456344337,0.0025882961293819708,0.05563051991658372,1.2781631749161302,31.453584282699207
5275.634765625,0.00013838982655981386,0.0025716883913963883,0.055457460414576554,1.2794209230111542,31.64487461233139
5286.4013671875,0.0001371269471190672,0.0025551324876697413,0.05528464616815827,1.2806745655974325,31.835379042982645
5297.16796875,0.0001358523284936129,0.0025384686085606414,0.055111290025207996,1.2819269822020414,32.02475024712264
5307.9345703125,0.00013456563709980521,0.0025216946134990676,0.05493738685582634,1.283178176414753,32.2130082105162
5318.701171875,0.00013326652324952237,0.0025048082902395167,0.05476293144866199,1.284428151807858,32.40017233829146
5329.4677734375,0.00013195462004020708,0.0024878073514552988,0.05458791850908939,1.2856769119362799,32.58626147828546
5340.234375,0.00013062954214454936,0.0024706894311218937,0.05441234265733387,1.2869244603376955,32.771293943196596
5351.0009765625,0.00012929088448856348,0.0024534520806732407,0.05423619842654208,1.2881708005326493,32.95528753161769
5361.767578125,0.00012793822080509778,0.0024360927649131592,0.054059480260795864,1.289415936024674,33.138259548017906
5372.5341796875,0.00012657110204827068,0.002418608857662737,0.05388218251306741,1.2906598703003995,33.320226821736995
5383.30078125,0.00012518905465196497,0.0024009976371223364,0.053704299443113855,1.2919026068296726,33.501205725051236
5394.0673828125,0.0001237915786133811,0.00238325628092521,0.05352582521530866,1.293144149065665,33.681212190365244
5404.833984375,0.00012237814537953886,0.0023653818608571305,0.05334675389640784,1.2943845004449883,33.86026172658166
5415.6005859375,0.00012094819551143485,0.002347371337214094,0.05316707945324844,1.2956236643878036,34.038369434695504
5426.3671875,0.00011950113609674884,0.0023292215527675195,0.05298679575037695,1.2968616442979333,34.215550022658064
5437.1337890625,0.0001180363378767394,0.002310929226302507,0.052805896547604377,1.2980984435629672,34.3918178195515
5447.900390625,0.0001165531320483985,0.002292490945692375,0.05262437549748623,1.2993340655543744,34.567186789112924
5458.6669921875,0.00011505080669526779,0.002273903160467469,0.05244222614272358,1.3005685136276046,34.74167054264412
5469.43359375,0.00011352860279318722,0.002255162173832825,0.05225944191348289,1.301801791122203,34.91528235134049
5480.2001953125,0.00011198570972723356,0.002236264134083625,0.052076016124630954,1.3030339013619086,35.08803515807108
5490.966796875,0.00011042126024480688,0.0022172050253621537,0.05189194197288202,1.3042648476547598,35.25994158863901
5501.7333984375,0.00010883432475552623,0.0021979806576932375,0.051707212533853394,1.3054946332932025,35.431013962550345
5512.5,0.00010722390487168126,0.002178586656228301,0.05152182075902613,1.306723261554187,35.601264303317095
5523.2666015625,0.00010558892606174083,0.002159018449619745,0.0513357594726069,1.3079507356992737,35.77070434831894
5534.033203125,0.00010392822926332546,0.0021392712574381093,0.05114902136828701,1.3091770589747327,35.939345558246416
5544.7998046875,0.00010224056126973275,0.002119340076534023,0.05096159900589473,1.3104022346116437,36.10719912614726
5555.56640625,0.00010088110895083864,0.002101666180567892,0.05076678859911477,1.311037077566499,36.280404241639296
5566.3330078125,9.98991429862321e-05,0.0020865526688292686,0.05056383394452394,1.3110236487505318,36.45949300905745
5577.099609375,9.890742841474427e-05,0.002071328883845897,0.05036006137477965,1.311010219797012,36.637706383154736
5587.8662109375,9.790566899750555e-05,0.0020559923760340095,0.050155460920758704,1.3109967907059352,36.81505707667728
5598.6328125,9.689355318121834e-05,0.0020405406037532496,0.049950022409163485,1.3109833614772965,36.99155749762037
5609.3994140625,9.587075296624757e-05,0.0020249709283892002,0.04974373545661921,1.3109699321110928,37.167219759359234
5620.166015625,9.48369226648929e-05,0.0020092806090929918,0.049536589463550024,1.3109565026073202,37.34205569035071
5630.9326171875,9.379169753651852e-05,0.0019934667971483423,0.04932857360782367,1.310943072965973,37.51607684342811
5641.69921875,9.273469228403734e-05,0.0019775265299329372,0.04911967683815377,1.3109296431870476,37.689294504709835
5652.4658203125,9.166549939452294e-05,0.001961456724438319,0.04890988786724871,1.3109162132705403,37.86171970214113
5663.232421875,9.058368730340058e-05,0.0019452541703078347,0.048699195164694675,1.3109027832164457,38.03336321368713
5673.9990234375,8.948879835886336e-05,0.0019289155223481786,0.04848758694956063,1.3108893530247607,38.20423557519505
5684.765625,8.838034655932333e-05,0.001912437292465157,0.048275051182711186,1.3108759226954807,38.37434708794077
5695.5322265625,8.725781503211211e-05,0.0018958158409685174,0.04806157555881376,1.310862492228601,38.543707825876034
5706.298828125,8.612065321634978e-05,0.0018790473671844651,0.04784714749802484,1.3108490616241182,38.71232764259011
5717.0654296875,8.496827370639181e-05,0.0018621278993072976,0.04763175413733916,1.3108356308820273,38.88021617799978
5727.83203125,8.380004870450651e-05,0.0018450532834133387,0.04741538232158536,1.310822200002325,39.047382864780374
5738.5986328125,8.261530602201278e-05,0.001827819171551186,0.047198018594050005,1.310808768985006,39.2138369345502
5749.365234375,8.14133245565171e-05,0.001810421008811434,0.04697964918671138,1.3107953378300665,39.37958742381949
5760.1318359375,8.019332915882964e-05,0.0017928540192669038,0.046760260010062525,1.3107819065375028,39.54464317971515
5770.8984375,7.895448478590973e-05,0.0017751131906605824,0.046539836642502656,1.3107684751073096,39.70901286549113
5781.6650390625,7.76958898143397e-05,0.0017571932577018759,0.04631836431927421,1.310755043539484,39.87270496583458
5792.431640625,7.64165683623321e-05,0.0017390886838136368,0.04609582792092137,1.3107416118340203,40.035727791976484
5803.1982421875,7.511546143443374e-05,0.0017207936411506085,0.04587221196124487,1.3107281799909154,40.198089486616006
5813.96484375,7.379141666034308e-05,0.001702301988684756,0.045647500574725414,1.3107147480101646,40.359798028666305
5824.7314453125,7.244317634514851e-05,0.0016836072481240462,0.04542167750338753,1.3107013158917642,40.52086123783016
5835.498046875,7.106936347827103e-05,0.0016647025773967935,0.04519472608307214,1.310687883635709,40.681286779012225
5846.2646484375,6.966846525825073e-05,0.0016455807413941306,0.044966629229086105,1.3106744512419948,40.841082166575646
5857.03125,6.8621467940045e-05,0.001629489755012163,0.04473692662025863,1.3097935836605838,40.99784695732407
5867.7978515625,6.790131375515621e-05,0.001616150827560994,0.04450564352576324,1.308141386997321,41.15188597113747
5878.564453125,6.717343937232176e-05,0.0016027008869912696,0.04427315222409873,1.3064871009512933,41.30535053509213
5889.3310546875,6.643759105008122e-05,0.0015891371145685066,0.044039433580305334,1.3048307175756382,41.45824702845227
5900.09765625,6.569350083506787e-05,0.0015754565702156306,0.04380446794894365,1.30317222887299,41.61058171327945
5910.8642578125,6.494088542202449e-05,0.0015616561850715042,0.043568235154822804,1.301511626795026,41.76236073742529
5921.630859375,6.417944489341731e-05,0.0015477327534521568,0.04333071447278297,1.2998489032420175,41.91359013742651
5932.3974609375,6.340886132282586e-05,0.0015336829241551521,0.04309188460647492,1.2981840500623612,42.06427584130637
5943.1640625,6.262879722370414e-05,0.0015195031910402842,0.042851723666075064,1.296517059052119,42.21442367128618
5953.9306640625,6.183889382190394e-05,0.0015051898828114941,0.04261020914487,1.294847921954542,42.364039346410095
5964.697265625,6.103876912706746e-05,0.0014907391519157855,0.04236731789463985,1.2931766304595964,42.513128485087
5975.4638671875,6.0228015773205096e-05,0.0014761469624637968,0.04212302609976374,1.2915031762034794,42.66169660755244
5986.23046875,5.940619859414797e-05,0.001461409077064868,0.04187730924996594,1.2898275507681314,42.809749138253395
5996.9970703125,5.857285189264682e-05,0.0014465210424546551,0.04163014211161415,1.2881497456807405,42.95729140815936
6007.763671875,5.7727476354564516e-05,0.0014314781737772226,0.041381498697474636,1.286469752413245,43.10432865700215
6018.5302734375,5.686953555020765e-05,0.0014162755373644841,0.04113135223482206,1.284787562381827,43.2508660354471
6029.296875,5.599845195294711e-05,0.0014009079318333389,0.04087967513179267,1.2831031669463986,43.39690860719836
6040.0634765625,5.511360239139315e-05,0.0013853698672953946,0.04062643894186168,1.2814165574100864,43.54246135104058
6050.830078125,5.421431283329633e-05,0.0013696555424436302,0.04037161432631498,1.2797277250187078,43.68752916281941
6061.5966796875,5.3299852377066586e-05,0.0013537588192447964,0.04011517101457536,1.2780366609602394,43.832116857363076
6072.36328125,5.23694262986268e-05,0.0013376731949245198,0.039857077762231075,1.276343356364281,43.97622917034688
6083.1298828125,5.1422167965552074e-05,0.0013213917708825313,0.03959730230660217,1.2746478023015135,44.119870760103126
6093.896484375,5.0457129384326266e-05,0.0013049072181165041,0.0393358113196658,1.2729499897831484,44.26304620937807
6104.6630859375,4.947327008737493e-05,0.001288211738662977,0.03907257035814581,1.271249909760374,44.40576002703785
6115.4296875,4.846944398862861e-05,0.001271297022479622,0.03880754381055519,1.2695475531237888,44.54801664972536
6126.1962890625,4.744438373503211e-05,0.001254154199092782,0.038540694840960864,1.267842910702836,44.68982044346949
6136.962890625,4.6396681944152604e-05,0.0012367737832112043,0.03827198532921927,1.2661359732652255,44.83117570524868
6147.7294921875,4.5324768536166674e-05,0.0012191456133600514,0.038001375807408345,1.26442673151635,44.972086664510165
6158.49609375,4.422688311747706e-05,0.0012012587824076677,0.03772882539215588,1.2627151760986952,45.112557484646636
6169.2626953125,4.314925958848656e-05,0.0011836875461078962,0.03745855357246686,1.2609215011949102,45.25017305410952
6180.029296875,4.2711643837404e-05,0.0011739163907427434,0.0372446786668882,1.2580375278354174,45.35454293588295
6190.7958984375,4.2269497696937046e-05,0.0011640632191156962,0.03702956848598354,1.2551469279366743,45.458673192459564
6201.5625,4.182267748253829e-05,0.001154125930625204,0.0368132013755464,1.2522496556100522,45.56256546678243
6212.3291015625,4.1371031750077374e-05,0.0011441023334409425,0.0365955550412194,1.249345664434834,45.66622138310578
6223.095703125,4.0914400696134166e-05,0.0011339901388585905,0.036376606521682384,1.2464349074495384,45.76964254729131
6233.8623046875,4.0452615497425574e-05,0.0011237869551974985,0.036156332160379494,1.2435173371430581,45.87283054709847
6244.62890625,3.9985497581493286e-05,0.0011134902811949302,0.035934707575686196,1.2405929054456117,45.97578695246882
6255.3955078125,3.951285781993456e-05,0.001103097498845458,0.035711707629410096,1.2376615637195036,46.07851331580474
6266.162109375,3.9034495633436046e-05,0.0010926058656270513,0.035487306393509985,1.234723262749686,46.1810111722425
6276.9287109375,3.8550197997090845e-05,0.0010820125060488734,0.03526147711490887,1.231777952734117,46.28328203991997
6287.6953125,3.805973833164554e-05,0.001071314402446684,0.03503419217826536,1.2288255832739143,46.385327420238944
6298.4619140625,3.7562875264430395e-05,0.0010605083849424353,0.03480542306655699,1.2258661033632907,46.4871487981223
6309.228515625,3.7059351240803294e-05,0.0010495911204734631,0.034575140319316196,1.2228994613792752,46.5887476422661
6319.9951171875,3.654889096330419e-05,0.001038559100783517,0.03434331348834574,1.219925605071204,46.690125405386794
6330.76171875,3.603119963176908e-05,0.0010274086292531147,0.034109911090725205,1.2169444815499868,46.79128352446361
6341.5283203125,3.550596095254751e-05,0.0010161358064291006,0.033874900558902986,1.2139560372771283,46.892223420976016
6352.294921875,3.497283487823643e-05,0.001004736514092529,0.0336382481876502,1.2109602180535128,46.992946501136984
6363.0615234375,3.443145503284868e-05,0.0009932063976809391,0.03339991907763162,1.2079569690079337,47.09345415612148
6373.828125,3.388142576601217e-05,0.0009815408468514632,0.03315987707532596,1.204946234585368,47.193747762290585
6384.5947265625,3.332231876979825e-05,0.000969734973939485,0.03291808470900327,1.2019279585349858,47.29382868141148
6395.361328125,3.2753669175441983e-05,0.0009577835900269663,0.032674503120437855,1.1989020838978899,47.39369826087318
6406.1279296875,3.217497102891803e-05,0.000945681178288143,0.032429091992004486,1.1958685529945694,47.49335783389803
6416.89453125,3.158567202023705e-05,0.0009334218642243068,0.03218180946877097,1.192827307412078,47.59280871974964
6427.6611328125,3.098516730998658e-05,0.0009209993823317704,0.031932612075160155,1.1897782879909056,47.6920522239363
6438.427734375,3.0372792256977616e-05,0.000908407038666597,0.03168145462571204,1.1867214348115538,47.79108963841126
6449.1943359375,2.974781379772096e-05,0.0008956376686710679,0.031428290129427,1.1836566871807956,47.8899222417687
6459.9609375,2.9109420159149824e-05,0.0008826835895076276,0.03117306968711657,1.1805839836176155,47.988551299436445
6470.7275390625,2.8456708493082236e-05,0.0008695365459999958,0.030915742381127025,1.1775032618388201,48.086978063865025
6481.494140625,2.7788669894730693e-05,0.0008561876491010145,0.030656255156731073,1.1744144587443068,48.18520377471312
6492.2607421875,2.7104171095526673e-05,0.0008426273055845215,0.030394552694405406,1.1713175104019857,48.283229659029864
6503.02734375,2.6406775263361914e-05,0.0008289243943879735,0.0301316111720174,1.1682091411272888,48.380231453659846
6513.7939453125,2.6178563013987213e-05,0.0008229314455692649,0.029969424810819663,1.1647737530248536,48.39542292600911
6524.560546875,2.5948343745713263e-05,0.0008168945321165938,0.029806355952398854,1.161328202558539,48.410609631204586
6535.3271484375,2.5716063555935507e-05,0.0008108126720132275,0.02964239003236466,1.1578723990060786,48.42579157373134
6546.09375,2.5481666085242862e-05,0.0008046848461307462,0.029477512081255434,1.1544062502872787,48.44096875806736
6556.8603515625,2.5245092357684244e-05,0.0007985099962353189,0.02931170670858812,1.1509296629353938,48.4561411886837
6567.626953125,2.500628060738991e-05,0.0007922870228540775,0.029144958086091292,1.1474425420677163,48.47130887004433
6578.3935546875,2.476516609037374e-05,0.000786014782989634,0.028977249930070094,1.1439447913553642,48.4864718066063
6589.16015625,2.4521680879402445e-05,0.0007796920876689006,0.02880856548284688,1.14043631299223,48.50163000281969
6599.9267578125,2.427575364057016e-05,0.0007733176993116789,0.028638887493218104,1.136917007663073,48.51678346312757
6610.693359375,2.4027309389222113e-05,0.0007668903289023555,0.02846819819586293,1.1333867745107138,48.531932191966135
6621.4599609375,2.3776269222777647e-05,0.0007604086329462843,0.028296479289633594,1.1298455111023116,48.54707619376464
6632.2265625,2.3522550028039068e-05,0.0007538712101907645,0.028123711914652946,1.126293113394683,48.56221547294541
6642.9931640625,2.3266064159818043e-05,0.0007472765980878354,0.027949876628137752,1.122729475698635,48.57735003392392
6653.759765625,2.300671908719582e-05,0.0007406232689734999,0.027774953378860066,1.119154490642278,48.59247988110876
6664.5263671875,2.2744417003392867e-05,0.0007339096259351232,0.027598921480151705,1.115568049133275,48.607605018901616
6675.29296875,2.247905439497026e-05,0.0007271339983355805,0.02742175958134904,1.111970040320001,48.62272545169736
6686.0595703125,2.2210521564325023e-05,0.0007202946369581904,0.02724344563756642,1.1083603515515648,48.63784118388406
6696.826171875,2.1938702099877645e-05,0.000713389708732882,0.027063956877677105,1.1047388683366548,48.65295221984292
6707.5927734375,2.16634722862006e-05,0.0007064172909982037,0.026883269770370106,1.1011054743011668,48.668058563948385
6718.359375,2.1384700445936967e-05,0.0006993753652485143,0.026701359988139634,1.0974600511445696,48.683160220568055
6729.1259765625,2.1102246203411505e-05,0.0006922618103085874,0.02651820236905119,1.0938024785949634,48.6982571940628
6739.892578125,2.0815959658349013e-05,0.0006850743948703664,0.026333770876114233,1.0901326343627777,48.71334948878674
6750.6591796875,2.05256804556085e-05,0.0006778107693171088,0.026148038554075353,1.0864503940930639,48.728437109087224
6761.42578125,2.023123673511034e-05,0.0006704684567505547,0.0259609774834296,1.0827556313163267,48.7435200593049
6772.1923828125,1.9932443941984744e-05,0.0006630448431235555,0.02577255873142729,1.0790482173978426,48.758598343773684
6782.958984375,1.962910347336095e-05,0.0006555371663666261,0.025582752299832742,1.0753280214854004,48.77367196682078
6793.7255859375,1.9321001134411724e-05,0.0006479425043807864,0.025391527069168703,1.0715949104554157,48.78874093276675
6804.4921875,1.9007905368652925e-05,0.0006402577617479546,0.0251988507391519,1.067848748857344,48.80380524592545
6815.2587890625,1.8689565221558295e-05,0.0006324796549880021,0.025004689764997784,1.0640893988563362,48.81886491060407
6826.025390625,1.836570798631473e-05,0.0006246046961630952,0.024809009289238328,1.0603167201740635,48.83391993110322
6836.7919921875,1.8036036468851422e-05,0.0006166291745970448,0.0246117730686605,1.0565305700276386,48.8489703117168
6847.55859375,1.7700225794449815e-05,0.0006085491364380612,0.024412943395931853,1.0527308030665636,48.86401605673219
6858.3251953125,1.7422640445626677e-05,0.0006017206887167314,0.024237612581972504,1.0489728018377424,48.84572448451558
6869.091796875,1.7319103274245134e-05,0.000598559049971222,0.02413006330706587,1.0453535981776476,48.73617021816523
6879.8583984375,1.7214943402478436e-05,0.0005953806222704668,0.024022032527082758,1.0417218205694776,48.626369128804434
6890.625,1.7110149458028673e-05,0.0005921851352810754,0.02391351371633698,1.0380773370410405,48.51631954061967
6901.3916015625,1.700470971824827e-05,0.0005889723113360799,0.023804500200395956,1.0344200132953003,48.4060197587478
6912.158203125,1.6898612094703258e-05,0.0005857418651532877,0.023694985151290253,1.0307497126526308,48.295468068971566
6922.9248046875,1.679184411711206e-05,0.0005824935035397056,0.02358496158252288,1.027066295991214,48.184662737408686
6933.69140625,1.6684392916127445e-05,0.0005792269250809004,0.023474422343868137,1.0233696216855102,48.07360201019465
6944.4580078125,1.6576245205293128e-05,0.0005759418198146265,0.023363360115948865,1.0196595455427147,47.96228411315876
6955.224609375,1.6467387261852096e-05,0.0005726378688875581,0.023251767404580778,1.0159359207371335,47.850707251493475
6965.9912109375,1.635780490645756e-05,0.0005693147441940949,0.023139636534871066,1.0121985977423793,47.73886960941681
6976.7578125,1.6247483481589788e-05,0.0005659721079960645,0.023026959645058544,1.0084474242613097,47.62676934982751
6987.5244140625,1.613640782857579e-05,0.000562609612522044,0.02291372868008106,1.0046822451536115,47.514404613953005
6998.291015625,1.6024562263474726e-05,0.0005592268995451723,0.02279993538485546,1.00090290236093,47.401773520989785
7009.0576171875,1.59119305510936e-05,0.0005558235999376333,0.02268557129725411,0.9971092348294466,47.28887416773609
7019.82421875,1.5798495877413052e-05,0.0005523993332004744,0.022570627740761087,0.993301078429796,47.17570462821669
7030.5908203125,1.5684240820484577e-05,0.0005489537069672102,0.02245509581679021,0.9894782658742066,47.062262953299594
7041.357421875,1.556914731898833e-05,0.0005454863164789144,0.022338966396645208,0.9856406266307508,46.94854717030427
7052.1240234375,1.5453196639089834e-05,0.0005419967440293698,0.02222223011310202,0.9817879868345765,46.834555282601485
7062.890625,1.5336369338687364e-05,0.0005384845583776268,0.022104877351590824,0.977920169195994,46.72028526920426
7073.6572265625,1.5218645229407695e-05,0.0005349493141259751,0.021986898240954494,0.974036992905276,46.605735084349796
7084.423828125,1.510000333592664e-05,0.0005313905510606724,0.02186828264375835,0.970138273534028,46.4909026570722
7095.1904296875,1.4980421852231758e-05,0.0005278077934525639,0.02174902014612422,0.9662238229329765,46.37578589076558
7105.95703125,1.4859878094956376e-05,0.0005242005493148332,0.02162910004706003,0.9622934491260177,46.26038266273747
7116.7236328125,1.473834845302163e-05,0.0005205683096142804,0.021508511347253824,0.9583469562003517,46.1446908237521
7127.490234375,1.4615808333754158e-05,0.0005169105474329042,0.0213872427372993,0.9543841441925311,46.028708197563404
7138.2568359375,1.4492232104637477e-05,0.0005132267170754826,0.021265282585316753,0.9504048089702313,45.91243258043741
7149.0234375,1.4367593030866467e-05,0.0005095162531193527,0.021142618923931607,0.9464087421095462,45.79586174066364
7159.7900390625,1.4241863207719628e-05,0.0005057785694011811,0.02101923943656873,0.9423957307676032,45.67899341805539
7170.556640625,1.4115013487499862e-05,0.0005020130579359322,0.0208951314430185,0.9383655575502735,45.561825323438455
7181.3232421875,1.3987013400976484e-05,0.0004982190877625122,0.020770281884226697,0.934318000374748,45.44435513812785
7192.08984375,1.3857831071439388e-05,0.0004943960037091736,0.020644677306256208,0.9302528323267277,45.326580513392535
7202.8564453125,1.3727433122448862e-05,0.0004905431250729365,0.020518303843365452,0.9261698215119789,45.20849906990749
7213.623046875,1.3595784576755424e-05,0.0004866597442043382,0.02039114720014252,0.9220687309019658,45.090108397192786
7224.3896484375,1.3462848746958448e-05,0.00048274512499013155,0.0202631926326306,0.917949318173282,44.97140605303959
7235.15625,1.3409640627027819e-05,0.0004808114756169735,0.020180653485822535,0.9141323640072891,44.77987054058006
7245.9228515625,1.3383123869634426e-05,0.0004795390311628739,0.020113159956684012,0.9104063892281626,44.563310697537474
7256.689453125,1.3356554468658462e-05,0.0004782632013152319,0.020045439176318222,0.9066651025430317,44.34569330858865
7267.4560546875,1.3329932109282909e-05,0.00047698395890841914,0.019977488833679495,0.9029083136128889,44.12700272750859
7278.22265625,1.3303256473569133e-05,0.0004757012764115726,0.019909306578284054,0.8991358281223012,43.90722291841852
7288.9892578125,1.3276527240455989e-05,0.00047441512592167804,0.01984089001926127,0.8953474476621252,43.68633744206354
7299.755859375,1.3249744085491127e-05,0.0004731254791563786,0.01977223672437536,0.8915429696077396,43.46432944146256
7310.5224609375,1.3222906681027102e-05,0.0004718323074468475,0.019703344219016577,0.8877221869925817,43.241181626895155
7321.2890625,1.3196014696063392e-05,0.0004705355817302957,0.019634209985160335,0.8838848883767603,43.016876260187495
7332.0556640625,1.3169067796272857e-05,0.0004692352725423881,0.01956483146029338,0.880030857710514,42.79139513825681
7342.822265625,1.314206564385479e-05,0.0004679313500093802,0.01949520603630549,0.8761598741922665,42.564719575871464
7353.5888671875,1.3115007897465788e-05,0.00046662378384008994,0.019425331058345374,0.8722717121210074,42.33683038758005
7364.35546875,1.3087894212401783e-05,0.00046531254331783837,0.019355203823639623,0.8683661407427279,42.107707868760414
7375.1220703125,1.3060724240222522e-05,0.00046399759729181465,0.019284821580272657,0.8644429240906102,41.877331775735364
7385.888671875,1.303349762892009e-05,0.00046267891416859814,0.01921418152592677,0.8605018208186602,41.64568130489836
7396.6552734375,1.3006214022820407e-05,0.00046135646190326987,0.01914328080658021,0.8565425840284504,41.41273507078841
7407.421875,1.2978873062454997e-05,0.0004600302079902576,0.01907211651516155,0.8525649610886202,41.178471083048414
7418.1884765625,1.2951474384640755e-05,0.00045870011945413537,0.01900068569015904,0.8485686934467624,40.942866722197174
7428.955078125,1.2924017622230781e-05,0.00045736616283989626,0.01892898531418233,0.8445535164332991,40.70589871413904
7439.7216796875,1.2896502404304899e-05,0.0004560283042033257,0.018857012312475344,0.8405191590569226,40.46754310333027
7450.48828125,1.2868928355836972e-05,0.0004546865091007272,0.018784763551377537,0.836465343791159,40.227775224514225
7461.2548828125,1.2841295097941876e-05,0.00045334074257878665,0.018712235836732035,0.8323917863515755,39.98656967293126
7472.021484375,1.2813602247479448e-05,0.0004519909691637142,0.018639425912237616,0.8282981954631269,39.74390027290141
7482.7880859375,1.2785849417253844e-05,0.0004506371528505077,0.018566330457742877,0.8241842726170996,39.49974004466966
7493.5546875,1.2758036215820992e-05,0.00044927925709168894,0.018492946087479582,0.8200497118170842,39.25406116939527
7504.3212890625,1.2730162247550519e-05,0.00044791724478583926,0.018419269348232653,0.8158941993133597,39.00683495215643
7515.087890625,1.2702227112300064e-05,0.0004465510782656186,0.018345296717443928,0.8117174133250399,38.75803178283075
7525.8544921875,1.2674230405706608e-05,0.00044518071928584,0.018271024601247052,0.8075190237492854,38.50762109470105
7536.62109375,1.2646171718758517e-05,0.00044380612901074744,0.01819644933242995,0.803298691856836,38.2555713206222
7547.3876953125,1.2618050638072755e-05,0.00044242726800139523,0.01812156716832203,0.7990560699730712,38.001849846571396
7558.154296875,1.2589866745488918e-05,0.0004410440962022331,0.018046374288602215,0.7947908011437445,37.74642296238817
7568.9208984375,1.2561619618225545e-05,0.00043965657292766675,0.017970866793024735,0.7905025187844883,37.48925580949363
7579.6875,1.2533308828781086e-05,0.00043826465684809166,0.017895040699058375,0.786190846313111,37.23031232535926
7590.4541015625,1.2504933944718279e-05,0.0004368683059754252,0.017818891939435283,0.7818553967636415,36.969555184475034
7601.220703125,1.2476494528723517e-05,0.0004354674776484316,0.017742416359605228,0.7774957723810052,36.70694573554289
7611.9873046875,1.2447990138552211e-05,0.00043406212851750846,0.0176656097150906,0.7731115641951307,36.44244393459689
7622.75390625,1.2440369761288553e-05,0.00043311308617566486,0.017599008731585684,0.768947758590356,36.18496804577242
7633.5205078125,1.2469516339716457e-05,0.00043297288010612123,0.017550743870308003,0.7651949411327937,35.9415087091369
7644.287109375,1.2498594948844767e-05,0.00043283262862007946,0.017502345913273414,0.7614236274435586,35.69638895048568
7655.0537109375,1.2527606061975254e-05,0.00043269233167337646,0.01745381375329197,0.7576335413136059,35.44957432635475
7665.8203125,1.25565501469376e-05,0.000432551989221773,0.01740514626773726,0.7538243995901717,35.20102918573748
7676.5869140625,1.2585427666219093e-05,0.00043241160122098874,0.017356342318243602,0.7499959119299054,34.95071660997146
7687.353515625,1.2614239076974436e-05,0.000432271167626634,0.017307400750395163,0.7461477805405965,34.698598348721916
7698.1201171875,1.2642984831094368e-05,0.0004321306883942111,0.017258320393407443,0.7422796999108529,34.44463475174791
7708.88671875,1.2671665375482846e-05,0.00043199016347926153,0.01720910005980059,0.738391356527034,34.1887846961063
7719.6533203125,1.2700281151905273e-05,0.0004318495928371668,0.017159738545063963,0.734482428576696,33.931005508415254
7730.419921875,1.2728832597145322e-05,0.00043170897642323946,0.017110234627312343,0.7305525856377546,33.671252881761006
7741.1865234375,1.2757320143147625e-05,0.00043156831419275543,0.017060587066933055,0.7266014883525196,33.40948078679002
7751.953125,1.2785744217045365e-05,0.0004314276061009047,0.017010794606223675,0.7226287880856839,33.14564137648093
7762.7197265625,1.2814105241197806e-05,0.0004312868521027918,0.01696085596902036,0.7186341265653002,32.87968488403862
7773.486328125,1.2842403633322914e-05,0.00043114605215345585,0.016910769860316185,0.7146171355056913,32.61155951329329
7784.2529296875,1.2870639806542897e-05,0.00043100520620786473,0.016860534965869353,0.7105774362111754,32.34121132092091
7795.01953125,1.2898814169503953e-05,0.00043086431422093973,0.016810149951800805,0.7065146391593985,32.06858408972644
7805.7861328125,1.2926927126262951e-05,0.0004307233761474368,0.01675961346418088,0.7024283435629733,31.79361919214685
7816.552734375,1.2954979076648894e-05,0.0004305823919421515,0.01670892412860499,0.6983181369080359,31.51625544303513
7827.3193359375,1.2982970416094548e-05,0.00043044136155973847,0.016658080549757315,0.6941835944682055,31.236428940678135
7838.0859375,1.3010901535803846e-05,0.00043030028495480823,0.016607081310962744,0.6900242787923375,30.954072894878095
7848.8525390625,1.3038772822740867e-05,0.0004301591620818521,0.016555924973726262,0.6858397391643133,30.669117440787566
7859.619140625,1.3066584659808599e-05,0.00043001799289534785,0.016504610077259566,0.6816295110329812,30.38148943702749
7870.3857421875,1.3094337425794185e-05,0.00042987677734964693,0.016453135137994304,0.6773931154102089,30.091112246435916
7881.15234375,1.3122031495515996e-05,0.0004297355153990565,0.016401498649081664,0.673130058234838,29.79790549758487
7891.9189453125,1.3149667239847386e-05,0.00042959420699782133,0.01634969907987768,0.6688398297001489,29.501784824962566
7902.685546875,1.31772450256912e-05,0.0004294528521000315,0.016297734875413736,0.6645219035422472,29.202661585440868
7913.4521484375,1.3204765216240422e-05,0.0004293114506598158,0.016245604455852138,0.6601757362865583,28.900442548327472
7924.21875,1.3232228170829076e-05,0.00042917000263114323,0.01619330621592539,0.6558007664493745,28.59502955593104
7934.9853515625,1.3259634245081237e-05,0.0004290285079679215,0.01614083852435963,0.6513964136911369,28.28631915113669
7945.751953125,1.3286983790994018e-05,0.00042888696662402904,0.01608819972328095,0.6469620779178347,27.974202167986054
7956.5185546875,1.3314277156919883e-05,0.0004287453785532254,0.016035388127603974,0.6424971383265844,27.658563280668584
7967.28515625,1.3341514687623133e-05,0.0004286037437091792,0.015982402024402563,0.6380009523910898,27.33928050564135
7978.0517578125,1.3368696724378223e-05,0.00042846206204550887,0.01592923967226156,0.6334728547822909,27.01622465078224
7988.818359375,1.3395823605059166e-05,0.0004283203335158012,0.015875899300609005,0.6289121562190647,26.68925870452244
7999.5849609375,1.3422895664010372e-05,0.0004281785580734655,0.015822379109027906,0.6243181422433605,26.358237156766002
8010.3515625,1.3449913232255701e-05,0.00042803673567187706,0.015768677266547345,0.6196900719136046,26.023005242049052
8021.1181640625,1.3476876637572618e-05,0.0004278948662643924,0.01571479191091158,0.6150271764096088,25.68339809377072
8031.884765625,1.3503861382401114e-05,0.0004277536455964036,0.01566073575073795,0.6103309139626955,25.339506208931557
8042.6513671875,1.357447865988765e-05,0.00042801810956138536,0.015615036118179514,0.6069230247145581,25.147929105182058
8053.41796875,1.3644730467885786e-05,0.00042828241022019206,0.01556920234596689,0.6034958917165859,24.95488131901342
8064.1845703125,1.3714622422607596e-05,0.0004285465478749396,0.01552323324592113,0.6000491852414487,24.760328451230755
8074.951171875,1.3784159997915977e-05,0.0004288105228268539,0.015477127612218,0.596582566036802,24.564234740362036
8085.7177734375,1.3853348530279733e-05,0.00042907433537622136,0.015430884221018917,0.5930956849355628,24.36656298591148
8096.484375,1.3922193223590179e-05,0.00042933798582243325,0.015384501830091902,0.5895881824454366,24.167274465962713
8107.2509765625,1.399069915366473e-05,0.00042960147446391894,0.015337979178422138,0.5860596883163374,23.966328848615
8118.017578125,1.4058871272677757e-05,0.0004298648015982295,0.015291314985812083,0.5825098210842214,23.76368409667865
8128.7841796875,1.4126714413305096e-05,0.00043012796752198385,0.015244507952470326,0.5789381875897466,23.559296364991877
8139.55078125,1.4194233292732387e-05,0.00043039097253091475,0.01519755675858923,0.5753443824700384,23.353119889648614
8150.3173828125,1.4261432516470457e-05,0.000430653816919823,0.015150460063910628,0.5717279876217001,23.14510686834442
8161.083984375,1.432831658203077e-05,0.0004309165009826327,0.015103216507279521,0.5680885716330578,22.935207330954437
8171.8505859375,1.439488988247786e-05,0.00043117902501239137,0.01505582470618501,0.5644256891834539,22.7233689993506
8182.6171875,1.446115670969043e-05,0.00043144138930120067,0.015008283256288214,0.5607388804072231,22.50953713534399
8193.3837890625,1.4527121257680957e-05,0.00043170359414030176,0.014960590730936757,0.5570276702197791,22.293654375499145
8204.150390625,1.4592787625699845e-05,0.0004319656398200742,0.014912745680665281,0.5532915676030173,22.07566055140807
8214.9169921875,1.4658159821150845e-05,0.0004322275266299947,0.014864746632681333,0.5495300648469864,21.855492493828088
8225.68359375,1.472324176245443e-05,0.0004324892548586501,0.014816592090336462,0.5457426367445212,21.633083818877015
8236.4501953125,1.4788037281847083e-05,0.0004327508247937893,0.014768280532581678,0.5419287397352084,21.408364694234365
8247.216796875,1.4852550127921757e-05,0.0004330122367222539,0.014719810413406852,0.5380878109947487,21.181261583015363
8257.9833984375,1.4916783968257309e-05,0.00043327349093005407,0.014671180161263463,0.5342192674653821,20.951696962654474
8268.75,1.4980742391791656e-05,0.0004335345877023334,0.014622388178470055,0.5303225048226582,20.719589015752373
8279.5166015625,1.5044428911145494e-05,0.00043379552732334363,0.014573432840599726,0.5263968963733615,20.484851289391113
8290.283203125,1.5107846964928638e-05,0.0004340563100765184,0.014524312495849167,0.5224417918789006,20.247392318895063
8301.0498046875,1.5170999919903485e-05,0.00043431693624445774,0.014475025464388351,0.5184565162979107,20.007115211394996
8311.81640625,1.5233891072943976e-05,0.0004345774061088105,0.014425570037690032,0.5144403684411777,19.763917183817963
8322.5830078125,1.5296523653308213e-05,0.0004348377199505415,0.014375944477839043,0.5103926195313013,19.517689049054887
8333.349609375,1.5358900824250847e-05,0.0004350978780496244,0.014326147016819306,0.5063125116587116,19.268314643018968
8344.1162109375,1.5421025685179153e-05,0.0004353578806853121,0.014276175855779125,0.5021992561247796,19.01567018406559
8354.8828125,1.548290127320777e-05,0.00043561772813592396,0.014226029164272801,0.4980520316617642,18.759623554750323
8365.6494140625,1.5544530565104724e-05,0.00043587742067904747,0.01417570507947843,0.493869982518213,18.50003349409739
8376.416015625,1.560591647877955e-05,0.00043613695859136346,0.014125201705390274,0.4896522163971782,18.236748686361487
8387.1826171875,1.5667061875036928e-05,0.0004363963421487854,0.01407451711198542,0.4853978022331767,17.969606729594545
8397.94921875,1.5727969559019947e-05,0.00043665557162636445,0.014023649334363023,0.48110576779220515,17.698432964052824
8408.7158203125,1.5788642281813867e-05,0.0004369146472983755,0.013972596371855541,0.47677509707728677,17.423039136438096
8419.482421875,1.584908274180172e-05,0.00043717356943824077,0.013921356187110524,0.4724047275199365,17.143221870950512
8430.2490234375,1.5909293586129436e-05,0.0004374323383185984,0.013869926705141962,0.46799354693554734,16.858760911864724
8441.015625,1.596927741205878e-05,0.0004376909542112973,0.013818305812349808,0.4635403902179867,16.5694170944605
8451.7822265625,1.602903676820637e-05,0.0004379494173873287,0.013766491355506318,0.45904403574556163,16.27492999115455
8462.548828125,1.608857415589736e-05,0.00043820772811693987,0.013714481140708184,0.4545032014669442,15.975015166933778
8473.3154296875,1.6154285816085197e-05,0.0004382558524729272,0.013664220850301455,0.45100146466128893,15.7748530489069
8484.08203125,1.6224705687987913e-05,0.00043813979111100574,0.013615302626645788,0.4483249710470585,15.65512641388012
8494.8486328125,1.629482123547157e-05,0.0004380236989967805,0.013566208010512105,0.4456324025495273,15.534477054427256
8505.615234375,1.6364636370229893e-05,0.00043790757610578045,0.013516935079884685,0.4429234660071442,15.412883301786419
8516.3818359375,1.6434154920879045e-05,0.0004377914224135179,0.013467481877587645,0.44019785923775223,15.290322625584016
8527.1484375,1.6503380635417727e-05,0.0004376752378954907,0.013417846410377724,0.437455270645146,15.166771585093718
8537.9150390625,1.6572317183530573e-05,0.00043755902252713366,0.013368026648006862,0.43469537880329046,15.042205776892105
8548.681640625,1.664096815889848e-05,0.00043744277628384744,0.013318020522253157,0.43191785201662397,14.916599778579773
8559.4482421875,1.6709337081379982e-05,0.00043732649914101263,0.013267825925919081,0.42912234785474895,14.789927088200459
8570.21484375,1.677742739913054e-05,0.0004372101910739909,0.013217440711795363,0.42630851265965863,14.662160058949212
8580.9814453125,1.6845242490598096e-05,0.0004370938520580862,0.013166862691589067,0.4234759810234912,14.533269828713884
8591.748046875,1.6912785666498453e-05,0.00043697748206857827,0.013116089634814745,0.4206243752346343,14.403226243941504
8602.5146484375,1.6980060171706715e-05,0.00043686108108071655,0.01306511926764656,0.41775330468979477,14.271997777260376
8613.28125,1.70470691870705e-05,0.0004367446490697229,0.013013949271730094,0.41486236526945,14.139551438220549
8624.0478515625,1.711381583114894e-05,0.00043662818601076316,0.012962577282951823,0.4119511386738488,14.005852676436543
8634.814453125,1.7180303161948224e-05,0.0004365116918790035,0.012911000890164687,0.40901919171647516,13.870865276326654
8645.5810546875,1.7246534178505893e-05,0.00043639516664955306,0.012859217633867465,0.40606607557159546,13.734551242540263
8656.34765625,1.731251182249991e-05,0.00043627861029749083,0.012807225004836244,0.4030913249721888,13.596870675045935
8667.1142578125,1.7378238979777633e-05,0.0004361620227978728,0.012755020442705585,0.40009445735420124,13.457781632716586
8677.880859375,1.7443718481797426e-05,0.0004360454041257111,0.01270260133449729,0.3970749719426683,13.317239984089936
8688.6474609375,1.7508953107084707e-05,0.00043592875425598344,0.012649965013094183,0.3940323487748041,13.175199243799064
8699.4140625,1.7573945582586684e-05,0.0004358120731636353,0.01259710875565665,0.39096604765466136,13.031610392954637
8710.1806640625,1.763869858503401e-05,0.0004356953608235994,0.012544029781978995,0.38787550703341006,12.886421681511244
8720.947265625,1.77032147421726e-05,0.00043557861721074307,0.012490725252782985,0.3847601428086634,12.739578410358915
8731.7138671875,1.7767496634063414e-05,0.0004354618422999272,0.01243719226794559,0.38161934703557815,12.591022690537997
8742.48046875,1.7831546794246853e-05,0.00043534503606595444,0.012383427864657676,0.3784524865416782,12.440693176571898
8753.2470703125,1.7895367710922543e-05,0.0004352281984836017,0.0123294290155106,0.37525890143645785,12.288524770433693
8764.013671875,1.795896182809909e-05,0.0004351113295276319,0.012275192626506901,0.37203790350583255,12.134448292094788
8774.7802734375,1.8022331546634183e-05,0.00043499442917273914,0.012220715534991553,0.3687887744803701,11.978390111925808
8785.546875,1.8085479225359527e-05,0.0004348774973936259,0.012165994507499948,0.36551076416495776,11.82027173940776
8796.3134765625,1.814840718203268e-05,0.0004347605341649177,0.012111026237518176,0.3622030884161115,11.660009361634394
8807.080078125,1.821111769438849e-05,0.00043464353946122956,0.012055807343151606,0.3588649269514748,11.497513323904489
8817.8466796875,1.8273613001066085e-05,0.00043452651325713684,0.012000334364696802,0.35549542097417447,11.332687543267099
8828.61328125,1.8335895302566425e-05,0.00043440945552718625,0.011944603762111898,0.3520936705925336,11.165428844127801
8839.3798828125,1.8397966762127902e-05,0.00043429236624587404,0.011888611912380359,0.3486587320131844,10.995626202869975
8850.146484375,1.8459829506641324e-05,0.0004341752453876872,0.011832355106762421,0.3451896144827646,10.823159885782001
8860.9130859375,1.852148562745925e-05,0.000434058092927065,0.011775829547928315,0.34168527695011636,10.647900461272188
8871.6796875,1.8582937181245358e-05,0.00043394090883840125,0.011719031346967033,0.3381446244171209,10.469707663212011
8882.4462890625,1.864418619076704e-05,0.0004338236930960782,0.011661956520264131,0.3345665039419126,10.28842907703018
8893.212890625,1.870523464567691e-05,0.0004337064456744213,0.01160460098624101,0.3309497002531229,10.103898613557037
8903.9794921875,1.8766084503266434e-05,0.00043358916654773254,0.011546960561948769,0.3272929309278615,9.915934727144972
8914.74609375,1.882673768918939e-05,0.000433471855690278,0.01148903095950806,0.3235948410791928,9.724338323657788
8925.5126953125,1.888719609818497e-05,0.00043335451307629114,0.011430807782386568,0.3198539974907083,9.52889028968848
8936.279296875,1.8929939572708693e-05,0.0004328306004109771,0.011387140669374211,0.31796414857152416,9.455377333858783
8947.0458984375,1.8971244201311833e-05,0.000432274795286539,0.011344449189600028,0.31620887627085126,9.390968109508261
8957.8125,1.9012459095680702e-05,0.0004317182746049809,0.011301596445047796,0.3144438059306222,9.326114064386726
8968.5791015625,1.905358483814089e-05,0.0004311610355955049,0.011258580594285281,0.31266877161589846,9.260805853169716
8979.345703125,1.9094622004729427e-05,0.0004306030754693643,0.011215399760566604,0.3108836026545226,9.195033798646591
8990.1123046875,1.9135571165321096e-05,0.0004300443914197356,0.011172052030876787,0.30908812344558845,9.128787874981205
9000.87890625,1.9176432883679796e-05,0.00042948498062150663,0.011128535454942775,0.30728215325784136,9.062057689871246
9011.6455078125,1.921720771759651e-05,0.0004289248402311704,0.01108484804420965,0.30546550601735,8.99483246551626
9022.412109375,1.925789621897112e-05,0.00042836396738664444,0.011040987770780249,0.3036379900837442,8.927101018295694
9033.1787109375,1.929849893385591e-05,0.0004278023592070488,0.010996952566316704,0.3017994080142573,8.858851737048472
9043.9453125,1.9339016402576484e-05,0.00042724001279257354,0.01095274032090233,0.2999495563147516,8.79007255983461
9054.7119140625,1.937944915982923e-05,0.0004266769252243248,0.010908348881861995,0.29808822517683675,8.720750949047227
9065.478515625,1.941979773472618e-05,0.0004261130935641064,0.010863776052539024,0.2962151982001206,8.650873864729432
9076.2451171875,1.94600626509025e-05,0.00042554851485425486,0.010819019591026753,0.29433025209855157,8.5804277359354
9087.01171875,1.9500244426576913e-05,0.00042498318611745975,0.010774077208852787,0.2924331563897246,8.509398429957324
9097.7783203125,1.9540343574663063e-05,0.0004244171043566037,0.010728946569613521,0.2905236730659265,8.437771219220803
9108.544921875,1.9580360602780995e-05,0.0004238502665545048,0.010683625287556743,0.28860155624559203,8.365530745628853
9119.3115234375,1.9620296013418674e-05,0.00042328266967383877,0.010638110926110063,0.286666551803725,8.292660982110164
9130.078125,1.9660150303940648e-05,0.0004227143106568565,0.010592400996352178,0.28471839697971385,8.219145191098823
9140.8447265625,1.9699923966674834e-05,0.00042214518642522423,0.010546492955424704,0.2827568199608246,8.144965879640852
9151.611328125,1.973961748900326e-05,0.0004215752938798463,0.010500384204881434,0.28078153943950507,8.070104750786344
9162.3779296875,1.977923135339991e-05,0.0004210046299006256,0.010454072088972017,0.2787922641424589,7.994542650884731
9173.14453125,1.9818766037534274e-05,0.00042043319134631353,0.010407553892857045,0.2767886923292547,7.918259512352816
9183.9111328125,1.9858222014318234e-05,0.0004198609750542884,0.010360826840750906,0.27477051125802965,7.841234291431197
9194.677734375,1.9897599751960297e-05,0.0004192879778403207,0.010313888093988841,0.2727373966156075,7.763444900381993
9205.4443359375,1.9936899714060558e-05,0.00041871419649841453,0.010266734749014662,0.27068901190908984,7.684868133508725
9216.2109375,1.9976122359652778e-05,0.000418139627800572,0.010219363835284736,0.26862500781569015,7.605479586296225
9226.9775390625,2.0015268143269955e-05,0.0004175642684965825,0.010171772313084177,0.26654502148725234,7.525253566871967
9237.744140625,2.005433751502082e-05,0.0004169881153138244,0.010123957071250664,0.2644486758055332,7.444162998878383
9248.5107421875,2.0093330920623432e-05,0.00041641116495702254,0.010075914924800963,0.26233557858392026,7.36217931471522
9259.27734375,2.013224880148663e-05,0.00041583341410804343,0.010027642612455189,0.260205321710799,7.279272337958741
9270.0439453125,2.017109159476003e-05,0.0004152548594256755,0.009979136794053252,0.25805748022927105,7.195410153585555
9280.810546875,2.0209859733394552e-05,0.00041467549754540026,0.00993039404785771,0.2558916113473454,7.110558964418536
9291.5771484375,2.024855364619226e-05,0.0004140953250791562,0.00988141086773686,0.25370725337207256,7.0246829319637945
9302.34375,2.0287173757872058e-05,0.00041351433861512,0.009832183660221587,0.2515039245603559,6.93774399951268
9313.1103515625,2.032572048910856e-05,0.00041293253471746006,0.00978270874142886,0.24928112187833523,6.849701695032047
9323.876953125,2.0364194256599586e-05,0.00041234990992611016,0.009732982333844488,0.2470383196602939,6.760512910946585
9334.6435546875,2.0402595473119875e-05,0.00041176646075652884,0.009683000562957197,0.2447749681569622,6.670131657413237
9345.41015625,2.0440924547563133e-05,0.00041118218369945225,0.009632759453735465,0.2424904919618541,6.578508785080167
9356.1767578125,2.0479181884985973e-05,0.0004105970752206271,0.009582254926938134,0.2401842883028827,6.485591672586834
9366.943359375,2.051736788668512e-05,0.0004100111317606122,0.009531482795249135,0.23785572518487427,6.391323873164177
9377.7099609375,2.0555482950227477e-05,0.00040942434973449476,0.009480438759225817,0.23550413936676926,6.295644713595985
9388.4765625,2.0593527469484385e-05,0.00040883672553160196,0.009429118403049754,0.23312883415515745,6.198488837448996
9399.2431640625,2.0631501834713148e-05,0.0004082482555153065,0.009377517190068583,0.23072907699334955,6.09978568280316
9410.009765625,2.066940643257143e-05,0.0004076589360227149,0.009325630458115521,0.22830409682233735,5.999458882622752
9420.7763671875,2.0649176757146038e-05,0.0004066059972655597,0.009289504879337912,0.22717792954732197,5.964531888082332
9431.54296875,2.062803994967125e-05,0.0004055432477425886,0.009253483701058773,0.2260663892017275,5.930422335320889
9442.3095703125,2.0606881461843843e-05,0.00040447770589599745,0.009217321753539783,0.2249493564783104,5.8961154590624245
9453.076171875,2.058570122682267e-05,0.0004034093495993629,0.0091810173734067,0.22382674914608638,5.861607794617187
9463.8427734375,2.056449917740347e-05,0.00040233815643245756,0.009144568864266555,0.2226984829014427,5.82689577470192
9474.609375,2.0543275246042707e-05,0.00040126410367580955,0.009107974495782838,0.22156447129425585,5.79197572513568
9485.3759765625,2.0522029364857088e-05,0.00040018716830507987,0.009071232502716952,0.2204246256505889,5.756843860300804
9496.142578125,2.0500761465600074e-05,0.00039910732698526536,0.009034341083934442,0.21927885499176886,5.721496278352805
9506.9091796875,2.047947147967292e-05,0.0003980245560648351,0.008997298401374908,0.21812706594964398,5.6859289561624955
9517.67578125,2.045815933812821e-05,0.0003969388315696769,0.008960102578983194,0.21696916267778557,5.6501377439713005
9528.4423828125,2.0436824971644077e-05,0.00039585012919687927,0.008922751701600735,0.21580504675840748,5.614118359740128
9539.208984375,2.0415468310543936e-05,0.0003947584243084198,0.00888524381381491,0.21463461710473805,5.5778663831695745
9549.9755859375,2.0394089284797886e-05,0.0003936636919246652,0.00884757691876448,0.21345776985857534,5.541377249368171
9560.7421875,2.0372687823987346e-05,0.00039256590671764025,0.00880974897689892,0.21227439828273123,5.504646242142836
9571.5087890625,2.035126385734077e-05,0.0003914650430042672,0.008771757904689877,0.21108439264804638,5.467668486883525
9582.275390625,2.0329817313703873e-05,0.00039036107473929964,0.008733601573291911,0.20988764011464256,5.430438943012002
9593.0419921875,2.030834812154838e-05,0.00038925397550816345,0.00869527780715054,0.20868402460704258,5.392952395961166
9603.80859375,2.028685620896613e-05,0.00038814371851956283,0.008656784382554654,0.2074734266827725,5.355203448649296
9614.5751953125,2.0265341503676507e-05,0.0003870302765979401,0.008618119026130907,0.2062557233940208,5.317186512409296
9625.341796875,2.024380393300372e-05,0.0003859136221756935,0.00857927941327693,0.20503078814190298,5.278895797330098
9636.1083984375,2.0222243423897908e-05,0.0003847937272852193,0.00854026316653034,0.20379849052284202,5.2403253019627885
9646.875,2.0200659902903683e-05,0.00038367056355073555,0.008501067853870625,0.20255869616653843,5.20146880233973
9657.6416015625,2.0179053296182217e-05,0.00038254410217989976,0.008461690986949955,0.2013112665649567,5.16231984024968
9668.408203125,2.0157423529498233e-05,0.0003814143139551973,0.008422130019249748,0.20005605889171688,5.1228717107065505
9679.1748046875,2.0135770528213262e-05,0.0003802811692250847,0.008382382344158805,0.19879292581121985,5.083117448542728
9689.94140625,2.0114094217295997e-05,0.0003791446378949416,0.008342445292969148,0.19752171527678733,5.043049814051171
9700.7080078125,2.009239452129955e-05,0.00037800468941769723,0.008302316132784903,0.1962422703170325,5.002661277592514
9711.474609375,2.0070671364382117e-05,0.0003768612927843077,0.008261992064340067,0.19495442880961272,4.961944003074367
9722.2412109375,2.0048924670277103e-05,0.0003757144165138552,0.008221470219719576,0.1936580232414381,4.920889830200185
9733.0078125,2.002715436230624e-05,0.00037456402864347277,0.008180747659979084,0.19235288045433693,4.879490255373986
9743.7744140625,2.0005360363389925e-05,0.00037341009671796043,0.008139821372657436,0.19103882137507924,4.837736411133996
9754.541015625,1.9983542596007585e-05,0.0003722525877790552,0.008098688269175973,0.1897156607285717,4.795619043974791
9765.3076171875,1.996170098222916e-05,0.00037109146835449244,0.008057345182118383,0.18838320673291875,4.7531284904003765
9776.07421875,1.9939835443684573e-05,0.0003699267044466745,0.008015788862384274,0.18704126077493335,4.710254651032972
9786.8408203125,1.9917945901589507e-05,0.0003687582615211022,0.007974015976209321,0.18568961706454043,4.66698696258086
9797.607421875,1.989603227671174e-05,0.0003675861044943749,0.007932023102043948,0.1843280622663698,4.623314367444828
9808.3740234375,1.9874094489393228e-05,0.0003664101977219473,0.007889806727282778,0.18295637510667334,4.579225280715479
9819.140625,1.9852132459529553e-05,0.0003652305049854443,0.007847363244835436,0.18157432595351367,4.534707554282397
9829.9072265625,1.9830146106575072e-05,0.00036404698947966983,0.007804688949529755,0.18018167636797006,4.489748437739902
9840.673828125,1.980813534953383e-05,0.0003628596137991886,0.007761780034336804,0.17877817862387724,4.444334535733095
9851.4404296875,1.9786100106968698e-05,0.0003616683399245619,0.007718632586407216,0.17736357519335819,4.398451761339661
9862.20703125,1.9764040296971813e-05,0.00036047312920808937,0.007675242582906716,0.1759375981951243,4.352085285027621
9872.9736328125,1.9741955837190162e-05,0.00035927394235924653,0.007631605886638944,0.17449996880219804,4.305219478664931
9883.740234375,1.9719846644814473e-05,0.0003580707394295765,0.0075877182414412206,0.17305039660534485,4.257837853981527
9894.5068359375,1.9697712636559438e-05,0.000356863479797154,0.007543575267339592,0.17158857892810403,4.209922994796939
9905.2734375,1.967555372866954e-05,0.00035565212215058904,0.007499172455447009,0.17011420008883818,4.161456482223751
9916.0400390625,1.965336983692976e-05,0.0003544366244725629,0.007454505162588111,0.16862693060470607,4.112418811935886
9926.806640625,1.9680621473543568e-05,0.00035434976572726367,0.0074405156267657495,0.1680313869291555,4.09090482486511
9937.5732421875,1.9740034639780865e-05,0.0003550011429720344,0.007446684820774912,0.16802437124989386,4.087636620883434
9948.33984375,1.9799269521238364e-05,0.0003556513272180173,0.007452848908154108,0.16801735527768788,4.08436580177022
9959.1064453125,1.9858327713319716e-05,0.00035630032499624014,0.007459007901563609,0.16801033901250076,4.081092361237731
9969.873046875,1.9917210787768553e-05,0.000356948142778345,0.007465161813611452,0.16800332245429575,4.077816292972953
9980.6396484375,1.997592029317488e-05,0.0003575947869773786,0.007471310656853794,0.16799630560303602,4.074537590637541
9991.40625,2.0034457755430303e-05,0.0003582402639484869,0.007477454443795117,0.16798928845868497,4.071256247867615
10002.1728515625,2.0092824678203517e-05,0.0003588845799896776,0.00748359318688861,0.16798227102120594,4.067972258273631
10012.939453125,2.0151022543383075e-05,0.00035952774134252226,0.007489726898536431,0.16797525329056223,4.064685615440219
10023.7060546875,2.020905281151879e-05,0.00036016975419285295,0.007495855591089952,0.16796823526671698,4.0613963129260595
10034.47265625,2.0266916922255386e-05,0.00036081062467148287,0.007501979276850136,0.1679612169496335,4.058104344263736
10045.2392578125,2.0324616294741844e-05,0.00036145035885486583,0.007508097968067756,0.16795419833927483,4.054809702959559
10056.005859375,2.0382152328041093e-05,0.00036208896276578376,0.007514211676943745,0.16794717943560433,4.05151238249344
10066.7724609375,2.043952640151545e-05,0.0003627264423739806,0.0075203204156293795,0.1679401602385853,4.048212376318765
10077.5390625,2.049673987523767e-05,0.0003633628035968616,0.007526424196226672,0.1679331407481807,4.0449096778621785
10088.3056640625,2.055379409033989e-05,0.00036399805230008986,0.007532523030788601,0.16792612096435416,4.041604280523504
10099.072265625,2.061069036939021e-05,0.00036463219429823043,0.007538616931319369,0.16791910088706874,4.038296177675517
10109.8388671875,2.0667430016762958e-05,0.00036526523535539287,0.007544705909774717,0.16791208051628748,4.03498536266384
10120.60546875,2.072401431896428e-05,0.000365897181185802,0.007550789978062158,0.16790505985197363,4.031671828806782
10131.3720703125,2.0780444544993374e-05,0.0003665280374544399,0.0075568691480412935,0.16789803889409027,4.028355569395151
10142.138671875,2.0836721946660137e-05,0.00036715780977760707,0.007562943431524044,0.16789101764260073,4.025036577692145
10152.9052734375,2.0892847758914263e-05,0.0003677865037235203,0.0075690128402749295,0.16788399609746787,4.021714846933126
10163.671875,2.0948823200174097e-05,0.000368414124812908,0.007575077386011406,0.16787697425865566,4.018390370325562
10174.4384765625,2.1004649472606647e-05,0.00036904067851952117,0.007581137080403961,0.16786995212612643,4.015063141048713
10185.205078125,2.106032776245295e-05,0.00036966617027073804,0.0075871919350765215,0.16786292969984348,4.01173315225361
10195.9716796875,2.111585924031296e-05,0.0003702906054480944,0.007593241961606671,0.16785590697977001,4.008400397062834
10206.73828125,2.117124506144276e-05,0.00037091398938784314,0.007599287171525943,0.16784888396586906,4.005064868570315
10217.5048828125,2.122648636601337e-05,0.00037153632738144547,0.007605327576319993,0.16784186065810425,4.001726559841263
10228.271484375,2.128158427940393e-05,0.0003721576246761266,0.0076113631874288835,0.16783483705643795,3.9983854639118688
10239.0380859375,2.133653991246728e-05,0.0003727778864753987,0.007617394016247421,0.16782781316083356,3.9950415737892357
10249.8046875,2.1391354361775877e-05,0.0003733971179395288,0.007623420074125268,0.1678207889712543,3.991694882451206
10260.5712890625,2.1446028709902752e-05,0.00037401532418610174,0.007629441372367359,0.1678137644876634,3.9883453828461217
10271.337890625,2.1500564025645956e-05,0.00037463251029044815,0.0076354579222339515,0.16780673971002358,3.9849930678926797
10282.1044921875,2.1554961364284326e-05,0.0003752486812861681,0.00764146973494101,0.16779971463829788,3.981637930479803
10292.87109375,2.1609221767813927e-05,0.00037586384216560493,0.007647476821660439,0.1677926892724496,3.978279963466399
10303.6376953125,2.1663346265189403e-05,0.00037647799788032623,0.007653479193520297,0.16778566361244174,3.9749191596812383
10314.404296875,2.1717335872532663e-05,0.00037709115334155736,0.007659476861605008,0.16777863765823728,3.9715555119227233
10325.1708984375,2.177119159337125e-05,0.00037770331342067,0.007665469836955654,0.16777161140979924,3.968189012958738
10335.9375,2.182491441884926e-05,0.0003783144829496187,0.007671458130570178,0.16776458486709084,3.964819655526493
10346.7041015625,2.187850532794776e-05,0.000378924666721402,0.007677441753403651,0.1677575580300749,3.9614474323322706
10357.470703125,2.193196528767803e-05,0.000379533869490473,0.007683420716368466,0.16775053089871464,3.9580723360513215
10368.2373046875,2.1985295253298942e-05,0.00038014209597319774,0.007689395030334597,0.16774350347297262,3.954694359327584
10379.00390625,2.2038496168514774e-05,0.0003807493508482748,0.007695364706129839,0.16773647575281253,3.9513134947736384
10389.7705078125,2.2091568965659813e-05,0.00038135563875714396,0.0077013297545400075,0.16772944773819679,3.9479297349703435
10400.537109375,2.214451456590145e-05,0.00038196096430441283,0.007707290186309174,0.1677224194290886,3.9445430724667934
10411.3037109375,2.2197333879415636e-05,0.00038256533205825293,0.0077132460121398915,0.1677153908254508,3.941153499780044
10422.0703125,2.225002780558117e-05,0.00038316874655082195,0.007719197242693467,0.16770836192724686,3.937761009394979
10432.8369140625,2.2302597233148503e-05,0.00038377121227863633,0.00772514388859008,0.1677013327344389,3.9343655937640136
10443.603515625,2.2355043040416773e-05,0.0003843727337029768,0.0077310859604091155,0.1676943032469902,3.9309672453070217
10454.3701171875,2.240736609541013e-05,0.00038497331525027184,0.007737023468689325,0.16768727346486434,3.9275659564111045
10465.13671875,2.228513495014071e-05,0.0003827716584736751,0.007690684072283046,0.1666366095354937,3.90185112952633
10475.9033203125,2.206981458700351e-05,0.000379073294847627,0.007616376203341609,0.16502655622608342,3.8641512006725733
10486.669921875,2.1852372687271818e-05,0.00037533849150144877,0.007541336184124694,0.16340063917315828,3.8260798170363097
10497.4365234375,2.1632745277060493e-05,0.0003715661496134066,0.007465541937002884,0.1617583800133793,3.7876257775823143
10508.203125,2.1410865101179278e-05,0.0003677551140018046,0.007388970251957235,0.16009927584754685,3.748777306760085
10518.9697265625,2.1186661382568985e-05,0.0003639041689929214,0.0073115967035572455,0.15842279744173476,3.709522012382817
10529.736328125,2.0960059558559818e-05,0.00036001203389105977,0.0072333955599448215,0.15672838725521607,3.6698468394506563
10540.5029296875,2.0730980991190363e-05,0.0003560773580029002,0.007154339682863101,0.15501545727435398,3.629738019430518
10551.26953125,2.04993426483829e-05,0.00035209871516134964,0.007074400417629035,0.15328338662860078,3.5891810144338923
10562.0361328125,2.0265056752315355e-05,0.0003480745976859308,0.0069935474717849845,0.1515315189612022,3.5481604556510766
10572.802734375,2.0028030390761554e-05,0.00034400340970718507,0.006911748780972168,0.14975915952303293,3.506660075302336
10583.5693359375,1.9788165086535497e-05,0.00033988345977131246,0.006828970360342069,0.14796557195307733,3.4646626312518207
10594.3359375,1.9545356319359872e-05,0.0003357129526277868,0.006745176139552677,0.14614997470323884,3.4221498232932577
10605.1025390625,1.929949299358707e-05,0.00033148998008690516,0.006660327779077478,0.1443115370582458,3.379102199954809
10615.869140625,1.9050456844081887e-05,0.00032721251081516497,0.0065743844651732445,0.14244937469315014,3.3354990544763723
10626.6357421875,1.879812177125588e-05,0.0003228783789136593,0.006487302680395876,0.1405625447010176,3.2913183083813284
10637.40234375,1.8542353094622927e-05,0.0003184852710972052,0.00639903594600247,0.13865004001146786,3.2465363807848338
10648.1689453125,1.8283006712364416e-05,0.00031403071225886,0.0063095345319121475,0.13671078310629958,3.201128041243089
10658.935546875,1.801992815199683e-05,0.0003095120491640941,0.006218745129087715,0.1347436189208743,3.155066243536928
10669.7021484375,1.7752951494382113e-05,0.0003049264319695915,0.006126610478209988,0.13274730679848018,3.1083219372805524
10680.46875,1.748189814981737e-05,0.0003002707932011595,0.006033068947299765,0.13072051133852694,3.0608638536290633
10691.2353515625,1.720657546054293e-05,0.0002955418237502144,0.00593805404943681,0.12866179194680125,3.012658260594163
10702.001953125,1.69267750985842e-05,0.00029073594535514505,0.005841493889853266,0.12656959085545783,2.9636686825283833
10712.7685546875,1.664227122110416e-05,0.0002858492789172264,0.0057433105293335195,0.12444221932959111,2.9138555771473746
10723.53515625,1.6352818336773005e-05,0.00028087760785339524,0.005643419247895148,0.12227784171316622,2.863175961960118
10734.3017578125,1.6058148825884153e-05,0.00027581633550135284,0.005541727688967926,0.12007445688566011,2.8115829800700602
10745.068359375,1.575797004290183e-05,0.0002706604353527569,0.0054381348594747135,0.1178298765964825,2.759025392868458
10755.8349609375,1.5451960912185605e-05,0.00026540439258100374,0.005332529955002053,0.11554170000955642,2.705446983987359
10766.6015625,1.513976790411426e-05,0.00026004213492670787,0.0052247909711446335,0.11320728361485602,2.650785854768298
10777.3681640625,1.4821000247931562e-05,0.0002545669504731295,0.005114783051441647,0.11082370543259455,2.594973586091579
10788.134765625,1.4495224196538151e-05,0.000248971389137661,0.005002356508134434,0.10838772212832297,2.5379342342122166
10798.9013671875,1.4161956103117754e-05,0.00024324714375524478,0.004887344432883273,0.1058957172435345,2.4795831185624113
10809.66796875,1.3820653994126705e-05,0.00023738490533526622,0.004769559788575396,0.10334363818290256,2.419825346287008
10820.4345703125,1.3470707219151978e-05,0.0002313741852864797,0.004648791837451495,0.10072691882130984,2.3585540000615604
10831.201171875,1.3111423612363236e-05,0.0002252030949008697,0.0045248017104748215,0.09804038350389507,2.2956478902217876
10841.9677734375,1.274201339277133e-05,0.000218858068822875,0.004397316851248736,0.09527812666056622,2.230968735897729
10852.734375,1.2361568729748423e-05,0.0002123235140648033,0.00426602396400165,0.09243336000764538,2.164357587189899
10863.5009765625,1.1969037455828478e-05,0.0002055813584953046,0.0041305599417750275,0.08949821598590108,2.095630222606021
10874.267578125,1.1563188737443911e-05,0.00019861046119659166,0.003990500019265345,0.08646349106423512,2.0245711384323157
10885.0341796875,1.1142567475070355e-05,0.00019138582923683756,0.003845342036141523,0.08331830476774685,1.950925564763165
10895.80078125,1.0705432550589639e-05,0.0001838775570009023,0.0036944851259786177,0.08004963792377343,1.8743886533800425
10906.5673828125,1.024967132419145e-05,0.00017604935758067482,0.0035372002088145177,0.07664169331430039,1.7945905072169461
10917.333984375,9.772678159679936e-06,0.0001678564763138934,0.0033725880697763385,0.07307498735161942,1.7110749116466288
10928.1005859375,9.271176547311463e-06,0.0001592426355486026,0.003199517973001235,0.06932502000573393,1.6232681903924169
10938.8671875,8.740949074908685e-06,0.00015013539660057974,0.0030165344736498823,0.06536025566926347,1.5304319268145317
10949.6337890625,8.176409168386502e-06,0.00014043880392669762,0.002821709623947574,0.06113892085658311,1.431587980980059
10960.400390625,7.56988395205713e-06,0.00013002106746335393,0.0026123954855723167,0.05660364180742801,1.325392927384149
10971.1669921875,6.910326997063352e-06,0.00011869245266763311,0.002384779894287698,0.05167181909145128,1.209912673143504
10981.93359375,6.1807843648742115e-06,0.00010616175703240165,0.002133011982000825,0.04621668000382269,1.0821787935949494
10992.7001953125,5.352716275294819e-06,9.193877850045116e-05,0.0018472425629893088,0.04002481896188671,0.9371943266900212
11003.466796875,4.370474537454343e-06,7.506769830028987e-05,0.0015082672368249412,0.032680127834631735,0.7652159634072658
11014.2333984375,3.0903921824371057e-06,5.3080878516200826e-05,0.0010665059910004125,0.023108340001911344,0.5410893967974747
11025.0,0.0,0.0,0.0,0.0,0.0
