,no,yes
no,2.454157393679129e-15,1.3456523184232778
yes,1.3456523184232778,2.585078312574572e-15
