freq_hz,alpha_-2,alpha_-1,alpha_0,alpha_1,alpha_2
0.0,0.0,0.0,0.0,0.0,0.0
10.7666015625,2.783911035070658,1.16720280710136,0.5359745857821795,0.26268661363687645,0.13737117947329983
21.533203125,3.9370447422370463,1.650674039842691,0.7579825283004599,0.3714949716591316,0.1942721850899593
32.2998046875,4.821875356494042,2.021654564636571,0.9283352141404181,0.45498656128728354,0.23793386234294486
43.06640625,5.567822070141316,2.3344056142027196,1.071949171564358,0.5253732272737509,0.2747423589460152
53.8330078125,5.963150174029128,2.5131924007251274,1.1611511206509775,0.5728825733084586,0.3016308277931317
64.599609375,5.505093110211186,2.3788725514348497,1.1299211020858673,0.5732743019463262,0.3100155682509839
75.3662109375,5.00529123090412,2.2365002098988884,1.0978030191654875,0.5736657630916882,0.3181794286887021
86.1328125,4.449700041602435,2.0844260029527053,1.0647165072632145,0.574056957291775,0.32613899663070584
96.8994140625,3.814016336397597,1.9203464100763201,1.0305682960331635,0.5744478850919529,0.33390888189184875
107.666015625,3.337170912853476,1.7984157010499848,1.0182199092837179,0.5984098074815415,0.3685993560694101
118.4326171875,3.104535606559853,1.729765912860975,1.02929032745176,0.6441107304100148,0.4244893169171833
129.19921875,2.8529936843954946,1.6582765730747138,1.040242939274168,0.6867772334378571,0.47383211695631056
139.9658203125,2.577014667013601,1.5835631570357622,1.051081427499206,0.726943810557452,0.518500308526186
150.732421875,2.267694032449232,1.5051456247930706,1.0618092869050342,0.765004339234113,0.5596143894005553
161.4990234375,2.040771128695249,1.419434425520241,1.0548333553141531,0.8138540236599965,0.655604998512924
172.265625,1.8367253740793852,1.3270627589771258,1.041395724790766,0.8641578437245551,0.7565470478141177
183.0322265625,1.6069764776928261,1.2277609882122775,1.0277824204283985,0.9116902905668028,0.8455228897182486
193.798828125,1.3383522331318543,1.1196867964247836,1.0139863667085613,0.9568644590311055,0.9259883792568758
204.5654296875,1.0,1.0,1.0,1.0,1.0
215.33203125,0.9253876486978999,0.9452516669589218,0.9840827178282111,1.0530028459577017,1.1745404316997716
226.0986328125,0.85128729123086,0.8886678578552987,0.9678710220781529,1.1036677299657685,1.3279625455829813
236.865234375,0.770089477956764,0.828227269100475,0.9513831169560755,1.1521067323562355,1.4654090962065343
247.6318359375,0.679253675667837,0.7630139297405618,0.9346043842607988,1.1985897493777142,1.5910258062075926
258.3984375,0.5890171337916204,0.6995005968079235,0.9157793225203401,1.2391015421739222,1.7211200731682617
269.1650390625,0.5394556315140885,0.658340946922723,0.8904906436172382,1.2642709202484308,1.8848888326260873
279.931640625,0.4848541768866569,0.6144302400236944,0.8644624949550285,1.2889489081239136,2.035523892381079
290.6982421875,0.42326678031309367,0.5671298240403536,0.8376259451556539,1.313163209856966,2.175754839486777
301.46484375,0.35103555630274835,0.5155074730559284,0.809900637616697,1.3369390201837437,2.3074793014555812
312.2314453125,0.2981425669474344,0.4750917368170696,0.7846135100040645,1.3517708758826876,2.4314179757554837
322.998046875,0.2804251705584992,0.4509547942692587,0.7624133442707194,1.3569676457367126,2.5486339842813184
333.7646484375,0.2615101572396727,0.42545069580034606,0.7395470606818922,1.3621445893398487,2.66069107542392
344.53125,0.2411158402019116,0.39831691231928396,0.7159508379800887,1.3673019318933977,2.7682158174259794
355.2978515625,0.21882900733913843,0.36919429941717447,0.6915499619301239,1.3724398943673295,2.8717173650716803
366.064453125,0.20249574002933193,0.3491663444186767,0.672351761273549,1.373659420835566,2.966791986734162
376.8310546875,0.18826898248227913,0.33264962893233246,0.6550381366267423,1.3733458245635164,3.0570746129209923
387.59765625,0.17287537360711552,0.31526879830223453,0.6372542898900134,1.373032156667054,3.144766395995382
398.3642578125,0.1559698042400887,0.2968721184905255,0.61895969136206,1.372718417097084,3.2300783553650443
409.130859375,0.1369936672608374,0.27725745128159873,0.6001076312452687,1.3724046058044481,3.313194331489423
419.8974609375,0.1301735522942008,0.26758946138301987,0.591646828593056,1.3881643854567398,3.455437431083907
430.6640625,0.12354852878789452,0.2579980588978896,0.5834810204819114,1.404344180847273,3.594254738206968
441.4306640625,0.11654751912595984,0.24803603961300325,0.575199298279305,1.4203396761017093,3.727906437413712
452.197265625,0.10909816434374864,0.23765680191975763,0.5667965809877447,1.4361570292756354,3.8569295675573443
462.9638671875,0.10180898356456096,0.22774556510645722,0.5592696755566331,1.454859802967704,4.002093133031648
473.73046875,0.09680377372490105,0.22107984058050967,0.5554680865025139,1.4846938622537722,4.215613965334432
484.4970703125,0.09152525378450077,0.21420679120081246,0.5516402996956511,1.513940118676041,4.4188293431616765
495.263671875,0.08592306764340608,0.2071057770367438,0.5477857659467347,1.542632004484421,4.613101388789347
506.0302734375,0.0799291875736706,0.19975248776282525,0.5439039166060432,1.570799898008152,4.799516234217113
516.796875,0.07517225357487918,0.19371292481231953,0.5416863378551796,1.6053205559603394,5.036059892142424
527.5634765625,0.07225424056352825,0.18943853912491468,0.5414920550638206,1.6471287130666301,5.326805629195959
538.330078125,0.06921331411873008,0.18506545591282017,0.5412977025404073,1.687901628480834,5.602483126723553
549.0966796875,0.06603249520640773,0.18058650513994293,0.5411032802098023,1.7277125968887241,5.865217486096446
559.86328125,0.06269049365788588,0.17599360415963072,0.5409087879967303,1.766626651974802,6.116676804703663
570.6298828125,0.060265535633090006,0.172303781691064,0.5397662338973478,1.7987891752512368,6.366248490254152
581.396484375,0.05822689380041283,0.16898102208781032,0.53821348574593,1.8278899146976757,6.60972113016535
592.1630859375,0.056114236501570894,0.1655916014375181,0.5366562449295103,1.856534562971001,6.8445384795065065
602.9296875,0.05391886418180478,0.162131339066329,0.5350944722242051,1.8847439154321153,7.071562810039685
613.6962890625,0.05163022652637465,0.1585955981363973,0.5335281278320374,1.9125372336273174,7.291522073972447
624.462890625,0.05052936023529364,0.15656371758462687,0.5317951126776211,1.926781012442577,7.433723872865211
635.2294921875,0.04947938354119501,0.15459736686886513,0.5300470382379592,1.9401634111999384,7.569192154956034
645.99609375,0.04840663741108233,0.15260568148550246,0.5282931796094485,1.9534541341963272,7.702278178518988
656.7626953125,0.047309572977137684,0.15058765620236747,0.5265334789914972,1.9666550400765392,7.833103369669738
667.529296875,0.04628786511114826,0.14863111439980914,0.5242730417696523,1.975090822125551,7.932705316285739
678.2958984375,0.045680390525983626,0.14702987778388266,0.5198903297254117,1.9636209922343013,7.9081455369377665
689.0625,0.045064727899626754,0.1454110097432723,0.515470355653544,1.9520837703955902,7.883509245998858
699.8291015625,0.044440536931154746,0.14377391469933926,0.5110121526668274,1.940477954561839,7.8587957239077095
710.595703125,0.04380745307354691,0.142117962768214,0.5065147113251288,1.9288023065205864,7.834004239753189
721.3623046875,0.04333408226350297,0.14071422313636878,0.5019735224193294,1.9133065821116437,7.7785568059410055
732.12890625,0.04307528100400104,0.139650218063582,0.49738636947052095,1.8927894850030342,7.682736447504956
742.8955078125,0.042814915409580274,0.13857804377873456,0.49275651579665863,1.872047539974444,7.58570581161642
753.662109375,0.04255295676547,0.13749750917698586,0.4880827462480721,1.851073188534339,7.487417845890606
764.4287109375,0.04228937546761703,0.13640841558426764,0.48336378692456544,1.8298584389774517,7.387822367757037
775.1953125,0.04204583349395832,0.1353684534511077,0.4787865914540436,1.8091805961584562,7.290909691029754
785.9619140625,0.04181105495177336,0.1343476705717248,0.4742539454461049,1.7886346655324759,7.194604201625076
796.728515625,0.04157495060919884,0.13331907210280353,0.4696775589553036,1.7678499664769842,7.096991976417245
807.4951171875,0.04133749774881918,0.1322824757277242,0.4650561406983338,1.7468179759782865,6.998018334401556
818.26171875,0.04109867299693198,0.1312376919294124,0.46038833457880346,1.7255296515647245,6.897624671139324
829.0283203125,0.04091119500881397,0.13058687085823395,0.4579239660597541,1.7156185243410649,6.855326679337992
839.794921875,0.040727012049584344,0.12996449233962393,0.45562354334949884,1.7065661141586157,6.817451921002798
850.5615234375,0.040541992352721656,0.12933911897661982,0.45331144681864266,1.6974654290814475,6.779365568394012
861.328125,0.04035612440966163,0.1287107071156081,0.45098749692122225,1.6883156884477755,6.741064035051718
872.0947265625,0.04013961364998398,0.12803374949263643,0.4486659952407689,1.679822257349319,6.707971155092059
882.861328125,0.039778104605910795,0.1271339231745396,0.44640219814163945,1.6746830735634566,6.700793583127375
893.6279296875,0.03941327984455047,0.12622768251994262,0.4441268621981615,1.6695280702862485,6.693608314639782
904.39453125,0.03904504642300075,0.12531488836910834,0.4418398091461231,1.6643571005248574,6.686415324817077
915.1611328125,0.038673306973192184,0.12439539645649393,0.4395408560834588,1.6591700149958386,6.679214588713444
925.927734375,0.03823840992875149,0.12333438763703435,0.43698766507335834,1.6540571774014758,6.676904873565458
936.6943359375,0.0377145024085507,0.12207484178478038,0.4340802135282005,1.6490548535647955,6.681409109800654
947.4609375,0.03718321381983948,0.12080216396967533,0.43115315623002337,1.6440373091927956,6.68591031157407
958.2275390625,0.03664422311934574,0.11951593468125407,0.4282060911261464,1.639004404499928,6.690408485010295
968.994140625,0.03609718529283582,0.11821571158568805,0.42523860223168364,1.6339559975478033,6.6949036362133585
979.7607421875,0.03552035127407397,0.1167796757709873,0.4217213799452551,1.6268546964093904,6.692442532792407
990.52734375,0.03492296676552597,0.11526340003834148,0.4179038615465406,1.6186836885887743,6.68645063616296
1001.2939453125,0.03431518411401233,0.1137269101999195,0.41405114742998833,1.6104712242624615,6.6804533652259925
1012.060546875,0.03369644067038485,0.11216937558372482,0.41016224580118277,1.602216665951114,6.674450705494384
1022.8271484375,0.03306612113516763,0.11058990701716231,0.40623611739141247,1.5939193596683523,6.668442642415812
1033.59375,0.03255112895052529,0.10929692741447929,0.40310040403290015,1.5881003994439995,6.671902382920441
1044.3603515625,0.032057882588146576,0.10806102609460216,0.4001337532686453,1.582847001566127,6.677556286499041
1055.126953125,0.03155692754553004,0.10681082519571697,0.3971449424054381,1.5775761097391034,6.68320540695153
1065.8935546875,0.031047890688402146,0.1055458165791667,0.39413346730718585,1.572287548024296,6.6888497563968
1076.66015625,0.03053036777174556,0.1042654612790594,0.3910988044279222,1.5669811375140847,6.694489346902628
1087.4267578125,0.030055518206581876,0.10304849008493906,0.3880666520741241,1.561041312830215,6.695968927427721
1098.193359375,0.029601063320562906,0.10185988897492959,0.3850247711086343,1.5547482069740028,6.695224543222265
1108.9599609375,0.029139521697272474,0.10065725336598162,0.38195866567273057,1.5484295249752462,6.6944800762459415
1119.7265625,0.028670551089697835,0.0994400740566021,0.3788677476346195,1.5420849524398008,6.693735526471159
1130.4931640625,0.028193780782803417,0.09820781028809102,0.37575140467198054,1.5357141684790998,6.692990893870264
1141.259765625,0.027751036791470778,0.09708384021244933,0.37302183338633715,1.5308640970407679,6.698864020024216
1152.0263671875,0.02746046123990091,0.09641259065084923,0.37181767628952894,1.531768125012489,6.729310865320865
1162.79296875,0.02716677787329424,0.09573663479369078,0.37060960675593085,1.532671619754247,6.759620572596939
1173.5595703125,0.026869884788123705,0.09505587223960946,0.3693975864001098,1.5335745822084887,6.789794978408863
1184.326171875,0.02656967438702827,0.09437019896580055,0.36818157620482206,1.5344770133148846,6.819835878683344
1195.0927734375,0.026266032923558967,0.09367950714247499,0.36696153650635915,1.5353789140103495,6.849745029964761
1205.859375,0.025994618038108964,0.09308495922876375,0.36609611313449836,1.5378939127632993,6.888440235171501
1216.6259765625,0.025759953902834826,0.09259829315038286,0.36562270090826154,1.5421703737133763,6.936634127787625
1227.392578125,0.025523132315730255,0.09210905576602117,0.3651486749075185,1.5464350087229963,6.984495484431656
1238.1591796875,0.025284092653964373,0.09161720588323723,0.3646740327388025,1.55068791536174,7.032031095018318
1248.92578125,0.02504277140144711,0.09112270119786493,0.36419877199305034,1.5549291898648567,7.079247521492851
1259.6923828125,0.0247991019513762,0.09062549825153558,0.3637228902454593,1.5591589271586843,7.126151108404941
1270.458984375,0.024550456106444678,0.09009327792073557,0.36309055568828963,1.5628762750395364,7.172494051673263
1281.2255859375,0.024295856082146936,0.08951504822395823,0.3622510971922671,1.5659253104525364,7.218206622284182
1291.9921875,0.024038559659277044,0.08893305904202302,0.3614096888628914,1.5689684205713934,7.2636315134157305
1302.7587890625,0.023778479308455253,0.08834723607791388,0.3605663170499189,1.5720056398069033,7.308774088955341
1313.525390625,0.023515522659541918,0.08775750255471688,0.3597209679430896,1.575037002238084,7.353639548147825
1324.2919921875,0.02324959211859842,0.08716377909817687,0.3588736275694884,1.578062541616634,7.398232932584828
1335.05859375,0.022981504999773895,0.08656778086590225,0.3580362508768537,1.5812051941001874,7.443701341849786
1345.8251953125,0.02272542677329507,0.0859971343925445,0.3573923375065563,1.5863388946612786,7.507368385568014
1356.591796875,0.022466429889962707,0.08542267593216475,0.3567472619023825,1.5914560350763456,7.5705000156261635
1367.3583984375,0.022204412218610352,0.0848443280549388,0.35610101774818637,1.5965567745766756,7.633109516872237
1378.125,0.021939265528867186,0.08426201067370946,0.35545359867040455,1.6016412698580267,7.695209633696486
1388.8916015625,0.021670874968917786,0.08367564091453748,0.35480499823732464,1.6067096751367953,7.756812600321402
1399.658203125,0.021399118483949334,0.08308513297901633,0.35415520995833866,1.611762142204594,7.81793016894335
1410.4248046875,0.02109974553881361,0.08237401298287539,0.35300992989552643,1.6150003496133,7.874162980078471
1421.19140625,0.02074825227893567,0.08142723923186802,0.3508917453912622,1.6147258181510442,7.921448611651147
1431.9580078125,0.020390700906515482,0.08046932684535735,0.3487606964131826,1.6144512400057285,7.968453650315182
1442.724609375,0.02002676694544836,0.07949987318836423,0.34661654568339617,1.6141766151535315,8.01518303268321
1453.4912109375,0.019656095876708916,0.07851845076787262,0.3444590485389688,1.6139019435706097,8.061641552289716
1464.2578125,0.01927829909360549,0.07752460502967957,0.34228795260606715,1.6136272252330972,8.10783386533023
1475.0244140625,0.01889294912846702,0.07651785189763803,0.3401029974553816,1.6133524601171148,8.15376449610774
1485.791015625,0.01851526230043558,0.07551451644239814,0.33788096162320824,1.6130189474335899,8.201979672175781
1496.5576171875,0.018176229871226374,0.07454729954841838,0.33557700357350906,1.6125145855478888,8.257258685537884
1507.32421875,0.01783075227258213,0.07356736740154247,0.33325711759439713,1.6120100658586454,8.312170081091754
1518.0908203125,0.017478447324704983,0.07257420494105138,0.33092096870291665,1.6115053882176458,8.36672109694728
1528.857421875,0.017118893514420797,0.07156726136480165,0.328568210007036,1.6110005524764477,8.420918736765527
1539.6240234375,0.01675162408346385,0.0705459465574734,0.32619848210434477,1.6104955584863718,8.474769780254476
1550.390625,0.016376119922288622,0.06950962704634522,0.32381141244114536,1.6099904060985093,8.528280793068461
1561.1572265625,0.015991800961293257,0.06845762140590465,0.3214066146286982,1.6094850951637163,8.581458136151804
1571.923828125,0.015678478527009244,0.06751977317929417,0.31898587432768516,1.6078335957363656,8.631931311068934
1582.6904296875,0.015380688728955467,0.06660413613423809,0.31654721239012484,1.6058730542790238,8.681478200993139
1593.45703125,0.015077018360189943,0.06567573471376678,0.31408961670727004,1.6039101163532656,8.730743917308885
1604.2236328125,0.01476710464133134,0.0647340197284068,0.3116126393050846,1.6019447731495784,8.779733193265795
1614.990234375,0.014450545883931165,0.06377840143969259,0.30911581426067747,1.5999770158043398,8.828450630786836
1625.7568359375,0.014126895384332984,0.06280824524063333,0.3065986566790577,1.5980068353993568,8.87690070551357
1636.5234375,0.013795654027806043,0.061822866725931465,0.30406066159364264,1.5960342229613917,8.92508777160508
1647.2900390625,0.013456261253060037,0.06082152604314642,0.30150130278346166,1.5940591694616857,8.973016066304625
1658.056640625,0.013245127929998882,0.060161753256786216,0.29980619496212246,1.5941284151175283,9.02875978072565
1668.8232421875,0.013043125077059507,0.059527390859286496,0.29818207459358304,1.5943829805793361,9.08488787179902
1679.58984375,0.012837944137153624,0.05888619507234237,0.2965490594829124,1.594637505402708,9.14067131606168
1690.3564453125,0.012629430215217684,0.058237940190923376,0.29490700186917695,1.5948919896071008,9.19611638537619
1701.123046875,0.012417415409572764,0.057582387804477636,0.29325574985451447,1.5951464332119536,9.251229163656904
1711.8896484375,0.012201717229436854,0.056919285772477846,0.2915951472401426,1.5954008362366938,9.306015554661814
1722.65625,0.011982136756015834,0.05624836709125583,0.28992503335391256,1.59565519870073,9.360481289373931
1733.4228515625,0.011758456494493728,0.05556934863768324,0.2882452428688703,1.5959095206234548,9.414631932998267
1744.189453125,0.011588790661786214,0.05502531488636055,0.2867616786978232,1.5951536074088168,9.454717702145746
1754.9560546875,0.011453016639765631,0.05456505986152414,0.2853981938814219,1.5937731502757577,9.486169241466179
1765.72265625,0.011315613606822593,0.05410088942929028,0.28402816369501405,1.5923914964136374,9.517516846752045
1776.4892578125,0.0111765214823933,0.05363270193071337,0.2826514929611123,1.5910086427046883,9.548761541617802
1787.255859375,0.011035676399484554,0.053160391230099774,0.2812680841729643,1.5896245860175802,9.579904332985231
1798.0224609375,0.010893010361774477,0.052683846434042385,0.27987783741395766,1.5882393232073415,9.610946211462169
1808.7890625,0.010748450859962195,0.05220295158737877,0.2784806502734038,1.586852851115271,9.64188815171017
1819.5556640625,0.010601920440987058,0.05171758534369862,0.2770764177584981,1.5854651665688573,9.67273111280154
1830.322265625,0.010453336222685284,0.05122762060774681,0.275665032202247,1.584076266381693,9.703476038566183
1841.0888671875,0.010368632213318355,0.05094653025780582,0.27489734472847205,1.5840962216470396,9.73176073971719
1851.85546875,0.010293153236947648,0.050695937198945724,0.27422503340721055,1.584327016823061,9.75961091504624
1862.6220703125,0.010217116674649513,0.05044409927483448,0.27355106973946763,1.5845577783831337,9.787381842509175
1873.388671875,0.010140509983598025,0.05019099774679973,0.27287544148205883,1.584788506341942,9.815074194781571
1884.1552734375,0.010063320143557122,0.049936613401282776,0.27219813623985345,1.5850192007141597,9.84268863507606
1894.921875,0.00998553363094481,0.04968092653281447,0.2715191414631223,1.5852498615144504,9.870225817327789
1905.6884765625,0.009907136391487806,0.04942391692621,0.27083844444482474,1.585480488757467,9.89768638637498
1916.455078125,0.009828113810036173,0.049165563837900994,0.2701560323178325,1.5857110824578504,9.925070978135187
1927.2216796875,0.009748450679308393,0.0489058459764126,0.2694718920520933,1.585941642630232,9.952380219777034
1937.98828125,0.009672712217091992,0.04864674518638997,0.2687159133054822,1.5854845326840457,9.974843830733088
1948.7548828125,0.009598892639446036,0.04838735527881767,0.26791946750033585,1.5846521436228518,9.994660649548937
1959.521484375,0.00952450094088731,0.04812656734619207,0.26712064702626,1.5838193170929116,10.014438254429034
1970.2880859375,0.009449523609258189,0.04786435853718856,0.2663194305149211,1.5829860524037505,10.03417687724811
1981.0546875,0.009373946592067455,0.047600705371092185,0.26551579627558136,1.5821523488630802,10.053876747604832
1991.8212890625,0.009297755265635846,0.04733558371325393,0.26470972228824585,1.5813182057767872,10.073538092852878
2002.587890625,0.00922093440215277,0.047068968749309374,0.2639011861966224,1.5804836224489236,10.093161138131457
2013.3544921875,0.009143468134033442,0.04680083495806981,0.26309016530088786,1.579648598181705,10.112746106395424
2024.12109375,0.009065339915688513,0.046531156083010214,0.26227663655025146,1.578813132275502,10.132293218444932
2034.8876953125,0.008986532482327064,0.04625990510226359,0.2614605765353103,1.5779772240288312,10.151802692954329
2045.654296875,0.008899028811214476,0.045972262141542694,0.26079538821820836,1.5800086426254762,10.205402822513623
2056.4208984375,0.008809995897737202,0.045681591976369854,0.26014105901371615,1.5822711635731623,10.261491002043217
2067.1875,0.008720053993707193,0.04538906040644949,0.2594850798286281,1.5845304539134422,10.317274271834513
2077.9541015625,0.008629174675949468,0.045094631206664466,0.2588274381176796,1.5867865274456765,10.372757551177196
2088.720703125,0.00853732800843205,0.04479826696145668,0.25816812117582033,1.5890393978712674,10.427945628490214
2099.4873046875,0.008444482426926418,0.04449992900932246,0.25750711613535016,1.5912890787946241,10.482843166144974
2110.25390625,0.008350604612473198,0.04419957738394714,0.2568444099629902,1.5935355837241336,10.537454705062189
2121.0205078125,0.00825565935154442,0.0438971707517045,0.2561799894568822,1.5957789260730906,10.591784669095318
2131.787109375,0.008159609381820884,0.04359266634525922,0.25551384124352244,1.5980191191606417,10.64583736921275
2142.5537109375,0.008062415221248577,0.043286019892963414,0.2548459517746196,1.6002561762127094,10.699617007490076
2153.3203125,0.00795142464949254,0.04291062791142159,0.2539876734460896,1.6037527871399992,10.785437339729542
2164.0869140625,0.007832689682654636,0.04249951757581362,0.2530351999448058,1.6078487518288613,10.885998011854955
2174.853515625,0.007712126903360614,0.042084391412985846,0.25207912757635875,1.6119343086043976,10.98563820717704
2185.6201171875,0.007589649206774653,0.04166512938928491,0.25111941523547826,1.616009536405726,11.084382748888899
2196.38671875,0.007465162341847749,0.04124160536946012,0.25015602102839507,1.6200745131791194,11.182255364135795
2207.1533203125,0.007338564062453179,0.040813686673403626,0.24918890225150317,1.624129315895404,11.2792787505949
2217.919921875,0.00720974314430271,0.040381233590606934,0.24821801536927082,1.6281740205669615,11.375474637943665
2228.6865234375,0.007078578241099301,0.039944098847309525,0.247243315991373,1.6322087022643568,11.470863844688294
2239.453125,0.006944936545719194,0.03950212702055594,0.24626475884900847,1.6362334351325944,11.565466330773502
2250.2197265625,0.006808672215079611,0.03905515389257322,0.24528229777036623,1.6402482924070119,11.659301246349742
2260.986328125,0.00666962450521688,0.03860300573785661,0.24429588565520494,1.6442533464288378,11.75238697703622
2271.7529296875,0.006553366839631555,0.038178254379704936,0.24336506623556495,1.6513301287375153,11.910803504328522
2282.51953125,0.0064389401489289054,0.03775369863987283,0.24243965902191192,1.6588371985082455,12.076905783727932
2293.2861328125,0.0063224428466094424,0.03732431398564847,0.2415107059106924,1.6663104477356885,12.240754327220088
2304.052734375,0.006203758284749259,0.03688993179728328,0.240578165826205,1.6737503294432952,12.402438457403216
2314.8193359375,0.006082758433711822,0.036450373407102075,0.23964199689353496,1.6811572866302438,12.562041748059517
2325.5859375,0.005959302263668308,0.03600544924072027,0.2387021564166127,1.6885317525792602,12.719642529187155
2336.3525390625,0.005833233818084577,0.03555495786152681,0.2377586008554918,1.6958741511523834,12.87531433638119
2347.119140625,0.005704379903505792,0.03509868490476357,0.23681128580281202,1.7031848970752548,13.029126311880617
2357.8857421875,0.005572547298169816,0.03463640188519546,0.23586016595941148,1.7104643962104766,13.181143563487058
2368.65234375,0.005437519351460239,0.03416786485956846,0.23490519510905064,1.717713045820546,13.331427486641196
2379.4189453125,0.005299051802383815,0.03369281292161039,0.2339463260922069,1.7249312348208332,13.480036054176153
2390.185546875,0.005183372406331156,0.033263401233108746,0.2329715683517108,1.7322815625500545,13.653774398958413
2400.9521484375,0.005094480189526512,0.032886235594427375,0.23197963133980856,1.7397770360479268,13.854091325683855
2411.71875,0.005004009122704834,0.032504693838730114,0.2309834345853642,1.7472403550652562,14.051552853087992
2422.4853515625,0.004911871964848549,0.032118620012806284,0.2299829227337302,1.7546719298995512,14.24627771405085
2433.251953125,0.004817973131677638,0.03172784867438084,0.22897803922089688,1.7620721621960511,14.438376634116404
2444.0185546875,0.004722207534202464,0.03133220406357939,0.22796872623617545,1.7694414452010327,14.62795306771714
2454.78515625,0.004624459200268957,0.030931499178979763,0.22695492468338732,1.7767801640056575,14.815103849587821
2465.5517578125,0.004524599628016719,0.03052553474448328,0.22593657414048693,1.7840886957807969,14.999919773012408
2476.318359375,0.004422485804642707,0.0301140980508137,0.22491361281753808,1.791367410003229,15.182486104704497
2487.0849609375,0.004317957803302637,0.029696961652523494,0.2238859775129633,1.7986166686736027,15.36288304460728
2497.8515625,0.004210835842208967,0.029273881897843395,0.2228536035679765,1.8058368265265228,15.541186137647895
2508.6181640625,0.00410091665223315,0.02884459726441471,0.22181642481910704,1.8130282312331034,15.71746664344339
2519.384765625,0.004015761784307483,0.028488713305199843,0.22082330924888166,1.8185637208573846,15.882866099497072
2530.1513671875,0.003960604277237699,0.0282194268866337,0.2198812098985987,1.8222482227269186,16.036577466384063
2540.91796875,0.0039046676905074855,0.027947545900029177,0.2189350566385294,1.8259252897214,16.18882942451739
2551.6845703125,0.0038479180482204707,0.027672993872337362,0.21798479668123763,1.8295949666680167,16.339662769987125
2562.451171875,0.003790318830703629,0.02739569049837247,0.21703037608363704,1.8332572979452995,16.4891164328986
2573.2177734375,0.003731830699655247,0.027115551366453758,0.21607173971125737,1.8369123274893828,16.637227594718723
2583.984375,0.0036724111838662477,0.02683248765826568,0.21510883120107788,1.8405600988001523,16.784031796301306
2594.7509765625,0.0036120143183347494,0.02654640581990639,0.2141415929228561,1.8442006549472822,16.929563037480815
2605.517578125,0.0035505902281660765,0.02625720720067791,0.21316996593887855,1.8478340385761778,17.073853869024994
2616.2841796875,0.0034880846464609098,0.025964787655659943,0.2121938899620512,1.8514602919137937,17.216935477651155
2627.05078125,0.0034244383529844625,0.025669037107528984,0.21121330331224772,1.8550794567743645,17.358837764734886
2637.8173828125,0.003359586517095232,0.025369839062396145,0.21022814287082495,1.8586915745650308,17.49958941927408
2648.583984375,0.0032934579242036737,0.025067070073626095,0.20923834403321107,1.8622966862913632,17.639217985612422
2659.3505859375,0.0032596113517879255,0.02488664247277986,0.20839297373710344,1.8608770428771024,17.68661282317977
2670.1171875,0.0032333321418613016,0.024734585266632345,0.2075792672381362,1.8582765163489803,17.712493664847475
2680.8837890625,0.003206837587784714,0.024581587480401162,0.20676235844865493,1.8556723454643531,17.738336745519813
2691.650390625,0.0031801223072913695,0.024427631440664496,0.20594220926118706,1.8530645148586284,17.764142229999543
2702.4169921875,0.0031531806900701696,0.0242726989134968,0.20511878080640744,1.8504530090589482,17.78991028189431
2713.18359375,0.003126006884036285,0.02411677107926326,0.204292033431643,1.8478378124831163,17.815641063628455
2723.9501953125,0.0030985947805264,0.023959828505936843,0.2034619266785902,1.8452189094385139,17.8413347364551
2734.716796875,0.0030709379982002457,0.02380185112083154,0.20262841926021263,1.842596284121004,17.866991460467965
2745.4833984375,0.0030430298657098216,0.023642818180634413,0.20179146903677816,1.8399699206138134,17.892611394612867
2756.25,0.0030148634029779266,0.023482708239615128,0.20095103299099887,1.8373398028864107,17.918194696699388
2767.0166015625,0.0029864313006367415,0.023321499115862933,0.2001070672022305,1.8347059147933622,17.94374152341204
2777.783203125,0.0029577258980812136,0.023159167855419573,0.19925952681968925,1.8320682400731743,17.96925203032159
2788.5498046875,0.0029287391592864227,0.022995690694124427,0.1984083660346382,1.8294267623471268,17.994726371896075
2799.31640625,0.0029112587228389514,0.022882389793986463,0.19763586718791856,1.8241775953764465,17.961271645688527
2810.0830078125,0.0029073156647998546,0.022827963757487423,0.19695572832334818,1.8158934094522186,17.859385522905416
2820.849609375,0.002903367251697605,0.022773407648886648,0.19627323261117507,1.8075712571045734,17.756914804698273
2831.6162109375,0.002899413461672533,0.02271872053112998,0.1955883553790981,1.799210611498614,17.65384931132192
2842.3828125,0.002895454272699748,0.022663901455857505,0.19490107152132408,1.7908109335013072,17.550178564117527
2853.1494140625,0.0028914896625680756,0.022608949463211004,0.19421135548782995,1.7823716712757838,17.445891773078245
2863.916015625,0.002887519608978252,0.022553863581640472,0.19351918127327877,1.7738922598582574,17.340977823741873
2874.6826171875,0.0028835440894348294,0.02249864282770102,0.19282452240558015,1.7653721207166615,17.23542526336547
2885.44921875,0.0028795630813059324,0.022443286205849733,0.19212735193407526,1.7568106612900125,17.129222286332958
2896.2158203125,0.0028755765617872,0.02238779270823508,0.19142764241733726,1.7482072745074764,17.022356718743595
2906.982421875,0.002871584507928299,0.02233216131448357,0.19072536591056755,1.7395613382860249,16.914816002123803
2917.7490234375,0.0028675868966198123,0.022276390991480953,0.1900204939525728,1.7308722150055078,16.80658717620126
2928.515625,0.002863583704583437,0.022220480693147752,0.18931299755230677,1.722139250959886,16.69765686067364
2939.2822265625,0.0028595749083739977,0.02216442936021064,0.18860284717495557,1.713361775783295,16.588011235900172
2950.048828125,0.0028619714902841527,0.022137079251381767,0.18798402078015292,1.7042633007727945,16.46643448463607
2960.8154296875,0.0028741599420622726,0.02215390181147209,0.18750767648914526,1.6946907420339319,16.32663458110104
2971.58203125,0.0028862969240664445,0.022170711607044293,0.1870301190077228,1.6850638041065555,16.185627230749986
2982.3486328125,0.002898383082892802,0.022187508667110736,0.18655133901885548,1.6753815495834354,16.043380596395107
2993.115234375,0.002910419051713113,0.02220429302057395,0.18607132708564464,1.6656430138115217,15.899861416653229
3003.8818359375,0.002922405450638524,0.022221064696226808,0.18559007364915275,1.6558472037702232,15.755034915123794
3014.6484375,0.0029343428871352723,0.02223782372275419,0.18510756902618258,1.6459930968895966,15.60886470198142
3025.4150390625,0.0029462319563536518,0.02225457012873261,0.18462380340700357,1.6360796398044746,15.461312667194612
3036.181640625,0.002958073241488045,0.022271303942631382,0.18413876685302558,1.6261057470402347,15.312338864482603
3046.9482421875,0.0029698673140990334,0.022288025192812828,0.18365244929441576,1.616070299625551,15.16190138500894
3057.71484375,0.002981614734454215,0.022304733907532952,0.18316484052765947,1.60597214362714,15.009956219680573
3068.4814453125,0.0029933160518160412,0.022321430114941955,0.18267593021306314,1.5958100886010496,14.856457108769861
3079.248046875,0.0030049718047616063,0.022338113843085025,0.18218570787219537,1.5855829059545972,14.701355377403464
3090.0146484375,0.003016582521456535,0.022354785119902545,0.18169416288526696,1.5752893272126125,14.54459975525974
3100.78125,0.0030281487199469276,0.022371443973230824,0.18120128448844647,1.5649280421810141,14.38613617858156
3111.5478515625,0.003041859860988876,0.022395330053550388,0.18078343823496906,1.5560845070164238,14.256322089169036
3122.314453125,0.0030572020819349156,0.02242480981856472,0.18042410027660835,1.548429675752003,14.149127337472237
3133.0810546875,0.003072467693185693,0.022454250880181575,0.18006404522055575,1.5407368135156494,14.041114247590166
3143.84765625,0.0030876578310364087,0.022483653390440658,0.17970326875646164,1.533005347771253,13.932263786468958
3154.6142578125,0.003102773603963225,0.022513017500388793,0.1793417665306211,1.5252346914715005,13.822556171621422
3165.380859375,0.0031178160935721897,0.022542343360089027,0.17897953414536125,1.5174242425376854,13.711970829151596
3176.1474609375,0.0031327863554998607,0.022571631118629545,0.17861656715841698,1.5095733833152893,13.600486348707506
3186.9140625,0.003147685420289339,0.0226008809241327,0.17825286108229507,1.5016814800039573,13.488080435082477
3197.6806640625,0.003162514294194938,0.02263009292376335,0.1778884113836276,1.4937478820603491,13.374729856155222
3208.447265625,0.003177273959997305,0.02265926726373785,0.1775232134825118,1.4857719215723129,13.260410386824551
3219.2138671875,0.0031919653777513226,0.022688404089332505,0.17715726275183916,1.4777529126026403,13.145096748555323
3229.98046875,0.0032065894855208455,0.02271750354489197,0.17679055451661124,1.4696901505006041,13.028762544108112
3240.7470703125,0.003221147200071276,0.022746565773837477,0.17642308405324295,1.4615829111793117,12.91138018697573
3251.513671875,0.0032356394175526164,0.022775590918675502,0.1760548465888525,1.4534304503567745,12.792920824991647
3262.2802734375,0.0032500670141239925,0.022804579121005305,0.17568583730053805,1.4452320027584502,12.673354257511294
3273.046875,0.0032644308465930986,0.02283353052152753,0.17531605131464092,1.4369867812788342,12.552648845492936
3283.8134765625,0.00326563982791453,0.022816286393531015,0.17499762613661893,1.4329425430291332,12.505494407198922
3294.580078125,0.0032658089561934784,0.022795364330650644,0.17468275970439215,1.4292239757869898,12.464086674910394
3305.3466796875,0.0032659780757143767,0.02277442304741375,0.17436732469827293,1.42549570827342,12.422540920072421
3316.11328125,0.0032661471864776576,0.022753462490751615,0.17405131802696433,1.4217576641775171,12.380855753221129
3326.8798828125,0.0032663162884868963,0.022732482607350946,0.1737347365710554,1.4180097661825461,12.339029761422232
3337.646484375,0.0032664853817405827,0.02271148334365203,0.17341757718266204,1.4142519359472867,12.297061507712272
3348.4130859375,0.0032666544662420744,0.022690464645847487,0.17309983668506185,1.410484094086927,12.254949530522515
3359.1796875,0.0032668235419922166,0.022669426459880425,0.17278151187232282,1.4067061601534947,12.21269234308507
3369.9462890625,0.0032669926089914135,0.022648368731442818,0.17246259950892584,1.4029180526158178,12.17028843282047
3380.712890625,0.003267161667242472,0.02262729140597407,0.17214309632938138,1.3991196888389958,12.12773626070583
3391.4794921875,0.0032673307167459054,0.02260619442865913,0.17182299903783899,1.3953109850633654,12.085034260623091
3402.24609375,0.0032674997575038423,0.022585077744426977,0.1715023043076907,1.39149185638295,12.042180838686527
3413.0126953125,0.003267668789515822,0.022563941297948833,0.17118100878116785,1.3876622167233772,11.999174372548456
3423.779296875,0.003267837812785481,0.02254278503363664,0.1708591090689309,1.3838219788192436,11.956013210682686
3434.5458984375,0.0032680068273133554,0.022521608895641185,0.17053660174965188,1.3799710541909127,11.912695671644338
3445.3125,0.003268175833100058,0.022500412827850397,0.17021348336959058,1.3761093531207278,11.869220043305658
3456.0791015625,0.003256042989604536,0.022431129638065005,0.16980372736163707,1.3737660949717407,11.85773140593237
3466.845703125,0.003228261546694892,0.02230081783070149,0.16928442079539943,1.3733438881323095,11.886594537269046
3477.6123046875,0.003200238940701487,0.022169740075079564,0.16876351626510575,1.3729215514539914,11.915387752466723
3488.37890625,0.0031719687800005054,0.02203788270399506,0.16824099892800007,1.3724990848169252,11.94411155715794
3499.1455078125,0.0031434443855444744,0.021905231638891645,0.16771685371011472,1.372076488101068,11.972766450909873
3509.912109375,0.0031146587724381553,0.02177177237231628,0.16719106530119585,1.371653761186191,12.001352927325861
3520.6787109375,0.003085604629961711,0.02163748994940056,0.16666361814948533,1.3712309039518797,12.02987147414438
3531.4453125,0.0030562742998877248,0.021502368948301154,0.16613449645635361,1.3708079162775333,12.058322573336323
3542.2119140625,0.0030266597529073876,0.02136639345952706,0.16560368417077825,1.3703847980423658,12.086706701199951
3552.978515625,0.002996752562956009,0.021229547064075004,0.16507116498366267,1.3699615491254047,12.115024328453963
3563.7451171875,0.002966543879213475,0.021091812810288057,0.1645369223219892,1.3695381694054911,12.143275920328549
3574.51171875,0.0029360243955071303,0.020953173189345007,0.1640009393428008,1.3691146587612766,12.171461936654559
3585.2783203125,0.0029051843168251667,0.020813610109280463,0.1634631989270054,1.3686910170712272,12.199582831950869
3596.044921875,0.002874013322592962,0.020673104867426115,0.162923683672996,1.3682672442136203,12.227639055509844
3606.8115234375,0.002842500526324673,0.020531638121154692,0.16238237589007978,1.3678433400665435,12.25563105148117
3617.578125,0.0028106344312042023,0.020389189856796858,0.16183925759171006,1.367419304507897,12.283559258953765
3628.3447265625,0.0027784028810784868,0.020245739356589652,0.16129431048851225,1.3669951374153917,12.31142411203629
3639.111328125,0.0027452836583030027,0.02009722941710196,0.1607324662304318,1.3667405334734644,12.34466743061929
3649.8779296875,0.002704393870914704,0.01988952373384521,0.15995306300571696,1.3689046547424832,12.45497479743376
3660.64453125,0.0026628762745452635,0.019679625973954753,0.15916984334133386,1.3710653601167015,12.564313767047816
3671.4111328125,0.002620701031791216,0.01946746523280106,0.1583827506191843,1.3732226657204025,12.67270940521186
3682.177734375,0.002577835864155553,0.019252966698820238,0.1575917268072555,1.3753765875514072,12.780185714654628
3692.9443359375,0.002534245762948484,0.01903605134531435,0.15679671240968857,1.377527141482468,12.886765697147581
3703.7109375,0.002489892654617352,0.018816635590269786,0.15599764641455505,1.379674343262628,12.992471410986315
3714.4775390625,0.0024447350114097056,0.01859463092004169,0.15519446623921376,1.3818182085185697,13.097324024296517
3725.244140625,0.0023987273960389198,0.018369943472099564,0.15438710767310976,1.3839587527559396,13.201343864528795
3736.0107421875,0.0023518199261430123,0.0181424735712553,0.1535755048178658,1.3860959913606572,13.30455046447077
3746.77734375,0.002303957640560762,0.017912115212873655,0.15275959002450967,1.3882299396002054,13.40696260507082
3757.5439453125,0.0022550797444865762,0.01767875548546399,0.15193929382766727,1.3903606126249028,13.50859835533963
3768.310546875,0.002205118703945211,0.017442273923728706,0.15111454487654108,1.39248802546916,13.609475109569875
3779.0771484375,0.002153999151110426,0.017202541781549303,0.1502852698624788,1.3946121930527162,13.709609622090607
3789.84375,0.0021016365498058003,0.016959421212456298,0.14945139344292518,1.3967331301818586,13.809018039753473
3800.6103515625,0.00204793555366737,0.01671276434277333,0.1486128381615328,1.3988508515506284,13.90771593232887
3811.376953125,0.001992787965758101,0.01646241221973982,0.14776952436419322,1.4009653717420085,14.005718320974188
3822.1435546875,0.0019360701745973347,0.016208193613361174,0.14692137011072903,1.4030767052290942,14.1030397049214
3832.91015625,0.0018776398923810525,0.01594992364633026,0.14606829108197225,1.4051848663762492,14.19969408651845
3843.6767578125,0.0018378000194817655,0.015727005005225926,0.14511641875913614,1.4079930815338417,14.373577861025513
3854.443359375,0.0018041440153217,0.015514525915452283,0.14412613359128176,1.4110343641204006,14.571469303702099
3865.2099609375,0.0017698481133800567,0.015299096127813544,0.1431289969728951,1.4140691057406498,14.766709004057128
3875.9765625,0.0017348743645719095,0.015080589188586709,0.142124864696372,1.417097348417412,14.959400788543345
3886.7431640625,0.001699180913635335,0.014858869345335715,0.14111358742324248,1.4201191337254633,15.149641880059116
3897.509765625,0.0016627214119258006,0.014633790560500601,0.14009501042489741,1.4231345027981923,15.337523471402113
3908.2763671875,0.0016254443115931029,0.014405195386229077,0.13906897330622367,1.4261434963341375,15.523131236241632
3919.04296875,0.0015872920104707284,0.014172913675821016,0.13803530971074818,1.4291461546033895,15.706545785733725
3929.8095703125,0.0015481998071690082,0.013936761101816787,0.13699384700575862,1.4321425174538864,15.887843077684257
3940.576171875,0.0015080946121951396,0.013696537444038641,0.1359444059457109,1.4351326243175766,16.06709478415091
3951.3427734375,0.0014668933416393673,0.01345202460237088,0.1348868003120664,1.438116514216478,16.244368622530665
3962.109375,0.0014245008922986835,0.013202984278170992,0.133820836527509,1.441094225768618,16.419728654470163
3972.8759765625,0.0013808075566760414,0.012949155254165012,0.13274631324227923,1.4440657971938649,16.593235556340368
3983.642578125,0.0013356856759685343,0.01269025018442538,0.13166302089012066,1.44703126631965,16.764946864513696
3994.4091796875,0.0012889852370765761,0.01242595178206271,0.1305707412110668,1.4499906705865908,16.934917198254553
4005.17578125,0.0012405279754262965,0.012155908260470976,0.1294692467379895,1.452944047053997,17.103198462670857
4015.9423828125,0.0011900993127588598,0.01187972784131966,0.12835830024348807,1.4558914324052967,17.269840033864718
4026.708984375,0.001137437071069423,0.011596972084585898,0.1272376541433096,1.458832862953343,17.43488892815341
4037.4755859375,0.0010822152313919918,0.011307147716267946,0.12610704985205023,1.4617683746456354,17.59838995700503
4048.2421875,0.0010415270644409803,0.011072444841352568,0.1250446086076187,1.4646559004132436,17.816103385373843
4059.0087890625,0.001022534269861202,0.010915831405102614,0.12407621046232088,1.467482886659927,18.102804097905366
4069.775390625,0.0010031819576318687,0.01075693802921881,0.12310019440905738,1.4703044374088565,18.38503447306937
4080.5419921875,0.000983448904211925,0.010595662143739918,0.12211637778940751,1.4731205838927766,18.662997319422164
4091.30859375,0.0009633117118945356,0.010431893249267491,0.12112457052663957,1.4759313570464647,18.93688055920428
4102.0751953125,0.0009427444835960081,0.01026551203125991,0.12012457469693895,1.4787367875106916,19.206858714594095
4112.841796875,0.000921718432292781,0.010096389342917173,0.11911618406823674,1.4815369056361254,19.473094208450526
4123.6083984375,0.0009002014083002606,0.009924385032010844,0.11809918360359496,1.4843317414871537,19.735738507084037
4134.375,0.000878157322228375,0.009749346581357652,0.11707334892576197,1.4871213248456596,19.994933127890413
4145.1416015625,0.0008555454340132066,0.009571107525425658,0.11603844573912046,1.4899056852147161,20.25081053088047
4155.908203125,0.0008323194679558913,0.009389485596298073,0.11499422920481,1.4926848518222304,20.50349491004959
4166.6748046875,0.0008084264987096301,0.009204280540211622,0.1139404432643035,1.4954588536245244,20.753102898006347
4177.44140625,0.0007838055312980639,0.009015271530172998,0.11287681990614169,1.4982277193098517,20.999744195205082
4188.2080078125,0.0007583856657209203,0.00882221407938943,0.1118030783698782,1.5009914773018604,21.243522133414217
4198.974609375,0.0007320836871891711,0.008624836332499676,0.11071892428053434,1.5037501557629989,21.484534181630963
4209.7412109375,0.0007048008457188734,0.008422834574075161,0.10962404870600377,1.5065037825978618,21.72287240146844
4220.5078125,0.0006764184645643344,0.008215867742488642,0.10851812712885289,1.5092523854564848,21.958623858049247
4231.2744140625,0.0006467918106169059,0.008003550665916643,0.10740081832282031,1.511995991737581,22.19187099160635
4242.041015625,0.0006157413039244846,0.0077854456366815705,0.10627176312299066,1.5147346285917322,22.422691954288393
4252.8076171875,0.0005830395016087264,0.007561051795984038,0.10513058307707905,1.5174683229245198,22.65116091607048
4263.57421875,0.000550365962217864,0.007340162498602667,0.10400662839942244,1.5201923453462198,22.88818089750095
4274.3408203125,0.0005411697102590137,0.007244248081875492,0.10324383995673703,1.5228524334118951,23.2557496007717
4285.107421875,0.0005318144584680491,0.007147046595456096,0.1024753737588164,1.52550788298449,23.617598400151913
4295.8740234375,0.0005222916629331704,0.007048504792045211,0.1017011011002629,1.5281587182446428,23.973986295314415
4306.640625,0.0005125919859920949,0.006948565648344128,0.1009208883383548,1.5308049631636296,24.325153310616347
4317.4072265625,0.0005027051889896844,0.006847167979187579,0.10013459662374169,1.5334466415058887,24.671322386164363
4328.173828125,0.0004926200056544474,0.006744245999448379,0.09934208161195454,1.5360837768315172,25.01270103325748
4338.9404296875,0.0004823239916330277,0.006639728824804461,0.09854319315403283,1.5387163924987177,25.34948278912581
4349.70703125,0.00047180334445471326,0.006533539900605416,0.0977377749643903,1.5413445116662134,25.68184849992794
4360.4736328125,0.0004610426864971191,0.006425596345761749,0.09692566426383979,1.543968157295625,26.00996745615643
4371.240234375,0.00045002480121246084,0.006315808195673022,0.09610669139546614,1.5465873521538105,26.33399840068693
4382.0068359375,0.00043873030968939335,0.006204077524531292,0.09528067941078167,1.5492021188151748,26.654090426507654
4392.7734375,0.0004271372701766705,0.006090297422643492,0.09444744362330261,1.55181247966393,26.970383778535904
4403.5400390625,0.0004152206768789508,0.005974350798381508,0.09360679112635853,1.5544184568963424,27.28301057175653
4414.306640625,0.00040295182521194855,0.005856108966539592,0.09275852027156584,1.5570200725229248,27.59209543611437
4425.0732421875,0.0003902974972703173,0.005735429974626943,0.09190242010397373,1.5596173483706135,27.897756097089765
4435.83984375,0.0003772189010499131,0.005612156605059497,0.09103826974939744,1.562210306084899,28.200103899627294
4446.6064453125,0.0003636702658221273,0.005486113973075721,0.0901658377488993,1.5647989671319327,28.499244282030364
4457.373046875,0.0003495969467500648,0.005357106615649948,0.08928488133473449,1.5673833528006014,28.795277205540252
4468.1396484375,0.00033493281133803877,0.005224914933020841,0.0883951456413439,1.5699634842045662,29.088297544561982
4478.90625,0.0003195965441687902,0.005089290797662079,0.08749636284412726,1.5725393822842815,29.378395441855492
4489.6728515625,0.00030348626654012157,0.004949952079468206,0.0865882512177487,1.5751110678089724,29.66565663246141
4500.439453125,0.0002944030487079006,0.0048617619446706195,0.08591068076210741,1.5775114534651473,30.018534821690167
4511.2060546875,0.00029012229236720225,0.0048073466307812255,0.08538125202788631,1.5798021244536062,30.410194081973714
4521.97265625,0.0002857774203261842,0.004752308286540295,0.08484851988508782,1.5820894788356736,30.796872817959837
4532.7392578125,0.0002813654623584424,0.004696625008679707,0.0843124217154913,1.5843735309758682,31.178756335490327
4543.505859375,0.0002768832115677476,0.004640273579649341,0.0837728928972347,1.5866542951353162,31.556018726863545
4554.2724609375,0.0002723271971139897,0.0045832293544866174,0.08322986671389221,1.5889317854727911,31.92882379844968
4565.0390625,0.0002676936527597382,0.004525466134848852,0.08268327425817731,1.5912060160457413,32.29732590191843
4575.8056640625,0.0002629784804270894,0.004466956028382175,0.08213304432987781,1.593477000811297,32.66167068104471
4586.572265625,0.000258177207761712,0.0044076692912849045,0.08157910332759476,1.5957447536272746,33.02199574434136
4597.3388671875,0.0002532849384537544,0.00434757415154382,0.08102137513381939,1.5980092882531622,33.378431272328896
4608.10546875,0.0002482962937448222,0.004286636609861873,0.08045978099284011,1.6002706183510917,33.73110056704151
4618.8720703125,0.00024320534313066426,0.004224820214736258,0.07989423938092469,1.6025287574868008,34.08012055034654
4629.638671875,0.00023800552171577522,0.004162085807462438,0.0793246658681725,1.604783719130587,34.42560221678681
4640.4052734375,0.00023268953093571576,0.004098391231997769,0.07875097297137296,1.6070355166582362,34.76765104591798
4651.171875,0.00022724921836384313,0.004033691003578774,0.07817306999714559,1.6092841633519577,35.10636737848285
4661.9384765625,0.00022167543094999708,0.003967935928689921,0.07759086287456354,1.6115296724012924,35.44184676022526
4672.705078125,0.00021595783414073255,0.0039010726673601413,0.07700425397638774,1.613772056904017,35.77418025668195
4683.4716796875,0.0002100846866543307,0.003833043226714313,0.07641314192794807,1.6160113298670364,36.10345474189219
4694.23828125,0.00020404255685160173,0.0037637843721042966,0.0758174214026133,1.618247504207263,36.42975316361809
4705.0048828125,0.00019781596105073994,0.0036932269388073842,0.07521698290268061,1.620480592752484,36.753154787370654
4715.771484375,0.00019138689580616735,0.0036212950229674275,0.07461171252439429,1.6227106082422238,37.073735421275146
4726.5380859375,0.0001847342234839314,0.0035479050248286926,0.07400149170566465,1.624937563328589,37.39156762358318
4737.3046875,0.00017783285063818215,0.0034729645099022778,0.07338619695490611,1.6271614705771091,37.706720894441084
4748.0712890625,0.00017579204292357022,0.003443475673778094,0.07305289984192699,1.628664729033925,38.0366830503323
4758.837890625,0.00017380603142088725,0.003414457559462559,0.07272250211972699,1.6301555760716384,38.36407284443823
4769.6044921875,0.00017179706272610232,0.003385190708784451,0.07239059644589743,1.6316450609111535,38.688692313843966
4780.37109375,0.00016976432182396397,0.0033556686136014765,0.07205716198291366,1.6331331872796133,39.010610616820834
4791.1376953125,0.0001677069443028142,0.0033258844769143165,0.0717221774088806,1.6346199588871955,39.32989408120929
4801.904296875,0.00016562401205870393,0.0032958311945925083,0.07138562090162145,1.6361053794272178,39.64660636398867
4812.6708984375,0.00016351454850703078,0.0032655013355867147,0.07104747012208877,1.6375894525762518,39.96080859946397
4823.4375,0.00016137751323060993,0.0032348871204708487,0.07070770219706039,1.6390721819942204,40.27255953704607
4834.2041015625,0.00015921179598111807,0.003203980398138811,0.0703662937010843,1.6405535713245085,40.58191566950537
4844.970703125,0.0001570162099356849,0.0031727726204578877,0.07002322063763089,1.6420336241940683,40.8889313524916
4855.7373046875,0.00015478948409244182,0.0031412548146555635,0.06967845841940978,1.6435123442135178,41.19365891603583
4866.50390625,0.00015253025466653846,0.003109417553186814,0.06933198184780598,1.6449897349772489,41.496148768682424
4877.2705078125,0.00015023705532150067,0.0030772509207953455,0.06898376509138637,1.6464658000635255,41.796449494838065
4888.037109375,0.00014790830603691218,0.0030447444784423633,0.06863378166342474,1.647940543034588,42.0946079458697
4898.8037109375,0.00014554230037259395,0.0030118872237311334,0.0682820043983899,1.6494139674367496,42.390669325435304
4909.5703125,0.00014313719083726485,0.0029786675474017536,0.0679284054273381,1.6508860768004994,42.684677269487786
4920.3369140625,0.00014069097200538415,0.0029450731854087984,0.06757295615214641,1.6523568746405999,42.97667392135242
4931.103515625,0.0001382014609432754,0.0029110911660206423,0.0672156272185195,1.6538263644561837,43.26670000224399
4941.8701171875,0.00013566627440116856,0.0028767077512936528,0.06685638848769847,1.6552945497308524,43.55479487755746
4952.63671875,0.00013308280209301275,0.0028419083721722086,0.06649520900679341,1.6567614339327699,43.84099661923793
4963.4033203125,0.0001304481752113155,0.0028066775563452178,0.06613205697765809,1.6582270205147658,44.12534206450935
4974.169921875,0.0001277592290951976,0.002770998847845578,0.06576689972421765,1.6596913129144177,44.407866871218715
4984.9365234375,0.00012501245866726926,0.0027348547172073084,0.06539970365815413,1.6611543145541563,44.688605570031044
4995.703125,0.00012245852970856237,0.0027010582409016585,0.065048709525426,1.662231973582339,44.94617043499449
5006.4697265625,0.00012155039148327347,0.0026856575263789423,0.06481676859644571,1.6607775044298279,45.06165387240027
5017.236328125,0.00012063541702621749,0.0026701679867096218,0.06458399470183875,1.6593217603710553,45.17684210588916
5028.0029296875,0.00011971344958876281,0.0026545880670081293,0.06435037880237443,1.6578647380475975,45.291737387793766
5038.76953125,0.00011878432633893169,0.0026389161664886252,0.06411591169414206,1.6564064340862596,45.40634194195023
5049.5361328125,0.00011784787802564383,0.0026231506365453185,0.06388058400431985,1.6549468450989862,45.52065796420064
5060.302734375,0.00011690392861875751,0.0026072897787283167,0.0636443861868029,1.653485967682768,45.63468762288372
5071.0693359375,0.00011595229492274115,0.002591331842608001,0.06340730851768472,1.6520237984195474,45.74843305931485
5081.8359375,0.00011499278616157853,0.0025752750235202484,0.06316934109058597,1.6505603338761292,45.86189638825507
5092.6025390625,0.00011402520353217315,0.0025591174601843187,0.06293047381182457,1.649095570604084,45.97507969837005
5103.369140625,0.00011304933972344314,0.002542857232184558,0.06269069639541965,1.6476295051396534,46.08798505267847
5114.1357421875,0.00011206497839762618,0.0025264923573061547,0.06244999835792332,1.6461621340036556,46.200614488990816
5124.90234375,0.00011107189363025692,0.0025100207887145927,0.06220836901307227,1.6446934537013882,46.31297002033861
5135.6689453125,0.00011006984930472459,0.0024934404119674705,0.06196579746625162,1.643223460722531,46.425053635394065
5146.435546875,0.00010905859845659233,0.002476749041846095,0.061722272608763014,1.6417521515410483,46.53686729888088
5157.2021484375,0.00010803788256287084,0.0024599444189937715,0.06147778311188847,1.6402795226150915,46.648412951976
5167.96875,0.00010700743077011939,0.0024430242063458304,0.06123231742074069,1.6388055703868964,46.75969251270283
5178.7353515625,0.00010596695905504112,0.002425985985335591,0.06098586374789068,1.6373302912826881,46.87070787631601
5189.501953125,0.0001049161693102003,0.0024088272518588377,0.06073841006676278,1.635853681712573,46.981460915678056
5200.2685546875,0.00010385474834632706,0.002391545411977543,0.06048994410478632,1.634375738070445,47.09195348162804
5211.03515625,0.00010278236680203922,0.0023741377773423005,0.060240453336293194,1.6328964567338746,47.202187403342386
5221.8017578125,0.00010169867795001408,0.0023566015603102885,0.05998992497514945,1.6314158340640108,47.31216448868819
5232.568359375,0.00010060331638735795,0.0023389338687337838,0.05973834596710898,1.6299338664054759,47.421886524569246
5243.3349609375,9.949589659622468e-05,0.002321131700391648,0.0594857029818758,1.6284505500862565,47.531355277264645
5254.1015625,9.83760113586625e-05,0.002303191937033494,0.05923198240486209,1.6269658814176053,47.64057249276073
5264.8681640625,9.724323000698403e-05,0.002285111338002837,0.058977170328626594,1.625479856693922,47.7495398970757
5275.634765625,9.68308971223499e-05,0.0022758864477479875,0.05875129226314179,1.6196090536123635,47.588311655212934
5286.4013671875,9.642753977555785e-05,0.002266755939564208,0.0585249834349989,1.6136524479850929,47.42256157472566
5297.16796875,9.602248807864766e-05,0.0022575885045898613,0.05829779609508999,1.6076737726396584,47.256230133429156
5307.9345703125,9.56157204985767e-05,0.0022483836911352446,0.05806971993235787,1.6016727804325641,47.08931117078047
5318.701171875,9.520721504228277e-05,0.0022391410382263926,0.05784074443245239,1.5956492195729386,46.92179841665877
5329.4677734375,9.479694924286833e-05,0.002229860075335722,0.05761085887207432,1.58960283349926,46.75368548861721
5340.234375,9.438490014510292e-05,0.0022205403221024524,0.05738005231311538,1.5835333607518425,46.58496588904522
5351.0009765625,9.397104429050557e-05,0.0022111812880425538,0.05714831359658524,1.5774405348409088,46.41563300223836
5361.767578125,9.355535770170922e-05,0.002201782472247465,0.05691563133631605,1.5713240841100604,46.24568009137125
5372.5341796875,9.313781586628374e-05,0.002192343363071306,0.05668199391243424,1.565183731594942,46.075100295370184
5383.30078125,9.271839371983781e-05,0.0021828634378058143,0.056447389464589284,1.5590191948768994,45.90388662568122
5394.0673828125,9.229706562851667e-05,0.0021733421623426176,0.05621180588492792,1.5528301859314058,45.732031962929085
5404.833984375,9.187380537064865e-05,0.002163778990822031,0.0559752308108025,1.5466164109710308,45.559529053462995
5415.6005859375,9.144858611771073e-05,0.0021541733652678434,0.05573765161720039,1.5403775702827078,45.386370505784114
5426.3671875,9.10213804145831e-05,0.0021445247152075617,0.05549905540888237,1.5341133580590476,45.2125487868499
5437.1337890625,9.059216015871454e-05,0.0021348324572768424,0.05525942901221461,1.5278234622234192,45.03805621825008
5447.900390625,9.016089657866464e-05,0.002125095994808077,0.05501875896668135,1.521507564248533,44.86288497224879
5458.6669921875,8.972756021154719e-05,0.002115314717401647,0.05477703151606129,1.5151653389682105,44.6870270676871
5469.43359375,8.9292120879528e-05,0.0021054880004793865,0.05453423259925243,1.508796454382035,44.5104743657397
5480.2001953125,8.88545476653312e-05,0.002095615204819176,0.05429034784072725,1.5024005714525497,44.33321856551973
5490.966796875,8.841480888661804e-05,0.002085695676069728,0.05404536254060056,1.495977343894651,44.15525119952456
5501.7333984375,8.797287206919995e-05,0.0020757287442444397,0.05379926166428998,1.4895264179568102,43.976563628915876
5512.5,8.752870391906157e-05,0.0020657137231933293,0.053552029831748976,1.4830474321937224,43.79714703862638
5523.2666015625,8.708227029308699e-05,0.002055649910051788,0.05330365130625038,1.4765400172299905,43.616992432285265
5534.033203125,8.663353616841325e-05,0.002045536584664899,0.05305410998269709,1.470003795514382,43.43609062695448
5544.7998046875,8.618246561041906e-05,0.0020353730089861157,0.052803389375436036,1.4634383810642102,43.25443224766654
5555.56640625,8.584737366875538e-05,0.0020263717438885847,0.052543100721408074,1.4555347095292153,43.00224377646085
5566.3330078125,8.564145110927692e-05,0.0020186698221417877,0.052272261428873874,1.4461393717195739,42.6712553831098
5577.099609375,8.543503221971104e-05,0.0020109384021450966,0.05200001150343178,1.4366825934181398,42.33767946086545
5587.8662109375,8.522811339377144e-05,0.002003177142346062,0.05172632867143711,1.4271631532602913,42.00145435924094
5598.6328125,8.502069098132077e-05,0.0019953856945497082,0.05145119006683943,1.4175797888715276,41.66251594001267
5609.3994140625,8.481276128755866e-05,0.0019875637037361903,0.0511745722088865,1.4079311949133846,41.32079743436978
5620.166015625,8.460432057229365e-05,0.0019797108078720457,0.0508964509787376,1.3982160210079912,40.97622928934083
5630.9326171875,8.439536504915674e-05,0.001971826637714718,0.050616801594920456,1.388432869531907,40.628739002497284
5641.69921875,8.418589088475768e-05,0.001963910816609868,0.050335598587560704,1.3785802932690545,40.27825094382147
5652.4658203125,8.397589419791275e-05,0.0019559629602814844,0.05005281577130846,1.3686567929115685,39.924686163498734
5663.232421875,8.376537105880175e-05,0.0019479826766141946,0.04976842621688017,1.358660814396355,39.5679621842505
5673.9990234375,8.355431748807784e-05,0.0019399695654274843,0.04948240222112855,1.3485907460639623,39.20799277666085
5684.765625,8.334272945601228e-05,0.0019319232182415515,0.0491947152755461,1.3384449156250477,38.84468771576238
5695.5322265625,8.31306028815941e-05,0.0019238432180343277,0.04890533603310123,1.3282215869182854,38.477952516935105
5706.298828125,8.291793363161495e-05,0.001915729138989268,0.04861423427329745,1.3179189564419032,38.10768814892768
5717.0654296875,8.270471751971947e-05,0.0019075805462334928,0.04832137886533818,1.3075351496392371,37.73379072153147
5727.83203125,8.24909503054506e-05,0.001899396995565797,0.04802673772926966,1.2970682169166312,37.35615114511592
5738.5986328125,8.227662769326264e-05,0.0018911780331741024,0.047730277794965276,1.2865161293697316,36.97465475886363
5749.365234375,8.206174533152508e-05,0.0018829231953418034,0.04743196495880238,1.2758767741916395,36.589180924114274
5760.1318359375,8.184629881145995e-05,0.0018746320081424095,0.04713176403787106,1.2651479497334888,36.19960257872977
5770.8984375,8.163028366613888e-05,0.001866303987122123,0.046829638721541035,1.254327360184747,35.805785747814426
5781.6650390625,8.141369536935392e-05,0.001857938636969433,0.04652555152019758,1.243412609836825,35.407589005449125
5792.431640625,8.119652933453274e-05,0.0018495354511713822,0.04621946371094174,1.2324011968893938,35.00486288130855
5803.1982421875,8.097878091360365e-05,0.0018410939116556841,0.04591133528003255,1.2212905067540638,34.597449205102166
5813.96484375,8.076044539582834e-05,0.0018326134884179776,0.045601124861828365,1.210077804804627,34.18518038068594
5824.7314453125,8.054151800663219e-05,0.0018240936391335362,0.04528878967396417,1.1987602285169345,33.767878580397195
5835.498046875,8.032199390635214e-05,0.0018155338087524867,0.044974285448476724,1.1873347789343827,33.34535484862708
5846.2646484375,8.01018681890232e-05,0.0018069334290778964,0.04465756635856421,1.1757983113869253,32.91740810181246
5857.03125,7.990246163705106e-05,0.0017986744935837018,0.044360040050199806,1.1654382411249793,32.552966691933285
5867.7978515625,7.972152270838869e-05,0.001790718450739351,0.044079663940680504,1.156139737424937,32.24633105916815
5878.564453125,7.954017217876929e-05,0.0017827269016223765,0.04379749299893005,1.146765839668028,31.93675144890016
5889.3310546875,7.935840722640903e-05,0.0017746993665739273,0.043513492308240725,1.1373146836324737,31.62414140241883
5900.09765625,7.917622499712681e-05,0.0017666353550372636,0.043227625804886885,1.1277843269803627,31.308410144425018
5910.8642578125,7.89936226038481e-05,0.0017585343652079682,0.04293985622466987,1.1181727445967669,30.989462275149112
5921.630859375,7.881059712604438e-05,0.0017503958836695116,0.042650145046216635,1.1084778235650823,30.667197433646333
5932.3974609375,7.862714560918362e-05,0.001742219385013536,0.04235845243078783,1.0986973577432946,30.341509928901
5943.1640625,7.844326506419543e-05,0.0017340043314440453,0.04206473715832911,1.0888290419017184,30.012288334896308
5953.9306640625,7.825895246688636e-05,0.0017257501723645997,0.041768956559475004,1.078870465378087,29.679415045251606
5964.697265625,7.807420475738907e-05,0.0017174563439477076,0.04147106644318793,1.0688191052005223,29.342765782380866
5975.4638671875,7.788901883951721e-05,0.0017091222686853014,0.041171021019684534,1.0586723186227935,29.002209055363622
5986.23046875,7.770339158020244e-05,0.0017007473549195218,0.040868772818269256,1.0484273350092879,28.657605559822517
5996.9970703125,7.75173198088708e-05,0.0016923309963525256,0.040564272599657225,1.0380812469990937,28.30880751203986
6007.763671875,7.733080031678015e-05,0.0016838725715342202,0.04025746926232817,1.0276310008693343,27.955657908285378
6018.5302734375,7.714382985642474e-05,0.0016753714433268268,0.039948309742407075,1.0170733860072367,27.597989698824684
6029.296875,7.695640514083795e-05,0.0016668269583447407,0.03963673890651569,1.00640502338807,27.23562486428002
6040.0634765625,7.676852284292556e-05,0.0016582384463684787,0.03932269943698285,0.9956223529417456,26.86837337985205
6050.830078125,7.658017959477715e-05,0.0016496052197311638,0.03900613170873637,0.9847216196741968,26.49603205029947
6061.5966796875,7.639137198697725e-05,0.0016409265726759624,0.03868697365712763,0.9736988583901542,26.118383195401876
6072.36328125,7.620209656785302e-05,0.001632201780682722,0.03836516063585927,0.9625498768410946,25.735193161762073
6083.1298828125,7.601234984277434e-05,0.001623430099762109,0.03804062526409474,0.9512702370952862,25.346210632056216
6093.896484375,7.582212827337155e-05,0.00161461076571518,0.037713297261725606,0.939855234895161,24.95116469698186
6104.6630859375,7.563142827679937e-05,0.0016057429933563972,0.03738310327165576,0.9282998767296882,24.5497626478805
6115.4296875,7.544024622488713e-05,0.0015968259756976941,0.03704996666782949,0.9165988543047991,24.14168743892239
6126.1962890625,7.524857844341769e-05,0.0015878588830915226,0.03671380734758075,0.9047465160415852,23.72659475630621
6136.962890625,7.505642121123857e-05,0.0015788408623298358,0.036374541506708685,0.8927368351680705,23.30410961743297
6147.7294921875,7.486377075944625e-05,0.0015697710356966672,0.03603208139549074,0.8805633738933379,22.873822404501745
6158.49609375,7.467062327051318e-05,0.00156064849997107,0.03568633505362056,0.868219243059571,22.43528421313268
6169.2626953125,7.447644374509037e-05,0.0015515987497594864,0.03534561472933759,0.8560983148579098,22.00523623637286
6180.029296875,7.427451084216807e-05,0.0015442251163984677,0.03511690544640451,0.8493229121746556,21.804471816685304
6190.7958984375,7.407202743797032e-05,0.0015368161048012628,0.03488669682943146,0.8424930228714795,21.601841601832714
6201.5625,7.386898900552249e-05,0.0015293712008002318,0.03465495899875819,0.8356073108999279,21.397292585201463
6212.3291015625,7.366539095549146e-05,0.0015218898776513995,0.034421661068904846,0.8286643847008834,21.190769201771886
6223.095703125,7.346122863492716e-05,0.0015143715955994548,0.03418677110052232,0.8216627939209484,20.982213151829598
6233.8623046875,7.325649732604511e-05,0.0015068158014233516,0.03395025604935044,0.8146010258747924,20.77156320874424
6244.62890625,7.305119224494177e-05,0.0014992219279612077,0.03371208171195311,0.8074775017290262,20.55875500901998
6255.3955078125,7.284530854032836e-05,0.001491589393613534,0.033472212667978084,0.8002905723803292,20.34372082257694
6266.162109375,7.263884129213066e-05,0.0014839176018233125,0.03323061221866522,0.7930385139973471,20.126389300940136
6276.9287109375,7.243178551016609e-05,0.0014762059405319084,0.032987242321301284,0.7857195231922175,19.906685200681814
6287.6953125,7.222413613272512e-05,0.0014684537816091973,0.03274206351928967,0.7783317117834085,19.684529079078604
6298.4619140625,7.201588802511611e-05,0.0014606604802564502,0.03249503486747088,0.7708731011067751,19.459836958493195
6309.228515625,7.180703597819293e-05,0.001452825374380436,0.03224611385229383,0.7633416158262705,19.23251995546045
6319.9951171875,7.159757470684e-05,0.0014449477839369547,0.031995256306397116,0.7557350771894518,19.002483869832144
6330.76171875,7.138749884838362e-05,0.0014370270102419553,0.031742416317114115,0.7480511956656658,18.769628728594448
6341.5283203125,7.117680296105408e-05,0.001429062335248403,0.03148754612836545,0.7402875628964174,18.533848278091746
6352.294921875,7.09654815222398e-05,0.0014210530207864295,0.03123059603534471,0.7324416428777125,18.295029417340963
6363.0615234375,7.075352892691128e-05,0.0014129983077650528,0.030971514271340338,0.724510762282858,18.05305156386083
6373.828125,7.054093948579924e-05,0.0014048974153323681,0.030710246885962803,0.7164920998210473,17.807785941926216
6384.5947265625,7.032770742365085e-05,0.0013967495399921266,0.030446737613966723,0.7083826745116362,17.559094781323765
6395.361328125,7.011382687740118e-05,0.0013885538546735856,0.030180927733764004,0.7001793327359387,17.30683041245734
6406.1279296875,6.98992918942779e-05,0.0013803095077516158,0.02991275591461998,0.6918787339070549,17.05083424092806
6416.89453125,6.968409642988291e-05,0.0013720156220138919,0.02964215805140681,0.6834773345730746,16.790935581368053
6427.6611328125,6.94682343461863e-05,0.0013636712935714444,0.029369067085652043,0.6749713707390854,16.526950326170233
6438.427734375,6.925169940950199e-05,0.0013552755907089372,0.029093412811467788,0.6663568381578185,16.258679419612932
6449.1943359375,6.903448528838075e-05,0.0013468275526703902,0.028815121664768774,0.6576294702961315,15.985907101437562
6459.9609375,6.881658555144502e-05,0.0013383261883759007,0.028534116493986197,0.6487847136333097,15.70839887581922
6470.7275390625,6.859799366517235e-05,0.00132977047506456,0.02825031631025261,0.6398176998853198,15.425899151358578
6481.494140625,6.83787029916069e-05,0.0013211593568582356,0.027963636014765182,0.6307232146740966,15.13812848452318
6492.2607421875,6.815870678601403e-05,0.0013124917432405859,0.0276739861007268,0.621495662069424,14.84478034192418
6503.02734375,6.793843587958946e-05,0.001303799441952439,0.027382699113570077,0.6121824420339486,14.547422260259067
6513.7939453125,6.776090008900026e-05,0.001298326663340385,0.02723066771349897,0.6080719070635593,14.435144647956259
6524.560546875,6.758289792527393e-05,0.0012928307177065652,0.027077782728681447,0.6039333953220162,14.32198685925103
6535.3271484375,6.740442569360075e-05,0.001287311308328622,0.026924029618174954,0.5997663276730725,14.207927863896908
6546.09375,6.722547965012865e-05,0.0012817681320955868,0.026769393423442468,0.5955701047195939,14.092945780596656
6556.8603515625,6.704605600105287e-05,0.0012762008793136379,0.02661385875136728,0.5913441057971008,13.97701782799092
6567.626953125,6.686615090165221e-05,0.001270609233504142,0.026457409756369038,0.5870876879021033,13.860120271957056
6578.3935546875,6.668576045535501e-05,0.001264992871193776,0.02630003012156251,0.5828001845499898,13.742228368872858
6589.16015625,6.650488071273574e-05,0.0012593514616961196,0.026141703038895122,0.5784809045567251,13.623316304461001
6599.9267578125,6.632350767051668e-05,0.0012536846668844645,0.02598241118819537,0.5741291307380523,13.503357127786105
6610.693359375,6.614163727053624e-05,0.00124799214095534,0.025822136715057946,0.5697441185192667,13.382322679926332
6621.4599609375,6.595926539868325e-05,0.0012422735301822194,0.025660861207485373,0.56532509444793,13.260183516784737
6632.2265625,6.577638788380048e-05,0.0012365284726590304,0.025498565671200235,0.5608712546011123,13.136908825440964
6642.9931640625,6.55930004965943e-05,0.0012307565980329126,0.02533523050353388,0.5563817628778738,13.01246633337
6653.759765625,6.540909894848668e-05,0.0012249575272255942,0.025170835465790114,0.5518557491667141,12.8868222097702
6664.5263671875,6.522467889042186e-05,0.0012191308721428182,0.025005359653973394,0.5472923073766158,12.759940958145755
6675.29296875,6.503973591171129e-05,0.0012132762353713183,0.024838781467762132,0.5426904933190599,12.631785299177016
6686.0595703125,6.485426553875239e-05,0.0012073932098624163,0.02467107857759621,0.5380493224269959,12.502316042783574
6696.826171875,6.466826323380922e-05,0.0012014813786018284,0.024502227889737088,0.5333677672951509,12.371491948135546
6707.5927734375,6.44817243936883e-05,0.0011955403142646563,0.02433220550914555,0.5286447550242779,12.239269570195823
6718.359375,6.429464434842072e-05,0.0011895695788549405,0.024160986700008272,0.5238791643498942,12.10560309117478
6729.1259765625,6.410701835989534e-05,0.0011835687233288084,0.023988545843728396,0.5190698225337398,11.970444135043586
6739.892578125,6.391884162046853e-05,0.0011775372872004034,0.023814856394178473,0.5142155019935446,11.833741562977385
6750.6591796875,6.37301092515043e-05,0.0011714747981294198,0.02363989082999383,0.5093149166436595,11.69544124727568
6761.42578125,6.354081630192145e-05,0.0011653807714894836,0.023463620603664477,0.5043667179156474,11.555485820925751
6772.1923828125,6.335095774667642e-05,0.0011592547099160413,0.023286016087158246,0.4993694904239417,11.413814399522854
6782.958984375,6.316052848518043e-05,0.001153096102832543,0.023107046513781794,0.4943217472370924,11.270362271723755
6793.7255859375,6.296952333973696e-05,0.0011469044259539176,0.02292667991595728,0.48922192470983616,11.125060553769277
6804.4921875,6.277793705387122e-05,0.0011406791407656087,0.022744883058557205,0.48406837682507364,10.977835802842572
6815.2587890625,6.25857642906596e-05,0.0011344196939769883,0.022561621367404548,0.47885936898772913,10.828609583104894
6826.025390625,6.239299963098578e-05,0.0011281255169474378,0.02237685885250226,0.47359307120416244,10.677297977131204
6836.7919921875,6.219963757175905e-05,0.001121796025083435,0.022190558025509205,0.4682675505710976,10.52381103410685
6847.55859375,6.200567252409281e-05,0.001115430617204898,0.022002679810927028,0.4628807629866686,10.368052144483466
6858.3251953125,6.183698893275982e-05,0.0011099230356347634,0.021841695599395004,0.4583103086798375,10.237085915870573
6869.091796875,6.173874562495189e-05,0.0011068410037755993,0.021757836042423522,0.4561140792839591,10.179277716280701
6879.8583984375,6.164034573568597e-05,0.0011037503659094582,0.02167365201901464,0.453907223559947,10.12113934304939
6890.625,6.154178851387687e-05,0.0011006510495391055,0.021589139733525504,0.4516895857541388,10.062665073313102
6901.3916015625,6.144307320242822e-05,0.0010975429811437049,0.02150429531572802,0.44946100627038976,10.003849016949863
6912.158203125,6.134419903813851e-05,0.001094426086158437,0.021419114818740616,0.44722132153603456,9.944685109654406
6922.9248046875,6.124516525165812e-05,0.0010913002889536662,0.02133359421688587,0.44497036386177785,9.885167105640413
6933.69140625,6.114597106739881e-05,0.0010881655128134882,0.02124772940347038,0.4427079612951737,9.825288569944835
6944.4580078125,6.104661570347166e-05,0.0010850216799137805,0.021161516188483567,0.44043393746732856,9.765042870307418
6955.224609375,6.094709837161737e-05,0.0010818687112996667,0.021074950296211967,0.43814811143244775,9.704423168596634
6965.9912109375,6.0847418277125855e-05,0.001078706526862369,0.020988027362764648,0.43585029749980264,9.643422411750322
6976.7578125,6.074757461877814e-05,0.0010755350453154782,0.020900742933506224,0.4335403050576869,9.582033322197413
6987.5244140625,6.064756658874472e-05,0.0010723541841705312,0.02081309246039288,0.43121793838888256,9.52024838772366
6998.291015625,6.054739337253208e-05,0.001069163859712026,0.02072507129920704,0.4288829964771324,9.458059850741495
7009.0576171875,6.044705414890422e-05,0.0010659639869717034,0.020636674706685874,0.42653527280407866,9.395459696920712
7019.82421875,6.0346548089784334e-05,0.0010627544797021011,0.02054789783753853,0.42417455513608504,9.332439643132695
7030.5908203125,6.02458743601992e-05,0.001059535250349496,0.020458735741347114,0.4218006253003207,9.268991124656882
7041.357421875,6.014503211817873e-05,0.0010563062100259742,0.020369183359345216,0.41941325894943693,9.205105281593543
7052.1240234375,6.004402051469316e-05,0.0010530672684808486,0.020279235521068795,0.4170122253141186,9.140772944421853
7062.890625,5.994283869355208e-05,0.001049818334071186,0.020188886940872473,0.4145972869427379,9.075984618636578
7073.6572265625,5.98414857913238e-05,0.0010465593137315606,0.020098132214304985,0.4121681994272786,9.010730468390513
7084.423828125,5.9739960937261226e-05,0.0010432901129429728,0.020006965814336683,0.40972471111463454,8.945000299062846
7095.1904296875,5.963826325319589e-05,0.0010400106357008245,0.019915382087431533,0.40726656280232054,8.878783538666072
7105.95703125,5.9536391853469e-05,0.0010367207844820695,0.019823375249455922,0.4047934874175502,8.812069217995335
7116.7236328125,5.943434584482096e-05,0.0010334204602113263,0.019730939381415513,0.4023052096785575,8.74484594941467
7127.490234375,5.9332124326322655e-05,0.0010301095622261155,0.019638068425011836,0.39980144573694826,8.67710190416405
7138.2568359375,5.922972638925502e-05,0.0010267879882409727,0.019544756178008427,0.3972819027997624,8.608824788059092
7149.0234375,5.912715111704893e-05,0.001023455634310658,0.01945099628939741,0.3947462787298263,8.540001815442078
7159.7900390625,5.9024397585156125e-05,0.001020112394792121,0.019356782254354797,0.3921942616228488,8.470619681228007
7170.556640625,5.892146486096919e-05,0.0010167581623054622,0.019262107408974147,0.3896255293595858,8.400664530872575
7181.3232421875,5.881835200373137e-05,0.00101339282769372,0.019166964924766,0.38703974913125305,8.330121928070069
7192.08984375,5.8715058064407784e-05,0.0010100162799813383,0.01907134780291005,0.3844365769362081,8.258976819967899
7202.8564453125,5.861158208561789e-05,0.001006628406331567,0.018975248868247165,0.38181565704574644,8.187213499660333
7213.623046875,5.85079231015025e-05,0.0010032290920023758,0.018878660762995558,0.3791766214366609,8.114815565696711
7224.3896484375,5.8404080137637525e-05,0.0009998182203011688,0.01878157594017661,0.3765190891880074,8.0417658783085
7235.15625,5.838845329653806e-05,0.0009983359974412756,0.018731522646508753,0.37507929003212415,8.001825498747126
7245.9228515625,5.8402143912638094e-05,0.0009974957554794886,0.01869712971534204,0.37404510319307854,7.972921982003198
7256.689453125,5.841583132014089e-05,0.0009966548051417474,0.018662673402489328,0.3730080490209817,7.943913302008008
7267.4560546875,5.842951552129792e-05,0.0009958131446334004,0.018628153356241146,0.3719681035332969,7.9147983024540665
7278.22265625,5.8443196518363854e-05,0.000994970772152224,0.018593569221623224,0.37092524241129204,7.885575805687224
7288.9892578125,5.845687431359101e-05,0.000994127685888358,0.018558920640353825,0.3698794409934056,7.856244612150881
7299.755859375,5.8470548909220934e-05,0.000993283884024241,0.018524207250800447,0.3688306742684405,7.826803499811381
7310.5224609375,5.848422030750055e-05,0.0009924393647346018,0.01848942868793583,0.3677789168685867,7.79725122356396
7321.2890625,5.849788851066927e-05,0.0009915941261863888,0.018454584583293125,0.36672414306226037,7.767586514618276
7332.0556640625,5.851155352096903e-05,0.0009907481665387431,0.018419674564920416,0.36566632674675914,7.737808079862777
7342.822265625,5.852521534063759e-05,0.0009899014839429342,0.01838469825733435,0.36460544144072476,7.7079146012069675
7353.5888671875,5.8538873971901496e-05,0.0009890540765423,0.018349655281472952,0.36354146027640943,7.677904734900637
7364.35546875,5.8552529417003595e-05,0.000988205942472261,0.018314545254647877,0.36247435599173444,7.647777110828977
7375.1220703125,5.856618167816195e-05,0.0009873570798601791,0.018279367790495413,0.3614041009221408,7.617530331782708
7385.888671875,5.8579830757607606e-05,0.0009865074868253905,0.018244122498927068,0.3603306669922215,7.587162972701953
7396.6552734375,5.859347665756607e-05,0.0009856571614791287,0.018208808986079066,0.3592540257071278,7.55667357989278
7407.421875,5.8607119380252316e-05,0.0009848061019244458,0.018173426854260852,0.35817414814374293,7.526060670215164
7418.1884765625,5.8620758927891313e-05,0.0009839543062562248,0.018137975701903074,0.3570910049416175,7.495322730241138
7428.955078125,5.863439530269244e-05,0.0009831017725610595,0.018102455123504165,0.35600456629365396,7.464458215381709
7439.7216796875,5.86480285068738e-05,0.000982248498917273,0.018066864709576438,0.35491480193653663,7.43346554898114
7450.48828125,5.866165854264109e-05,0.0009813944833948062,0.018031204046590844,0.3538216811408952,7.402343121377141
7461.2548828125,5.867528541220978e-05,0.0009805397240552304,0.01799547271692108,0.3527251727011948,7.371089288925311
7472.021484375,5.868890911777981e-05,0.0009796842189516229,0.017959670298786333,0.35162524492534103,7.339702372986212
7482.7880859375,5.8702529661552764e-05,0.000978827966128563,0.017923796366193286,0.3505218656239926,7.30818065887327
7493.5546875,5.871614704573012e-05,0.0009779709636220815,0.017887850488877054,0.34941500209957016,7.276522394759696
7504.3212890625,5.872976127251509e-05,0.0009771132094596045,0.01785183223224093,0.3483046211349501,7.244725790542344
7515.087890625,5.874337234409542e-05,0.0009762547016598572,0.017815741157294913,0.34719068898183236,7.212789016660574
7525.8544921875,5.875698026266924e-05,0.0009753954382328824,0.017779576820593574,0.3460731713487738,7.180710202867772
7536.62109375,5.877058503042231e-05,0.0009745354171799205,0.017743338774172234,0.34495203338887,7.14848743695331
7547.3876953125,5.878418664954825e-05,0.0009736746364934166,0.017707026565482432,0.34382723968707657,7.1161187634123495
7558.154296875,5.8797785122226475e-05,0.0009728130941569019,0.01767063973732579,0.3426987542471563,7.083602182060993
7568.9208984375,5.881138045064067e-05,0.0009719507881449842,0.017634177827786954,0.34156654047823704,7.0509356465939526
7579.6875,5.882497263697385e-05,0.0009710877164232897,0.01759764037016525,0.34043056118096915,7.018117063081757
7590.4541015625,5.88385616834002e-05,0.0009702238769483734,0.01756102689290481,0.33929077853326317,6.9851442884044435
7601.220703125,5.885214759209535e-05,0.0009693592676677012,0.01752433691952371,0.3381471540755978,6.952015128618405
7611.9873046875,5.88657303652325e-05,0.0009684938865195759,0.017487569968541592,0.33699964869587706,6.918727337252801
7622.75390625,5.8921252593268764e-05,0.0009682292784858787,0.01746112423046972,0.33606274188799445,6.890465790323173
7633.5205078125,5.9050326802906126e-05,0.0009690216546147041,0.017452934626820883,0.3355011189969665,6.871236400008282
7644.287109375,5.917911949243563e-05,0.00096981338334091,0.017444741178483263,0.3349385543814813,6.851953044350465
7655.0537109375,5.930763249591072e-05,0.0009706044662487746,0.017436543880037014,0.334375043288366,6.832615266438511
7665.8203125,5.943586762755136e-05,0.0009713949049161136,0.01742834272604949,0.33381058092432675,6.813222602876958
7676.5869140625,5.956382668205638e-05,0.000972184700914349,0.01742013771107534,0.33324516245547575,6.793774583656594
7687.353515625,5.969151143487858e-05,0.0009729738558084998,0.01741192882965631,0.33267878300684645,6.774270732021507
7698.1201171875,5.9818923642523056e-05,0.0009737623711572409,0.01740371607632123,0.3321114376619034,6.754710564332726
7708.88671875,5.9946065042838694e-05,0.0009745502485129785,0.017395499445586184,0.331543121462045,6.7350935899282804
7719.6533203125,6.007293735527155e-05,0.000975337489421811,0.017387278931954134,0.33097382940609715,6.7154193109796125
7730.419921875,6.019954228115367e-05,0.0009761240954236121,0.017379054529915085,0.33040355644979996,6.695687222344154
7741.1865234375,6.032588150396512e-05,0.000976910068052067,0.017370826233946066,0.3298322975052869,6.675896811414002
7751.953125,6.0451956689593845e-05,0.0009776954088346853,0.017362594038510936,0.32926004744055437,6.656047557960546
7762.7197265625,6.0577769486590263e-05,0.0009784801192928487,0.01735435793806046,0.32868680107892395,6.636138933974897
7773.486328125,6.070332152642474e-05,0.0009792642009418462,0.017346117927032213,0.32811255319849614,6.616170403504005
7784.2529296875,6.082861442372786e-05,0.0009800476552909042,0.017337873999850578,0.3275372985315961,6.596141422482329
7795.01953125,6.09536497765381e-05,0.000980830483843227,0.01732962615092668,0.3269610317642087,6.576051438558865
7805.7861328125,6.10784291665288e-05,0.0009816126880960005,0.01732137437465826,0.32638374753540617,6.555899890919396
7816.552734375,6.120295415926195e-05,0.0009823942695404858,0.017313118665429825,0.32580544043676707,6.535686210103868
7827.3193359375,6.13272263043974e-05,0.000983175229661992,0.017304859017612393,0.3252261050117837,6.515409817818582
7838.0859375,6.145124713592898e-05,0.0009839555699399476,0.017296595425563607,0.32464573575526234,6.495070126743177
7848.8525390625,6.1575018172396e-05,0.0009847352918478985,0.017288327883627556,0.32406432711271316,6.474666540332136
7859.619140625,6.16985409171162e-05,0.0009855143968535921,0.01728005638613488,0.3234818734797292,6.454198452610626
7870.3857421875,6.182181685837947e-05,0.0009862928864189501,0.017271780927402572,0.32289836920135634,6.433665247964513
7881.15234375,6.194484746967225e-05,0.0009870707620001445,0.01726350150173404,0.3223138085714533,6.413066300924326
7891.9189453125,6.206763420987818e-05,0.0009878480250476215,0.01725521810341906,0.32172818583203966,6.3924009759429286
7902.685546875,6.219017852346972e-05,0.0009886246770060923,0.017246930726733563,0.3211414951726345,6.371668627166746
7913.4521484375,6.23124818407297e-05,0.0009894007193146446,0.017238639365939924,0.320553730729585,6.350868598200239
7924.21875,6.243454557791986e-05,0.0009901761534066886,0.017230344015286524,0.3199648865853802,6.330000221863404
7934.9853515625,6.255637113748801e-05,0.0009909509807100344,0.017222044669007966,0.31937495676795796,6.309062819942086
7945.751953125,6.267795990825764e-05,0.0009917252026469367,0.017213741321325023,0.3187839352499982,6.288055702930795
7956.5185546875,6.279931326560376e-05,0.000992498820634083,0.017205433966444424,0.3181918159482028,6.266978169767734
7967.28515625,6.292043257163288e-05,0.0009932718360826345,0.017197122598558916,0.3175985927225669,6.245829507561847
7978.0517578125,6.304131917537298e-05,0.0009940442503982834,0.017188807211847238,0.31700425937563487,6.224608991311433
7988.818359375,6.316197441294561e-05,0.000994816064981276,0.0171804878004741,0.31640880965174617,6.203315883614188
7999.5849609375,6.328239960772489e-05,0.0009955872812263942,0.017172164358589932,0.31581223723626495,6.181949434368173
8010.3515625,6.340259607052084e-05,0.00099635790052304,0.01716383688033104,0.31521453575480096,6.160508880463512
8021.1181640625,6.352256509974776e-05,0.0009971279242552635,0.017155505359819596,0.3146156987724145,6.138993445464384
8031.884765625,6.364250959730383e-05,0.0009978986606961233,0.017147171905216932,0.3140155930584624,6.117400783662437
8042.6513671875,6.387948315278021e-05,0.000999430112211222,0.017140067882201723,0.31334027554025756,6.094821096632534
8053.41796875,6.411558085122705e-05,0.0010009592206328792,0.017132960913569695,0.3126634994165953,6.0721574462426595
8064.1845703125,6.435081233297666e-05,0.0010024859966829556,0.017125850995653627,0.3119852551952066,6.0494088888058695
8074.951171875,6.458518706280797e-05,0.0010040104510018121,0.01711873812477876,0.31130553328041694,6.0265744628243505
8085.7177734375,6.481871433437704e-05,0.0010055325941491383,0.017111622297262666,0.31062432397156453,6.003653188515288
8096.484375,6.505140327453072e-05,0.0010070524366048404,0.017104503509415322,0.30994161746138316,5.980644067320262
8107.2509765625,6.528326284745118e-05,0.0010085699887698346,0.017097381757538915,0.3092574038343547,5.95754608139763
8118.017578125,6.551430185870281e-05,0.001010085260966928,0.017090257037928023,0.3085716730650303,5.934358193097169
8128.7841796875,6.57445289591229e-05,0.0010115982634416004,0.017083129346869425,0.3078844150163153,5.911079344416104
8139.55078125,6.597395264860894e-05,0.0010131090063628433,0.017075998680642232,0.30719561943772156,5.887708456435821
8150.3173828125,6.620258127977e-05,0.0010146174998239188,0.01706886503551769,0.3065052759635829,5.864244428738371
8161.083984375,6.643042306148842e-05,0.0010161237538431904,0.017061728407759325,0.30581337411123616,5.840686138801867
8171.8505859375,6.665748606234884e-05,0.0010176277783648714,0.017054588793622833,0.30511990327916283,5.817032441373819
8182.6171875,6.688377821397392e-05,0.0010191295832597856,0.01704744618935602,0.3044248527450945,5.793282167821509
8193.3837890625,6.710930731426016e-05,0.0010206291783261443,0.017040300591198862,0.3037282116640783,5.769434125458219
8204.150390625,6.733408103051272e-05,0.0010221265732902858,0.017033151995383473,0.30302996906650337,5.745487096844364
8214.9169921875,6.755810690248505e-05,0.0010236217778074026,0.01702600039813402,0.30233011385608405,5.721439839062216
8225.68359375,6.778139234532849e-05,0.0010251148014622682,0.01701884579566673,0.3016286348078039,5.697291082963156
8236.4501953125,6.800394465246265e-05,0.0010266056537699695,0.01701168818418991,0.3009255205658142,5.673039532386029
8247.216796875,6.822577099834677e-05,0.0010280943441765935,0.017004527559903858,0.3002207596412896,5.648683863345327
8257.9833984375,6.844687844118745e-05,0.0010295808820599474,0.01699736391900089,0.29951434041023767,5.624222723187722
8268.75,6.86672739255505e-05,0.0010310652767302293,0.016990197257665287,0.29880625111126186,5.59965472971542
8279.5166015625,6.888696428490888e-05,0.0010325475374307078,0.016983027572073244,0.298096479843277,5.5749784702747975
8290.283203125,6.910595624411855e-05,0.001034027673338414,0.01697585485839294,0.2973850145631753,5.550192500808481
8301.0498046875,6.932425642181948e-05,0.0010355056935647975,0.016968679112784477,0.2966718430834427,5.52529534486926
8311.81640625,6.954187133275687e-05,0.0010369816071563352,0.016961500331399648,0.29595695306972175,5.500285492593735
8322.5830078125,6.975880739007599e-05,0.001038455423095275,0.01695431851038238,0.29524033203832484,5.475161399633833
8333.349609375,6.997507090749791e-05,0.0010399271503001633,0.0169471336458682,0.2945219673536886,5.44992148604396
8344.1162109375,7.019066810148827e-05,0.001041396797626565,0.016939945733984562,0.2938018462257749,5.424564135121525
8354.8828125,7.040560509332277e-05,0.0010428643738676154,0.016932754770850617,0.2930799557074154,5.3990876921985596
8365.6494140625,7.061988791113163e-05,0.0010443298877546969,0.016925560752577395,0.2923562826915943,5.373490463381619
8376.416015625,7.083352249185792e-05,0.0010457933479579864,0.01691836367526752,0.29163081390867135,5.347770714237509
8387.1826171875,7.104651468318788e-05,0.0010472547630870999,0.016911163535015417,0.29090353592354434,5.321926668421837
8397.94921875,7.125887024541005e-05,0.0010487141416916507,0.016903960327907145,0.290174435132745,5.2959565062472675
8408.7158203125,7.147059485324105e-05,0.0010501714922618597,0.01689675405002045,0.28944349776147066,5.269858363188333
8419.482421875,7.168169409758592e-05,0.0010516268232291044,0.016889544697424666,0.28871070986054737,5.243630328319225
8430.2490234375,7.189217348726894e-05,0.0010530801429665133,0.016882332266180786,0.28797605730332493,5.21727044268096
8441.015625,7.210203845070938e-05,0.0010545314597895227,0.016875116752341386,0.2872395257824985,5.190776697573836
8451.7822265625,7.23112943375466e-05,0.0010559807819564028,0.016867898151950524,0.286501100806858,5.164147032771122
8462.548828125,7.251994642024393e-05,0.0010574281176688534,0.016860676461043892,0.28576076769796144,5.137379334649339
8473.3154296875,7.276004268312121e-05,0.0010585789341705102,0.01684321755399687,0.28487296095755654,5.110713029373579
8484.08203125,7.302429682876193e-05,0.0010594985286781701,0.016817730569687946,0.28386823135771894,5.084096633557797
8494.8486328125,7.328759815562673e-05,0.0010604173257132501,0.016792204901619232,0.28285993294136513,5.057340159619357
8505.615234375,7.354995689669727e-05,0.0010613353273468613,0.016766640373113297,0.2818480274066637,5.03044137236919
8516.3818359375,7.38113831030912e-05,0.0010622525356411682,0.01674103680614377,0.28083247576172793,5.003397976534411
8527.1484375,7.407188664855775e-05,0.001063168952649448,0.01671539402132085,0.27981323830708127,4.976207614472444
8537.9150390625,7.433147723382317e-05,0.001064084580416126,0.016689711837876577,0.2787902746175511,4.948867863772333
8548.681640625,7.459016439080784e-05,0.0010649994209768333,0.016663990073649996,0.2777635435235582,4.921376234735922
8559.4482421875,7.484795748671503e-05,0.001065913476358478,0.016638228545072138,0.27673300309178434,4.89373016773181
8570.21484375,7.510486572798438e-05,0.0010668267485792846,0.016612427067150715,0.27569861060518897,4.865927030413979
8580.9814453125,7.536089816412755e-05,0.0010677392396488377,0.016586585453454542,0.274660322542346,4.837964114796462
8591.748046875,7.561606369145001e-05,0.0010686509515681478,0.016560703516097914,0.2736180945560793,4.80983863417509
8602.5146484375,7.587037105665687e-05,0.0010695618863296949,0.016534781065724632,0.2725718814513588,4.781547719886129
8613.28125,7.612382886035253e-05,0.0010704720459174854,0.01650881791149185,0.27152163716243244,4.753088417891381
8624.0478515625,7.637644556043157e-05,0.00107138143230709,0.016482813861053637,0.27046731472915836,4.724457685178071
8634.814453125,7.6628229475377e-05,0.0010722900474657137,0.016456768720544444,0.2694088662725034,4.695652385961201
8645.5810546875,7.687918878745084e-05,0.0010731978933522252,0.016430682294562154,0.26834624296917137,4.666669287674883
8656.34765625,7.712933154579982e-05,0.0010741049719172164,0.016404554386151012,0.2672793950253247,4.637505056738266
8667.1142578125,7.73786656694684e-05,0.001075011285103052,0.01637838479678428,0.2662082716493565,4.608156254080141
8677.880859375,7.76271989503219e-05,0.0010759168348439152,0.016352173326346652,0.26513282102367414,4.578619330405497
8688.6474609375,7.787493905588793e-05,0.0010768216230658525,0.016325919773116333,0.2640529902754475,4.548890621185325
8699.4140625,7.812189353211801e-05,0.0010777256516868294,0.01629962393374702,0.26296872544627736,4.518966341349844
8710.1806640625,7.836806980606973e-05,0.0010786289226167782,0.016273285603249477,0.2618799714607315,4.488842579663237
8720.947265625,7.861347518850927e-05,0.0010795314377576306,0.016246904574972878,0.26078667209370104,4.458515292756398
8731.7138671875,7.885811687645023e-05,0.0010804331990033871,0.016220480640585937,0.2596887699365178,4.4279802987917245
8742.48046875,7.910200195561002e-05,0.0010813342082401367,0.01619401359005763,0.2585862063617771,4.397233270732012
8753.2470703125,7.93451374028091e-05,0.0010822344673461237,0.016167503211637815,0.25747892148680757,4.366269729182739
8764.013671875,7.958753008830057e-05,0.0010831339781917936,0.01614094929183743,0.2563668541357162,4.335085034774111
8774.7802734375,7.982918677802902e-05,0.0010840327426398172,0.016114351615408393,0.2552499417999494,4.303674380046361
8785.546875,8.007011413584347e-05,0.0010849307625451687,0.01608770996532333,0.2541281205972917,4.2720327807979634
8796.3134765625,8.0310318725631e-05,0.0010858280397551317,0.01606102412275481,0.2530013252292281,4.240155066852784
8807.080078125,8.0549807013412e-05,0.0010867245761093758,0.016034293867054444,0.2518694889365911,4.208035872197652
8817.8466796875,8.078858536936573e-05,0.0010876203734399847,0.016007518975731626,0.25073254345340507,4.175669624437168
8828.61328125,8.102666006981165e-05,0.0010885154335715068,0.015980699224431835,0.24959041895883666,4.14305053350694
8839.3798828125,8.126403729912824e-05,0.001089409758320986,0.01595383438691477,0.2484430440271606,4.110172579580709
8850.146484375,8.150072315163521e-05,0.0010903033494980268,0.015926924235032076,0.24729034557563215,4.077029500099556
8860.9130859375,8.173672363341341e-05,0.0010911962089048197,0.01589996853870474,0.24613224881016638,4.043614775844382
8871.6796875,8.197204466408234e-05,0.001092088338336178,0.01587296706590006,0.24496867716870158,4.009921615963571
8882.4462890625,8.220669207853957e-05,0.0010929797395796091,0.01584591958260854,0.24379955226213545,3.9759429418588184
8893.212890625,8.244067162864024e-05,0.001093870414415319,0.01581882585281996,0.2426247938126929,3.9416713698204093
8903.9794921875,8.26739889848473e-05,0.0010947603646162788,0.015791685638499545,0.24144431958960155,3.907099192291746
8914.74609375,8.290664973783468e-05,0.0010956495919482623,0.015764498699563548,0.24025804534191905,3.8722183576280598
8925.5126953125,8.313865940004881e-05,0.0010965380981698806,0.015737264793854382,0.2390658847283602,3.8370204481989267
8936.279296875,8.342156363308415e-05,0.0010968266833064834,0.015702203626175276,0.23804964812574045,3.814225634977066
8947.0458984375,8.370745303784361e-05,0.0010970691993467119,0.015666465338386833,0.2370430705597083,3.7922749282622727
8957.8125,8.399236935089213e-05,0.0010973116617886464,0.015630645337921256,0.23603220040486192,3.770196423070968
8968.5791015625,8.42763224415409e-05,0.0010975540706678125,0.015594743061714194,0.23501698227053036,3.7479878609125064
8979.345703125,8.455932201339193e-05,0.001097796426019694,0.015558757940204823,0.23399735956444634,3.725646915980895
8990.1123046875,8.484137760820833e-05,0.0010980387278797363,0.015522689397230454,0.23297327445593163,3.7031711923118564
9000.87890625,8.51224986096656e-05,0.0010982809762833353,0.015486536849918844,0.23194466783762205,3.6805582207837535
9011.6455078125,8.540269424699867e-05,0.0010985231712658577,0.01545029970857839,0.2309114792856579,3.6578054559516007
9022.412109375,8.568197359853681e-05,0.0010987653128626373,0.015413977376585886,0.22987364701826268,3.6349102727027174
9033.1787109375,8.5960345595131e-05,0.0010990074011089554,0.01537756925027182,0.22883110785263192,3.6118699627215562
9043.9453125,8.623781902348999e-05,0.0010992494360400572,0.015341074718803397,0.22778379716004574,3.5886817307502588
9054.7119140625,8.651440252941775e-05,0.0010994914176911566,0.015304493164064993,0.22673164881911567,3.5653426906303274
9065.478515625,8.679010462095375e-05,0.0010997333460974255,0.015267823960535961,0.2256745951670698,3.5418498611095237
9076.2451171875,8.70649336714277e-05,0.0010999752212939935,0.015231066475165802,0.22461256694897283,3.5182001613967286
9087.01171875,8.733889792242638e-05,0.0011002170433159527,0.015194220067246734,0.2235454932647779,3.494390406446088
9097.7783203125,8.761200548668051e-05,0.001100458812198364,0.015157284088283346,0.22247330151408923,3.4704173019498494
9108.544921875,8.78842643508606e-05,0.0011007005279762316,0.015120257881859386,0.2213959173385202,3.4462774390178397
9119.3115234375,8.815568237831246e-05,0.001100942190684545,0.015083140783501777,0.22031326456151218,3.4219672885189567
9130.078125,8.84262673116982e-05,0.0011011838003582395,0.015045932120541361,0.21922526512547957,3.3974831950583955
9140.8447265625,8.869602677557673e-05,0.0011014253570322148,0.015008631211970725,0.21813183902613306,3.3728213705612484
9151.611328125,8.896496827891217e-05,0.0011016668607413379,0.01497123736829878,0.21703290424382396,3.347977887430727
9162.3779296875,8.923309921750859e-05,0.0011019083115204277,0.014933749891402006,0.2159283766717447,3.3229486712460012
9173.14453125,8.95004268763875e-05,0.0011021497094042725,0.014896168074372437,0.21481817004080642,3.29772949296118
9183.9111328125,8.976695843209602e-05,0.0011023910544276274,0.014858491201362156,0.21370219584100408,3.2723159605631724
9194.677734375,9.003270095495082e-05,0.0011026323466251954,0.014820718547424089,0.2125803632390651,3.2467035101417716
9205.4443359375,9.029766141123238e-05,0.0011028735860316512,0.01478284937834936,0.2114525789921676,3.220887396320674
9216.2109375,9.056184666531207e-05,0.0011031147726816286,0.01474488295050075,0.21031874735749276,3.194862681992421
9226.9775390625,9.082526348172863e-05,0.0011033559066097255,0.014706818510642311,0.20917876999736582,3.1686242272945906
9237.744140625,9.108791852720852e-05,0.0011035969878505003,0.014668655295765018,0.20803254587971784,3.14216667775736
9248.5107421875,9.134981837263494e-05,0.0011038380164384762,0.014630392532908302,0.2068799711735839,3.1154844515450795
9259.27734375,9.161096949496465e-05,0.0011040789924081325,0.014592029438977383,0.2057209391393324,3.0885717257058483
9270.0439453125,9.187137827909883e-05,0.0011043199157939174,0.014553565220556309,0.20455534001329542,3.0614224213329417
9280.810546875,9.213105101970343e-05,0.0011045607866302391,0.01451499907371647,0.20338306088644884,3.034030187531186
9291.5771484375,9.238999392298485e-05,0.001104801604951469,0.014476330183820538,0.20220398557676078,3.0063883840683205
9302.34375,9.264821310841965e-05,0.0011050423707919393,0.014437557725321728,0.20101799449480343,2.9784900625772335
9313.1103515625,9.290571461044275e-05,0.0011052830841859454,0.014398680861558138,0.19982496450218334,2.9503279461581577
9323.876953125,9.316250438009384e-05,0.0011055237451677482,0.014359698744542107,0.19862476876231921,2.921894407211221
9334.6435546875,9.34185882866195e-05,0.0011057643537715673,0.014320610514744406,0.19741727658305622,2.893181443308171
9345.41015625,9.367397211904146e-05,0.0011060049100315896,0.01428141530087309,0.19620235325055838,2.8641806508865937
9356.1767578125,9.392866158767951e-05,0.0011062454139819558,0.014242112219646894,0.1949798598538908,2.8348831965221475
9366.943359375,9.418266232564653e-05,0.0011064858656567806,0.01420270037556305,0.19374965309963488,2.805279785499842
9377.7099609375,9.443597989029832e-05,0.0011067262650901403,0.014163178860659183,0.19251158511584418,2.7753606273680016
9388.4765625,9.46886197646519e-05,0.0011069666123160633,0.01412354675426916,0.19126550324457614,2.745115398112618
9399.2431640625,9.494058735877297e-05,0.0011072069073685509,0.014083803122772997,0.19001124982217982,2.714533198538074
9410.009765625,9.519188801112526e-05,0.0011074471502815618,0.014043947019340175,0.18874866194644355,2.6836025083785766
9420.7763671875,9.523732931383332e-05,0.0011058045650400013,0.014000637263449913,0.18791990128955727,2.6689410395724003
9431.54296875,9.527961891591711e-05,0.0011041307669739384,0.013957142032123258,0.18709423435557795,2.654452697294157
9442.3095703125,9.53218897562003e-05,0.001102454427672004,0.013913510830377108,0.18626490747728866,2.6398848406001827
9453.076171875,9.536414185963257e-05,0.0011007755355242784,0.013869742375011191,0.18543187154841004,2.6252361457760647
9463.8427734375,9.540637525110687e-05,0.0010990940788321603,0.013825835362513934,0.1845950763546229,2.6105052519670604
9474.609375,9.544858995546133e-05,0.0010974100458074282,0.01378178846860958,0.1837544705382485,2.5956907597027095
9485.3759765625,9.549078599748077e-05,0.00109572342457128,0.013737600347792178,0.1829100015614651,2.580791229345096
9496.142578125,9.553296340189327e-05,0.0010940342031533397,0.013693269632845876,0.18206161566798773,2.5658051794559382
9506.9091796875,9.557512219337389e-05,0.0010923423694906807,0.013648794934351482,0.18120925784313893,2.550731085077661
9517.67578125,9.561726239654253e-05,0.0010906479114268135,0.01360417484017824,0.1803528717722128,2.535567375921981
9528.4423828125,9.56593840359644e-05,0.0010889508167106633,0.01355940791496067,0.17949239979705897,2.5203124344609216
9539.208984375,9.570148713615083e-05,0.0010872510729955452,0.013514492699559877,0.17862778287077943,2.5049645939128298
9549.9755859375,9.574357172156157e-05,0.0010855486678381222,0.01346942771050861,0.17775896051044324,2.48952213611674
9560.7421875,9.578563781659865e-05,0.0010838435886973137,0.01342421143943944,0.1768858707477123,2.4739832892874887
9571.5087890625,9.582768544561398e-05,0.0010821358229332518,0.013378842352495842,0.17600845007726035,2.4583462256428024
9582.275390625,9.586971463290401e-05,0.001080425357806165,0.01333331888972495,0.1751266334028679,2.4426090588939267
9593.0419921875,9.591172540271257e-05,0.00107871218047528,0.013287639464451764,0.17424035398106127,2.4267698415896644
9603.80859375,9.59537177792302e-05,0.0010769962779976923,0.013241802462633828,0.1733495433621575,2.4108265623033827
9614.5751953125,9.599569178659515e-05,0.0010752776373272302,0.013195806242195835,0.1724541313285696,2.3947771426514857
9625.341796875,9.60376474488928e-05,0.0010735562453132966,0.013149649132343205,0.17155404583021247,2.378619434130753
9636.1083984375,9.607958479015563e-05,0.0010718320886996871,0.013103329432853847,0.17064921291684182,2.3623512147610315
9646.875,9.612150383436355e-05,0.0010701051541234096,0.013056845413347498,0.16973955666715018,2.3459701855184365
9657.6416015625,9.616340460544441e-05,0.0010683754281134686,0.013010195312531366,0.16882499911441937,2.3294739665426274
9668.408203125,9.62052871272744e-05,0.0010666428970896448,0.012963377337421481,0.16790546016853272,2.312860093100812
9679.1748046875,9.624715142367656e-05,0.0010649075473612435,0.012916389662538531,0.16698085753411915,2.2961260112887514
9689.94140625,9.628899751842382e-05,0.0010631693651258457,0.012869230429077418,0.16605110662459574,2.279269073447724
9700.7080078125,9.633082543523542e-05,0.0010614283364680072,0.0128218977440491,0.1651161204718542,2.2622865332741773
9711.474609375,9.63726351977818e-05,0.0010596844473579844,0.01277438967939413,0.16417580963131845,2.245175540596359
9722.2412109375,9.64144268296794e-05,0.0010579376836503877,0.01272670427106605,0.1632300820820781,2.227933135789899
9733.0078125,9.645620035449444e-05,0.001056188031082863,0.012678839518084063,0.16227884312178514,2.2105562438013346
9743.7744140625,9.649795579574358e-05,0.0010544354752747313,0.01263079338155326,0.16132199525597235,2.1930416677453963
9754.541015625,9.653969317689027e-05,0.0010526800017255954,0.012582563783651145,0.16035943808142702,2.1753860820383033
9765.3076171875,9.658141252134929e-05,0.0010509215958139572,0.012534148606579117,0.15939106816322585,2.157586025025294
9776.07421875,9.662311385248281e-05,0.0010491602427957815,0.012485545691477352,0.1584167789050046,2.1396378910560756
9786.8408203125,9.666479719360472e-05,0.001047395927803071,0.01243675283730156,0.15743646041200293,2.121537921956937
9797.607421875,9.670646256797713e-05,0.0010456286358423842,0.01238776779965978,0.15644999934638273,2.10328219784217
9808.3740234375,9.674810999881299e-05,0.0010438583517933633,0.012338588289607827,0.15545727877428647,2.0848666272014293
9819.140625,9.67897395092748e-05,0.0010420850604072145,0.012289211972401114,0.15445817800404502,2.06628693619176
9829.9072265625,9.683135112247553e-05,0.0010403087463051824,0.012239636466201381,0.1534525724149071,2.047538657055144
9840.673828125,9.687294486147823e-05,0.001038529393976989,0.012189859340735897,0.1524403332755979,2.028617115572494
9851.4404296875,9.691452074929712e-05,0.0010367469877792597,0.01213987811590735,0.15142132755196153,2.009517417454278
9862.20703125,9.695607880889562e-05,0.001034961511933906,0.012089690260351805,0.15039541770287201,1.9902344335556388
9872.9736328125,9.699761906318917e-05,0.001033172950526515,0.012039293189942872,0.14936246146352988,1.97076278378932
9883.740234375,9.703914153504481e-05,0.0010313812875046833,0.011988684266238918,0.14832231161516962,1.9510968195933993
9894.5068359375,9.708064624727925e-05,0.0010295865066763323,0.011937860794871262,0.14727481574013426,1.931230604792165
9905.2734375,9.712213322266026e-05,0.0010277885917080035,0.011886820023870297,0.14621981596115344,1.911157894666061
9916.0400390625,9.716360248390885e-05,0.0010259875261231367,0.011835559141926648,0.14515714866356608,1.8908721130216257
9926.806640625,9.746576377255165e-05,0.00102712452882942,0.011825714247344781,0.14475476272590326,1.8818791127373773
9937.5732421875,9.79364040826737e-05,0.0010301750157645814,0.011843005839818132,0.14478726240214554,1.880361861818186
9948.33984375,9.840479348854213e-05,0.001033216496426598,0.01186027222217432,0.14481975478498435,1.8788433856507256
9959.1064453125,9.887096398033453e-05,0.0010362490501180479,0.011877513504357434,0.14485223987932735,1.8773236812618637
9969.873046875,9.933494679758224e-05,0.001039272754984491,0.011894729795514753,0.14488471769007752,1.8758027456664401
9980.6396484375,9.979677245360414e-05,0.001042287688037979,0.011911921204004831,0.14491718822213154,1.87428057586715
9991.40625,0.00010025647075892073,0.001045293925179924,0.011929087837405388,0.14494965148038094,1.8727571688545221
10002.1728515625,0.00010071407084371196,0.0010482915412234092,0.011946229802521224,0.144982107469712,1.871232521606853
10012.939453125,0.00010116960117935714,0.001051280609914904,0.011963347205391972,0.14501455619500536,1.869706631090096
10023.7060546875,0.00010162308959910666,0.0010542612039554288,0.011980440151299666,0.1450469976611361,1.8681794942578265
10034.47265625,0.00010207456331792941,0.0010572333950211986,0.011997508744776416,0.14507943187297398,1.8666511080511534
10045.2392578125,0.00010252404895156979,0.001060197253783723,0.012014553089611772,0.1451118588353829,1.8651214693986335
10056.005859375,0.00010297157253485968,0.0010631528499294215,0.012031573288860165,0.1451442785532222,1.8635905752162574
10066.7724609375,0.00010341715953931308,0.0010661002521787284,0.012048569444848075,0.14517669103134498,1.862058422407308
10077.5390625,0.00010386083489004733,0.0010690395283047527,0.01206554165918132,0.14520909627459902,1.860525007862321
10088.3056640625,0.0001043026229820498,0.0010719707451514473,0.012082490032752077,0.14524149428782734,1.8589903284590301
10099.072265625,0.00010474254769583121,0.001074893968651348,0.012099414665745881,0.14527388507586717,1.8574543810622612
10109.8388671875,0.00010518063241249038,0.0010778092638428873,0.012116315657648574,0.14530626864354992,1.8559171625238342
10120.60546875,0.00010561690002821198,0.0010807166948872612,0.01213319310725307,0.14533864499570226,1.854378669682564
10131.3720703125,0.00010605137296823302,0.0010836163250849196,0.012150047112666141,0.14537101413714487,1.8528388993641027
10142.138671875,0.00010648407320029219,0.0010865082168916376,0.012166877771315044,0.14540337607269369,1.8512978483809417
10152.9052734375,0.00010691502224759172,0.001089392431934214,0.012183685179954098,0.14543573080715883,1.8497555135322672
10163.671875,0.00010734424120129136,0.001092269031025802,0.012200469434671225,0.14546807834534592,1.8482118916039403
10174.4384765625,0.00010777175073255023,0.0010951380741808514,0.012217230630894232,0.14550041869205385,1.8466669793683346
10185.205078125,0.0001081975711041466,0.0010979996206297356,0.012233968863397256,0.1455327518520769,1.84512077358435
10195.9716796875,0.0001086217221816829,0.0011008537288330084,0.012250684226306974,0.14556507783020403,1.843573270997278
10206.73828125,0.00010904422344440201,0.0011037004564953487,0.012267376813108825,0.14559739663121923,1.842024468338766
10217.5048828125,0.00010946509399562313,0.0011065398605791575,0.01228404671665301,0.145629708259901,1.8404743623267048
10228.271484375,0.00010988435257282309,0.0011093719973178696,0.012300694029160581,0.14566201272102164,1.8389229496651052
10239.0380859375,0.00011030201755737044,0.0011121969222289466,0.012317318842229433,0.14569431001934943,1.837370227044112
10249.8046875,0.00011071810698392681,0.0011150146901265626,0.01233392124684008,0.14572660015964659,1.8358161911398623
10260.5712890625,0.00011113263854953782,0.0011178253551340372,0.012350501333361606,0.1457588831466707,1.83426083861441
10271.337890625,0.0001115456296224114,0.0011206289706959384,0.012367059191557237,0.14579115898517328,1.8327041661156322
10282.1044921875,0.00011195709725041149,0.0011234255895899543,0.012383594910590118,0.14582342767990078,1.8311461702771563
10292.87109375,0.00011236705816926922,0.001126215263938485,0.012400108579028919,0.14585568923559514,1.8295868477183237
10303.6376953125,0.00011277552881052646,0.0011289980452199788,0.01241660028485334,0.14588794365699212,1.8280261950439773
10314.404296875,0.00011318252530921822,0.0011317739842800036,0.012433070115459554,0.1459201909488229,1.8264642088445342
10325.1708984375,0.00011358806351131156,0.0011345431313420984,0.012449518157665656,0.14595243111581319,1.8249008856957807
10335.9375,0.00011399215898090376,0.00113730553601837,0.012465944497716978,0.14598466416268335,1.823336222158816
10346.7041015625,0.0001143948270071929,0.0011400612473198679,0.012482349221291383,0.14601689009414862,1.8217702147799868
10357.470703125,0.00011479608261122635,0.0011428103136667223,0.012498732413504458,0.1460491089149192,1.820202860090784
10368.2373046875,0.00011519594055244037,0.0011455527828980773,0.012515094158914674,0.14608132062969972,1.8186341546077345
10379.00390625,0.00011559441533499498,0.0011482887022818042,0.0125314345415285,0.14611352524319027,1.8170640948323615
10389.7705078125,0.00011599152121391131,0.0011510181185240003,0.012547753644805393,0.14614572276008514,1.815492677251029
10400.537109375,0.00011638727220102368,0.0011537410777782988,0.012564051551662804,0.14617791318507353,1.8139198983348812
10411.3037109375,0.00011678168207074716,0.001156457625654969,0.012580328344481065,0.14621009652283964,1.8123457545397716
10422.0703125,0.00011717476436567304,0.001159167807229837,0.012596584105108303,0.14624227277806293,1.8107702423061587
10432.8369140625,0.00011756653240199324,0.0011618716670530045,0.012612818914865159,0.14627444195541667,1.809193358058951
10443.603515625,0.00011795699927476468,0.0011645692491573986,0.012629032854549612,0.14630660405956977,1.8076150982074977
10454.3701171875,0.00011834617786301644,0.0011672605970671354,0.012645226004441637,0.14633875909518648,1.8060354591454968
10465.13671875,0.00011773899893960197,0.0011608815644271056,0.012571703282322851,0.14543493380754374,1.7942055246872817
10475.9033203125,0.0001166013973920322,0.0011496650543825879,0.012450234701492677,0.1440297324107232,1.77686979905749
10486.669921875,0.0001154525871353674,0.0011383380288430636,0.012327569299165892,0.14261068566206514,1.7593632657262173
10497.4365234375,0.00011429223017652878,0.0011268971552684417,0.012203670985782225,0.14117737606183342,1.7416807740717375
10508.203125,0.00011311997118634548,0.0011153389301884426,0.01207850182070227,0.1397293646962021,1.7238169092903697
10518.9697265625,0.00011193543622854488,0.0011036596666707055,0.01195202187649409,0.1382661896672652,1.7057659730278543
10529.736328125,0.00011073823136636077,0.001091855480582246,0.011824189090152383,0.13678736437187486,1.6875219621456519
10540.5029296875,0.00010952794113204472,0.0010799222754991587,0.011694959099678968,0.1352923756111333,1.6690785453980803
10551.26953125,0.00010830412684242297,0.0010678557260983684,0.011564285064224637,0.13378068150971537,1.6504290377633455
10562.0361328125,0.00010706632474113734,0.001055651259840516,0.01143211746572499,0.13225170922110532,1.6315663721334468
10572.802734375,0.0001058140439452612,0.0010433040367240323,0.011298403889648282,0.1307048523911935,1.6124830680230289
10583.5693359375,0.00010454676417051204,0.0010308089268562114,0.011163088782102589,0.12913946834838527,1.5931711969042175
10594.3359375,0.0001032639332051597,0.0010181604855464825,0.011026113180109752,0.127554874983293,1.5736223437119428
10605.1025390625,0.00010196496409784451,0.0010053529255788958,0.010887414411331802,0.12595034727504115,1.5538275639895698
10615.869140625,0.0001006492320186782,0.000992380086263241,0.010746925758911736,0.12432511341399749,1.5337773360556588
10626.6357421875,9.93160707460012e-05,0.0009792353987952188,0.010604576086343378,0.12267835046210589,1.5134615074663393
10637.40234375,9.796476872273892e-05,0.0009659118473729499,0.010460289416384763,0.12100917948157149,1.4928692349186312
10648.1689453125,9.659456461610401e-05,0.0009524019254165838,0.010313984456940786,0.11931666005006629,1.4719889165855884
10658.935546875,9.520464230198931e-05,0.0009386975861154709,0.010165574065516493,0.11759978406529074,1.450808115684178
10669.7021484375,9.379412518023055e-05,0.0009247901863778651,0.010014964642223496,0.11585746872300855,1.4293134738465612
10680.46875,9.236206970829394e-05,0.0009106704230744509,0.00986205543933272,0.11408854852965244,1.4074906125809918
10691.2353515625,9.090745801789187e-05,0.0008963282602397372,0.009706737772905854,0.11229176618213255,1.3853240207575421
10702.001953125,8.942918945036771e-05,0.0008817528456127525,0.009548894118977467,0.11046576211207987,1.3627969256173493
10712.7685546875,8.792607081079406e-05,0.0008669324145445138,0.00938839707292612,0.10860906244739679,1.3398911442562649
10723.53515625,8.639680509544183e-05,0.0008518541788532667,0.009225108145838339,0.10672006508807252,1.3165869118446474
10734.3017578125,8.483997838975905e-05,0.0008365041976413315,0.009058876365526701,0.1047970235221516,1.2928626819677784
10745.068359375,8.325404456030827e-05,0.0008208672263608543,0.008889536641995665,0.10283802791673086,1.2686948933487443
10755.8349609375,8.163730726894905e-05,0.0008049265394774579,0.008716907846987297,0.10084098290130941,1.2440576957655178
10766.6015625,7.998789871349176e-05,0.0007886637208575971,0.008540790543992637,0.09880358130757268,1.2189226260832562
10777.3681640625,7.830375433575853e-05,0.0007720584143954029,0.008360964287678742,0.09672327292798788,1.1932582228344188
10788.134765625,7.658258252076526e-05,0.0007550880252530409,0.008177184388487552,0.0945972270872775,1.1670295644696502
10798.9013671875,7.482182801846553e-05,0.000737727359206862,0.007989178006954764,0.09242228745979966,1.1401977119475728
10809.66796875,7.301862742136313e-05,0.0007199481836661056,0.007796639399785975,0.09019491707408879,1.1127190302653829
10820.4345703125,7.116975448162554e-05,0.0007017186885112288,0.007599224081034872,0.08791113076682423,1.0845443551551943
10831.201171875,6.927155228122048e-05,0.0006830028173058383,0.007396541579499539,0.08556641139723922,1.0556179594357373
10841.9677734375,6.731984817217629e-05,0.0006637594286256926,0.007188146356380814,0.08315560477864078,1.0258762568007593
10852.734375,6.530984581515925e-05,0.0006439412315819665,0.006973526277589842,0.08067278632104777,0.9952461566124271
10863.5009765625,6.323598629637145e-05,0.0006234934164633121,0.006752087784361311,0.07811108947839167,0.9636429474842068
10874.267578125,6.109176675583938e-05,0.000602351866449243,0.006523136527101547,0.07546248171244581,0.9309675333868054
10885.0341796875,5.886949946980098e-05,0.0005804407822135528,0.0062858516411614255,0.07271746690377187,0.8971027623436408
10895.80078125,5.655998559317274e-05,0.0005576694650942213,0.006039250910351135,0.06986468234810105,0.8619084546451848
10906.5673828125,5.4152063421211485e-05,0.0005339278630491842,0.005782142532112318,0.06689034075485768,0.8252145188816727
10917.333984375,5.163196660257985e-05,0.0005090802427732413,0.005513056590054876,0.0637774374916465,0.7868111718559714
10928.1005859375,4.898238436136946e-05,0.00048295592368647494,0.005230144708192381,0.06050458974078574,0.7464346174593156
10938.8671875,4.618103485414697e-05,0.00045533521153722547,0.00493102771966636,0.05704427426482622,0.7037453062904959
10949.6337890625,4.3198402547720914e-05,0.00042592708942663335,0.0046125540729191694,0.05336003254403626,0.6582934559223237
10960.400390625,3.999394935674588e-05,0.00039433186042879857,0.0042703952719963184,0.04940179065378634,0.6094613130416281
10971.1669921875,3.650931371068156e-05,0.0003599740918330528,0.0038983196998929877,0.045097458537044395,0.5563595151326914
10981.93359375,3.2654922907579626e-05,0.00032197061579098324,0.003486763138794921,0.040336393160523884,0.49762307830621355
10992.7001953125,2.827999279658637e-05,0.00027883473254711064,0.0030196254551755676,0.03493234117405052,0.4309542273225924
11003.466796875,2.3090517427073485e-05,0.00022766760576861274,0.00246551385983318,0.02852213713241311,0.35187265314524796
11014.2333984375,1.6327461453789813e-05,0.00016098530789549162,0.0017433815693974604,0.020168196580261942,0.24881153915310678
11025.0,0.0,0.0,0.0,0.0,0.0
