,no,yes
no,6.7015774642093e-16,0.8552641890064768
yes,0.8552641890064767,5.86346492111296e-16
