freq_hz,alpha_-2,alpha_-1,alpha_0,alpha_1,alpha_2
0.0,0.0,0.0,0.0,0.0,0.0
10.7666015625,1.3195981002701531,0.7492502252838168,0.4448006578548281,0.2744455595012561,0.1757253954025137
21.533203125,1.8661935302838222,1.0595998302074703,0.6290431228907726,0.38812463237974865,0.24851323743089765
32.2998046875,2.2856109552392745,1.297739457773998,0.7704173386446227,0.4753536529678406,0.3043653130163246
43.06640625,2.6391962005403053,1.498500450567633,0.8896013157096557,0.5488911190025095,0.3514507908038171
53.8330078125,2.842240752375578,1.6200283897506018,0.9657003532069554,0.5983606175740807,0.3847598767207979
64.599609375,2.6943678761714422,1.5629432685908542,0.9484613396973062,0.5980913739477777,0.3911783450758075
75.3662109375,2.537893616727211,1.5036925676709978,0.9309031386867161,0.5978220090610894,0.3974931855742002
86.1328125,2.3711157220820827,1.4420093672735044,0.9130073353117977,0.5975525227500389,0.4037092611021171
96.8994140625,2.191683262970485,1.377566946663598,0.8947536728337696,0.5972829148502757,0.409831065711002
107.666015625,2.0535794117910253,1.336535530284455,0.8977366539970215,0.6203606695298017,0.4415834107317273
118.4326171875,1.9677263479617657,1.3220850035760832,0.9225210898031624,0.6651499011695248,0.4948759127973918
129.19921875,1.8779524915167367,1.3074747759130163,0.9466568662052063,0.7071077865164557,0.5429626409814883
139.9658203125,1.7836659273319355,1.2926994324346293,0.970192395113108,0.7467117599707214,0.5871240839345953
150.732421875,1.684108880166561,1.2777532451865785,0.9931703503111415,0.7843184832738197,0.6281886264256293
161.4990234375,1.5728564634887523,1.2352092939683665,0.9992741841801287,0.8293410255897152,0.7070006681757052
172.265625,1.4510024435037174,1.1808075626152523,0.9994556875503016,0.875131363021945,0.7904982344069705
183.0322265625,1.3179297126057876,1.123775333397613,0.9996371579650445,0.9186420784849216,0.8659820854961892
193.798828125,1.1698159529107932,1.0636895693652626,0.9998185954423012,0.9601831253368014,0.9353942945091142
204.5654296875,1.0,1.0,1.0,1.0,1.0
215.33203125,0.9258499041200895,0.9499439539075173,0.9877967543190718,1.0461299561886328,1.1341829436697142
226.0986328125,0.8476910142366197,0.8974487366205824,0.9752068418530105,1.0904488579560316,1.25528207469726
236.865234375,0.7615524054691433,0.8416857811311257,0.9624522538549919,1.1330355415431548,1.3656848920599935
247.6318359375,0.6643373216477965,0.7819563117302311,0.9495263542968058,1.1740785173838952,1.4678069906311277
258.3984375,0.5676508021028959,0.7224433000406182,0.9331094701353515,1.2104168471920693,1.577519348522993
269.1650390625,0.5190619644592992,0.6765498741577428,0.9048353472880009,1.2346699049379244,1.7247731983174195
279.931640625,0.46542798881098013,0.6273078531886375,0.8756487470140738,1.2584556425843745,1.8604079865189176
290.6982421875,0.40474819652337096,0.5738558644131962,0.8454551736152768,1.2818000758876118,1.9868047631745736
301.46484375,0.3331951266288374,0.5148844176809931,0.8141425999407955,1.3047268927781468,2.105627806057544
312.2314453125,0.2785504456187974,0.46781959838364506,0.7854691738123124,1.3243843285672257,2.250096330383669
322.998046875,0.25646310033596786,0.43889899502274277,0.7601974100661019,1.340587918323141,2.4190302502668564
333.7646484375,0.23228493905856665,0.4079331796166031,0.7340561160654006,1.3565979816266451,2.5769131159987384
344.53125,0.20527850348477186,0.3744150507555091,0.7069488388807452,1.3724212912779383,2.725665985242245
355.2978515625,0.17413280871924702,0.3375852209922544,0.6787598544821625,1.3880642340153138,2.8667104699998487
366.064453125,0.15587272394244678,0.31438501355890786,0.6585498582316486,1.4066459907868352,3.058619601279195
376.8310546875,0.14332916170761273,0.2967615324392617,0.6413924141417261,1.4261897329802276,3.2602144842131877
387.59765625,0.1295769698765018,0.27802316004420086,0.6237632099283975,1.445469254435992,3.4500497243978026
398.3642578125,0.11418026821191986,0.25792702050430494,0.6056210491733303,1.464494990288897,3.629970760014671
409.130859375,0.09635391105457777,0.23612669965823851,0.5869183659960147,1.4832767063642613,3.801385581114542
419.8974609375,0.09097176695692599,0.22753117933103084,0.5815541705845767,1.524826537118837,4.103548553655479
430.6640625,0.08585658006896245,0.21918350430419453,0.5766655794644351,1.566113839146118,4.389738627110591
441.4306640625,0.08041667923392008,0.21050505825362978,0.5717351902356459,1.6063402958365207,4.658379514003262
452.197265625,0.07458104488999386,0.20145309762240143,0.5667619120658407,1.6455837064371208,4.912351186410034
462.9638671875,0.0691006219632682,0.1932665225648335,0.5632288175251878,1.6873776226944979,5.181135589369035
473.73046875,0.06656148258667356,0.18974566255646924,0.5652892774483281,1.740901426479981,5.534002991233244
484.4970703125,0.06392156109297323,0.1861582234919646,0.567342254292138,1.792828020717531,5.865680882773227
495.263671875,0.06116781000648508,0.1825002791460192,0.5693878289992831,1.8432923932517702,6.179582132319584
506.0302734375,0.058284097225703296,0.17876750152940346,0.5714260810636389,1.8924115255857379,6.478291321146006
516.796875,0.056392922354706686,0.17664573029668834,0.5754725403024937,1.941105986275719,6.76606563285129
527.5634765625,0.055824983700590296,0.17653065540281362,0.5818838793805382,1.9895668292340347,7.044676906783996
538.330078125,0.055251207395296535,0.17641550544621418,0.5882253424697746,2.036875029554171,7.312680855466083
549.0966796875,0.05467140964073833,0.17630028027981115,0.5944991656549432,2.083109119574452,7.5712039905701785
559.86328125,0.054085396786676454,0.17618497975604022,0.6007074682448711,2.128339099412306,7.8211865109937095
570.6298828125,0.05386565121479013,0.17631954267046773,0.6041354425099738,2.1510453498395243,7.943543015179854
581.396484375,0.05380463714222336,0.176560959311296,0.606382222043874,2.1642924253934908,8.012875575418253
592.1630859375,0.05374355380156125,0.17680204630695892,0.6086207074402006,2.177458910786844,8.081613350083916
602.9296875,0.05368240095630999,0.1770428050041293,0.6108509898814563,2.1905462592044085,8.149771389025506
613.6962890625,0.05362117836870779,0.17728323674034452,0.6130731588915791,2.2035558806764644,8.21736411792128
624.462890625,0.053520461083125685,0.1768864786326707,0.6115137177172479,2.1972966416394635,8.191601892436005
635.2294921875,0.05341727141971772,0.1764518881962204,0.6097310431468045,2.1899025861906987,8.160348551435828
645.99609375,0.05331388203184882,0.17601622474350728,0.6079431412536953,2.1824834804986177,8.128975052100976
656.7626953125,0.053210291755294806,0.17557948028713927,0.6061499657823386,2.175039068222454,8.097479997779509
667.529296875,0.05293579606909915,0.1747064288663227,0.6032781927409019,2.165244087036732,8.062855905638536
678.2958984375,0.051926012234724574,0.17196202818807801,0.5957984978315607,2.1454734420729986,8.01526904448608
689.0625,0.05089619816580242,0.169173112490996,0.588223700814545,2.125518907192686,7.967397966457023
699.8291015625,0.049845112386921374,0.16633744269173195,0.5805500791332083,2.105375253731888,7.919237517356707
710.595703125,0.04877137961957585,0.16345258545694222,0.5727736608497193,2.0850370004437906,7.870782385297973
721.3623046875,0.04748525496956465,0.16015201337612636,0.5647887666954989,2.0692044733262276,7.861790629992819
732.12890625,0.04591198493649361,0.15630043531691656,0.5565563599220671,2.059361558229832,7.903927543325136
742.8955078125,0.04428285539680056,0.1523515171309057,0.5482003397973957,2.049471371499572,7.9458410071196885
753.662109375,0.042591456929512175,0.14829748299927234,0.5397149649011588,2.039533225441026,7.98753453893727
764.4287109375,0.04083005173476703,0.14412946317720907,0.5310940351035188,2.0295464155222964,8.029011565006414
775.1953125,0.039251084612553985,0.14027073072060478,0.5234380867194213,2.026639519699686,8.128038599431983
785.9619140625,0.037732868021324265,0.1365105695389144,0.5161923571482354,2.027052863190255,8.252381454603418
796.728515625,0.03615094763581305,0.1326438588657054,0.508843461712946,2.027466122411679,8.374878379457737
807.4951171875,0.034496560710009574,0.12866099251028362,0.5013868640857846,2.0278792974154776,8.495609222953629
818.26171875,0.032758729930683066,0.12455082774786144,0.4938176854138986,2.028292388253116,8.61464823817902
829.0283203125,0.03170932216832731,0.12197120568543668,0.4898253619984736,2.0406346720956403,8.804728218007842
839.794921875,0.030687024256933815,0.11946895318271682,0.48609158663675994,2.0538310246960942,8.996353864285988
850.5615234375,0.029629475242022793,0.11691315808235556,0.482328908465116,2.0669431271927974,9.183982072604643
861.328125,0.028532755711447554,0.11430022874432591,0.4785366457056948,2.0799725729189014,9.367853039431896
872.0947265625,0.02748631407212692,0.11181227319145108,0.4749113009110176,2.0922453804126397,9.542963769679087
882.861328125,0.02686334615893976,0.11017589821909284,0.47220936897785376,2.1012249589368066,9.690306526295037
893.6279296875,0.026225584310696843,0.10851484995394667,0.46949188764868977,2.110166326207469,9.835442218716166
904.39453125,0.025571921672432888,0.10682797748095674,0.4667585853365714,2.1190699659192185,9.978467151915304
915.1611328125,0.02490110607190308,0.105114037525041,0.46400918245533085,2.1279363516472527,10.11947082440584
925.927734375,0.02435467862158987,0.10366496047430514,0.4613493610245921,2.1326598614846692,10.22142380660924
936.6943359375,0.023997912110176437,0.10260798606908117,0.4588224289582286,2.1316573583605005,10.270999004238126
947.4609375,0.023635761052585323,0.10154000975067073,0.4562815027068907,2.1306543835444396,10.320336063123298
958.2275390625,0.023267974029178136,0.10046068064262766,0.45372634716289906,2.1296509363700427,10.36943838240751
968.994140625,0.022894279423235835,0.09936962881179277,0.45115672056073486,2.1286470161692987,10.418309281130426
979.7607421875,0.022558943696601226,0.09832974367536795,0.448337087286267,2.1243916894074886,10.442167229800557
990.52734375,0.022241454826825862,0.09731116167406192,0.44537949232330104,2.118474124643025,10.453409171743713
1001.2939453125,0.021919367803863814,0.0962818045190641,0.4424021253655873,2.1125399838915384,10.464639036711713
1012.060546875,0.021592476861833576,0.09524132284118747,0.4394045844933987,2.1065891270722172,10.475856863543212
1022.8271484375,0.02126056041444419,0.09418934797327765,0.4363864539827558,2.100621412120069,10.487062690869179
1033.59375,0.020899414976136878,0.09315385028106338,0.43427936820993557,2.1037904955297604,10.571159497787082
1044.3603515625,0.02052625173622966,0.09211336863258755,0.43237914120479115,2.1090708124839757,10.671311958671577
1055.126953125,0.020146177660603348,0.09106099900340911,0.4304705261050566,2.1143379424922304,10.770533167439757
1065.8935546875,0.019758793949223825,0.08999632435913932,0.428553410838528,2.119591983862163,10.868848628192072
1076.66015625,0.019363661903722698,0.08891890269684778,0.4266276808149087,2.1248330336859875,10.966282701726483
1087.4267578125,0.018916081055398343,0.08763715035765123,0.4243221350501867,2.133262813251019,11.116948306949693
1098.193359375,0.018433362497372142,0.08623240845204737,0.4218042381763392,2.1433636117393147,11.294049871022853
1108.9599609375,0.017937658248045458,0.08480440090037528,0.41927122056431976,2.1534170320346075,11.468416861926087
1119.7265625,0.017427860278549978,0.08335193193143578,0.4167228064834792,2.1634237346357477,11.640172170061327
1130.4931640625,0.01690269340530592,0.08187369969247647,0.4141587117198431,2.1733843648360565,11.809429748232112
1141.259765625,0.01639513780852835,0.08044525527904128,0.41179741572258505,2.1850386610028627,11.997125455682214
1152.0263671875,0.01600330484120101,0.07928238192331596,0.4102413259167135,2.2030647498666194,12.258059051937304
1162.79296875,0.015601634142639627,0.07810219631968857,0.40867931117687745,2.2209445364827447,12.5135528225275
1173.5595703125,0.015189345278888431,0.07690390143863854,0.407111303304282,2.238681526291814,12.763933436193948
1184.326171875,0.014765548824241699,0.07568663714955443,0.40553723278167053,2.2562790869455696,13.009496119565654
1195.0927734375,0.014329223780838863,0.07444947299701252,0.403957028737363,2.273740455772299,13.250508737644662
1205.859375,0.01396851048052824,0.07335772824463656,0.4021771550789287,2.286748435666579,13.460627959721128
1216.6259765625,0.013698210806732556,0.07243432832412101,0.4001760544001668,2.294960162178911,13.638729899738088
1227.392578125,0.013422468981782365,0.07149900381347418,0.39816489669882954,2.303142610424494,13.814535876604504
1238.1591796875,0.013140942425403373,0.07055128044813762,0.3961435288012341,2.3112960913560294,13.988132459123213
1248.92578125,0.012853251031905035,0.0695906516669046,0.3941117936055689,2.3194209104607038,14.15960090899315
1259.6923828125,0.01255897115015081,0.06861657544629496,0.3920695299394013,2.3275173678937535,14.32901762543207
1270.458984375,0.012328341293946495,0.0677790410568926,0.3896398983436195,2.326704374419568,14.4053824066534
1281.2255859375,0.012187764720047891,0.067131641020593,0.3866944373397042,2.3141191634717355,14.360960771095582
1291.9921875,0.012045547670491309,0.06647793653268345,0.3837263678165926,2.3014651332468836,14.31640130256111
1302.7587890625,0.011901631337481415,0.06581773974521865,0.38073516103186383,2.2887411422777952,14.271702710013281
1313.525390625,0.011755953313291637,0.0651508532921488,0.3777202673066459,2.2759460171891264,14.226863682134146
1324.2919921875,0.011608447274094984,0.064477069600137,0.3746811148462762,2.2630785514345315,14.181882886875588
1335.05859375,0.011466482079911442,0.06382081346892327,0.37166174907702765,2.24980189348826,14.130803977337166
1345.8251953125,0.011444797018685619,0.06356212108269396,0.3693502631125658,2.230938117603849,13.98179572341357
1356.591796875,0.011423070791544565,0.06330237152924793,0.3670242199033298,2.2119134723610325,13.831182243633544
1367.3583984375,0.01140130316317214,0.06304155174107694,0.3646833408999839,2.1927237705298586,13.678910514435788
1378.125,0.011379493895962448,0.06277964837922202,0.3623273385549315,2.1733646400181272,13.524924527230453
1388.8916015625,0.01135764275005998,0.06251664782531653,0.35995591591002657,2.1538315122394236,13.369165047699049
1399.658203125,0.01133574948327707,0.06225253617332007,0.35756876615967487,2.1341196095228607,13.211569349549501
1410.4248046875,0.011314727741491918,0.06198287355598095,0.35512244428834655,2.114076142339935,13.053156853694695
1421.19140625,0.011295452320244986,0.06170336253583565,0.3525744390370748,2.0935497705468653,12.894942053548235
1431.9580078125,0.011276143949682214,0.061422579579506933,0.35000788517872883,2.0728201436455502,12.734761767759013
1442.724609375,0.01125680246024303,0.06114050716319699,0.3474223716346782,2.051881101343031,12.57254087282227
1453.4912109375,0.011237427680909053,0.060857127356990344,0.3448174719141168,2.0307261657334843,12.408199334149831
1464.2578125,0.011218019439213115,0.06057242181155537,0.3421927432927543,2.009348517888459,12.241651744483107
1475.0244140625,0.011198577561169982,0.06028637174427624,0.3395477259343659,1.987740972180853,12.072806804981852
1485.791015625,0.011166871024126489,0.05999426771202327,0.3372024857494382,1.9698233714665483,11.938022448808383
1496.5576171875,0.011099321938499952,0.05968702369557232,0.3357779481575212,1.9632248589246253,11.908310755650755
1507.32421875,0.011031359232608158,0.059378189909844274,0.33434734116207626,1.9566040934801787,11.878524745019558
1518.0908203125,0.01096297521403626,0.0590677414186742,0.33291058651749816,1.949960848465211,11.848663856441206
1528.857421875,0.010894161948869807,0.05875565262710614,0.3314676042823785,1.9432948933373295,11.818727522361733
1539.6240234375,0.0108249112510345,0.05844189725677061,0.33001831276760124,1.9366059935863866,11.788715168020852
1550.390625,0.010755214670912337,0.058126448320061204,0.3285626284823779,1.9298939106382227,11.758626211323296
1561.1572265625,0.01068506348329789,0.057809278093040935,0.32710046607812093,1.9231584017553696,11.72846006270701
1571.923828125,0.010550143843401187,0.057345289818855,0.3260360860063631,1.926362147993586,11.807189459137685
1582.6904296875,0.010395962561073807,0.05683828699602758,0.32507676817301184,1.9322153576900816,11.91421800559834
1593.45703125,0.010239459947978336,0.0563267207715589,0.3241146109530878,1.938050889879921,12.02029360897126
1604.2236328125,0.010080527887017188,0.05581046565933175,0.32314958898431667,1.9438689037677663,12.125441278849479
1614.990234375,0.009919049598413042,0.055289390314469625,0.32218167652458785,1.949669556182853,12.229684949653397
1625.7568359375,0.009754898635597585,0.054763357143076515,0.32121084744394224,1.9554530016283156,12.333047544249974
1636.5234375,0.009587937726410839,0.05423222187790619,0.3202370752163417,1.961219392329205,12.435551032812425
1647.2900390625,0.00941801742939638,0.05369583311625571,0.3192603329112126,1.9669688782792363,12.537216487348113
1658.056640625,0.009243436324565136,0.0531359679650766,0.31883768292638004,1.9844136593102744,12.790716343968397
1668.8232421875,0.00906535166930555,0.052568485929011484,0.31846497005606594,2.002755124160731,13.052769329130774
1679.58984375,0.008883697804962348,0.05199481064636789,0.3180918204728927,2.020930133242347,13.309663772129392
1690.3564453125,0.008698251116833642,0.05141473480856034,0.317718232638146,2.038943137888303,13.561692825557223
1701.123046875,0.008508763617189273,0.05082803927673737,0.31734420500405397,2.0567983945045905,13.809122885339482
1711.8896484375,0.008314959055519999,0.05023449211448786,0.31696973601371337,2.0744999763151433,14.052196889812038
1722.65625,0.008116528192315597,0.04963384751642277,0.31659482410101275,2.0920517842124267,14.291137113528785
1733.4228515625,0.00791312300538771,0.04902584461859369,0.3162194676905569,2.1094575567954097,14.526147547278866
1744.189453125,0.007737238773168194,0.04841526551840269,0.3154125505990602,2.1259621758605367,14.802491158027706
1754.9560546875,0.007577974912271363,0.047800050392181326,0.31433646667064696,2.141874763201322,15.101026402014522
1765.72265625,0.007415291208645701,0.04717681315829526,0.31325668625357156,2.1576700000898588,15.39377316661481
1776.4892578125,0.007248957417922888,0.046545231571561346,0.3121731709903182,2.1733504451277113,15.681055647374027
1787.255859375,0.007078716238470922,0.045904961216930336,0.31108588185536856,2.188918565270501,15.963168862318387
1798.0224609375,0.00690427863883566,0.0452556333134945,0.3099947791388013,2.204376740358807,16.24038220109803
1808.7890625,0.006725318093630724,0.044596852230656986,0.3088998224293697,2.2197272673650628,16.512942437633342
1819.5556640625,0.006541463398847964,0.04392819266895311,0.3078009705970369,2.234972364377918,16.78107630217569
1830.322265625,0.006352289613703128,0.04324919644846901,0.3066981817749495,2.250114174343621,17.044992689065392
1841.0888671875,0.006236413033564437,0.04274795897645701,0.30538491861364286,2.258921955006329,17.27132272680656
1851.85546875,0.006130316933186143,0.04226925388622736,0.30403494529707137,2.266765216702015,17.48976262701062
1862.6220703125,0.006022352022041693,0.041785064934062664,0.3026789510470212,2.2745814332511056,17.70550775224619
1873.388671875,0.005912415923584159,0.04129519922447791,0.30131685457680085,2.282370882510372,17.91865544008598
1884.1552734375,0.005800396557955582,0.04079945228106387,0.29994857275404535,2.2901338376111764,18.129297305637493
1894.921875,0.005686170803397102,0.04029760704905724,0.2985740205415076,2.29787056707122,18.33751970174449
1905.6884765625,0.00556960291058511,0.039789432784669634,0.29719311093538575,2.3055813349029197,18.543404132670453
1916.455078125,0.005450542611295891,0.039274683815037806,0.2958057549010572,2.3132664007185264,18.7470276268856
1927.2216796875,0.005328822846894747,0.03875309814991142,0.2944118613060897,2.3209260198321195,18.948463073792663
1937.98828125,0.0052412966577140676,0.03832120296095809,0.29267483614656575,2.319410171975562,19.036470900209018
1948.7548828125,0.005172714359815473,0.03793766916909844,0.2907427062914109,2.312885898443579,19.063391112368112
1959.521484375,0.0051032104642477665,0.03755021820965905,0.28879765028456894,2.3063431688659475,19.090273362938717
1970.2880859375,0.005032746788434021,0.03715872755090027,0.2868394051697267,2.2997818257239264,19.117117812064112
1981.0546875,0.004961282438100212,0.036763068136528854,0.28486769895226294,2.293201709245291,19.143924618764817
1991.8212890625,0.0048887735296956536,0.036363103888695715,0.28288225015824464,2.286602657358945,19.170693940949594
2002.587890625,0.004815172875273024,0.035958691161235304,0.2808827673653657,2.2799845056483257,19.19742593542616
2013.3544921875,0.004740429623242476,0.035549678136913544,0.2788689487036171,2.2733470873036286,19.224120757912015
2024.12109375,0.004664488847343747,0.03513590416151503,0.2768404813232617,2.26669023307274,19.250778563045074
2034.8876953125,0.004587291074379847,0.03471719900648947,0.27479704082746176,2.2600137712108754,19.277399504393927
2045.654296875,0.004547849219119329,0.034467791166209044,0.27322213535798184,2.2504402384925686,19.225466638056016
2056.4208984375,0.0045112673566347255,0.03423087652894077,0.27167781205971353,2.2405896149467384,19.166948162166403
2067.1875,0.004474386416726908,0.03399231071877528,0.2701246598915594,2.2306954920355797,19.10825047594214
2077.9541015625,0.004437198941822192,0.03375205872334207,0.2685625256760672,2.2207572883520026,19.049371922756734
2088.720703125,0.004399697159187186,0.033510084275127465,0.26699125175459587,2.2107744094206514,18.990310820302074
2099.4873046875,0.004361872961897065,0.03326634978756061,0.2654106758016029,2.2007462472829316,18.931065460027607
2110.25390625,0.0043237178884487845,0.033020816286859246,0.2638206306289204,2.190672180064966,18.871634106563747
2121.0205078125,0.004285223100613344,0.032773443339275225,0.26222094397934514,2.1805515715275514,18.812014997128543
2131.787109375,0.004246379359548406,0.03252418897336049,0.2606114383088288,2.170383770597255,18.75220634091781
2142.5537109375,0.00420717699990504,0.032273009596830375,0.2589919305564831,2.1601681108776325,18.6922063184774
2153.3203125,0.004177419606878524,0.03207419455232438,0.2576332544872282,2.150815026147276,18.628439170467313
2164.0869140625,0.004152204977469148,0.031900461006918464,0.25639860705910905,2.141862054355315,18.562724108713496
2174.853515625,0.004126836291642741,0.031725776093383916,0.255157985542334,2.1328715017725357,18.49677557696546
2185.6201171875,0.004101310690627176,0.03155012400928275,0.2539113023679577,2.123842891143246,18.43059106900911
2196.38671875,0.004075625226153084,0.03137348850980227,0.25265846780656875,2.1147757350239207,18.364168033468083
2207.1533203125,0.004049776856460513,0.031195852890220695,0.25139938989292226,2.105669535476123,18.297503872656055
2217.919921875,0.004023762442053919,0.03101719996746727,0.2501339743471567,2.096523783747395,18.230595941391382
2228.6865234375,0.0039975787413306044,0.030837512060726362,0.24886212449240758,2.0873379599395876,18.16344154577232
2239.453125,0.0039712224057873195,0.03065677097101143,0.24758374116860976,2.078111532663977,18.09603794191152
2250.2197265625,0.003944689975048101,0.0304749579596532,0.24629872264227365,2.06884395868255,18.0283823346276
2260.986328125,0.0039179778715847345,0.030292053725625726,0.2450069645120036,2.0595346825347596,17.96047187609294
2271.7529296875,0.003897856242670723,0.03016905914354693,0.24427873678564346,2.0556795769147787,17.94683806620885
2282.51953125,0.00387865216313675,0.030054755571564805,0.2436341644707552,2.052643274869886,17.94137884405522
2293.2861328125,0.0038593525255877234,0.029940015620005995,0.24298788230925492,2.0496024748210617,17.935917960257868
2304.052734375,0.0038399558891887725,0.029824834252446582,0.24233987662147075,2.046557156718735,17.930455413298617
2314.8193359375,0.0038204607765431223,0.029709206334831872,0.24169013354434435,2.043507300363941,17.92499120165692
2325.5859375,0.0038008656723470032,0.029593126632806232,0.24103863902797062,2.040452885406759,17.919525323809975
2336.3525390625,0.0037811690220470985,0.029476589808947812,0.24038537883205296,2.03739389134473,17.914057778232596
2347.119140625,0.0037613692304046304,0.029359590419906427,0.23973033852227188,2.0343302975212447,17.908588563397313
2357.8857421875,0.0037414646599339308,0.029242122913433335,0.2390735034665622,2.0312620831239196,17.90311767777428
2368.65234375,0.003721453629392945,0.02912418162531019,0.238414858831302,2.0281892271829505,17.897645119831353
2379.4189453125,0.0037013344120505717,0.029005760776158636,0.237754389577402,2.0251117085694372,17.892170888033988
2390.185546875,0.0036812746420910552,0.02889249833845575,0.2371873260529621,2.0233730935297904,17.904277568033987
2400.9521484375,0.003661290779911204,0.028784970115765016,0.2367230129658822,2.0230989488545976,17.935524352911667
2411.71875,0.0036411972426136645,0.028677038705091334,0.23625778737458858,2.022824767025766,17.966716795078884
2422.4853515625,0.0036209922043894424,0.02856869953675106,0.2357916438778682,2.0225505480281853,17.997855177082982
2433.251953125,0.003600673788163731,0.02845994795408043,0.2353245770210126,2.022276291846734,18.028939779031234
2444.0185546875,0.003580240063639497,0.028350779211104158,0.23485658129507375,2.022001998466283,18.059970878620415
2454.78515625,0.0035596890451141615,0.028241188470116096,0.2343876511361055,2.021727667871692,18.090948751165588
2465.5517578125,0.003539018689199299,0.028131170799176642,0.23391778092439192,2.021453300047809,18.1218736696287
2476.318359375,0.0035182268924858736,0.028020721169524896,0.23344696498366158,2.0211788949794736,18.15274590464661
2487.0849609375,0.00349731148907433,0.027909834452896555,0.23297519758028745,2.0209044526515125,18.183565724558736
2497.8515625,0.0034762702478674332,0.027798505418743694,0.23250247292247256,2.0206299730487465,18.214333395434217
2508.6181640625,0.003455100869838483,0.027686728731357056,0.2320287851594199,2.0203554561559827,18.245049181098757
2519.384765625,0.0034348849246382453,0.027576446746172097,0.23153505313154335,2.0197889034195167,18.27358156201368
2530.1513671875,0.0034157803057212922,0.02746793038766292,0.23101867547954696,2.01889228199343,18.299665399934963
2540.91796875,0.003396568231077995,0.02735898361450081,0.23050114102108452,2.0179952621868744,18.325712111554825
2551.6845703125,0.0033772468668721487,0.027249601264157066,0.22998244194659634,2.017097843468358,18.351721854954036
2562.451171875,0.003357814326499202,0.027139778070068746,0.22946257035825507,2.01620002530521,18.377694787094704
2573.2177734375,0.003338268668435924,0.027029508658679084,0.2289415182685631,2.015301807163571,18.403631063831362
2583.984375,0.003318607893996673,0.026918787546370657,0.22841927759891995,2.014403188508394,18.429530839921792
2594.7509765625,0.003298829944923327,0.02680760913628197,0.22789584017816136,2.013504168803435,18.45539426903795
2605.517578125,0.0032789327008858715,0.02669596771500683,0.22737119774106765,2.0126047475112547,18.481221503776446
2616.2841796875,0.003258913976827563,0.026583857449168486,0.22684534192684086,2.0117049240932108,18.507012695669143
2627.05078125,0.0032387715201595345,0.026471272381862265,0.22631826427755009,2.0108046980094563,18.53276799519352
2637.8173828125,0.0032185030078012576,0.026358206428962003,0.2257899562365444,2.0099040687189347,18.558487551782868
2648.583984375,0.0031981060430627266,0.026244653375284005,0.2252604091468322,2.0090030356793775,18.584171513836445
2659.3505859375,0.0031810608890471452,0.026137809926354692,0.22463205391866087,2.006024313405406,18.58141471730903
2670.1171875,0.003164744663144474,0.02603222411002973,0.2239789824777976,2.0025528902197998,18.571987680828634
2680.8837890625,0.0031483438798748996,0.025926208293604393,0.2233240012534769,1.9990754388671077,18.562555856806842
2691.650390625,0.0031318572108270893,0.02581975718034385,0.22266709339266172,1.9955919278338854,18.553119237942095
2702.4169921875,0.003115283292427714,0.025712865363869467,0.22200824179297876,1.9921023253311587,18.543677816914347
2713.18359375,0.003098620724634455,0.0256055273249554,0.2213474290975234,1.9886065992910342,18.534231586384813
2723.9501953125,0.0030818680695620304,0.025497737428203066,0.22068463768952412,1.9851047173632663,18.524780538996065
2734.716796875,0.0030650238500295034,0.02538948991858929,0.22001984968686333,1.9815966469117625,18.515324667371925
2745.4833984375,0.003048086548031602,0.025280778917879394,0.21935304693644744,1.9780823550110307,18.505863964117275
2756.25,0.003031054603168249,0.02517159842090417,0.21868421100842358,1.9745618084425793,18.496398421818185
2767.0166015625,0.0030139264109177973,0.025061942291686307,0.21801332319023561,1.971034973691252,18.486928033041664
2777.783203125,0.00299670032093045,0.02495180425941908,0.21734036448051589,1.9675018169415033,18.477452790335704
2788.5498046875,0.00297937463514568,0.024841177914280362,0.21666531558280605,1.9639623040736205,18.4679726862292
2799.31640625,0.002963440344695685,0.02473445505704718,0.21596097608947037,1.959618428647648,18.446201310604394
2810.0830078125,0.0029491518981974198,0.024632369318049133,0.2152228407865588,1.9543410813545954,18.410190944754277
2820.849609375,0.0029347938872600864,0.024529858733234516,0.21448216522348892,1.9490494448948756,18.374110004386125
2831.6162109375,0.002920365285844441,0.024426917953849943,0.21373892299175556,1.943743402566243,18.337958072922174
2842.3828125,0.002905865042435893,0.024323541517957476,0.21299308722208618,1.938422836069202,18.301734729670343
2853.1494140625,0.0028912920791415784,0.02421972384705229,0.21224463057310738,1.9330876254762337,18.26543954976697
2863.916015625,0.002876645290781425,0.02411545924255123,0.2114935252196493,1.927737649200252,18.229072104118753
2874.6826171875,0.002861923543883985,0.024010741882141518,0.21073974284067545,1.9223727839622804,18.192631959343604
2885.44921875,0.0028471256756786223,0.02390556581598736,0.2099832546068225,1.9169929047582994,18.156118677710285
2896.2158203125,0.002832250493013689,0.023799924962784668,0.20922403116753405,1.9115978848252673,18.11953181707712
2906.982421875,0.002817296771239469,0.02369381310565807,0.20846204263777343,1.9061875956062688,18.08287093082953
2917.7490234375,0.0028022632530337183,0.023587223887891712,0.20769725858429725,1.9007619067147736,18.046135567816425
2928.515625,0.00278714864716065,0.023480150808485156,0.20692964801147284,1.8953206858979705,18.00932527228543
2939.2822265625,0.0027719516271811147,0.023372587217526518,0.20615917934661962,1.8898637989991574,17.972439583816882
2950.048828125,0.0027573086663947735,0.023270969707817776,0.20545499036968426,1.88516517590774,17.944425179299657
2960.8154296875,0.002743570464605374,0.023178826038063254,0.20485475652977697,1.8816440214873995,17.930098199491862
2971.58203125,0.002729763122823028,0.023086314601153266,0.20425275880129834,1.8781162655020285,17.91575976260447
2982.3486328125,0.002715885586544144,0.02299343095808122,0.20364898154179045,1.8745818706813793,17.90140984110734
2993.115234375,0.002701936774183451,0.022900170579816165,0.20304340887621947,1.8710407994031846,17.887048407359757
3003.8818359375,0.0026879155760854067,0.022806528844725678,0.20243602469210562,1.8674930136884904,17.872675433610066
3014.6484375,0.002673820853506096,0.02271250103590383,0.2018268126345208,1.8639384751968977,17.858290891994844
3025.4150390625,0.0026596514375238456,0.022618082338398154,0.20121575610095022,1.8603771452217273,17.84389475453839
3036.181640625,0.0026454061279136206,0.02252326783633283,0.20060283823601363,1.856808984685113,17.82948699315209
3046.9482421875,0.002631083691957323,0.022428052509921897,0.19998804192603975,1.8532339541329836,17.815067579633727
3057.71484375,0.0026166828632001246,0.022332431232367903,0.19937134979349105,1.8496520137299832,17.80063648566685
3068.4814453125,0.002602202340142103,0.022236398766640866,0.19875274419123307,1.8460631232542928,17.786193682820105
3079.248046875,0.0025876407848695647,0.02213994976213122,0.19813220719664143,1.8424672420923547,17.771739142546707
3090.0146484375,0.0025729968216067958,0.022043078751170883,0.19750972060554395,1.8388643292335138,17.757272836183603
3100.78125,0.0025582690352030086,0.02194578014541629,0.19688526592598835,1.83525434326456,17.742794734950895
3111.5478515625,0.0025426139266126026,0.021849201143987088,0.1963609372105741,1.8335944921571465,17.758361108570476
3122.314453125,0.0025262031070281943,0.021753093352117548,0.1959147443855669,1.8334542740873605,17.797218549127194
3133.0810546875,0.0025096849794569737,0.021656559055895166,0.19546753304093498,1.8333140452932215,17.8359913351741
3143.84765625,0.0024930574109445322,0.021559592526228494,0.19501929616977895,1.8331738057722677,17.874680017595086
3154.6142578125,0.0024763181969244914,0.021462187904604246,0.1945700266844894,1.833033555522038,17.91328514132517
3165.380859375,0.002459465057806739,0.021364339198956597,0.19411971741543896,1.8328932945400689,17.951807245439916
3176.1474609375,0.002442495635353698,0.021266040279365742,0.19366836110964755,1.832753022823897,17.990246863243343
3186.9140625,0.0024254074888308682,0.021167284873576483,0.19321595042941925,1.8326127403710575,18.028604522354062
3197.6806640625,0.0024081980909032496,0.02106806656232777,0.1927624779509508,1.832472447179085,18.06688074478972
3208.447265625,0.002390864823276981,0.0209683787744834,0.19230793616290967,1.8323321432455106,18.105076047049934
3219.2138671875,0.0023734049720467673,0.020868214781953418,0.19185231746498327,1.8321918285678684,18.143190940197623
3229.98046875,0.0023558157227361425,0.020767567694394858,0.1913956141663953,1.8320515031436897,18.18122592993874
3240.7470703125,0.002338094154998965,0.020666430453680298,0.190937818484392,1.8319111669705053,18.21918151670061
3251.513671875,0.0023202372369641178,0.02056479582812186,0.19047892254269394,1.8317708200458447,18.25705819570867
3262.2802734375,0.0023022418191723515,0.020462656406436366,0.19001891836991544,1.831630462367235,18.294856457061947
3273.046875,0.0022841046280982816,0.020360004591438673,0.18955779789794863,1.831490093932204,18.332576785807014
3283.8134765625,0.002264893046792323,0.02025321219265335,0.18921358541224723,1.8349487942869656,18.440332232024037
3294.580078125,0.0022454428136187603,0.02014556522300453,0.18887811368800297,1.838685380590222,18.55297471995814
3305.3466796875,0.0022258226221008935,0.02003733994790765,0.1885420450618868,1.8424143887674216,18.664937425327395
3316.11328125,0.002206027937465625,0.019928526945604937,0.1882053763363282,1.8461358647397146,18.776232508769375
3326.8798828125,0.002186054019621821,0.019819116535693244,0.1878681042851055,1.849849853966336,18.886871772618907
3337.646484375,0.0021658959099015366,0.019709098769073015,0.18753022565298544,1.8535564014510848,18.996866675515996
3348.4130859375,0.0021455484166880206,0.019598463417389696,0.1871917371553563,1.8572555517486864,19.106228346256923
3359.1796875,0.002125006099797648,0.01948719996193526,0.1868526354778556,1.8609473489710393,19.21496759693579
3369.9462890625,0.0021042632534929067,0.019375297581976262,0.18651291727599129,1.864631836793354,19.323094935420496
3380.712890625,0.0020833138879739104,0.019262745142471838,0.1861725791747569,1.8683090584601842,19.43062057720376
3391.4794921875,0.0020621517091738762,0.019149531181141453,0.18583161776824064,1.8719790567913417,19.53755445666718
3402.24609375,0.0020407700966728055,0.019035643894840956,0.18549002961922736,1.87564187418772,19.64390623779336
3413.0126953125,0.002019162079501505,0.018921071125200126,0.1851478112587946,1.8792975526370068,19.749685324358904
3423.779296875,0.001997320309595138,0.018805800343472987,0.18480495918590115,1.8829461337193016,19.854900869638684
3434.5458984375,0.0019752370325978688,0.01868981863454688,0.18446146986696974,1.8865876586126304,19.959561785649502
3445.3125,0.0019529040557000991,0.018573112680052906,0.18411733973546143,1.890222168098371,20.06367675196001
3456.0791015625,0.001931034932156954,0.01844945160936601,0.18370046604716658,1.8941721175299309,20.194038999781277
3466.845703125,0.0019098341229342062,0.01831707747507168,0.18319168148022497,1.8985185912259708,20.357001318258536
3477.6123046875,0.0018883953095252507,0.01818373970802538,0.18268147990740133,1.9028551367966686,20.518669406627524
3488.37890625,0.0018667102916495888,0.018049416952097348,0.18216984942290607,1.90718182196567,20.6790736196128
3499.1455078125,0.0018447703870301654,0.01791408705047788,0.18165677795328833,1.9114987136901547,20.838243143611184
3509.912109375,0.001822566390773351,0.01777772700300968,0.18114225325411054,1.9158058781729266,20.996206058694312
3520.6787109375,0.0018000885302367775,0.01764031292055161,0.1806262629065396,1.9201033808742602,21.15298939644335
3531.4453125,0.0017773264147598205,0.01750181997611735,0.18010879431384907,1.9243912865235036,21.30861919395385
3542.2119140625,0.0017542689795229057,0.017362222352506042,0.17958983469783144,1.9286696591304608,21.4631205443158
3552.978515625,0.0017309044226731386,0.017221493186111957,0.17906937109511614,1.9329385619965342,21.616517643846425
3563.7451171875,0.0017072201347052098,0.01707960450656692,0.17854739035339176,1.937198057725656,21.768833836327044
3574.51171875,0.0016832026188953084,0.016936527171831334,0.17802387912752737,1.9414482082349958,21.9200916544733
3585.2783203125,0.0016588374013655545,0.016792230798307335,0.17749882387559224,1.945689074765467,22.070312858847355
3596.044921875,0.0016341089290749504,0.016646683685499097,0.17697221085476825,1.9499207178920177,22.2195184744021
3606.8115234375,0.0016090004536965423,0.01649985273469137,0.17644402611715299,1.9541431975337287,22.3677288248313
3617.578125,0.0015834938989174642,0.016351703361055157,0.17591425550544953,1.9583565729637105,22.514963564884617
3628.3447265625,0.00155756970817429,0.016202199398519412,0.17538288464853868,1.9625609028188125,22.661241710792787
3639.111328125,0.0015317112711937,0.01605203143233993,0.17483476254661254,1.9666058826480854,22.80822641820304
3649.8779296875,0.0015127134602442194,0.015910931442887192,0.17406817788829632,1.9685008613856,22.977569546134905
3660.64453125,0.001493474006237198,0.015768568915906188,0.17329820227565165,1.9703940176740375,23.145673724281927
3671.4111328125,0.0014739834469248174,0.015624909341532519,0.17252479030734644,1.9722853567613974,23.31256575442451
3682.177734375,0.0014542316859120022,0.015479916608513661,0.17174789555978556,1.9741748838705309,23.478271485733714
3692.9443359375,0.0014342079315122723,0.015333552898202167,0.1709674705545945,1.9760626041993237,23.642815861509956
3703.7109375,0.0014139006278076384,0.015185778569352024,0.17018346672475945,1.9779485229208584,23.80622296301362
3714.4775390625,0.001393297376663331,0.015036552032724068,0.16939583437935668,1.9798326451835764,23.968516050606212
3725.244140625,0.0013723848492019524,0.014885829614376395,0.16860452266680037,1.9817149761114456,24.12971760240094
3736.0107421875,0.001351148684942307,0.014733565406366254,0.16780947953652903,1.9835955208041227,24.28984935060463
3746.77734375,0.0013295733764344872,0.014579711103416947,0.16701065169905155,1.9854742843371131,24.448932315717165
3757.5439453125,0.0013076421367582117,0.01442421582390275,0.1662079845842643,1.9873512717619306,24.606986838740934
3768.310546875,0.0012853367466651485,0.014267025913271256,0.16540142229794824,1.9892264881062578,24.764032611540067
3779.0771484375,0.0012626373774088692,0.014108084727750278,0.16459090757634623,1.9910999383741002,24.920088705477546
3789.84375,0.0012395223843610398,0.013947332395867238,0.1637763817387187,1.9929716275459466,25.07517359844834
3800.6103515625,0.0012159680653019728,0.013784705554934228,0.1629577846377633,1.994841560578917,25.229305200416647
3811.376953125,0.0011919483757010664,0.013620137059209857,0.1621350546077831,1.9967097424069231,25.38250087755778
3822.1435546875,0.0011674345912463405,0.01345355565592564,0.16130812841047396,1.9985761779408142,25.534777475096043
3832.91015625,0.0011423949051622586,0.013284885624743474,0.1604769411781989,2.000440872068532,25.686151338924308
3843.6767578125,0.0011249218612838514,0.013143636848200007,0.15953574328222592,1.998890301916539,25.81125784095353
3854.443359375,0.001109968623131939,0.013011014492510757,0.15855277861051822,1.996175112261811,25.92716296507516
3865.2099609375,0.0010948111685037197,0.012877026312440651,0.1575636818103071,1.9934562243828968,26.042552246332228
3875.9765625,0.0010794408946410837,0.01274162921993309,0.1565683366652511,1.9907336231270047,26.157432511397634
3886.7431640625,0.0010638485772733865,0.012604777812608069,0.15556662324106393,1.9880072932375863,26.271810437685904
3897.509765625,0.0010480243058773465,0.012466424195902388,0.15455841771683235,1.9852772193533308,26.385692557882212
3908.2763671875,0.001031957409999441,0.012326517787240015,0.15354359220636515,1.9825433860071655,26.499085264296582
3919.04296875,0.0010156363750850113,0.012185005099962343,0.15252201456884268,1.9798057776252234,26.61199481305073
3929.8095703125,0.0009990487459272984,0.012041829504401405,0.1514935482079747,1.9770643785258173,26.724427328105993
3940.576171875,0.0009821810154355373,0.011896930963069263,0.1504580518588011,1.9743191729183855,26.836388805139144
3951.3427734375,0.0009650184958979083,0.01175024573645164,0.1494153793611936,1.9715701449024328,26.94788511527346
3962.109375,0.0009475451692495309,0.01160170605531634,0.1483653794190312,1.9688172784664544,27.05892200867129
3972.8759765625,0.0009297435120027483,0.011451239754757026,0.1473078953439251,1.9660605574868542,27.169505117994607
3983.642578125,0.0009115942893931903,0.011298769864365399,0.14624276478226367,1.963299965726832,27.279639961739115
3994.4091796875,0.0008930763118554552,0.011144214147926969,0.14516981942423232,1.9605354868352782,27.38933194744796
4005.17578125,0.000874166145043617,0.01098748458482739,0.1440888846933306,1.9577671043456375,27.498586374809744
4015.9423828125,0.0008548377620832423,0.010828486783885519,0.14299977941476563,1.954994801674767,27.60740843864652
4026.708984375,0.0008350621233336832,0.010667119318529596,0.14190231546093723,1.9522185621217782,27.715803231795952
4037.4755859375,0.000814806664288913,0.010503272970018018,0.14079629737205107,1.9494383688668588,27.823775747892473
4048.2421875,0.0007987289816496729,0.0103641883303541,0.13975050162156016,1.945379422624425,27.90728697719021
4059.0087890625,0.0007885347546062414,0.01025930857163636,0.13878750427156963,1.9396430368206579,27.95922257622732
4069.775390625,0.0007782069983730049,0.010153345507223441,0.1378177781724267,1.933889635579855,28.011061881099554
4080.5419921875,0.0007677403242057322,0.010046264858645607,0.13684118027420503,1.9281190665826387,28.062805425448055
4091.30859375,0.0007571289708539265,0.00993803050061031,0.13585756238535546,1.922331175223413,28.114453738003277
4102.0751953125,0.0007463667674817267,0.009828604318623467,0.13486677091019864,1.9165258045620335,28.166007342647912
4112.841796875,0.0007354470917040379,0.009717946052179297,0.13386864656893072,1.9107027952741555,28.21746675847897
4123.6083984375,0.0007243628219274661,0.009606013121689475,0.13286302409869546,1.9048619856002147,28.26883249986873
4134.375,0.000713106283022049,0.009492760437042193,0.13184973193413704,1.8990032112929967,28.320105076524772
4145.1416015625,0.0007016691841461498,0.00937814018535001,0.13082859186568152,1.8931263055637457,28.371284993548905
4155.908203125,0.00069004254729337,0.00926210159505281,0.12979941867362244,1.8872310990267611,28.422372751495306
4166.6748046875,0.0006782166248109255,0.009144590673074606,0.1287620197358817,1.8813174196424374,28.473368846427576
4177.44140625,0.0006661808037347836,0.009025549911173623,0.12771619460709302,1.875385092658679,28.524273769974958
4188.2080078125,0.0006539234942709416,0.00890491795695442,0.12666173456640376,1.8694339405506477,28.575088009387674
4198.974609375,0.0006414319990882254,0.008782629244200878,0.12559842213110553,1.8634637829587786,28.62581204759124
4209.7412109375,0.0006286923592259742,0.008658613576208129,0.12452603053288352,1.8574744366250011,28.676446363240153
4220.5078125,0.0006156891712901251,0.008532795654596387,0.12344432315311188,1.851465715327099,28.72699143077044
4231.2744140625,0.0006024053691151155,0.008405094544626021,0.12235305291321164,1.8454374298111564,28.77744772045164
4242.041015625,0.0005888219610659214,0.00827542306623083,0.12125196161562264,1.8393893877220044,28.827815698437806
4252.8076171875,0.0005749177114407903,0.008143687097752985,0.12014077923040824,1.8333213935316013,28.878095826817702
4263.57421875,0.0005612639512571224,0.00801437923041146,0.11904667629073935,1.8272762016461912,28.926754328800822
4274.3408203125,0.0005548074754871966,0.007940830330690067,0.11828660318256523,1.8217469850730341,28.95627013024156
4285.107421875,0.0005482749736511758,0.007866593813892013,0.11752161439100137,1.8162009355087476,28.985755876158223
4295.8740234375,0.0005416636951171051,0.0077916500258110154,0.11675161328934512,1.810637898273149,29.01521165817962
4306.640625,0.0005349707192768901,0.007715978357711841,0.11597650004316545,1.8050577163024923,29.044637567469934
4317.4072265625,0.000528192940467167,0.007639557180140363,0.11519617145921089,1.799460230097716,29.074033694731927
4328.173828125,0.0005213270511253672,0.007562363770712888,0.11441052082504245,1.7938452776712608,29.103400130210353
4338.9404296875,0.0005143695229217897,0.00748437423520147,0.11361943773868555,1.7882126944923646,29.13273696369515
4349.70703125,0.0005073165855622204,0.007405563421138485,0.11282280792753127,1.7825623134308097,29.162044284524573
4360.4736328125,0.0005001642028996355,0.007325904823055033,0.1120205130556461,1.7768939646990645,29.191322181588397
4371.240234375,0.0004929080459253499,0.007245370478341168,0.1112124305185699,1.7712074757927476,29.220570743331084
4382.0068359375,0.0004855434621263761,0.007163930852567919,0.11039843322459478,1.7655026714293793,29.249790057754904
4392.7734375,0.00047806544059300534,0.007081554712937768,0.10957838936141953,1.7597793734853335,29.278980212423036
4403.5400390625,0.0004704685721332558,0.006998208988326074,0.10875216214696809,1.7540374009309476,29.30814129446256
4414.306640625,0.00046274700349199603,0.006913858614134695,0.10791960956303537,1.7482765697637064,29.337273390567564
4425.0732421875,0.0004548943845735415,0.006828466359893799,0.10708058407029523,1.7424966929394472,29.366376587002108
4435.83984375,0.0004469038073145713,0.006741992637207339,0.10623493230304772,1.7366975803014955,29.39545096960322
4446.6064453125,0.0004387677345338629,0.006654395285231759,0.10538249474191952,1.7308790385076671,29.42449662378389
4457.373046875,0.0004304779166736628,0.00656562933038954,0.10452310536253819,1.7250408709550586,29.453513634535884
4468.1396484375,0.0004220252938147388,0.006475646716431347,0.1036565912579891,1.7191828777025269,29.48250208643277
4478.90625,0.0004133998796506059,0.0063843960002481675,0.1027827722326236,1.7133048553908028,29.511462063632734
4489.6728515625,0.0004045906231870096,0.0062918220079672856,0.10190146036451564,1.7074065971601082,29.54039364988145
4500.439453125,0.000398644309425821,0.006225350761781072,0.10122946871566058,1.702828764457099,29.57826894441944
4511.2060546875,0.00039456981463321255,0.006175759185760547,0.10069160855530207,1.6990926495107297,29.621790035370378
4521.97265625,0.0003904528035522135,0.006125766150760511,0.10015085985878233,1.6953483011405919,29.66524727776136
4532.7392578125,0.0003862919167985271,0.006075361746192633,0.09960717558214736,1.6915956646726167,29.708640951781824
4543.505859375,0.0003820857209658281,0.006024535646869251,0.099060507390443,1.687834684824937,29.751971335577895
4554.2724609375,0.00037783270285679846,0.00597327708830721,0.0985108056075641,1.6840653056983848,29.79523870527318
4565.0390625,0.0003735312631228743,0.005921574840107432,0.09795801916357111,1.6802874707668018,29.838443334989346
4575.8056640625,0.0003691797092369325,0.005869417177223893,0.097402095539315,1.6765011228671443,29.88158549686629
4586.572265625,0.0003647762477113383,0.005816791848913665,0.09684298070820167,1.6727062041893963,29.924665461082274
4597.3388671875,0.0003603189754598826,0.005763686045135176,0.09628061907491245,1.6689026562662659,29.96768349587353
4608.10546875,0.0003558058701856347,0.005710086360133576,0.09571495341088389,1.665090419962682,30.010639867553827
4618.8720703125,0.000351234779656931,0.005655978752919871,0.09514592478633517,1.6612694354650606,30.05353484053367
4629.638671875,0.0003466034097102203,0.005601348504313815,0.09457347249861472,1.6574396422703612,30.09636867733933
4640.4052734375,0.0003419093107899306,0.005546180170178035,0.09399753399661881,1.6536009791749051,30.139141638631532
4651.171875,0.0003371498628013121,0.005490457530422547,0.09341804480101684,1.6497533842629648,30.181853983223974
4661.9384765625,0.0003323222580102629,0.005434163533302171,0.09283493841999389,1.6458967948951133,30.224505968101667
4672.705078125,0.0003274234816734066,0.0053772802344650645,0.09224814626020046,1.6420311476963243,30.267097848438876
4683.4716796875,0.0003224502900188382,0.005319788730134515,0.09165759753257016,1.6381563785438216,30.309629877617006
4694.23828125,0.00031739918512077136,0.005261669083718943,0.09106321915264082,1.6342724225546703,30.352102307242156
4705.0048828125,0.0003122663861151653,0.005202900245042302,0.09046493563498052,1.630379214073098,30.394515387162443
4715.771484375,0.0003070477960831555,0.005143459961267201,0.08986266898128746,1.6264766866575475,30.436869365485265
4726.5380859375,0.0003017389637776659,0.005083324678441886,0.08925633856169382,1.622564773067446,30.479164488594083
4737.3046875,0.0002963350391764637,0.005022469432435988,0.08864586098876247,1.618643405249691,30.52140100116534
4748.0712890625,0.00029367013506853903,0.004988835391498776,0.08828875078800055,1.6171559333143932,30.604180405831475
4758.837890625,0.00029102466735799425,0.004955404742862505,0.08793416099159015,1.6157046638491974,30.687358630780647
4769.6044921875,0.00028835493023440654,0.0049217470239436055,0.08757813552984633,1.6142520896421813,30.77031200939659
4780.37109375,0.00028566024324386903,0.004887857543935911,0.08722065682207031,1.6127982071679798,30.853042355286185
4791.1376953125,0.00028293989352829775,0.004853731448269952,0.08686170692579438,1.6113430128853234,30.935551457805825
4801.904296875,0.00028019313362297296,0.004819363710495208,0.0865012675262728,1.609886503236937,31.017841082512824
4812.6708984375,0.00027741917905782764,0.00478474912363769,0.08613931992557784,1.6084286746494394,31.099912971606333
4823.4375,0.000274617205740604,0.0047498822909904995,0.08577584503128075,1.6069695235332415,31.181768844357705
4834.2041015625,0.0002717863470971919,0.004714757616291496,0.0854108233446998,1.605509046282441,31.263410397530595
4844.970703125,0.0002689256909409965,0.004679369293237298,0.08504423494869448,1.6040472392747211,31.344839305791517
4855.7373046875,0.00026603427603929175,0.004643711294278062,0.08467605949498347,1.6025840988712434,31.42605722211046
4866.50390625,0.0002631110883399011,0.00460777735863172,0.08430627619096465,1.601119621416544,31.507065778152512
4877.2705078125,0.0002601550568162478,0.004571560979450303,0.0839348637860123,1.5996538032384249,31.58786658466027
4888.037109375,0.00025716504888246655,0.004535055390063724,0.08356180055722633,1.5981866406478493,31.66846123182756
4898.8037109375,0.00025413986532297464,0.004498253549218805,0.08318706429460593,1.5967181299388316,31.748851289664525
4909.5703125,0.0002510782346720594,0.004461148125222146,0.08281063228561976,1.5952482673883273,31.829038308354548
4920.3369140625,0.0002479788069688527,0.0044237314788859615,0.08243248129914182,1.5937770492561252,31.90902381860294
4931.103515625,0.00024484014680062756,0.004385995645164282,0.0820525875687208,1.5923044717847343,31.988809331977937
4941.8701171875,0.00024166072553274148,0.004347932313354654,0.08167092677514948,1.5908305311992732,32.06839634124391
4952.63671875,0.00023843891260586658,0.004309532805725816,0.08128747402829697,1.5893552237073567,32.147786320687366
4963.4033203125,0.00023517296575993824,0.004270788054415777,0.08090220384816649,1.5878785454989826,32.22698072643546
4974.169921875,0.00023186102001842185,0.004231688576425965,0.08051509014513689,1.5864004927464141,32.30598099676762
4984.9365234375,0.0002285010752351961,0.004192224446516134,0.08012610619934524,1.5849210616040679,32.38478855242039
4995.703125,0.00022529165832831048,0.0041542765565861775,0.07975055421281713,1.5835857064931156,32.468257015985934
5006.4697265625,0.00022337304133059473,0.0041285359915292945,0.07947464994253774,1.5832082414163682,32.58338686914581
5017.236328125,0.00022143780136697124,0.004102633929331743,0.07919778450011301,1.5828306863237511,32.6981113532988
5028.0029296875,0.00021948549873555812,0.004076567291589245,0.07891994776964674,1.5824530411508355,32.81243472040795
5038.76953125,0.00021751567400110638,0.004050332900837476,0.0786411294565458,1.5820753058331123,32.92636114861976
5049.5361328125,0.0002155278467324228,0.004023927476031073,0.07836131908306947,1.581697480305998,33.03989474404603
5060.302734375,0.0002135215141339938,0.0039973476277538125,0.07808050598373487,1.5813195645048328,33.153039542490596
5071.0693359375,0.0002114961495607697,0.003970589853140243,0.07779867930057352,1.580941558364876,33.26579951112328
5081.8359375,0.00020945120090367142,0.003943650530487139,0.07751582797823235,1.580563461821312,33.378178550102945
5092.6025390625,0.00020738608883179288,0.0039165259135313674,0.07723194075891357,1.5801852748092482,33.49018049415167
5103.369140625,0.0002053002048754631,0.0038892121253685783,0.07694700617714613,1.5798069972637132,33.60180911408137
5114.1357421875,0.00020319290933215787,0.00386170515198471,0.07666101255438251,1.5794286291196569,33.71306811827523
5124.90234375,0.00020106352897486098,0.003834000835369819,0.07637394799341346,1.5790501703119528,33.8239611541252
5135.6689453125,0.0001989113545396133,0.0038060948661807867,0.07608580037259287,1.5786716207753964,33.934491809427094
5146.435546875,0.00019673563796562704,0.003777982775916134,0.07579655733986523,1.5782929804447032,34.04466361373509
5157.2021484375,0.00019453558935758004,0.0037496599285628857,0.07550620630658718,1.577914249254513,34.15448003967681
5167.96875,0.00019231037363506923,0.003721121511671109,0.07521473444113418,1.5775354271393847,34.26394450423047
5178.7353515625,0.00019005910682894987,0.0036923625268075605,0.07492212866228351,1.577156514033801,34.37306036996547
5189.501953125,0.0001877808519779837,0.003663377779334802,0.07462837563236381,1.5767775098721628,34.48183094624752
5200.2685546875,0.00018547461457174162,0.0036341618674565423,0.0743334617501608,1.5763984145887955,34.59025949040999
5211.03515625,0.0001831393374769441,0.003604709170463887,0.07403737314356883,1.5760192281179433,34.69834920889181
5221.8017578125,0.00018077389527377142,0.003575013836109963,0.07374009566197669,1.5756399503937715,34.80610325834403
5232.568359375,0.00017837708791605488,0.0035450697670326545,0.07344161486837628,1.5752605813503668,34.91352474670543
5243.3349609375,0.00017594763361401144,0.0035148706061361923,0.07314191603118098,1.5748811209217357,35.02061673424834
5254.1015625,0.00017348416081973953,0.003484409720832419,0.0728409841157419,1.574501569041808,35.12738223459614
5264.8681640625,0.00017098519917316734,0.0034536801860309344,0.07253880377554613,1.5741219256444274,35.233824215712424
5275.634765625,0.0001694359204496045,0.0034307042392287194,0.07226454771855662,1.5735582375625408,35.364707048790805
5286.4013671875,0.00016788687003782478,0.0034076914922313473,0.07198967536155973,1.5729916554409649,35.49546803282
5297.16796875,0.00016632339319407337,0.003384522275800521,0.07171374945125922,1.5724248691663727,35.62574907410508
5307.9345703125,0.00016474507918624797,0.0033611933542350616,0.07143675777954367,1.5718578785179207,35.75555541888912
5318.701171875,0.00016315149741444397,0.0033377013787512406,0.07115868790069425,1.5712906832743694,35.88489221852845
5329.4677734375,0.0001615421960388927,0.0033140428818713165,0.07087952712485902,1.5707232832140778,36.01376453187804
5340.234375,0.00015991670048359674,0.003290214271448887,0.0705992625112957,1.5701556781150041,36.14217732760035
5351.0009765625,0.00015827451180165756,0.0032662118243019602,0.07031788086137164,1.5695878677547057,36.27013548640066
5361.767578125,0.00015661510488629575,0.003242031679421706,0.07003536871131094,1.5690198519103387,36.397643803191635
5372.5341796875,0.00015493792650941884,0.0032176698307219047,0.06975171232467692,1.568451630358653,36.52470698918974
5383.30078125,0.0001532423931669372,0.0031931221192904465,0.06946689768457853,1.5678832028759966,36.6513296739466
5394.0673828125,0.00015152788870707285,0.0031683842251005374,0.06918091048558785,1.5673145692383101,36.77751640731701
5404.833984375,0.00014979376171428679,0.0031434516581347305,0.06889373612535568,1.5667457292211289,36.9032716613666
5415.6005859375,0.00014803932261736458,0.0031183197488702033,0.06860535969591113,1.5661766825995787,37.028599832221246
5426.3671875,0.00014626384048527214,0.003092983638068259,0.06831576597463111,1.5656074291483795,37.153505241860124
5437.1337890625,0.00014446653946846412,0.003067438265804535,0.06802493941486298,1.5650379686418392,37.27799213985486
5447.900390625,0.00014264659483663006,0.00304167835967019,0.06773286413618575,1.5644683008538562,37.40206470505651
5458.6669921875,0.00014080312855536508,0.003015698422065767,0.0674395239142909,1.563898425557916,37.52572704723236
5469.43359375,0.00013893520433450843,0.0029894927165012436,0.06714490217046586,1.563328342527092,37.648983208654364
5480.2001953125,0.00013704182206889962,0.0029630552528054506,0.06684898196066,1.5627580515340438,37.7718371656409
5490.966796875,0.00013512191157786504,0.0029363797711368963,0.06655174596411323,1.5621875523510156,37.894292830053494
5501.7333984375,0.0001331743255321722,0.002909459724675008,0.06625317647152532,1.5616168447498366,38.016354050750266
5512.5,0.00013119783143574287,0.002882288260856289,0.06595325537274328,1.5610459285019163,38.1380246149974
5523.2666015625,0.00012919110250297585,0.0028548582010029843,0.06565196414394246,1.5604748033782494,38.25930824984034
5534.033203125,0.00012715270723986357,0.0028271620181726364,0.06534928383427566,1.5599034691494096,38.38020862343576
5544.7998046875,0.00012508109749646072,0.0027991918130349657,0.06504519505196323,1.5593319255855507,38.500729346346226
5555.56640625,0.0001234039411508728,0.00277447776465706,0.06474177026827059,1.5582188031965185,38.624138609237576
5566.3330078125,0.00012218068658038857,0.0027534630932081606,0.0644392285935209,1.556508859149355,38.750733455426825
5577.099609375,0.00012094506048178431,0.0027322867976737907,0.06413525977172435,1.5547970345307653,38.87691607318506
5587.8662109375,0.00011969667972266,0.0027109450905220297,0.06382984341391634,1.553083323122393,39.00269046347204
5598.6328125,0.00011843514097731305,0.002689434033938834,0.06352295864097954,1.5513677186715373,39.128060562943205
5609.3994140625,0.00011716001920451787,0.0026677495313450145,0.06321458406698661,1.5496502148908848,39.2530302453873
5620.166015625,0.00011587086597453983,0.002645887318287487,0.0629046977818083,1.5479308054582421,39.37760332312303
5630.9326171875,0.00011456720762669079,0.0026238429526474344,0.06259327733294653,1.5462094840162626,39.501783548356
5641.69921875,0.00011324854323594812,0.0026016118041015716,0.06228029970654987,1.544486244172175,39.625574614497474
5652.4658203125,0.00011191434236393104,0.002579189042765894,0.06196574130756603,1.542761079497505,39.748980157446134
5663.232421875,0.00011056404256555658,0.002556569626942843,0.061649577938982784,1.541033983527794,39.872003756834005
5673.9990234375,0.00010919704661814484,0.0025337482898839226,0.061331784780105945,1.5393049497623195,39.99464893723814
5684.765625,0.00010781271943426856,0.0025107195254692872,0.061012336363818705,1.5375739716638066,40.116919169358745
5695.5322265625,0.00010641038461305875,0.0024874775726940203,0.06069120655276407,1.5358410426581417,40.23881787116517
5706.298828125,0.00010498932057683807,0.002464016398837222,0.06036836851438666,1.5341061561340799,40.36034840901078
5717.0654296875,0.00010354875623045023,0.002440329681174613,0.060043794694766846,1.5323693054429528,40.48151409871769
5727.83203125,0.00010208786606918719,0.0024164107870775662,0.059717456791174815,1.530630483898368,40.602318206632205
5738.5986328125,0.00010060576464719752,0.002392252752321093,0.05938932572326738,1.5288896847759121,40.72276395065242
5749.365234375,9.910150030112878e-05,0.0023678482573997197,0.059059371602844454,1.5271469013128447,40.842854501228175
5760.1318359375,9.757404800263897e-05,0.0023431896016229427,0.05872756370207594,1.5254021267077933,40.96259298233491
5770.8984375,9.602230118731825e-05,0.0023182686747305406,0.05839387042010407,1.523655354120443,41.08198247242179
5781.6650390625,9.444506237488162e-05,0.0022930769257310008,0.058058259247917736,1.5219065766712252,41.20102600533525
5792.431640625,9.284103235467761e-05,0.0022676053286237795,0.05772069673138869,1.5201557874409986,41.31972657121837
5803.1982421875,9.120879765882945e-05,0.0022418443446158304,0.0573811484323507,1.5184029794707326,41.43808711738741
5813.96484375,8.954681597944281e-05,0.0022157838803838694,0.05703957888759331,1.5166481457611825,41.55611054918551
5824.7314453125,8.785339910181885e-05,0.002189413241864597,0.056695951565632126,1.5148912792725648,41.673799730814885
5835.498046875,8.612669281605062e-05,0.0021627210829728034,0.05635022882110613,1.5131323729242272,41.79115748614777
5846.2646484375,8.436465312627943e-05,0.002135695348549995,0.05600237184664181,1.5113714195943153,41.90818659951707
5857.03125,8.307834030690186e-05,0.002113923808544216,0.05568324061303741,1.5091571034512385,42.02435427211662
5867.7978515625,8.223185674612028e-05,0.002096935108972512,0.055389833988772515,1.5065383530408778,42.13972778180868
5878.564453125,8.137656849290094e-05,0.002079807643546166,0.055094864855430394,1.5039150426366872,42.254786274001084
5889.3310546875,8.051219494862386e-05,0.0020625379553027754,0.05479830798092675,1.5012871483346208,42.36953231507381
5900.09765625,7.963844028614666e-05,0.002045122441316418,0.05450013744667862,1.4986546460210535,42.483968436748675
5910.8642578125,7.875499226699963e-05,0.0020275573439208815,0.05420032662116735,1.496017511370197,42.59809713674109
5921.630859375,7.786152093775573e-05,0.0020098387412424397,0.053898848132177934,1.4933757198414825,42.71192087939622
5932.3974609375,7.695767719016605e-05,0.0019919625369746487,0.05359567383763302,1.4907292466768924,42.82544209630969
5943.1640625,7.604309116725248e-05,0.0019739244493196728,0.053290774794933334,1.4880780668982545,42.93866318693383
5953.9306640625,7.511737049468556e-05,0.0019557199990114732,0.05298412122871023,1.4854221553044895,43.0515865191693
5964.697265625,7.418009831350477e-05,0.0019373444963260754,0.052675682496888664,1.4827614864688194,43.16421442994291
5975.4638671875,7.323083108613764e-05,0.0019187930269720125,0.05236542705495088,1.4800960347359262,43.27654922577197
5986.23046875,7.226909614303701e-05,0.001900060436740869,0.052053322418283185,1.4774257742190646,43.38859318331533
5996.9970703125,7.129438893136621e-05,0.0018811413147819059,0.05173933512247817,1.4747506787971285,43.500348549911756
6007.763671875,7.030616992029753e-05,0.0018620299753470293,0.05142343068145554,1.472070722111672,43.61181754410588
6018.5302734375,6.930386110908081e-05,0.0018427204378316142,0.05110557354325283,1.4693858775638788,43.72300235616208
6029.296875,6.828684207365252e-05,0.001823206404912462,0.050785727043325714,1.466696118311479,43.83390514856654
6040.0634765625,6.725444547505503e-05,0.0018034812385565053,0.05046385335518428,1.4640014172656217,43.94452805651803
6050.830078125,6.620595193728633e-05,0.0017835379336411067,0.050139913438177225,1.461301747087691,44.05487318840757
6061.5966796875,6.51405841828857e-05,0.001763369088888733,0.049813866982219575,1.4585970801860695,44.16494262628725
6072.36328125,6.40575002903859e-05,0.0017429668747740935,0.04948567234924294,1.4558873887128487,44.274738426328604
6083.1298828125,6.29557859073969e-05,0.0017223229980091585,0.04915528651112702,1.4531726445604825,44.3842626192707
6093.896484375,6.183444521448337e-05,0.001701428662149174,0.04882266498385097,1.4504528193583874,44.493517210858506
6104.6630859375,6.0692390385851535e-05,0.001680274523788967,0.04848776175757868,1.447727884469483,44.60250418227137
6115.4296875,5.9528429229346974e-05,0.0016588506437306824,0.04815052922236751,1.444997810986672,44.711225490542176
6126.1962890625,5.834125060605517e-05,0.0016371464323991264,0.04781091808916065,1.4422625697292653,44.81968306896738
6136.962890625,5.712940712140858e-05,0.0016151505886537864,0.047468877305691465,1.4395221312393405,44.92787882750814
6147.7294921875,5.589129443669114e-05,0.0015928510309944736,0.047124353966894336,1.4367764657780422,45.03581465318271
6158.49609375,5.462512635751131e-05,0.0015702348199717272,0.04677729321937633,1.434025543321816,45.14349241045046
6169.2626953125,5.338442333196656e-05,0.0015480710443204163,0.04643530842061829,1.4312617104164496,45.25010826890783
6180.029296875,5.288191930266503e-05,0.001536354528665851,0.04619579768940332,1.4283886063602942,45.345536019668415
6190.7958984375,5.237459425886303e-05,0.001524547971446236,0.04595503868133093,1.425509711596378,45.44076336808408
6201.5625,5.186230672103829e-05,0.0015126492642809077,0.04571301167331858,1.4226249909696067,45.53579157143727
6212.3291015625,5.134490815138108e-05,0.0015006562151999787,0.045469696417364605,1.4197344089677328,45.63062187391865
6223.095703125,5.082224245072807e-05,0.0014885665439297896,0.04522507212077873,1.4168379297162548,45.72525550681712
6233.8623046875,5.0294145408462455e-05,0.0014763778768309436,0.044979117425445074,1.41393551697322,45.81969368870632
6244.62890625,4.9760444099848006e-05,0.0014640877414569752,0.04473181038605878,1.4110271341239369,45.91393762562779
6255.3955078125,4.922095622457087e-05,0.001451693560698454,0.04448312844727375,1.4081127441755847,46.00798851127057
6266.162109375,4.867548937923554e-05,0.0014391926464730573,0.04423304841969402,1.4051923097517225,46.10184752714766
6276.9287109375,4.812384025568728e-05,0.0014265821929180529,0.04398154645463634,1.4022657930866973,46.19551584276915
6287.6953125,4.756579375561613e-05,0.001413859269036223,0.04372859801758656,1.3993331560199487,46.288994615812314
6298.4619140625,4.7001122010529114e-05,0.0014010208107406536,0.04347417786026567,1.396394359990198,46.38228499228847
6309.228515625,4.642958329444121e-05,0.0013880636122372626,0.04321825999121614,1.393449366029537,46.4753881067069
6319.9951171875,4.585092081455302e-05,0.001374984316676347,0.04296081764481085,1.390498134757398,46.568305082235895
6330.76171875,4.526486136274913e-05,0.0013617794059959418,0.04270182324858073,1.3875406263744092,46.66103703086081
6341.5283203125,4.467111380787497e-05,0.001348445189869962,0.0424412483887476,1.384576800656133,46.753585053539254
6352.294921875,4.406936740506459e-05,0.0013349777936625658,0.042179063773840536,1.3816066169466823,46.84595024035369
6363.0615234375,4.3459289894446974e-05,0.0013213731452776478,0.04191523919626427,1.3786300341522164,46.938133670661216
6373.828125,4.2840525355982536e-05,0.0013076269607765485,0.04164974349167577,1.3756470107343042,47.03013641324066
6384.5947265625,4.221269178130481e-05,0.001293734728620389,0.0413825444960158,1.3726575047031617,47.12195952643726
6395.361328125,4.157537831542044e-05,0.001279691692372517,0.0411136090000266,1.3696614736107595,47.21360405830462
6406.1279296875,4.092814211171792e-05,0.0012654928316730915,0.040842902701074095,1.3666588745437833,47.30507104674425
6416.89453125,4.027050473192402e-05,0.0012511328412701602,0.04057039015207699,1.3636496641164715,47.39636151964292
6427.6611328125,3.9601948007777296e-05,0.0012366061078587238,0.04029603470732678,1.3606337984632932,47.48747649500712
6438.427734375,3.8921909262745984e-05,0.001221906684441268,0.0400197984649651,1.3576112332314925,47.57841698109573
6449.1943359375,3.822977576842879e-05,0.0012070282618774986,0.039741642205862134,1.3545819235734762,47.66918397655014
6459.9609375,3.752487828029829e-05,0.0011919641372372637,0.039461525328617256,1.3515458241390497,47.75977847052213
6470.7275390625,3.6806483458734715e-05,0.0011767071785064196,0.03917940578037704,1.3485028890674977,47.85020144279975
6481.494140625,3.607378493095684e-05,0.001161249785118298,0.0388952399831365,1.3454530719794995,47.94045386393083
6492.2607421875,3.5325892683577216e-05,0.0011455838436910857,0.0386089827551584,1.3423963259688834,48.03053669534462
6503.02734375,3.4566892163922194e-05,0.0011297900478160969,0.03832178311718462,1.3393350292661044,48.119983781814256
6513.7939453125,3.430052589019153e-05,0.001122709577296796,0.03815150241158651,1.3365073541632884,48.16309150531984
6524.560546875,3.4032074853221944e-05,0.0011155841688387353,0.03798045828109563,1.3336736837944538,48.206160680327535
6535.3271484375,3.3761489322697986e-05,0.0011084129557945698,0.037808640364641516,1.3308339798634483,48.24919141006718
6546.09375,3.348871755917045e-05,0.0011011950432974584,0.03763603806464693,1.3279882036646635,48.29218379730871
6556.8603515625,3.321370569854338e-05,0.0010939295069576245,0.03746264053940014,1.3251363160768843,48.335137944364966
6567.626953125,3.2936397627865636e-05,0.0010866153914804446,0.037288436695107785,1.3222782775570092,48.378053953094614
6578.3935546875,3.2656734851672894e-05,0.0010792517092003413,0.037113415177612186,1.3194140481336578,48.42093192490492
6589.16015625,3.237465634788843e-05,0.0010718374385239142,0.03693756436375535,1.316543587400646,48.46377196075457
6599.9267578125,3.209009841236124e-05,0.001064371522275532,0.036760872352371084,1.313666854510335,48.5065741611564
6610.693359375,3.180299449087268e-05,0.0010568528659377263,0.03658332695488581,1.3107838081668512,48.54933862618017
6621.4599609375,3.15132749973432e-05,0.0010492803357780283,0.036404915685506405,1.3078944066191693,48.59206545545531
6632.2265625,3.1220867116875775e-05,0.0010416527568533102,0.036225625750973364,1.3049986076540558,48.634754748173634
6642.9931640625,3.092569459205317e-05,0.0010339689108816302,0.03604544403985527,1.3020963685888767,48.67740660309197
6653.759765625,3.062767749067116e-05,0.0010262275339706116,0.035864357111359074,1.2991876462642553,48.72002111853491
6664.5263671875,3.0326731952913218e-05,0.0010184273141903867,0.035682351183629224,1.296272397036584,48.76259839239734
6675.29296875,3.0022769915771502e-05,0.0010105668889780124,0.03549941212150703,1.2933505767703848,48.80513852214718
6686.0595703125,2.9715698812019985e-05,0.00100264484235862,0.03531552542371915,1.2904221408305123,48.847641604827956
6696.826171875,2.9405421240957684e-05,0.000994659701967459,0.03513067620946269,1.2874870440741988,48.890107737061314
6707.5927734375,2.909183460749152e-05,0.0009866099358549181,0.03494484920435144,1.2845452408429348,48.9325370150497
6718.359375,2.8774830725845907e-05,0.0009784939490550253,0.03475802872568605,1.2815966849541822,48.974929534578735
6729.1259765625,2.8454295383515488e-05,0.000970310079895562,0.034570198667007515,1.2786413296929144,49.01728539101993
6739.892578125,2.8130107860511657e-05,0.0009620565960257219,0.0343813424818916,1.2756791278029833,49.05960467933308
6750.6591796875,2.780214039809679e-05,0.0009537316901342064,0.034191443166936925,1.2727100314783004,49.10188749406874
6761.42578125,2.747025761048896e-05,0.0009453334753280864,0.0340004832438986,1.269733992353836,49.144133929370746
6772.1923828125,2.7134315831769772e-05,0.0009368599801387302,0.03380844474091326,1.2667509614964287,49.18634407897859
6782.958984375,2.679416238902885e-05,0.000928309143117306,0.03361530917275845,1.2637608893953962,49.22851803622994
6793.7255859375,2.6449634791451636e-05,0.000919678806978198,0.033421057520085944,1.2607637259529474,49.27065589406296
6804.4921875,2.6100559822973752e-05,0.0009109667122428214,0.03322567020756162,1.2577594204743903,49.31275774501874
6815.2587890625,2.57467525242307e-05,0.0009021704903310343,0.03302912708084186,1.254747921658127,49.35482368124365
6826.025390625,2.538801504677757e-05,0.0008932876560401954,0.03283140738230932,1.2517291775854333,49.39685379449175
6836.7919921875,2.5024135359423268e-05,0.000884315599344165,0.03263248972548537,1.2487031357100136,49.438848176127024
6847.55859375,2.4654885782709627e-05,0.0008752515764356537,0.032432352068030225,1.2456697428473313,49.48080691712578
6858.3251953125,2.4348394309112178e-05,0.0008675571648205649,0.0322550428160219,1.2426140938828238,49.49393876150271
6869.091796875,2.422628315261508e-05,0.0008638198983855794,0.032142817969448984,1.2395102194485217,49.428309584067996
6879.8583984375,2.4103553375994943e-05,0.000860066392473425,0.03203019992086934,1.2363985530234232,49.362593150578675
6890.625,2.398019548101984e-05,0.0008562964335308285,0.0319171845081076,1.2332790356279903,49.29678911207751
6901.3916015625,2.3856199723897627e-05,0.000852509803282627,0.031803767495036,1.2301516075348586,49.230897117275155
6912.158203125,2.3731556106267793e-05,0.0008487062785842591,0.031689944569721684,1.2270162082554932,49.1649168125282
6922.9248046875,2.3606254365815975e-05,0.000844885631268349,0.03157571134251386,1.2238727765265385,49.09884784181707
6933.69140625,2.348028396638969e-05,0.0008410476279849398,0.03146106334406841,1.2207212502958529,49.03268984672361
6944.4580078125,2.3353634087673696e-05,0.0008371920300352037,0.0313459960233075,1.2175615667082145,48.96644246640837
6955.224609375,2.3226293614339887e-05,0.000833318593198204,0.03123050474531168,1.2143936620906965,48.900105337587654
6965.9912109375,2.3098251124665186e-05,0.0008294270675503681,0.031114584789141263,1.2112174719376962,48.83367809451031
6976.7578125,2.296949487857521e-05,0.0008255171972773092,0.030998231345584642,1.2080329308956086,48.76716036893416
6987.5244140625,2.2840012805062754e-05,0.000821588720477557,0.030881439514830127,1.2048399727471388,48.70055179010224
6998.291015625,2.2709792489012336e-05,0.0008176413689578813,0.030764204304058265,1.201638530395234,48.6338519847186
7009.0576171875,2.257882115728788e-05,0.0008136748680195921,0.03064652062495126,1.1984285358466347,48.56706057692399
7019.82421875,2.2447085664098242e-05,0.0008096889362354331,0.030528383291115953,1.1952099201950255,48.5001771882711
7030.5908203125,2.231457247562785e-05,0.0008056832852166186,0.030409787015416825,1.1919826136037768,48.43320143769954
7041.357421875,2.2181267653777854e-05,0.0008016576193692708,0.030290726407214783,1.1887465452882637,48.36613294151051
7052.1240234375,2.2047156839082948e-05,0.000797611635639912,0.03017119596950814,1.1855016434977528,48.29897131334119
7062.890625,2.1912225232636215e-05,0.0007935450232491844,0.03005119009597107,1.1822478354968406,48.23171616413874
7073.6572265625,2.1776457577034358e-05,0.0007894574634132725,0.02993070306788524,1.178985047546429,48.16436710213401
7084.423828125,2.163983813624963e-05,0.0007853486290522796,0.02980972905095987,1.1757132048842298,48.09692373281495
7095.1904296875,2.150235067432494e-05,0.0007812181844847581,0.02968826209203505,1.1724322317047742,48.029385658899535
7105.95703125,2.1363978432873945e-05,0.0007770657851076929,0.029566296115663377,1.1691420511389232,47.96175248030864
7116.7236328125,2.122470410721517e-05,0.0007728910770609268,0.029443824920563827,1.165842585232852,47.894023794138235
7127.490234375,2.108450982113545e-05,0.0007686936968752757,0.029320842175942722,1.1625337549265014,47.82619919463145
7138.2568359375,2.0943377100077377e-05,0.0007644732711031426,0.029197341417674768,1.1592154800314747,47.75827827315024
7149.0234375,2.0801286842757384e-05,0.0007602294159308185,0.029073316044338535,1.155887679208362,47.69026061814657
7159.7900390625,2.065821929096111e-05,0.0007559617367710437,0.028948759313098687,1.1525502699434782,47.62214581513341
7170.556640625,2.0514153997467116e-05,0.0007516698278348334,0.028823664335428323,1.1492031685249897,47.553933446655236
7181.3232421875,2.036906979198111e-05,0.0007473532716812258,0.028698024072663416,1.1458462900184156,47.48562309225818
7192.08984375,2.0222944744746793e-05,0.0007430116387432928,0.02857183133138115,1.1424795482414807,47.41721432845978
7202.8564453125,2.0075756127923664e-05,0.000738644486829337,0.028445078758594075,1.1391028557382996,47.34870672871835
7213.623046875,1.9927480374260295e-05,0.0007342513605971379,0.02831775883675022,1.1357161237528681,47.280099863402
7224.3896484375,1.97780930330791e-05,0.0007298317909998991,0.028189863878530366,1.1323192622018454,47.211393299757134
7235.15625,1.9719619849944947e-05,0.0007276036982261691,0.028100698643879814,1.1285935183968616,47.049219440104764
7245.9228515625,1.9691523583843103e-05,0.0007261058943519515,0.028024328254650132,1.124749288111402,46.85534410250571
7256.689453125,1.9663387172098396e-05,0.0007246049944300026,0.027947749175463395,1.1208918736643623,46.66066321866096
7267.4560546875,1.9635210442124485e-05,0.0007231009791814358,0.027870959686111405,1.1170211384689646,46.46516666327995
7278.22265625,1.9606993220102102e-05,0.0007215938291264679,0.027793958042622857,1.113136943563639,46.268844097161804
7288.9892578125,1.9578735330967708e-05,0.0007200835245814643,0.027716742476801164,1.1092391475538077,46.07168496081458
7299.755859375,1.9550436598370996e-05,0.0007185700456559016,0.027639311195750645,1.1053276065518296,45.87367846782761
7310.5224609375,1.95220968446955e-05,0.0007170533722493595,0.027561662381390937,1.1014021741150206,45.67481359798542
7321.2890625,1.949371589103307e-05,0.0007155334840483888,0.0274837941899588,1.0974627011816815,45.47507909011041
7332.0556640625,1.9465293557176188e-05,0.0007140103605233457,0.027405704751497374,1.0935090360050486,45.2744634346215
7342.822265625,1.943682966159609e-05,0.0007124839809251414,0.027327392169332197,1.089541024085091,45.07295486579466
7353.5888671875,1.940832402142003e-05,0.0007109543242819311,0.027248854519533683,1.0855585080980605,44.870541353710514
7364.35546875,1.937977645245883e-05,0.0007094213693958185,0.027170089850365696,1.0815613278237093,44.667210595873655
7375.1220703125,1.9351186769136623e-05,0.0007078850948393328,0.027091096181719516,1.077549320070076,44.46295000848698
7385.888671875,1.9322554784518573e-05,0.0007063454789520068,0.02701187150453315,1.0735223185957434,44.25774671736344
7396.6552734375,1.9293880310283436e-05,0.0007048024998367984,0.026932413780195116,1.069480154029461,44.051587548457064
7407.421875,1.9265163156698803e-05,0.0007032561353564208,0.026852720939932254,1.0654226537870206,43.84445901799292
7418.1884765625,1.9236403132631955e-05,0.0007017063631297024,0.026772790884181465,1.061349641985277,43.63634732217562
7428.955078125,1.920760004549712e-05,0.0007001531605277236,0.026692621481944078,1.0572609393531824,43.427238326453896
7439.7216796875,1.9178753701286663e-05,0.0006985965046700551,0.026612210570123175,1.0531563631397152,43.21711755431764
7450.48828125,1.9149863904508168e-05,0.0006970363724207362,0.026531555952842418,1.0490357270185655,43.005970175602286
7461.2548828125,1.912093045822072e-05,0.0006954727403843561,0.026450655400746533,1.0448988409894366,42.79378099427386
7472.021484375,1.9091953163961554e-05,0.0006939055849018545,0.026369506650282173,1.0407455112758193,42.58053443566623
7482.7880859375,1.9062931821774487e-05,0.0006923348820464225,0.026288107402959,1.0365755402190737,42.36621453313998
7493.5546875,1.9033866230175946e-05,0.0006907606076192227,0.02620645532459016,1.0323887261686666,42.15080491413093
7504.3212890625,1.9004756186153374e-05,0.000689182737145049,0.026124548044511198,1.0281848633683832,41.93428878555361
7515.087890625,1.8975601485110597e-05,0.0006876012458678261,0.026042383154776878,1.0239637418383323,41.7166489185228
7525.8544921875,1.8946401920907744e-05,0.0006860161087461765,0.025959958209335384,1.019725147252561,41.49786763235399
7536.62109375,1.8917157285786058e-05,0.0006844273004486957,0.025877270723178514,1.0154688608120659,41.27792677780046
7547.3876953125,1.888786737040596e-05,0.0006828347953493221,0.025794318171467635,1.0111946591129986,41.05680771948227
7558.154296875,1.8858531963777625e-05,0.0006812385675224265,0.025711097988633993,1.0069023140098305,40.834491317458856
7568.9208984375,1.8829150853277924e-05,0.0006796385907379426,0.025627607567452946,1.0025915924732511,40.6109579078936
7579.6875,1.8799723824630327e-05,0.000678034838456343,0.025543844258090934,0.9982622564425381,40.38618728275532
7590.4541015625,1.8770250661861833e-05,0.000676427283823451,0.02545980536712404,0.9939140626721437,40.16015866849721
7601.220703125,1.8740731147309407e-05,0.000674815899665247,0.025375488156527553,0.9895467625722111,39.932850703649414
7611.9873046875,1.8711165061601358e-05,0.0006732006584824984,0.0252908898426351,0.98516010204273,39.70424141525735
7622.75390625,1.8707156855232307e-05,0.0006720944379452894,0.02521320715506544,0.9807140965609027,39.466490825374386
7633.5205078125,1.8748092164188154e-05,0.0006718887501004153,0.025147977271944674,0.9761776736868781,39.21346674564258
7644.287109375,1.8788938287926105e-05,0.0006716829992682556,0.025082577752221728,0.9716200708179006,38.958799395693276
7655.0537109375,1.882969580683832e-05,0.0006714771853909103,0.02501700726550344,0.9670409884940971,38.7024563367253
7665.8203125,1.8870365295048656e-05,0.0006712713084103877,0.024951264463915532,0.9624401201316878,38.44440404842274
7676.5869140625,1.891094732051381e-05,0.0006710653682686224,0.02488534798177951,0.9578171517834474,38.18460787779074
7687.353515625,1.8951442445101686e-05,0.0006708593649074406,0.02481925643528148,0.9531717618887022,37.923031984835994
7698.1201171875,1.8991851224681208e-05,0.0006706532982685638,0.02475298842213326,0.9485036210123134,37.65963928485176
7708.88671875,1.9032174209245828e-05,0.0006704471682936775,0.024686542521225343,0.943812391572037,37.39439138704366
7719.6533203125,1.907241194295477e-05,0.0006702409749243314,0.02461991729227112,0.939097727553627,37.127248529209126
7730.419921875,1.911256496424108e-05,0.0006700347181019925,0.02455311127544273,0.9343592742129994,36.85816950815539
7741.1865234375,1.915263380589975e-05,0.0006698283977680535,0.0244861229909979,0.9295966677647362,36.58711160551174
7751.953125,1.9192618995163633e-05,0.0006696220138638066,0.02441895093889742,0.9248095350561426,36.314030508557266
7762.7197265625,1.923252105378042e-05,0.0006694155663304538,0.024351593598413275,0.9199974932260504,36.03888022564912
7773.486328125,1.9272340498099e-05,0.0006692090551091048,0.02428404942772694,0.9151601493474647,35.761612995793946
7784.2529296875,1.931207783914562e-05,0.0006690024801407836,0.024216316863517617,0.9102971000531263,35.48217919185903
7795.01953125,1.935173358270551e-05,0.0006687958413664322,0.024148394320540067,0.9054079311429677,35.20052721686779
7805.7861328125,1.939130822937113e-05,0.0006685891387268614,0.024080280191191586,0.9004922171723899,34.916603392765815
7816.552734375,1.943080227466313e-05,0.0006683823721628425,0.024011972845068296,0.8955495210201971,34.63035184097847
7827.3193359375,1.9470216209062676e-05,0.000668175541615023,0.02394347062850957,0.8905793934349492,34.34171435400709
7838.0859375,1.9509550518101096e-05,0.0006679686470239735,0.023874771864131044,0.8855813725583996,34.050630257228306
7848.8525390625,1.954880568241647e-05,0.000667761688330151,0.02380587485034536,0.8805549834245884,33.757036259967016
7859.619140625,1.9587982177843133e-05,0.0006675546654739509,0.023736777860870445,0.8754997374330472,33.46086629480748
7870.3857421875,1.9627080475456865e-05,0.0006673475783956499,0.023667479144224724,0.8704151317944743,33.16205134398713
7881.15234375,1.9666101041656102e-05,0.0006671404270354455,0.02359797692320922,0.865300648947087,32.86051925158053
7891.9189453125,1.970504433822394e-05,0.000666933211333451,0.023528269394375755,0.8601557559417408,32.556194520025684
7902.685546875,1.9743910822373843e-05,0.0006667259312296474,0.0234583547274808,0.854979903793747,32.24899808936714
7913.4521484375,1.9782700946849806e-05,0.0006665185866639785,0.02338823106492503,0.8497725267991563,31.938847097386926
7924.21875,1.9821415159950192e-05,0.0006663111775762513,0.023317896521177193,0.8445330418130959,31.62565461856113
7934.9853515625,1.986005390560621e-05,0.0006661037039061872,0.02324734918218267,0.8392608474875601,31.309329379511983
7945.751953125,1.9898617623447585e-05,0.0006658961655934389,0.023176587104755803,0.833955323465829,30.98977544831566
7956.5185546875,1.9937106748846e-05,0.0006656885625775418,0.023105608315955158,0.8286158295304604,30.666891894668485
7967.28515625,1.997552171297293e-05,0.0006654808947979292,0.02303441081244187,0.823241704701548,30.340572417499622
7978.0517578125,2.0013862942868502e-05,0.0006652731621939554,0.022962992559819834,0.8178322662816427,30.010704936135614
7988.818359375,2.0052130861499507e-05,0.0006650653647049001,0.022891351491957514,0.812386808843439,29.677171140559377
7999.5849609375,2.0090325887784026e-05,0.0006648575022698987,0.022819485510290307,0.806904603155964,29.339845995647387
8010.3515625,2.0128448436673416e-05,0.0006646495748280135,0.02274739248310344,0.8013848950446603,28.99859719349475
8021.1181640625,2.0166498919209494e-05,0.0006644415823182389,0.022675070244794267,0.7958269041802989,28.653284547025617
8031.884765625,2.020457255969289e-05,0.0006642342537911014,0.022602524767799507,0.790231924442956,28.303999029365606
8042.6513671875,2.02976935111863e-05,0.000664452079096294,0.022534526943457908,0.7858305747251466,28.091562148218184
8053.41796875,2.039038919266772e-05,0.000664669833015893,0.02246632331405993,0.7814044342956414,27.877506466685286
8064.1845703125,2.048266537789547e-05,0.0006648875156200175,0.022397911999521625,0.7769530794719388,27.661794404430015
8074.951171875,2.0574527711158757e-05,0.0006651051269786935,0.02232929109095845,0.7724760743640968,27.444386904170972
8085.7177734375,2.0665981711294403e-05,0.0006653226671618241,0.022260458650063743,0.7679729703765639,27.22524334911823
8096.484375,2.075703277556769e-05,0.0006655401362392157,0.022191412708469926,0.7634433056835589,27.004321474378536
8107.2509765625,2.084768618337194e-05,0.0006657575342805341,0.022122151267091595,0.7588866046762698,26.78157727178251
8118.017578125,2.0937947099816927e-05,0.0006659748613553533,0.02205267229545038,0.7543023773799962,26.55696488752683
8128.7841796875,2.102782057915366e-05,0.0006661921175331202,0.021982973730980217,0.7496901188392116,26.33043651195719
8139.55078125,2.1117311568082618e-05,0.0006664093028831829,0.021913053478313068,0.7450493084683647,26.101942260741513
8150.3173828125,2.1206424908923408e-05,0.0006666264174747566,0.02184290940854376,0.7403794093660528,25.87143004659695
8161.083984375,2.1295165342680372e-05,0.0006668434613769613,0.021772539358473807,0.7356798675900154,25.638845440636263
8171.8505859375,2.138353751198714e-05,0.0006670604346588084,0.021701941129832914,0.7309501113901683,25.404131522288065
8182.6171875,2.1471545963925516e-05,0.0006672773373891727,0.021631112488477693,0.7261895503966831,25.167228716618478
8193.3837890625,2.155919515277125e-05,0.0006674941696368314,0.02156005116356678,0.7213975747598362,24.928074617736947
8204.150390625,2.164648944262459e-05,0.000667710931470459,0.021488754846711314,0.7165735542380914,24.686603796803173
8214.9169921875,2.1733433109936635e-05,0.0006679276229586078,0.021417221191099962,0.7117168372305434,24.44274759296123
8225.68359375,2.1820030345955747e-05,0.0006681442441697136,0.02134544781059754,0.7068267497495303,24.196433885308135
8236.4501953125,2.1906285259095428e-05,0.0006683607951721167,0.02127343227881634,0.7019025943288156,23.94758684375031
8247.216796875,2.199220187719146e-05,0.0006685772760340292,0.02120117212815901,0.6969436488623444,23.696126656309005
8257.9833984375,2.2077784149716692e-05,0.0006687936868235702,0.02112866484883198,0.6919491653680898,23.441969230094855
8268.75,2.2163035949885326e-05,0.0006690100276087439,0.021055907887828306,0.6869183686710038,23.185025862775937
8279.5166015625,2.2247961076697395e-05,0.0006692262984574291,0.02098289864787875,0.6818504549985064,22.925202880900855
8290.283203125,2.233256325692488e-05,0.0006694424994374131,0.020909634486369993,0.6767445904813035,22.66240124089546
8301.0498046875,2.241684614701839e-05,0.0006696586306163831,0.02083611271422855,0.6715999095516204,22.396516087914563
8311.81640625,2.2500813334927915e-05,0.0006698746920618647,0.020762330594768914,0.6664155132301328,22.127436266976144
8322.5830078125,2.258446834193294e-05,0.0006700906838413526,0.020688285342505306,0.6611904672920039,21.85504377991421
8333.349609375,2.2667814624308854e-05,0.0006703066060221607,0.020613974121924224,0.6559238003014191,21.579213180624595
8344.1162109375,2.275085557504374e-05,0.0006705224586715484,0.020539394046217716,0.6506145015029198,21.299810899811238
8354.8828125,2.2833594525408145e-05,0.0006707382418566219,0.020464542175974636,0.6452615185565691,21.01669448891982
8365.6494140625,2.291603474655161e-05,0.0006709539556444239,0.020389415517829024,0.6398637551025741,20.729711771114147
8376.416015625,2.2998179450979933e-05,0.0006711696001018517,0.020314011023063083,0.6344200681394024,20.438699884932603
8387.1826171875,2.3080031794040077e-05,0.0006713851752957214,0.020238325586163758,0.6289292651976381,20.143484203563677
8397.94921875,2.3161594875315407e-05,0.0006716006812927222,0.020162356043330165,0.6233901012897767,19.843877109377967
8408.7158203125,2.324287174001243e-05,0.0006718161181594535,0.020086099170930495,0.6178012756138621,19.5396765992933
8419.482421875,2.3323865380271592e-05,0.0006720314859623905,0.020009551683905773,0.61216142798624,19.23066469152447
8430.2490234375,2.3404578736463837e-05,0.0006722467847679131,0.019932710234118634,0.6064691349757128,18.916605598011536
8441.015625,2.3485014698436342e-05,0.0006724620146423048,0.019855571408644482,0.6007229057079699,18.59724361897743
8451.7822265625,2.3565176106706724e-05,0.000672677175651714,0.019778131728002562,0.5949211773052488,18.272300706163744
8462.548828125,2.364506575365037e-05,0.0006728922678622113,0.01970038764432476,0.5890623099217099,17.941473628700287
8473.3154296875,2.3736129941624414e-05,0.0006728729789627453,0.019626764821171424,0.5845296379788936,17.71898527202674
8484.08203125,2.383575064730656e-05,0.0006726705272164708,0.0195563383696254,0.5810500870059394,17.58381226338705
8494.8486328125,2.393495672098624e-05,0.0006724680145205217,0.01948565737944178,0.5775495732346129,17.447592050417203
8505.615234375,2.40337532971925e-05,0.0006722654408198095,0.0194147190706099,0.5740277131614439,17.310299910790746
8516.3818359375,2.4132145405352444e-05,0.0006720628060591727,0.019343520612143332,0.5704841114450345,17.171910133857057
8527.1484375,2.4230137972779926e-05,0.0006718601101833731,0.01927205912076145,0.5669183603880759,17.032395964426236
8537.9150390625,2.432773582754562e-05,0.0006716573531370757,0.019200331659527028,0.5633300393898573,16.891729542374993
8548.681640625,2.442494370125944e-05,0.0006714545348648593,0.019128335236437758,0.5597187143671827,16.74988183768723
8559.4482421875,2.452176623174773e-05,0.0006712516553112271,0.019056066802970024,0.5560839371414401,16.606822580500612
8570.21484375,2.4618207965636713e-05,0.0006710487144206052,0.018983523252572666,0.5524252447893732,16.462520185681345
8580.9814453125,2.4714273360837436e-05,0.0006708457121373213,0.018910701419108642,0.5487421589548889,16.316941671394982
8591.748046875,2.480996678895462e-05,0.0006706426484056255,0.018837598075242715,0.5450341851190126,16.170052571078642
8602.5146484375,2.490529253760845e-05,0.0006704395231696831,0.018764209930772425,0.5413008118248297,16.021816838148773
8613.28125,2.500025481267591e-05,0.0006702363363735787,0.01869053363090014,0.5375415098539772,15.872196742698472
8624.0478515625,2.5094857740451776e-05,0.0006700330879612999,0.01861656575444352,0.5337557313509308,15.721152759345248
8634.814453125,2.51891053697501e-05,0.0006698297778767663,0.018542302811981843,0.5299429088909867,15.568643445284797
8645.5810546875,2.5283001673915792e-05,0.0006696264060638004,0.018467741243935066,0.5261024544874451,15.414625307484767
8656.34765625,2.5376550552785055e-05,0.000669422972466141,0.018392877418572956,0.5222337585330805,15.259052657812358
8667.1142578125,2.546975583457638e-05,0.0006692194770274457,0.018317707629950903,0.5183361886705012,15.101877454728303
8677.880859375,2.5562621277713222e-05,0.0006690159196912829,0.018242228095769232,0.5144090885854713,14.943049129992566
8688.6474609375,2.565515057259727e-05,0.0006688123004011324,0.01816643495515239,0.5104517767166735,14.782514398610003
8699.4140625,2.5747347343316916e-05,0.000668608619100391,0.018090324266344503,0.5064635448747347,14.62021704999118
8710.1806640625,2.5839215149308672e-05,0.0006684048757323771,0.0180138920043172,0.5024436567625826,14.4560977180079
8720.947265625,2.5930757486951142e-05,0.0006682010702403089,0.017937134058285717,0.49839134638838745,14.290093627276693
8731.7138671875,2.6021977791127742e-05,0.0006679972025673315,0.017860046229128984,0.4943058163613931,14.122138312595386
8742.48046875,2.6112879436722505e-05,0.0006677932726564886,0.017782624226708916,0.49018623605990497,13.952161307977166
8753.2470703125,2.620346574008094e-05,0.0006675892804507437,0.017704863667084392,0.4860317396595108,13.78008780115554
8764.013671875,2.629373996042533e-05,0.0006673852258929816,0.017626760069614483,0.4818414240082769,13.605838248755429
8774.7802734375,2.6383705301212902e-05,0.0006671811089259826,0.01754830885394561,0.47761434633415034,13.429327946514556
8785.546875,2.6473364911475652e-05,0.000666976929492461,0.01746950533687708,0.4733495217680814,13.250466547966429
8796.3134765625,2.6562721887092123e-05,0.0006667726875350213,0.017390344729098603,0.4690459206644325,13.06915752382372
8807.080078125,2.665177927204627e-05,0.000666568382996192,0.017310822131793677,0.46470246569801904,12.885297552880123
8817.8466796875,2.6740540059630593e-05,0.0006663640158184117,0.01723093253310187,0.46031802871459676,12.698775833520301
8828.61328125,2.682900719362472e-05,0.0006661595859440323,0.017150670804432666,0.45589142730870247,12.509473302810948
8839.3798828125,2.691718356942932e-05,0.0006659550933153098,0.01707003169662345,0.4514214210994417,12.317261747542767
8850.146484375,2.700507203517874e-05,0.000665750537874423,0.01698900983593333,0.4469067076709782,12.122002788368802
8860.9130859375,2.709267539280767e-05,0.0006655459195634576,0.016907599719864153,0.442345918140076,11.923546714168632
8871.6796875,2.717999639909627e-05,0.0006653412383244013,0.01682579571279945,0.4377376123079445,11.721731138731263
8882.4462890625,2.7267037766683293e-05,0.0006651364940991688,0.016743592041451906,0.433080273347718,11.516379445487315
8893.212890625,2.7353802165047698e-05,0.0006649316868295692,0.01666098279010822,0.4283723019720204,11.307298977924981
8903.9794921875,2.744029222146533e-05,0.0006647268164573299,0.016577961895661127,0.4236120100170453,11.094278922936986
8914.74609375,2.7526510521935402e-05,0.0006645218829240886,0.016494523142416166,0.41879761337017546,10.877087820904295
8925.5126953125,2.7612459612084905e-05,0.0006643168861713931,0.016410660156660754,0.413927224157132,10.655470618766923
8936.279296875,2.769673061967933e-05,0.0006637911336114939,0.016350983371078962,0.4114943727207715,10.572451962007818
8947.0458984375,2.778063799230568e-05,0.0006632403235954267,0.01629298286741262,0.4092391130967975,10.499782586920277
8957.8125,2.786429269692513e-05,0.0006626890557604623,0.016234775151947774,0.4069713559891478,10.426606746982722
8968.5791015625,2.7947697002442398e-05,0.0006621373289631251,0.016176357987841405,0.4046908913022847,10.352913702907829
8979.345703125,2.8030853144004445e-05,0.0006615851420551639,0.016117729097714115,0.4023975029873195,10.27869233042258
8990.1123046875,2.8113763323703782e-05,0.0006610324938835362,0.01605888616261417,0.4000909688031236,10.203931100665041
9000.87890625,2.8196429711252965e-05,0.000660479383290361,0.015999826820947177,0.3977710600649753,10.128618059278892
9011.6455078125,2.827885444465468e-05,0.000659925809112918,0.015940548667370272,0.39543754137993314,10.052740804098248
9022.412109375,2.8361039630846044e-05,0.0006593717701836138,0.015881049251648974,0.3930901703680703,9.976286461304783
9033.1787109375,2.844298734631883e-05,0.0006588172653299279,0.01582132607747532,0.3907286973686356,9.899241659927515
9043.9453125,2.8524699637738897e-05,0.0006582622933744044,0.015761376601245852,0.3883528651301325,9.821592504542002
9054.7119140625,2.860617852254362e-05,0.0006577068531346308,0.01570119823079754,0.3859624084832291,9.743324546011332
9065.478515625,2.868742598951756e-05,0.0006571509434231909,0.01564078832409991,0.38355705399531786,9.664422750094188
9076.2451171875,2.876844399936313e-05,0.0006565945630476399,0.015580144187901471,0.3811365196054549,9.584871463727067
9087.01171875,2.884923448524903e-05,0.000656037710810476,0.01551926307632872,0.3787005142382983,9.504654378766265
9097.7783203125,2.8929799353355277e-05,0.0006554803855091218,0.015458142189435328,0.37624873739554765,9.423754492951948
9108.544921875,2.901014048338532e-05,0.0006549225859358583,0.015396778671699479,0.3737808787232647,9.342154067829501
9119.3115234375,2.9090259729093966e-05,0.0006543643108778483,0.015335169610467306,0.3712966175533089,9.259834583333253
9130.078125,2.9170158918775028e-05,0.000653805559117061,0.015273312034339504,0.3687956224169699,9.176776688703162
9140.8447265625,2.9249839855749468e-05,0.0006532463294302551,0.015211202911499135,0.36627755052871097,9.09296014936594
9151.611328125,2.932930431884529e-05,0.000652686620588958,0.015148839147977648,0.36374204723774317,9.00836378936754
9162.3779296875,2.9408554062854262e-05,0.0006521264313594121,0.0150862175858563,0.36118874544494983,8.922965428892997
9173.14453125,2.9487590818990493e-05,0.000651565760502567,0.0150233350014003,0.35861726498244473,8.836741816351259
9183.9111328125,2.956641629532867e-05,0.0006510046067740397,0.014960188103122222,0.35602721195279596,8.749668554435772
9194.677734375,2.9645032177231408e-05,0.000650442968924065,0.01489677352977146,0.3534181780246642,8.661720019494592
9205.4443359375,2.972344012777634e-05,0.0006498808456974881,0.014833087848246556,0.3507897396812875,8.572869273454756
9216.2109375,2.980164178816205e-05,0.0006493182358337185,0.014769127551426306,0.3481414574178973,8.483087967442986
9226.9775390625,2.9879638778109732e-05,0.0006487551380666985,0.014704889055916045,0.3454728748837596,8.392346236125343
9237.744140625,2.995743269625677e-05,0.0006481915511248754,0.01464036869970492,0.3427835179640964,8.300612581649531
9248.5107421875,3.0035025120535304e-05,0.0006476274737311599,0.0145755627397298,0.3400728937966597,8.207853745911276
9259.27734375,3.0112417608548093e-05,0.0006470629046028937,0.014510467349341288,0.3373404897171792,8.114034569676233
9270.0439453125,3.0189611697933488e-05,0.0006464978424518231,0.014445078615666978,0.3345857721272955,8.019117836865368
9280.810546875,3.0266608906721192e-05,0.0006459322859840592,0.014379392536866759,0.33180818527789624,7.923064102048123
9291.5771484375,3.0343410733680337e-05,0.0006453662339000409,0.014313405019274741,0.3290071499600014,7.825831498875684
9302.34375,3.0420018658660673e-05,0.0006447996848945045,0.014247111874422095,0.3261820620944612,7.727375526815435
9313.1103515625,3.0496434142923547e-05,0.0006442326376564454,0.014180508815934597,0.32333229121074053,7.62764881310469
9323.876953125,3.0572658629469226e-05,0.0006436650908690865,0.014113591456298381,0.32045717880393815,7.526600846310938
9334.6435546875,3.064869354335459e-05,0.0006430970432098404,0.014046355303487051,0.3175560365579145,7.424177677246141
9345.41015625,3.072454029200301e-05,0.0006425284933502738,0.013978795757442741,0.3146281444209397,7.320321582208746
9356.1767578125,3.080020026550632e-05,0.0006419594399560608,0.013910908106403361,0.3116727485186279,7.214970682586484
9366.943359375,3.087567483692793e-05,0.0006413898816869716,0.01384268752306785,0.30868905888701004,7.108058513702155
9377.7099609375,3.0950965362588973e-05,0.0006408198171968184,0.013774129060590334,0.3056762470064369,6.999513534371157
9388.4765625,3.102607318235119e-05,0.000640249245133405,0.01370522764839385,0.302633443114492,6.889258566890656
9399.2431640625,3.110099961990046e-05,0.0006396781641385185,0.01363597808779403,0.29955973327322294,6.777210155005338
9410.009765625,3.1175745983013784e-05,0.0006391065728478704,0.013566375047421418,0.296454156162663,6.663277824669979
9420.7763671875,3.1171843906468635e-05,0.0006377775462281622,0.013517240782054544,0.2950136373970606,6.624130981571251
9431.54296875,3.116674344560558e-05,0.0006364341744351026,0.013468245682098097,0.2935919856949491,6.585921757388279
9442.3095703125,3.116164214991108e-05,0.0006350879610770169,0.01341907169466909,0.29216341639288484,6.5474895592027265
9453.076171875,3.115654001897684e-05,0.000633738888045417,0.013369716845916573,0.29072782751642706,6.508830437282656
9463.8427734375,3.115143705239086e-05,0.0006323869370386441,0.013320179125420993,0.28928511456084366,6.469940323892146
9474.609375,3.114633324974195e-05,0.0006310320895589934,0.01327045648523879,0.2878351704023317,6.430815028295703
9485.3759765625,3.1141228610620626e-05,0.0006296743269097651,0.0132205468389145,0.28637788520519253,6.3914502314875525
9496.142578125,3.1136123134614634e-05,0.0006283136301922307,0.013170448060458967,0.28491314632473047,6.351841480626746
9506.9091796875,3.1131016821312176e-05,0.0006269499803025868,0.013120157983292852,0.28344083820564114,6.311984183158181
9517.67578125,3.1125909670302075e-05,0.0006255833579288156,0.013069674399153146,0.28196084227561724,6.271873600597144
9528.4423828125,3.112080168117069e-05,0.0006242137435474864,0.013018995056961755,0.2804730368339077,6.2315048419539725
9539.208984375,3.1115692853504925e-05,0.0006228411174205162,0.012968117661654281,0.2789772969345239,6.190872856772638
9549.9755859375,3.111058318689382e-05,0.0006214654595918555,0.012917039872967247,0.2774734942637811,6.149972427755469
9560.7421875,3.1105472680921904e-05,0.0006200867498840709,0.01286575930418183,0.2759614970118324,6.108798162943422
9571.5087890625,3.1100361335176756e-05,0.0006187049678949314,0.012814273520822676,0.274441169737834,6.067344487418628
9582.275390625,3.109524914924353e-05,0.0006173200929938572,0.012762580039309171,0.27291237322834905,6.025605634493326
9593.0419921875,3.1090136122707746e-05,0.0006159321043183425,0.012710676325557535,0.271374964348572,5.983575636345382
9603.80859375,3.108502225515398e-05,0.0006145409807702773,0.012658559793531176,0.2698287958859241,5.941248314057779
9614.5751953125,3.107990754616822e-05,0.000613146701012219,0.012606227803737298,0.2682737163855353,5.898617267014599
9625.341796875,3.107479199533425e-05,0.0006117492434635638,0.012553677661666929,0.26670956997709283,5.855675861602244
9636.1083984375,3.106967560223743e-05,0.0006103485862966495,0.012500906616175912,0.2651361961924941,5.812417219159301
9646.875,3.10645583664604e-05,0.0006089447074327802,0.012447911857804363,0.26355342977370616,5.76883420311314
9657.6416015625,3.105944028758686e-05,0.0006075375845381659,0.012394690517031154,0.2619611004701707,5.724919405235007
9668.408203125,3.105432136520031e-05,0.0006061271950197794,0.012341239662460892,0.26035903282506223,5.680665130938865
9679.1748046875,3.104920159888278e-05,0.0006047135160211146,0.01228755629893972,0.2587470459496319,5.636063383541131
9689.94140625,3.1044080988217756e-05,0.0006032965244178819,0.012233637365596921,0.2571249532848183,5.591105847390255
9700.7080078125,3.1038959532786346e-05,0.0006018761968135709,0.012179479733808193,0.2554925623492374,5.545783869765378
9711.474609375,3.103383723217173e-05,0.0006004525095349723,0.012125080205077424,0.2538496744725864,5.5000884414324025
9722.2412109375,3.1028714085954174e-05,0.0005990254386275441,0.012070435508832147,0.25219608451341397,5.454010175733686
9733.0078125,3.102359009371407e-05,0.0005975949598507278,0.01201554230012908,0.2505315805601283,5.407539286074122
9743.7744140625,3.1018465255034165e-05,0.0005961610486731494,0.011960397157264753,0.2488559436140013,5.360665561650279
9754.541015625,3.101333956949345e-05,0.0005947236802676891,0.011904996579286472,0.24716894725283373,5.3133783412525535
9765.3076171875,3.100821303667289e-05,0.0005932828295064863,0.01184933698339863,0.24547035727381258,5.265666484949475
9776.07421875,3.100308565615069e-05,0.0005918384709557968,0.011793414702258797,0.24375993131397164,5.217518343441496
9786.8408203125,3.099795742750775e-05,0.0005903905788707778,0.01173722598115797,0.24203741844651042,5.168921724845214
9797.607421875,3.099282835032188e-05,0.0005889391271901071,0.011680766975078522,0.24030255875106737,5.119863858639722
9808.3740234375,3.098769842417257e-05,0.0005874840895305342,0.011624033745623794,0.23855508285586627,5.070331356473023
9819.140625,3.098256764863777e-05,0.0005860254391812659,0.011567022257811914,0.2367947114494499,5.020310169487737
9829.9072265625,3.0977436023295694e-05,0.0005845631490982578,0.011509728376726884,0.23502115475949673,4.969785541780491
9840.673828125,3.097230354772337e-05,0.0005830971918983544,0.01145214786401868,0.23323411199596503,4.918741959558233
9851.4404296875,3.096717022149931e-05,0.0005816275398533204,0.011394276374244386,0.23143327075553646,4.867163095494868
9862.20703125,3.0962036044198584e-05,0.0005801541648836955,0.011336109451040898,0.22961830638401706,4.81503174772249
9872.9736328125,3.095690101539828e-05,0.0005786770385525688,0.011277642523120442,0.22778888129301522,4.762329772811186
9883.740234375,3.095176513467585e-05,0.0005771961320591535,0.011218870900077694,0.22594464422681598,4.70903801199696
9894.5068359375,3.094662840160638e-05,0.0005757114162322347,0.011159789767998588,0.22408522947495105,4.655136209807469
9905.2734375,3.0941490815764476e-05,0.0005742228615234667,0.011100394184858548,0.22221025602546013,4.6006029241056074
9916.0400390625,3.093635237672651e-05,0.0005727304380005258,0.01104067907569807,0.22031932665329118,4.545415426417865
9926.806640625,3.101003531826193e-05,0.000572990792776262,0.011024693914860051,0.21957685750290923,4.521107787148431
9937.5732421875,3.113480575999095e-05,0.0005743951770762367,0.011037411537674844,0.21959205256753386,4.517276967516592
9948.33984375,3.125907818514319e-05,0.0005757961360503518,0.011050114523734299,0.21960724658078185,4.513442896448084
9959.1064453125,3.138285850998031e-05,0.0005771936946403618,0.011062802923458851,0.21962243954287117,4.5096055656497915
9969.873046875,3.1506152534543935e-05,0.0005785878774867854,0.011075476786980117,0.21963763145401982,4.505764966793244
9980.6396484375,3.1628965945830026e-05,0.00057997870893399,0.011088136164143251,0.219652822314446,4.501921091514492
9991.40625,3.175130432084627e-05,0.0005813662130351321,0.011100781104509135,0.21966801212436748,4.498073931413842
10002.1728515625,3.187317312956967e-05,0.0005827504135570254,0.011113411657356744,0.21968320088400245,4.494223478055644
10012.939453125,3.1994577737798925e-05,0.0005841313339848836,0.011126027871685333,0.2196983885935688,4.4903697229680715
10023.7060546875,3.211552340991141e-05,0.0005855089975269655,0.01113862979621662,0.21971357525328408,4.486512657642922
10034.47265625,3.223601531152825e-05,0.000586883427119139,0.011151217479397065,0.2197287608633661,4.482652273535389
10045.2392578125,3.235605851208724e-05,0.0005882546454293235,0.011163790969399968,0.21974394542403217,4.478788562063829
10056.005859375,3.2475657987332083e-05,0.000589622674861861,0.011176350314127706,0.21975912893550015,4.474921514609559
10066.7724609375,3.2594818621717614e-05,0.0005909875375617729,0.011188895561213727,0.21977431139798737,4.471051122516636
10077.5390625,3.2713545210741046e-05,0.0005923492554189647,0.011201426758024798,0.219789492811711,4.467177377091598
10088.3056640625,3.2831842463190204e-05,0.0005937078500723033,0.011213943951663027,0.21980467317688887,4.46330026960329
10099.072265625,3.294971500332345e-05,0.0005950633429136335,0.011226447188967915,0.21981985249373795,4.459419791282562
10109.8388671875,3.306716737298155e-05,0.0005964157550917179,0.011238936516518439,0.21983503076247538,4.455535933322095
10120.60546875,3.318420403362562e-05,0.0005977651075160687,0.011251411980635031,0.2198502079833182,4.451648686876155
10131.3720703125,3.330082936831796e-05,0.0005991114208607379,0.011263873627381632,0.21986538415648327,4.447758043060338
10142.138671875,3.3417047683635275e-05,0.0006004547155679985,0.011276321502567637,0.21988055928218778,4.443863992951373
10152.9052734375,3.353286321152491e-05,0.0006017950118519729,0.011288755651749869,0.2198957333606482,4.43996652758682
10163.671875,3.364828011110523e-05,0.0006031323297021916,0.01130117612023461,0.21991090639208233,4.436065637964939
10174.4384765625,3.376330247040326e-05,0.0006044666888870455,0.01131358295307932,0.21992607837670589,4.432161315044281
10185.205078125,3.387793430804864e-05,0.0006057981089572182,0.01132597619509474,0.2199412493147356,4.428253549743601
10195.9716796875,3.399217957491035e-05,0.0006071266092490199,0.011338355890846705,0.2199564192063882,4.424342332941544
10206.73828125,3.410604215568702e-05,0.0006084522088876726,0.011350722084658055,0.21997158805188016,4.420427655476369
10217.5048828125,3.421952587044463e-05,0.0006097749267905027,0.01136307482061041,0.2199867558514283,4.416509508145791
10228.271484375,3.4332634476115265e-05,0.0006110947816701066,0.011375414142546019,0.22000192260524823,4.4125878817065995
10239.0380859375,3.444537166794807e-05,0.0006124117920374419,0.011387740094069674,0.22001708831355646,4.408662766874509
10249.8046875,3.455774108091514e-05,0.0006137259762048373,0.011400052718550354,0.22003225297656928,4.40473415432389
10260.5712890625,3.466974629108361e-05,0.0006150373522889943,0.0114123520591232,0.22004741659450325,4.400802034687457
10271.337890625,3.4781390816938956e-05,0.000616345938213867,0.011424638158691049,0.22006257916757366,4.396866398556024
10282.1044921875,3.489267812067706e-05,0.0006176517517135406,0.01143691105992633,0.22007774069599662,4.392927236478294
10292.87109375,3.5003611609456375e-05,0.0006189548103350325,0.01144917080527279,0.22009290117998812,4.3889845389605275
10303.6376953125,3.511419463661685e-05,0.0006202551314410477,0.011461417436947174,0.22010806061976415,4.385038296466336
10314.404296875,3.522443050285897e-05,0.0006215527322126625,0.01147365099694089,0.22012321901554033,4.381088499416345
10325.1708984375,3.533432245739646e-05,0.0006228476296519885,0.011485871527021739,0.22013837636753217,4.377135138187975
10335.9375,3.5443873699072155e-05,0.0006241398405847628,0.011498079068735546,0.22015353267595553,4.373178203115175
10346.7041015625,3.555308737744616e-05,0.0006254293816629088,0.011510273663407853,0.2201686879410257,4.369217684488084
10357.470703125,3.566196659384963e-05,0.0006267162693670256,0.011522455352145494,0.22018384216295833,4.365253572552832
10368.2373046875,3.577051440241468e-05,0.0006280005200088569,0.01153462417583824,0.22019899534196835,4.361285857511168
10379.00390625,3.587873381107381e-05,0.0006292821497337019,0.011546780175160429,0.22021414747827175,4.35731452952031
10389.7705078125,3.598662778253074e-05,0.0006305611745227765,0.011558923390572495,0.22022929857208323,4.353339578692498
10400.537109375,3.6094199235208854e-05,0.0006318376101955458,0.011571053862322562,0.22024444862361808,4.349360995094839
10411.3037109375,3.6201451044170364e-05,0.0006331114724120001,0.011583171630448006,0.22025959763309116,4.3453787687489465
10422.0703125,3.630838604201501e-05,0.0006343827766749073,0.011595276734777034,0.22027474560071808,4.3413928896307015
10432.8369140625,3.6415007019751116e-05,0.0006356515383320006,0.01160736921493011,0.2202898925267129,4.337403347669861
10443.603515625,3.652131672764604e-05,0.00063691777257815,0.011619449110321575,0.22030503841129082,4.333410132749882
10454.3701171875,3.662731787605471e-05,0.0006381814944574825,0.011631516460161112,0.22032018325466726,4.329413234707584
10465.13671875,3.643448607298152e-05,0.000634623107781566,0.011562923374842698,0.21894806944628517,4.30098272915196
10475.9033203125,3.608245379722897e-05,0.0006284913397519582,0.011451201688365645,0.21683257955013543,4.259426365900872
10486.669921875,3.572695297189554e-05,0.0006222991558375187,0.011338379215865573,0.21469624587886063,4.217460550686806
10497.4365234375,3.536787900458442e-05,0.0006160447342271238,0.01122442276368443,0.21253843989873164,4.175072936688359
10508.203125,3.500512193822208e-05,0.0006097261596666534,0.011109297435619487,0.21035850083773,4.1322505438000245
10518.9697265625,3.463856605774378e-05,0.0006033414166081453,0.010992966508099904,0.2081557333219714,4.088979712202485
10529.736328125,3.4268089458905654e-05,0.0005968883816992941,0.010875391293344383,0.2059294047845478,4.045246051462319
10540.5029296875,3.389356357467355e-05,0.0005903648155339886,0.010756530989054762,0.20367874261942173,4.001034384623501
10551.26953125,3.351485265396987e-05,0.000583768353573023,0.010636342512990069,0.2014029310490269,3.9563286866750023
10562.0361328125,3.313181318678766e-05,0.0005770964961306184,0.010514780320519517,0.19910110766956968,3.9111120166872686
10572.802734375,3.274429326876773e-05,0.0005703465973065098,0.010391796202963606,0.19677235963254597,3.865366442802487
10583.5693359375,3.235213189726362e-05,0.0005635158527246522,0.01026733906419153,0.19441571941453323,3.819072959137024
10594.3359375,3.195515818963864e-05,0.0005566012859173709,0.010141354672538476,0.1920301601196566,3.7722113935037576
10605.1025390625,3.155319051303247e-05,0.0005495997331674667,0.010013785384626673,0.18961459025004246,3.7247603046837234
10615.869140625,3.114603551302468e-05,0.0005425078265892836,0.009884569837100005,0.18716784786870294,3.676696867762637
10626.6357421875,3.073348702645822e-05,0.0005353219751920393,0.009753642601595149,0.18468869406629207,3.627996745792864
10637.40234375,3.0315324861072298e-05,0.0005280383436232488,0.009620933797443795,0.1821758056274842,3.5786339457328724
10648.1689453125,2.989131342144763e-05,0.0005206528282351503,0.009486368655599497,0.17962776677377396,3.528580656244039
10658.935546875,2.9461200156920028e-05,0.000513161030050159,0.009349867026064348,0.17704305983642477,3.477807064471474
10669.7021484375,2.9024713802430346e-05,0.0005055582241196548,0.009211342819601816,0.17442005468510297,3.4262811483816757
10680.46875,2.858156237751644e-05,0.0004978393246700153,0.00907070337269247,0.17175699670308883,3.373968440549462
10691.2353515625,2.8131430901515694e-05,0.0004899988453055536,0.008927848722425748,0.1690519930570926,3.3208317584442173
10702.001953125,2.7673978774177386e-05,0.0004820308533835288,0.008782670775206336,0.16630299695641595,3.266830895219347
10712.7685546875,2.7208836759782693e-05,0.00047392891748291894,0.008635052349627536,0.1635077895294171,3.211922263696249
10723.53515625,2.6735603498843527e-05,0.00046568604664452715,0.008484866069417504,0.16066395886105458,3.156058484580995
10734.3017578125,2.6253841453666518e-05,0.00045729461974998984,0.008331973076714613,0.15776887562829747,3.0991879078500144
10745.068359375,2.5763072171252055e-05,0.00044874630301002655,0.008176221528691711,0.15481966463317137,3.041254053549575
10755.8349609375,2.526277071756021e-05,0.00044003195301937356,0.008017444831203157,0.1518131713562367,2.982194954777392
10766.6015625,2.475235909877882e-05,0.00043114150216712224,0.007855459550944861,0.1487459224225949,2.9219423810827956
10777.3681640625,2.4231198434699437e-05,0.0004220638223110352,0.0076900629315809505,0.1456140785688632,2.860420914557112
10788.134765625,2.3698579582090053e-05,0.0004127865614535907,0.0075210299179580406,0.14241337829561357,2.7975468429507617
10798.9013671875,2.315371181550668e-05,0.0004032959465821061,0.007348109563824183,0.13913906984625132,2.7332268234765618
10809.66796875,2.2595709049782328e-05,0.00039357654368932536,0.007171020659369837,0.1357858284129477,2.667356256415663
10820.4345703125,2.2023572918336777e-05,0.00038361096302805806,0.006989446360925421,0.13234765444805194,2.5998172875623
10831.201171875,2.1436171783137353e-05,0.00037337949350251155,0.00680302752951935,0.12881774752731648,2.5304763304120854
10841.9677734375,2.083221441285233e-05,0.00036285964418914115,0.006611354377322598,0.12518834817235164,2.4591809589462597
10852.734375,2.0210216574048176e-05,0.00035202556241549916,0.006413955864962533,0.12145053708498961,2.385755963821925
10863.5009765625,1.9568458053633407e-05,0.0003408472851686316,0.006210286062077312,0.1175939768795275,2.30999827899932
10874.267578125,1.8904926533147044e-05,0.00032928976148630004,0.005999706335144765,0.11360657480292818,2.2316703562685603
10885.0341796875,1.821724303649076e-05,0.000317311553890783,0.005781461687421349,0.10947403472314259,2.15049136457598
10895.80078125,1.750256096911104e-05,0.0003048630798333267,0.005554648717809744,0.105179250418865,2.0661252719000123
10906.5673828125,1.6757426326984934e-05,0.0002918841767865115,0.005318171256495034,0.10070146552451345,1.9781643433375011
10917.333984375,1.597757909481932e-05,0.00027830064295868547,0.005070677336269238,0.0960150800598283,1.8861056967518788
10928.1005859375,1.5157662430536149e-05,0.0002640191718116244,0.0048104668987218975,0.0910879028137421,1.7893169728664362
10938.8671875,1.429078118875822e-05,0.00024891966233500765,0.004535351686346235,0.08587849835154442,1.686984220274731
10949.6337890625,1.3367801749421764e-05,0.00023284302332226357,0.004242433034708752,0.08033197943052729,1.5780292422904976
10960.400390625,1.237617954938941e-05,0.00021557075108356112,0.003927729775472431,0.07437296121129745,1.4609711905413978
10971.1669921875,1.1297854524891164e-05,0.00019678827184466268,0.0035855103296849183,0.06789291420647385,1.3336781282078316
10981.93359375,1.0105108287024088e-05,0.00017601278120774958,0.0032069779324812664,0.060725268542494805,1.1928779819109625
10992.7001953125,8.75128048455552e-06,0.00015243153991666334,0.002777324358904872,0.0525896252094325,1.0330626359500061
11003.466796875,7.14539059437911e-06,0.00012445983116750382,0.0022676758431731175,0.04293924917577221,0.8434921101373655
11014.2333984375,5.052554143512044e-06,8.800639060387479e-05,0.0016034889662406332,0.030362634271247402,0.5964389909554813
11025.0,0.0,0.0,0.0,0.0,0.0
