,V6,V8,inline-4,inline-6,single-cylinder
V6,0.0,39.856403,51.066574,36.65203,72.32319
V8,39.856403,0.0,23.255255,50.179794,44.039536
inline-4,51.066574,23.255255,0.0,52.41798,43.78767
inline-6,36.65203,50.179794,52.41798,0.0,73.67377
single-cylinder,72.32319,44.039536,43.78767,73.67377,0.0
