{
  "overall": 0.23728813559322035,
  "macro": 0.23911421911421912
}