class,EVR_at_5,test_recon_MSE,n_train_clips
V6,0.9638290405273438,937.155517578125,44
V8,0.9473564028739929,737.218994140625,45
inline-4,0.9497503638267517,647.853515625,49
inline-6,0.9447359442710876,703.2518920898438,47
single-cylinder,0.9431018233299255,729.5321044921875,49
