class,r,median_deg,p25_deg,p75_deg,n_train_clips
V6,5,12.341081142425537,11.573645830154419,14.591714143753052,44
V8,5,15.861280918121338,12.39096474647522,35.239845752716064,45
inline-4,5,12.67657995223999,9.89069414138794,18.10868740081787,49
inline-6,5,26.473249435424805,23.56287384033203,40.988922119140625,47
single-cylinder,5,18.48222541809082,15.778911590576172,21.244248390197754,49
