class,theta_max_deg
V6,18.023542404174805
V6,14.760466575622559
V6,12.82702922821045
V6,11.891261100769043
V6,18.090320587158203
V6,13.316959381103516
V6,11.43874454498291
V6,19.312057495117188
V6,19.567785263061523
V6,9.94025993347168
V6,33.37118911743164
V6,10.715275764465332
V6,12.282957077026367
V6,16.251436233520508
V6,10.825345993041992
V6,7.61738920211792
V6,10.743672370910645
V6,14.961663246154785
V6,14.51447868347168
V6,13.754046440124512
V6,13.527710914611816
V6,12.782790184020996
V6,22.505794525146484
V6,14.71861457824707
V6,16.343402862548828
V6,18.600730895996094
V6,15.715014457702637
V6,23.222597122192383
V6,12.067920684814453
V6,30.001863479614258
V6,7.107766628265381
V6,9.098978996276855
V6,79.99966430664062
V6,21.546974182128906
V6,13.050579071044922
V6,8.344660758972168
V6,14.708852767944336
V6,8.758493423461914
V6,11.274297714233398
V6,19.47344207763672
V6,21.192705154418945
V6,15.547036170959473
V6,10.228796005249023
V6,16.969970703125
V6,29.805458068847656
V6,5.952130317687988
V6,16.41234016418457
V6,9.4418363571167
V6,9.466058731079102
V6,21.789718627929688
V6,30.67388343811035
V6,17.814611434936523
V6,6.028378486633301
V6,7.966047286987305
V6,31.207862854003906
V6,42.44929122924805
V6,19.001787185668945
V6,5.2599687576293945
V6,26.689437866210938
V6,18.402484893798828
V6,9.902202606201172
V6,9.167203903198242
V6,17.054607391357422
V6,12.041168212890625
V6,10.316656112670898
V6,19.62057876586914
V6,17.0758113861084
V6,10.907842636108398
V6,25.999086380004883
V6,18.431108474731445
V6,15.632621765136719
V6,20.270044326782227
V6,13.149106979370117
V6,24.967708587646484
V6,23.758981704711914
V6,12.298599243164062
V6,25.690908432006836
V6,13.544330596923828
V6,12.756896018981934
V6,19.891258239746094
V6,17.348466873168945
V6,10.178421974182129
V6,33.42020797729492
V6,22.063661575317383
V6,14.975467681884766
V6,42.46214294433594
V6,21.785154342651367
V6,21.2054443359375
V6,22.189075469970703
V6,7.804138660430908
V6,11.000415802001953
V6,16.6572208404541
V6,37.516357421875
V6,12.38174057006836
V6,16.543336868286133
V6,50.258731842041016
V6,7.9985833168029785
V6,17.179134368896484
V6,24.876508712768555
V6,12.200121879577637
V6,7.031989574432373
V6,11.499715805053711
V6,15.398982048034668
V6,15.644275665283203
V6,25.498310089111328
V6,9.436506271362305
V6,13.439245223999023
V6,14.11601734161377
V6,17.777379989624023
V6,11.446732521057129
V6,13.763121604919434
V6,14.556836128234863
V6,7.295276165008545
V6,28.221088409423828
V6,21.095643997192383
V6,14.331740379333496
V6,10.615094184875488
V6,14.310935020446777
V6,10.950316429138184
V6,27.059356689453125
V6,18.284942626953125
V6,14.816137313842773
V6,22.379220962524414
V6,19.51699447631836
V6,16.840572357177734
V6,17.429906845092773
V6,11.369571685791016
V6,23.00518798828125
V6,8.218717575073242
V6,19.703643798828125
V6,15.24834156036377
V6,33.43918991088867
V6,33.05641555786133
V6,8.951155662536621
V6,17.213743209838867
V6,16.52231216430664
V6,7.035224437713623
V6,9.583900451660156
V6,19.98375701904297
V6,16.655967712402344
V6,13.822553634643555
V6,12.79089069366455
V6,11.357837677001953
V6,10.451011657714844
V6,8.282543182373047
V6,12.036943435668945
V6,5.793898105621338
V6,16.90654182434082
V6,15.049443244934082
V6,14.445395469665527
V6,12.931719779968262
V6,23.609588623046875
V6,14.79109001159668
V6,28.1669921875
V6,31.333406448364258
V6,14.934149742126465
V6,14.581437110900879
V6,14.300044059753418
V6,11.406412124633789
V6,18.411495208740234
V6,17.319238662719727
V6,14.200459480285645
V6,14.950547218322754
V6,14.50895881652832
V6,32.926788330078125
V6,6.728960037231445
V6,13.053421974182129
V6,8.535064697265625
V6,11.850870132446289
V6,22.826749801635742
V6,20.257640838623047
V6,15.152099609375
V6,11.456759452819824
V6,13.325125694274902
V6,15.675450325012207
V6,10.01696491241455
V6,21.23775863647461
V6,12.036763191223145
V6,14.412104606628418
V6,10.782368659973145
V6,9.822669982910156
V6,11.67656135559082
V6,14.064478874206543
V6,19.96503257751465
V6,8.482439994812012
V6,18.627777099609375
V6,19.68051528930664
V6,12.670696258544922
V6,17.5003662109375
V6,11.067953109741211
V6,18.499513626098633
V6,7.624393939971924
V6,10.884264945983887
V6,18.635217666625977
V6,39.97507858276367
V6,9.194045066833496
V6,14.02787971496582
V6,19.77013397216797
V6,8.66954517364502
V6,10.568777084350586
V6,27.92040252685547
V6,7.768141269683838
V6,35.981956481933594
V6,15.018661499023438
V6,12.480276107788086
V6,19.434476852416992
V6,7.318100929260254
V6,42.89303207397461
V6,21.473468780517578
V6,18.69620132446289
V6,19.643539428710938
V6,8.960566520690918
V6,20.41402816772461
V6,26.603740692138672
V6,10.155204772949219
V6,10.794427871704102
V6,27.086339950561523
V6,33.2706413269043
V6,6.4990234375
V6,9.92013931274414
V6,20.279319763183594
V6,15.189994812011719
V6,13.536088943481445
V6,10.133410453796387
V6,10.29865837097168
V6,12.789380073547363
V6,39.82691955566406
V6,11.270313262939453
V6,15.75443172454834
V6,14.505196571350098
V6,11.064412117004395
V6,14.632246971130371
V6,9.588883399963379
V6,16.31489372253418
V6,9.204320907592773
V6,10.124419212341309
V6,24.691064834594727
V6,17.682720184326172
V6,13.021949768066406
V6,10.866020202636719
V6,21.31766700744629
V6,25.051677703857422
V6,11.976860046386719
V6,18.028121948242188
V6,15.437850952148438
V6,9.564106941223145
V6,17.33971405029297
V6,18.803464889526367
V6,21.267004013061523
V6,8.370083808898926
V6,12.746652603149414
V6,18.341808319091797
V6,7.553592205047607
V6,9.081123352050781
V6,9.13585376739502
V6,9.566100120544434
V6,25.871307373046875
V6,20.81134605407715
V6,43.39223098754883
V6,11.936241149902344
V6,18.797922134399414
V6,26.702314376831055
V6,13.207318305969238
V6,12.930407524108887
V6,10.911992073059082
V6,10.46805477142334
V6,8.411858558654785
V6,11.846363067626953
V6,21.07672691345215
V6,7.634631156921387
V6,11.662529945373535
V6,21.31450080871582
V6,9.386466026306152
V6,34.54398727416992
V6,14.881171226501465
V6,9.983453750610352
V6,15.09770393371582
V6,15.95932388305664
V6,24.358013153076172
V6,11.265000343322754
V6,15.55935287475586
V6,13.390461921691895
V6,8.424641609191895
V6,8.21501350402832
V6,11.726554870605469
V6,10.173917770385742
V6,13.454063415527344
V6,12.426939010620117
V6,12.229886054992676
V6,13.612189292907715
V6,6.326510429382324
V6,32.94139099121094
V6,5.387397289276123
V6,18.95738983154297
V6,32.022972106933594
V6,22.279537200927734
V6,10.483232498168945
V6,7.695644378662109
V6,11.677876472473145
V6,15.685736656188965
V6,11.699824333190918
V6,19.77263832092285
V6,21.52663803100586
V6,8.014373779296875
V6,14.069411277770996
V6,9.874958992004395
V6,11.992648124694824
V6,8.305081367492676
V6,9.725141525268555
V6,7.777105808258057
V6,8.116676330566406
V6,39.060237884521484
V6,16.315027236938477
V6,14.27617359161377
V6,12.079888343811035
V6,7.470338821411133
V6,10.440878868103027
V6,12.094826698303223
V6,34.55972671508789
V6,12.852540016174316
V6,9.62218189239502
V6,10.346685409545898
V6,14.453717231750488
V6,10.864696502685547
V6,8.071488380432129
V6,15.662097930908203
V6,15.24205493927002
V6,23.52157211303711
V6,9.013494491577148
V6,7.47456693649292
V6,18.411062240600586
V6,18.026090621948242
V6,27.603681564331055
V6,11.634774208068848
V6,11.688788414001465
V6,17.760482788085938
V6,11.645150184631348
V6,20.16224479675293
V6,17.070438385009766
V6,21.748952865600586
V6,11.933318138122559
V6,7.1175856590271
V6,9.578689575195312
V6,13.13485336303711
V6,26.164064407348633
V6,15.325722694396973
V6,15.755803108215332
V6,23.331253051757812
V6,13.118973731994629
V6,20.368146896362305
V6,14.674556732177734
V6,12.11142349243164
V6,28.920799255371094
V6,13.252964973449707
V6,11.532541275024414
V6,17.21819496154785
V6,7.966219902038574
V6,29.248760223388672
V6,8.128640174865723
V6,16.027433395385742
V6,5.868854522705078
V6,6.547990322113037
V6,6.755634307861328
V6,26.08366584777832
V6,33.70637512207031
V6,35.37845230102539
V6,20.622623443603516
V6,13.23424243927002
V6,5.80407190322876
V6,27.86661148071289
V6,18.36594009399414
V6,18.48479461669922
V6,21.01901626586914
V6,24.528270721435547
V6,19.736587524414062
V6,11.343192100524902
V6,21.51455307006836
V6,9.201224327087402
V6,4.196800231933594
V6,25.041513442993164
V6,6.515055179595947
V6,17.780990600585938
V6,13.509668350219727
V6,12.337050437927246
V6,19.35065269470215
V6,23.391067504882812
V6,28.590572357177734
V6,44.31243896484375
V6,23.431507110595703
V6,16.240449905395508
V6,21.327075958251953
V6,13.442770957946777
V6,21.69537925720215
V6,8.271844863891602
V6,18.01375961303711
V6,11.070069313049316
V6,11.14747428894043
V6,10.674348831176758
V6,29.545528411865234
V6,10.14291763305664
V6,15.144937515258789
V6,9.03428840637207
V6,15.100862503051758
V6,11.205071449279785
V6,13.271825790405273
V6,10.909881591796875
V6,25.99896812438965
V6,22.70157241821289
V6,24.230051040649414
V6,6.465324401855469
V6,10.984081268310547
V6,10.656764030456543
V6,11.20266342163086
V6,14.939383506774902
V6,19.908464431762695
V6,17.177608489990234
V6,29.427656173706055
V6,21.662059783935547
V6,19.46652603149414
V6,16.608171463012695
V6,9.778992652893066
V6,7.176135063171387
V6,14.581897735595703
V6,17.762609481811523
V6,6.917555332183838
V6,18.286521911621094
V6,13.641107559204102
V6,9.733427047729492
V6,19.0068416595459
V6,34.259498596191406
V6,13.09715461730957
V6,17.418434143066406
V6,11.815130233764648
V6,9.350486755371094
V6,14.619182586669922
V6,13.218659400939941
V6,11.50719928741455
V6,10.037031173706055
V6,9.817523002624512
V6,24.42058753967285
V6,15.334053993225098
V6,9.800745010375977
V6,15.492026329040527
V6,20.747167587280273
V6,8.502212524414062
V6,10.986178398132324
V6,30.766145706176758
V6,11.57751750946045
V6,18.846275329589844
V6,15.827495574951172
V6,9.228500366210938
V6,19.984907150268555
V6,22.770715713500977
V6,22.881425857543945
V6,7.672684192657471
V6,18.775909423828125
V6,12.124894142150879
V6,7.863220691680908
V6,10.934286117553711
V6,15.690901756286621
V6,21.874937057495117
V6,35.71438980102539
V6,9.90843677520752
V6,12.001338958740234
V6,27.738977432250977
V6,14.563248634338379
V6,10.644401550292969
V6,21.865951538085938
V6,10.879471778869629
V6,13.7398042678833
V6,17.103364944458008
V6,9.2157564163208
V6,13.93698501586914
V6,14.90119743347168
V6,10.86466121673584
V6,7.252010345458984
V6,8.741252899169922
V6,31.63784408569336
V6,7.600341320037842
V6,15.982720375061035
V6,23.759521484375
V6,23.647930145263672
V6,18.321428298950195
V6,29.555831909179688
V6,28.271240234375
V6,15.691482543945312
V6,7.178377151489258
V6,16.019243240356445
V6,18.742883682250977
V6,15.03467845916748
V6,7.974987506866455
V6,24.35578727722168
V6,5.689166069030762
V6,15.755413055419922
V6,18.124723434448242
V6,42.6739387512207
V6,14.880877494812012
V6,19.554771423339844
V6,15.876093864440918
V6,17.03042984008789
V6,12.622934341430664
V6,17.82283592224121
V6,15.530031204223633
V6,16.712257385253906
V6,22.77849769592285
V6,11.93863582611084
V6,38.61022186279297
V6,22.829038619995117
V6,7.626426696777344
V6,17.784982681274414
V6,12.740584373474121
V6,12.010025024414062
V6,19.126771926879883
V6,19.29753303527832
V6,16.64847183227539
V6,35.70896911621094
V6,16.527307510375977
V6,25.994138717651367
V6,9.417593955993652
V6,17.705764770507812
V6,19.41605567932129
V6,19.41266441345215
V6,18.424488067626953
V6,18.252227783203125
V6,15.190855979919434
V6,17.986495971679688
V6,24.741344451904297
V6,15.305669784545898
V6,12.730685234069824
V6,12.788747787475586
V6,14.480825424194336
V6,25.824575424194336
V6,7.920799255371094
V6,7.7927117347717285
V6,6.718079566955566
V6,19.88191032409668
V6,9.398750305175781
V6,9.647871017456055
V6,16.081409454345703
V6,24.564111709594727
V6,7.528480052947998
V6,8.030523300170898
V6,21.003034591674805
V6,6.00341796875
V6,18.29401969909668
V6,16.707544326782227
V6,20.8283634185791
V6,10.004057884216309
V6,10.26580810546875
V6,8.582771301269531
V6,19.776403427124023
V6,8.5206937789917
V6,22.187131881713867
V6,18.843399047851562
V6,16.593408584594727
V6,16.53395652770996
V6,15.80884075164795
V6,16.457015991210938
V6,11.797521591186523
V6,18.095808029174805
V6,6.545833587646484
V6,14.194945335388184
V6,18.373937606811523
V6,18.730497360229492
V6,33.94525909423828
V6,7.56262731552124
V6,13.634169578552246
V6,14.02074909210205
V6,19.10988998413086
V6,31.088212966918945
V6,24.47872543334961
V6,11.626880645751953
V6,14.035077095031738
V6,14.195098876953125
V6,27.158905029296875
V6,4.793585777282715
V6,25.516613006591797
V6,16.120471954345703
V6,14.254373550415039
V6,8.895761489868164
V6,46.7818717956543
V6,26.15418815612793
V6,15.06403636932373
V6,16.98250961303711
V6,13.259712219238281
V6,21.890092849731445
V6,22.850568771362305
V6,14.789578437805176
V6,10.903419494628906
V6,14.80525016784668
V6,13.121260643005371
V6,11.984854698181152
V6,16.550458908081055
V6,11.691182136535645
V6,16.25069236755371
V6,14.160799026489258
V6,10.02336311340332
V6,11.387643814086914
V6,10.893756866455078
V6,26.26715660095215
V6,26.27181625366211
V6,16.516521453857422
V6,17.97878646850586
V6,20.930612564086914
V6,24.72624397277832
V6,13.642483711242676
V6,18.65576934814453
V6,19.375001907348633
V6,11.661229133605957
V6,10.114157676696777
V6,10.206521987915039
V6,19.9121150970459
V6,16.58184051513672
V6,9.905181884765625
V6,15.558601379394531
V6,14.330912590026855
V6,21.39908790588379
V6,12.462169647216797
V6,11.367804527282715
V6,15.783623695373535
V6,12.81290054321289
V6,9.827753067016602
V6,18.150087356567383
V6,26.791507720947266
V6,14.220436096191406
V6,20.032257080078125
V6,23.53076934814453
V6,18.689178466796875
V6,5.940724849700928
V6,13.23612117767334
V6,17.635379791259766
V6,23.687931060791016
V6,15.406747817993164
V6,18.693803787231445
V6,8.61513614654541
V6,21.493087768554688
V6,16.943214416503906
V6,13.498173713684082
V6,9.974369049072266
V6,13.197449684143066
V6,13.958903312683105
V6,13.59239673614502
V6,10.205037117004395
V6,13.83339786529541
V6,21.548553466796875
V6,19.139711380004883
V6,7.328334808349609
V6,17.032493591308594
V6,7.135368347167969
V6,22.746013641357422
V6,11.144559860229492
V6,8.051690101623535
V6,39.31695556640625
V6,11.968990325927734
V6,14.70437240600586
V6,13.52956485748291
V6,9.212174415588379
V6,11.045853614807129
V6,13.023601531982422
V6,14.728464126586914
V6,17.241910934448242
V6,16.49078369140625
V6,18.864282608032227
V6,19.86618995666504
V6,15.733061790466309
V6,23.508869171142578
V6,12.478617668151855
V6,36.16210174560547
V6,19.97966957092285
V6,13.705368995666504
V6,14.721341133117676
V6,18.892980575561523
V6,4.784013271331787
V6,17.431686401367188
V6,15.629351615905762
V6,15.489251136779785
V6,19.89066505432129
V6,22.30275535583496
V6,28.40571403503418
V6,8.490077018737793
V6,10.355409622192383
V6,9.460721015930176
V6,15.647353172302246
V6,16.49557113647461
V6,12.405195236206055
V6,15.222402572631836
V6,15.361433982849121
V6,10.736342430114746
V6,15.26346206665039
V6,11.9166259765625
V6,15.49508285522461
V6,22.778566360473633
V6,19.61888885498047
V6,21.87804412841797
V6,37.76884841918945
V6,6.5721435546875
V6,10.086309432983398
V6,15.41953182220459
V6,9.707111358642578
V6,11.559295654296875
V6,14.221423149108887
V6,16.426790237426758
V6,27.737585067749023
V6,14.176633834838867
V6,23.50542640686035
V6,28.467248916625977
V6,14.844023704528809
V6,5.4359917640686035
V6,12.88196849822998
V6,12.256570816040039
V6,11.042235374450684
V6,16.380329132080078
V6,19.05185890197754
V6,25.169252395629883
V6,10.805891036987305
V6,13.02672290802002
V6,5.742794036865234
V6,16.084739685058594
V6,16.42479705810547
V6,8.924227714538574
V6,19.292665481567383
V6,12.902892112731934
V6,9.479256629943848
V6,8.83426570892334
V6,21.177915573120117
V6,15.254572868347168
V6,12.399295806884766
V6,10.595090866088867
V6,13.214595794677734
V6,24.413705825805664
V6,11.483602523803711
V6,13.797674179077148
V6,15.190437316894531
V6,8.902782440185547
V6,11.563726425170898
V6,20.23048973083496
V6,12.029195785522461
V6,12.852355003356934
V6,13.99710464477539
V6,8.509531021118164
V6,12.723259925842285
V6,22.00239372253418
V6,14.682291984558105
V6,12.989232063293457
V6,20.42719268798828
V6,16.41191864013672
V6,18.622623443603516
V6,7.17091178894043
V6,17.43696403503418
V6,31.419479370117188
V6,19.383235931396484
V6,14.135244369506836
V6,15.157990455627441
V6,14.626933097839355
V6,13.798303604125977
V6,17.203203201293945
V6,23.187530517578125
V6,13.013808250427246
V6,15.360273361206055
V6,7.543245315551758
V6,17.881954193115234
V6,30.633867263793945
V6,11.471210479736328
V6,15.105148315429688
V6,15.838211059570312
V6,14.79710865020752
V6,9.865954399108887
V6,17.956235885620117
V6,17.67344093322754
V6,40.32773971557617
V6,7.133883953094482
V6,5.043447494506836
V6,19.879350662231445
V6,15.345414161682129
V6,5.822616100311279
V6,20.00835418701172
V6,9.831732749938965
V6,18.66735076904297
V6,13.403963088989258
V6,16.401968002319336
V6,20.543697357177734
V6,34.592586517333984
V6,25.548046112060547
V6,12.910245895385742
V6,7.449585437774658
V6,17.7252254486084
V6,11.38080883026123
V6,19.547893524169922
V6,17.85679054260254
V6,16.883581161499023
V6,7.872501373291016
V6,16.99599838256836
V6,13.2514009475708
V6,21.918643951416016
V6,17.69289207458496
V6,14.09780216217041
V6,17.98636245727539
V6,12.077831268310547
V6,8.75539779663086
V6,9.818524360656738
V6,13.000789642333984
V6,13.400721549987793
V6,16.454845428466797
V6,16.419023513793945
V6,9.4319429397583
V6,22.668214797973633
V6,17.342729568481445
V6,12.038318634033203
V6,14.62827205657959
V6,21.25226402282715
V6,14.14930534362793
V6,21.437400817871094
V6,27.909191131591797
V6,20.040271759033203
V6,10.388983726501465
V6,11.561954498291016
V6,30.03744888305664
V6,9.87001895904541
V6,9.07973861694336
V6,17.512161254882812
V6,18.00703239440918
V6,17.466535568237305
V6,20.078285217285156
V6,21.066381454467773
V6,16.731948852539062
V6,21.715076446533203
V6,21.868206024169922
V6,6.638025760650635
V6,17.02485466003418
V6,22.39507484436035
V6,7.77690315246582
V6,21.370351791381836
V6,29.059772491455078
V6,14.3455171585083
V6,13.186586380004883
V6,17.593341827392578
V6,16.332914352416992
V6,9.620016098022461
V6,8.082329750061035
V6,7.438751697540283
V6,30.10956573486328
V6,19.671741485595703
V6,20.363906860351562
V6,6.387426853179932
V6,13.605149269104004
V6,26.37184715270996
V6,34.54116439819336
V6,16.794301986694336
V6,14.896283149719238
V6,21.336231231689453
V6,13.391951560974121
V6,8.13337230682373
V6,20.304529190063477
V6,7.577300548553467
V6,15.35240650177002
V6,13.205808639526367
V6,17.85424041748047
V6,18.864959716796875
V6,22.649951934814453
V6,11.798389434814453
V6,11.226719856262207
V6,7.591065883636475
V6,9.018877983093262
V6,13.430586814880371
V6,18.216571807861328
V6,13.106283187866211
V6,16.997867584228516
V6,18.528249740600586
V6,13.395607948303223
V6,10.763384819030762
V6,22.286109924316406
V6,15.72818660736084
V6,9.490550994873047
V6,20.877147674560547
V6,18.138330459594727
V6,13.063880920410156
V6,6.1637654304504395
V6,15.854269981384277
V6,9.2302885055542
V6,9.873923301696777
V6,21.428709030151367
V6,24.47008514404297
V6,10.92883014678955
V6,7.396134853363037
V6,16.694971084594727
V6,11.25051498413086
V6,12.530793190002441
V6,39.11033248901367
V6,20.98516082763672
V6,17.450986862182617
V6,12.941604614257812
V6,20.795442581176758
V6,20.633943557739258
V6,14.896920204162598
V6,24.741376876831055
V6,8.104743003845215
V6,32.97261428833008
V6,11.831265449523926
V6,12.72155475616455
V6,13.557680130004883
V6,14.6707124710083
V6,36.458641052246094
V6,25.304187774658203
V6,13.159056663513184
V6,12.993060111999512
V6,14.711501121520996
V6,17.77090072631836
V6,10.469427108764648
V6,17.378517150878906
V6,13.317669868469238
V6,14.807682037353516
V6,39.02734375
V6,21.638029098510742
V6,10.106901168823242
V6,10.758520126342773
V6,12.776660919189453
V6,21.34943389892578
V6,11.052608489990234
V6,9.523055076599121
V6,29.706619262695312
V6,6.832595348358154
V6,24.060134887695312
V6,18.56487274169922
V6,12.019670486450195
V6,9.40556526184082
V6,13.081064224243164
V6,22.670438766479492
V6,32.83009719848633
V6,9.258710861206055
V6,7.768116474151611
V6,31.78180503845215
V6,6.860555171966553
V6,9.171104431152344
V6,15.04426097869873
V6,13.502985954284668
V6,44.59623336791992
V6,21.616783142089844
V6,5.818541526794434
V6,9.491461753845215
V6,35.00208282470703
V6,17.009428024291992
V6,23.934267044067383
V6,11.611772537231445
V6,6.610107898712158
V6,22.04131317138672
V6,11.849157333374023
V6,10.009285926818848
V6,6.846503734588623
V6,12.162832260131836
V6,13.912519454956055
V6,16.2830867767334
V6,6.868041038513184
V6,14.723841667175293
V6,18.084985733032227
V6,12.59634017944336
V6,11.557693481445312
V6,15.68703842163086
V6,12.07463264465332
V6,27.207212448120117
V6,21.71016502380371
V6,38.0560302734375
V6,19.274030685424805
V6,14.740708351135254
V6,18.323719024658203
V6,22.465539932250977
V6,13.991540908813477
V6,13.274489402770996
V6,12.736928939819336
V6,20.296506881713867
V6,8.010894775390625
V6,9.94813060760498
V6,24.332382202148438
V6,31.16426658630371
V6,15.515547752380371
V6,6.683690547943115
V6,28.838918685913086
V6,23.313501358032227
V6,7.449506759643555
V6,11.149116516113281
V6,11.512384414672852
V6,16.974977493286133
V6,20.96025848388672
V6,16.36272430419922
V6,14.101629257202148
V6,9.979848861694336
V6,18.589603424072266
V6,10.998644828796387
V6,14.09262752532959
V6,10.406997680664062
V6,23.52140998840332
V6,17.388805389404297
V6,8.81304931640625
V6,22.94163703918457
V6,15.458454132080078
V6,19.191858291625977
V6,10.032209396362305
V6,26.58495330810547
V6,16.163991928100586
V6,11.392139434814453
V6,43.223236083984375
V8,69.15509796142578
V8,35.15532302856445
V8,12.243179321289062
V8,18.01966667175293
V8,12.440247535705566
V8,12.33749771118164
V8,22.01654624938965
V8,15.092273712158203
V8,14.217057228088379
V8,16.36302947998047
V8,8.795913696289062
V8,6.069697856903076
V8,28.39596939086914
V8,13.69733715057373
V8,52.094871520996094
V8,13.36346435546875
V8,9.741704940795898
V8,16.759790420532227
V8,13.690672874450684
V8,13.333938598632812
V8,42.943817138671875
V8,8.561050415039062
V8,9.757193565368652
V8,10.934070587158203
V8,11.244860649108887
V8,12.375448226928711
V8,17.647247314453125
V8,10.22048568725586
V8,12.200510025024414
V8,15.322206497192383
V8,14.855537414550781
V8,14.283554077148438
V8,89.40921020507812
V8,18.4268856048584
V8,12.512411117553711
V8,23.404268264770508
V8,9.566819190979004
V8,21.175344467163086
V8,9.764183044433594
V8,13.868049621582031
V8,14.235790252685547
V8,9.040006637573242
V8,14.27550983428955
V8,9.201245307922363
V8,13.011577606201172
V8,14.299407958984375
V8,22.440162658691406
V8,12.013618469238281
V8,14.777600288391113
V8,37.911766052246094
V8,10.51539134979248
V8,11.407879829406738
V8,20.47283935546875
V8,8.302528381347656
V8,16.49333381652832
V8,12.31396484375
V8,33.02177810668945
V8,11.773761749267578
V8,39.968475341796875
V8,19.940994262695312
V8,49.525596618652344
V8,24.652563095092773
V8,18.076478958129883
V8,12.932161331176758
V8,14.198636054992676
V8,25.25030517578125
V8,43.044761657714844
V8,6.034683704376221
V8,9.862505912780762
V8,17.47322654724121
V8,21.23248863220215
V8,21.238662719726562
V8,18.078899383544922
V8,8.621973991394043
V8,17.703889846801758
V8,21.930864334106445
V8,12.31385326385498
V8,19.189844131469727
V8,41.52082824707031
V8,14.810888290405273
V8,41.4981689453125
V8,11.398361206054688
V8,13.153055191040039
V8,11.120415687561035
V8,10.298276901245117
V8,8.56976318359375
V8,12.874032020568848
V8,13.236001968383789
V8,8.75737190246582
V8,35.93102264404297
V8,12.73610782623291
V8,69.4587631225586
V8,11.653589248657227
V8,18.42344856262207
V8,16.509098052978516
V8,20.352079391479492
V8,23.09836196899414
V8,10.85019302368164
V8,11.214364051818848
V8,16.426332473754883
V8,12.527959823608398
V8,18.278270721435547
V8,65.3851547241211
V8,13.11752986907959
V8,28.273008346557617
V8,24.924753189086914
V8,8.293465614318848
V8,14.643733978271484
V8,15.82152271270752
V8,9.210147857666016
V8,11.40497875213623
V8,17.614559173583984
V8,8.785836219787598
V8,14.986470222473145
V8,10.434450149536133
V8,12.778838157653809
V8,14.0831298828125
V8,36.4244270324707
V8,29.55799102783203
V8,8.965235710144043
V8,14.653159141540527
V8,24.479787826538086
V8,11.089173316955566
V8,9.737768173217773
V8,7.086925983428955
V8,12.483563423156738
V8,12.515625953674316
V8,15.260632514953613
V8,9.372824668884277
V8,31.944547653198242
V8,14.271381378173828
V8,6.8090739250183105
V8,9.485454559326172
V8,18.50123405456543
V8,8.725621223449707
V8,5.6702561378479
V8,6.626789569854736
V8,18.66180992126465
V8,10.9895658493042
V8,42.2531852722168
V8,14.624349594116211
V8,32.602142333984375
V8,11.551658630371094
V8,14.381392478942871
V8,7.524412631988525
V8,36.1345100402832
V8,40.36061096191406
V8,14.374241828918457
V8,13.483007431030273
V8,15.643871307373047
V8,8.988129615783691
V8,20.67676544189453
V8,14.644801139831543
V8,18.09445571899414
V8,20.437110900878906
V8,25.54839515686035
V8,13.271870613098145
V8,13.861750602722168
V8,38.07826232910156
V8,24.433610916137695
V8,10.482706069946289
V8,12.055237770080566
V8,35.3703498840332
V8,46.92024230957031
V8,19.429065704345703
V8,24.878416061401367
V8,16.45802879333496
V8,13.583834648132324
V8,30.956785202026367
V8,10.213630676269531
V8,53.972740173339844
V8,22.015335083007812
V8,13.302881240844727
V8,64.64664459228516
V8,12.029653549194336
V8,8.413725852966309
V8,46.15748596191406
V8,6.529937267303467
V8,11.189190864562988
V8,44.21551513671875
V8,22.167255401611328
V8,16.70113754272461
V8,65.011962890625
V8,11.074141502380371
V8,7.400033950805664
V8,24.43033218383789
V8,11.414490699768066
V8,16.365827560424805
V8,7.02456521987915
V8,10.91563606262207
V8,11.59212589263916
V8,76.0521240234375
V8,14.401398658752441
V8,11.50930404663086
V8,12.856684684753418
V8,52.497833251953125
V8,11.080114364624023
V8,19.914913177490234
V8,12.216804504394531
V8,28.065378189086914
V8,34.44264221191406
V8,57.93113327026367
V8,17.502229690551758
V8,19.70720863342285
V8,14.52658748626709
V8,61.07460021972656
V8,75.03141021728516
V8,14.157909393310547
V8,15.397180557250977
V8,16.108055114746094
V8,8.457932472229004
V8,25.946043014526367
V8,11.559261322021484
V8,11.853297233581543
V8,8.92187213897705
V8,17.242141723632812
V8,9.056618690490723
V8,17.672632217407227
V8,19.47416877746582
V8,14.847955703735352
V8,8.8551664352417
V8,15.970212936401367
V8,9.608749389648438
V8,23.144046783447266
V8,15.302032470703125
V8,29.12706756591797
V8,11.011524200439453
V8,11.10313892364502
V8,56.281795501708984
V8,40.17192077636719
V8,46.962337493896484
V8,60.52732849121094
V8,18.074113845825195
V8,14.972981452941895
V8,11.000022888183594
V8,23.528724670410156
V8,12.018851280212402
V8,30.447141647338867
V8,9.71272087097168
V8,11.813379287719727
V8,18.860153198242188
V8,9.879558563232422
V8,8.72530460357666
V8,64.45561981201172
V8,20.821456909179688
V8,19.55959701538086
V8,10.357233047485352
V8,14.315176010131836
V8,9.632963180541992
V8,20.396808624267578
V8,12.772552490234375
V8,12.548724174499512
V8,13.424116134643555
V8,19.969892501831055
V8,7.9786295890808105
V8,8.498676300048828
V8,17.606895446777344
V8,10.421393394470215
V8,16.356225967407227
V8,9.586033821105957
V8,70.5400619506836
V8,8.05500602722168
V8,10.276226997375488
V8,24.803529739379883
V8,12.99907398223877
V8,7.4835920333862305
V8,26.008066177368164
V8,18.383079528808594
V8,17.26028060913086
V8,29.205354690551758
V8,12.891890525817871
V8,15.521393775939941
V8,19.719751358032227
V8,53.778587341308594
V8,11.877497673034668
V8,10.03930377960205
V8,16.8101806640625
V8,13.72474193572998
V8,9.417781829833984
V8,5.9724812507629395
V8,38.61906051635742
V8,17.99390411376953
V8,19.182559967041016
V8,11.609210014343262
V8,20.817842483520508
V8,14.170441627502441
V8,10.389608383178711
V8,10.506218910217285
V8,9.643387794494629
V8,13.717572212219238
V8,26.83946418762207
V8,21.599821090698242
V8,22.995607376098633
V8,18.722137451171875
V8,12.573896408081055
V8,13.286069869995117
V8,13.008362770080566
V8,11.290721893310547
V8,13.026768684387207
V8,8.299925804138184
V8,9.72463607788086
V8,12.468814849853516
V8,11.397981643676758
V8,14.064282417297363
V8,10.066986083984375
V8,12.030047416687012
V8,46.647178649902344
V8,12.224919319152832
V8,19.918582916259766
V8,8.435613632202148
V8,21.114641189575195
V8,7.362072467803955
V8,9.317787170410156
V8,21.73618507385254
V8,71.59964752197266
V8,10.705574035644531
V8,11.604304313659668
V8,40.21079635620117
V8,12.736867904663086
V8,7.659140586853027
V8,15.71607494354248
V8,31.798391342163086
V8,16.372783660888672
V8,13.59505558013916
V8,12.826521873474121
V8,11.765591621398926
V8,9.960577011108398
V8,8.758269309997559
V8,12.9529447555542
V8,17.733257293701172
V8,6.959676265716553
V8,22.852344512939453
V8,7.169380187988281
V8,10.589126586914062
V8,13.38049030303955
V8,14.869277954101562
V8,9.743683815002441
V8,11.599924087524414
V8,13.136205673217773
V8,18.146764755249023
V8,11.792425155639648
V8,18.686172485351562
V8,16.73837661743164
V8,7.856627941131592
V8,24.568416595458984
V8,12.572122573852539
V8,10.379586219787598
V8,6.601736545562744
V8,13.163241386413574
V8,16.736337661743164
V8,14.774267196655273
V8,10.740851402282715
V8,17.915790557861328
V8,16.78724479675293
V8,8.944546699523926
V8,18.66168212890625
V8,32.008636474609375
V8,15.426506042480469
V8,44.560821533203125
V8,53.445682525634766
V8,11.136021614074707
V8,19.294071197509766
V8,13.60239028930664
V8,9.046133041381836
V8,44.194496154785156
V8,7.4723615646362305
V8,14.359886169433594
V8,8.903421401977539
V8,19.51421356201172
V8,13.633401870727539
V8,13.974750518798828
V8,15.045522689819336
V8,10.333785057067871
V8,12.062071800231934
V8,8.472061157226562
V8,20.199386596679688
V8,15.787653923034668
V8,18.0056095123291
V8,12.425908088684082
V8,20.280481338500977
V8,27.172624588012695
V8,16.147716522216797
V8,15.041747093200684
V8,7.2082414627075195
V8,17.087833404541016
V8,11.8489408493042
V8,11.34746265411377
V8,17.02939224243164
V8,13.90750503540039
V8,9.29426097869873
V8,8.644360542297363
V8,9.338624000549316
V8,27.28070068359375
V8,40.34314727783203
V8,8.199224472045898
V8,7.519847393035889
V8,18.987642288208008
V8,12.07046890258789
V8,14.675041198730469
V8,19.898534774780273
V8,10.975133895874023
V8,72.54863739013672
V8,11.971147537231445
V8,17.94310188293457
V8,9.677638053894043
V8,10.950082778930664
V8,9.625267028808594
V8,9.891175270080566
V8,20.88065528869629
V8,22.25374984741211
V8,25.711578369140625
V8,10.861345291137695
V8,17.98576545715332
V8,6.6501569747924805
V8,11.547000885009766
V8,23.99635887145996
V8,25.213275909423828
V8,10.685535430908203
V8,18.657039642333984
V8,51.13424301147461
V8,11.76197338104248
V8,6.560018062591553
V8,78.43834686279297
V8,14.949620246887207
V8,75.10710144042969
V8,76.37366485595703
V8,15.418131828308105
V8,27.466299057006836
V8,8.830351829528809
V8,9.823829650878906
V8,46.21051025390625
V8,8.136462211608887
V8,18.2382869720459
V8,22.6824951171875
V8,7.321719169616699
V8,14.7883882522583
V8,15.393488883972168
V8,58.252201080322266
V8,15.106053352355957
V8,31.375913619995117
V8,27.794103622436523
V8,22.605632781982422
V8,19.56580924987793
V8,8.438616752624512
V8,25.185556411743164
V8,37.189476013183594
V8,12.41542911529541
V8,21.801067352294922
V8,17.827287673950195
V8,25.968334197998047
V8,34.9411506652832
V8,53.52801513671875
V8,51.751243591308594
V8,11.617268562316895
V8,41.54435729980469
V8,10.034463882446289
V8,8.342308044433594
V8,20.27572250366211
V8,23.17983627319336
V8,11.13366985321045
V8,11.713004112243652
V8,10.395590782165527
V8,7.672581672668457
V8,11.984772682189941
V8,16.45871353149414
V8,9.296438217163086
V8,10.686511039733887
V8,13.220600128173828
V8,17.731204986572266
V8,9.351369857788086
V8,6.421716213226318
V8,7.641157627105713
V8,17.89307403564453
V8,9.253296852111816
V8,13.809439659118652
V8,10.205057144165039
V8,20.573871612548828
V8,14.129929542541504
V8,14.098657608032227
V8,8.895960807800293
V8,37.095428466796875
V8,30.110525131225586
V8,8.59009075164795
V8,21.20866584777832
V8,34.313934326171875
V8,12.237492561340332
V8,28.26642417907715
V8,10.416993141174316
V8,11.39746379852295
V8,54.80272674560547
V8,13.092692375183105
V8,13.941224098205566
V8,12.013650894165039
V8,8.694747924804688
V8,7.975332260131836
V8,7.550265789031982
V8,14.922286033630371
V8,8.62634563446045
V8,66.65360260009766
V8,41.111698150634766
V8,39.98845291137695
V8,15.57583236694336
V8,36.065101623535156
V8,9.376955032348633
V8,12.095723152160645
V8,23.143360137939453
V8,8.052909851074219
V8,17.941761016845703
V8,11.639853477478027
V8,41.26311492919922
V8,12.50529956817627
V8,9.641633987426758
V8,19.369247436523438
V8,12.756075859069824
V8,17.7128849029541
V8,10.990782737731934
V8,9.1106538772583
V8,17.832128524780273
V8,47.413238525390625
V8,14.969121932983398
V8,13.113871574401855
V8,4.981574058532715
V8,9.792877197265625
V8,23.369888305664062
V8,13.389208793640137
V8,24.090656280517578
V8,12.84241771697998
V8,20.006088256835938
V8,11.66903305053711
V8,10.57813835144043
V8,13.751130104064941
V8,21.565406799316406
V8,21.824880599975586
V8,13.644046783447266
V8,17.80548858642578
V8,19.336971282958984
V8,27.346040725708008
V8,13.597583770751953
V8,9.468487739562988
V8,9.255782127380371
V8,8.044225692749023
V8,39.4819221496582
V8,14.068061828613281
V8,11.986104965209961
V8,16.662473678588867
V8,16.48186683654785
V8,33.563629150390625
V8,16.880582809448242
V8,14.42903995513916
V8,13.62300968170166
V8,10.76685905456543
V8,15.666272163391113
V8,26.3394832611084
V8,8.365321159362793
V8,12.005494117736816
V8,10.363424301147461
V8,18.227230072021484
V8,13.260366439819336
V8,9.188850402832031
V8,14.143842697143555
V8,14.284744262695312
V8,54.2078971862793
V8,12.953371047973633
V8,12.322001457214355
V8,11.362969398498535
V8,13.364128112792969
V8,8.991670608520508
V8,31.56187629699707
V8,19.098840713500977
V8,8.668298721313477
V8,7.9682159423828125
V8,13.680410385131836
V8,15.75777816772461
V8,10.764463424682617
V8,19.423255920410156
V8,6.58764123916626
V8,12.713363647460938
V8,9.897614479064941
V8,29.135791778564453
V8,10.036873817443848
V8,18.98773765563965
V8,15.566226959228516
V8,9.983847618103027
V8,8.574162483215332
V8,27.088951110839844
V8,8.567517280578613
V8,13.075057029724121
V8,19.357236862182617
V8,9.330286026000977
V8,30.2037410736084
V8,14.801346778869629
V8,11.478249549865723
V8,9.703445434570312
V8,21.19021987915039
V8,10.829583168029785
V8,31.8789119720459
V8,22.200096130371094
V8,14.880732536315918
V8,12.78757381439209
V8,8.116264343261719
V8,9.308459281921387
V8,12.89282512664795
V8,9.854228019714355
V8,22.058887481689453
V8,19.297142028808594
V8,11.422218322753906
V8,10.986555099487305
V8,6.270322322845459
V8,14.673747062683105
V8,21.148157119750977
V8,50.88911819458008
V8,12.508122444152832
V8,17.460254669189453
V8,27.231761932373047
V8,10.784540176391602
V8,18.692386627197266
V8,8.264744758605957
V8,9.404958724975586
V8,13.518816947937012
V8,9.346449851989746
V8,11.462414741516113
V8,11.569091796875
V8,15.289709091186523
V8,25.360219955444336
V8,8.44710636138916
V8,15.278736114501953
V8,13.727951049804688
V8,9.932779312133789
V8,21.796239852905273
V8,24.320253372192383
V8,6.651336669921875
V8,12.184226036071777
V8,36.38548278808594
V8,20.231595993041992
V8,13.534366607666016
V8,9.380287170410156
V8,8.372429847717285
V8,12.404098510742188
V8,13.593384742736816
V8,17.993396759033203
V8,18.59669303894043
V8,25.747167587280273
V8,8.907259941101074
V8,12.333581924438477
V8,18.891408920288086
V8,20.36203384399414
V8,18.16185760498047
V8,12.244660377502441
V8,12.194868087768555
V8,25.293710708618164
V8,7.947297096252441
V8,8.890812873840332
V8,15.533563613891602
V8,61.03971862792969
V8,17.140193939208984
V8,17.069692611694336
V8,14.891500473022461
V8,8.10091495513916
V8,16.856761932373047
V8,10.094827651977539
V8,11.28620433807373
V8,66.04122161865234
V8,20.8013858795166
V8,15.374849319458008
V8,6.22648811340332
V8,13.757264137268066
V8,14.661162376403809
V8,69.08834838867188
V8,17.873912811279297
V8,12.415332794189453
V8,21.76828956604004
V8,63.19074249267578
V8,20.811500549316406
V8,7.237440586090088
V8,18.547433853149414
V8,19.111726760864258
V8,9.72506046295166
V8,15.850493431091309
V8,12.424495697021484
V8,18.803667068481445
V8,9.841428756713867
V8,23.299673080444336
V8,8.363959312438965
V8,15.978240966796875
V8,33.37119674682617
V8,33.91798782348633
V8,8.277350425720215
V8,8.547137260437012
V8,10.768229484558105
V8,14.082539558410645
V8,15.669915199279785
V8,8.271702766418457
V8,16.490507125854492
V8,22.47368049621582
V8,12.599268913269043
V8,15.722352027893066
V8,50.925148010253906
V8,22.12961769104004
V8,20.769561767578125
V8,11.816398620605469
V8,17.773588180541992
V8,12.865612983703613
V8,9.578155517578125
V8,11.646334648132324
V8,12.970316886901855
V8,19.76865005493164
V8,21.177595138549805
V8,16.264707565307617
V8,28.54107093811035
V8,36.717071533203125
V8,18.087635040283203
V8,21.81862449645996
V8,23.221038818359375
V8,65.1963119506836
V8,87.72438049316406
V8,29.768278121948242
V8,10.19111156463623
V8,16.959871292114258
V8,8.429838180541992
V8,17.008974075317383
V8,7.673783779144287
V8,13.405200958251953
V8,10.186187744140625
V8,16.082557678222656
V8,11.994258880615234
V8,11.816947937011719
V8,7.643982887268066
V8,26.780397415161133
V8,17.74587631225586
V8,6.1074018478393555
V8,13.56930160522461
V8,38.46577072143555
V8,21.056821823120117
V8,38.70196533203125
V8,16.049978256225586
V8,6.080862998962402
V8,15.489646911621094
V8,11.619998931884766
V8,15.707764625549316
V8,14.173720359802246
V8,21.640947341918945
V8,39.15835189819336
V8,19.873926162719727
V8,64.75396728515625
V8,5.911484241485596
V8,21.2142333984375
V8,32.311004638671875
V8,6.943140983581543
V8,10.536423683166504
V8,12.43038272857666
V8,15.020177841186523
V8,17.095130920410156
V8,21.038164138793945
V8,12.9127836227417
V8,10.692697525024414
V8,10.415633201599121
V8,36.88251876831055
V8,20.749666213989258
V8,10.794026374816895
V8,8.836444854736328
V8,13.990551948547363
V8,22.692747116088867
V8,11.775836944580078
V8,19.290298461914062
V8,11.150123596191406
V8,7.655732154846191
V8,38.837520599365234
V8,9.336877822875977
V8,11.853862762451172
V8,11.214505195617676
V8,14.120512008666992
V8,9.652434349060059
V8,54.605342864990234
V8,11.80319881439209
V8,12.47912311553955
V8,8.896247863769531
V8,65.40438842773438
V8,9.985640525817871
V8,11.370038986206055
V8,31.65447998046875
V8,18.443214416503906
V8,21.473674774169922
V8,34.743648529052734
V8,17.779617309570312
V8,55.69826126098633
V8,11.170149803161621
V8,17.828670501708984
V8,52.520687103271484
V8,32.90510177612305
V8,13.004690170288086
V8,12.663313865661621
V8,18.708106994628906
V8,9.377080917358398
V8,8.544356346130371
V8,7.268845558166504
V8,6.2204084396362305
V8,10.91450023651123
V8,47.170169830322266
V8,7.908919811248779
V8,10.762726783752441
V8,22.262676239013672
V8,13.167244911193848
V8,18.656848907470703
V8,8.995362281799316
V8,20.012367248535156
V8,9.415799140930176
V8,12.91599178314209
V8,24.583574295043945
V8,20.603193283081055
V8,60.919551849365234
V8,25.68023109436035
V8,10.33311939239502
V8,36.101192474365234
V8,14.566046714782715
V8,19.164424896240234
V8,62.44661331176758
V8,11.439467430114746
V8,28.099193572998047
V8,9.645853996276855
V8,12.139859199523926
V8,15.420778274536133
V8,44.86663818359375
V8,16.39377784729004
V8,7.633551120758057
V8,15.967333793640137
V8,14.696365356445312
V8,60.24594497680664
V8,7.813438892364502
V8,17.532432556152344
V8,10.848759651184082
V8,14.407341957092285
V8,19.610658645629883
V8,15.205289840698242
V8,14.778255462646484
V8,12.149404525756836
V8,14.989996910095215
V8,22.421985626220703
V8,15.133116722106934
V8,23.948219299316406
V8,17.16335678100586
V8,17.018413543701172
V8,68.13322448730469
V8,9.71255874633789
V8,12.974394798278809
V8,23.194000244140625
V8,15.358610153198242
V8,9.806000709533691
V8,22.100479125976562
V8,49.607975006103516
V8,33.175533294677734
V8,26.49221420288086
V8,8.039074897766113
V8,15.57756233215332
V8,10.204767227172852
V8,7.4030561447143555
V8,24.281341552734375
V8,45.00401306152344
V8,23.162504196166992
V8,9.70536994934082
V8,23.006061553955078
V8,9.168318748474121
V8,27.533693313598633
V8,11.815096855163574
V8,13.84972858428955
V8,24.532249450683594
V8,29.546310424804688
V8,21.076982498168945
V8,20.93134880065918
V8,15.305914878845215
V8,14.298799514770508
V8,10.914067268371582
V8,27.367948532104492
V8,15.598530769348145
V8,15.062103271484375
V8,12.541460037231445
V8,33.12275314331055
V8,9.892566680908203
V8,9.952498435974121
V8,16.13273048400879
V8,23.35538673400879
V8,11.08631420135498
V8,8.463178634643555
V8,22.90138053894043
V8,45.14796829223633
V8,48.117069244384766
V8,14.320202827453613
V8,16.257829666137695
V8,9.892447471618652
V8,42.721588134765625
V8,14.110736846923828
V8,13.664300918579102
V8,16.294567108154297
V8,10.825164794921875
V8,15.700167655944824
V8,9.221001625061035
V8,9.42093276977539
V8,66.08745574951172
V8,11.938156127929688
V8,11.96805191040039
V8,17.45831871032715
V8,10.411307334899902
V8,20.020009994506836
V8,9.218209266662598
V8,19.587629318237305
V8,12.126177787780762
V8,5.108333110809326
V8,33.659141540527344
V8,10.602944374084473
V8,22.318389892578125
V8,18.947463989257812
V8,11.201064109802246
V8,10.187443733215332
V8,15.508204460144043
V8,20.370912551879883
V8,14.137663841247559
V8,14.441534042358398
V8,8.341107368469238
V8,16.50193214416504
V8,15.551916122436523
V8,52.29107666015625
V8,9.869361877441406
V8,9.821748733520508
V8,84.38544464111328
V8,12.64218807220459
V8,37.7540397644043
V8,36.50211715698242
V8,15.085886001586914
V8,18.28264617919922
V8,9.712376594543457
V8,50.25696563720703
V8,10.196552276611328
V8,13.875356674194336
V8,15.100153923034668
V8,20.03097915649414
V8,28.162837982177734
V8,20.3160400390625
V8,12.423304557800293
V8,12.321088790893555
V8,9.043591499328613
V8,8.07530689239502
V8,18.75096893310547
V8,14.783557891845703
V8,60.302242279052734
V8,8.609343528747559
V8,9.613515853881836
V8,10.215036392211914
V8,6.097700119018555
V8,32.036407470703125
V8,27.78974723815918
V8,13.15977668762207
V8,13.613102912902832
V8,16.5518741607666
V8,30.620956420898438
V8,15.868552207946777
V8,17.470666885375977
V8,18.00641441345215
V8,32.87164306640625
V8,42.5714225769043
V8,11.138727188110352
V8,17.874691009521484
V8,40.77826690673828
V8,19.59480857849121
V8,15.014021873474121
V8,18.106578826904297
V8,13.480472564697266
V8,10.980048179626465
V8,15.85036849975586
V8,12.936724662780762
V8,9.897992134094238
V8,44.828495025634766
V8,10.67715072631836
V8,31.0255184173584
V8,12.59201717376709
V8,15.342123985290527
V8,16.246566772460938
V8,23.69217300415039
V8,15.663084983825684
V8,45.48045349121094
V8,17.67160987854004
V8,10.674662590026855
V8,40.136802673339844
V8,10.471701622009277
V8,10.686014175415039
V8,28.16782569885254
V8,12.19752025604248
V8,88.59182739257812
V8,12.324384689331055
V8,32.280426025390625
V8,13.28012466430664
V8,14.987013816833496
V8,15.589296340942383
V8,8.858028411865234
V8,10.599678039550781
V8,6.9756388664245605
V8,17.123929977416992
V8,31.42888069152832
V8,11.240428924560547
V8,22.91781997680664
V8,54.853302001953125
V8,8.748754501342773
inline-4,19.801841735839844
inline-4,12.742133140563965
inline-4,15.470672607421875
inline-4,8.479684829711914
inline-4,7.50752067565918
inline-4,12.333629608154297
inline-4,7.824182987213135
inline-4,17.570877075195312
inline-4,13.985960960388184
inline-4,9.50886344909668
inline-4,16.323123931884766
inline-4,9.944788932800293
inline-4,23.38648223876953
inline-4,21.31952667236328
inline-4,9.04556941986084
inline-4,7.104868412017822
inline-4,47.48344802856445
inline-4,19.405284881591797
inline-4,14.125690460205078
inline-4,21.426549911499023
inline-4,19.423009872436523
inline-4,9.277329444885254
inline-4,21.903635025024414
inline-4,20.07652473449707
inline-4,14.192354202270508
inline-4,9.504417419433594
inline-4,17.966257095336914
inline-4,14.099708557128906
inline-4,8.063775062561035
inline-4,13.782572746276855
inline-4,28.030263900756836
inline-4,10.61707878112793
inline-4,13.002473831176758
inline-4,13.861180305480957
inline-4,10.373006820678711
inline-4,15.744491577148438
inline-4,12.3043851852417
inline-4,15.829662322998047
inline-4,16.92221450805664
inline-4,16.67856788635254
inline-4,12.468924522399902
inline-4,22.120159149169922
inline-4,28.14415740966797
inline-4,14.949859619140625
inline-4,17.815147399902344
inline-4,16.051067352294922
inline-4,17.731552124023438
inline-4,34.77565383911133
inline-4,8.655962944030762
inline-4,10.245436668395996
inline-4,19.467161178588867
inline-4,9.56829833984375
inline-4,9.125653266906738
inline-4,24.02273941040039
inline-4,17.966766357421875
inline-4,14.559514045715332
inline-4,28.586610794067383
inline-4,8.123228073120117
inline-4,12.37551212310791
inline-4,9.97606372833252
inline-4,8.338847160339355
inline-4,4.730481147766113
inline-4,14.413229942321777
inline-4,19.057193756103516
inline-4,26.545249938964844
inline-4,7.6002116203308105
inline-4,11.741802215576172
inline-4,14.598654747009277
inline-4,11.006786346435547
inline-4,13.114022254943848
inline-4,31.176971435546875
inline-4,13.828583717346191
inline-4,13.035597801208496
inline-4,15.400909423828125
inline-4,11.131477355957031
inline-4,20.28396987915039
inline-4,4.7599568367004395
inline-4,8.238713264465332
inline-4,6.396077632904053
inline-4,17.379318237304688
inline-4,8.636699676513672
inline-4,13.479373931884766
inline-4,11.331465721130371
inline-4,9.998767852783203
inline-4,5.7401652336120605
inline-4,9.21825122833252
inline-4,7.8354387283325195
inline-4,12.203352928161621
inline-4,15.734383583068848
inline-4,6.480441093444824
inline-4,10.683582305908203
inline-4,11.40095329284668
inline-4,11.905009269714355
inline-4,8.498469352722168
inline-4,8.561210632324219
inline-4,21.260242462158203
inline-4,6.990273952484131
inline-4,13.152694702148438
inline-4,14.580013275146484
inline-4,20.357370376586914
inline-4,19.390920639038086
inline-4,16.50224494934082
inline-4,19.057559967041016
inline-4,9.343505859375
inline-4,8.409546852111816
inline-4,8.825411796569824
inline-4,7.7524094581604
inline-4,27.106748580932617
inline-4,7.978531360626221
inline-4,15.721494674682617
inline-4,11.499715805053711
inline-4,38.52971267700195
inline-4,13.47386360168457
inline-4,13.581697463989258
inline-4,31.85128402709961
inline-4,10.111005783081055
inline-4,7.862097263336182
inline-4,12.040529251098633
inline-4,25.845569610595703
inline-4,12.574883460998535
inline-4,10.707651138305664
inline-4,7.703342914581299
inline-4,10.286693572998047
inline-4,13.156970977783203
inline-4,10.913039207458496
inline-4,24.20991325378418
inline-4,11.884879112243652
inline-4,18.27318572998047
inline-4,11.670146942138672
inline-4,19.800321578979492
inline-4,5.942407131195068
inline-4,7.70020866394043
inline-4,7.2426981925964355
inline-4,12.770637512207031
inline-4,22.822805404663086
inline-4,20.368696212768555
inline-4,5.4817986488342285
inline-4,7.387215614318848
inline-4,9.547855377197266
inline-4,14.562542915344238
inline-4,7.04071569442749
inline-4,13.489655494689941
inline-4,29.748146057128906
inline-4,14.899179458618164
inline-4,13.290438652038574
inline-4,9.039745330810547
inline-4,13.817977905273438
inline-4,11.645877838134766
inline-4,4.889803409576416
inline-4,8.138922691345215
inline-4,8.354538917541504
inline-4,49.60212326049805
inline-4,9.45068073272705
inline-4,23.199790954589844
inline-4,15.43923568725586
inline-4,12.664825439453125
inline-4,11.673270225524902
inline-4,28.63210678100586
inline-4,22.35955047607422
inline-4,13.856888771057129
inline-4,13.07208251953125
inline-4,7.21351957321167
inline-4,7.440044403076172
inline-4,4.836548805236816
inline-4,12.559769630432129
inline-4,31.878047943115234
inline-4,8.66133975982666
inline-4,17.84084701538086
inline-4,13.938998222351074
inline-4,13.309098243713379
inline-4,26.889404296875
inline-4,10.903059005737305
inline-4,10.511573791503906
inline-4,21.00798797607422
inline-4,7.980622291564941
inline-4,11.807238578796387
inline-4,11.015726089477539
inline-4,13.431734085083008
inline-4,10.698125839233398
inline-4,30.366554260253906
inline-4,15.265406608581543
inline-4,7.824207305908203
inline-4,25.30091094970703
inline-4,12.980082511901855
inline-4,22.023378372192383
inline-4,18.692886352539062
inline-4,13.598076820373535
inline-4,16.009883880615234
inline-4,14.085122108459473
inline-4,19.006851196289062
inline-4,23.175418853759766
inline-4,8.926737785339355
inline-4,11.026782989501953
inline-4,13.840109825134277
inline-4,12.376500129699707
inline-4,8.961859703063965
inline-4,22.26760482788086
inline-4,7.7832112312316895
inline-4,15.586030006408691
inline-4,17.2801570892334
inline-4,33.13799285888672
inline-4,9.86138916015625
inline-4,12.70459270477295
inline-4,12.19074535369873
inline-4,15.25650691986084
inline-4,17.642908096313477
inline-4,14.06624984741211
inline-4,26.618227005004883
inline-4,17.55068588256836
inline-4,24.55480194091797
inline-4,17.14769172668457
inline-4,12.679069519042969
inline-4,12.198328018188477
inline-4,13.056400299072266
inline-4,10.632452011108398
inline-4,19.839208602905273
inline-4,17.5235652923584
inline-4,18.0957088470459
inline-4,18.021488189697266
inline-4,10.572668075561523
inline-4,10.76486587524414
inline-4,8.626140594482422
inline-4,16.106775283813477
inline-4,12.955107688903809
inline-4,23.794572830200195
inline-4,9.725383758544922
inline-4,17.40395164489746
inline-4,12.115931510925293
inline-4,17.45821762084961
inline-4,9.241991996765137
inline-4,21.33928108215332
inline-4,6.581803798675537
inline-4,14.029162406921387
inline-4,22.097393035888672
inline-4,11.09921932220459
inline-4,23.504287719726562
inline-4,16.60091781616211
inline-4,17.569259643554688
inline-4,30.350982666015625
inline-4,19.246583938598633
inline-4,13.735633850097656
inline-4,8.871524810791016
inline-4,22.00178337097168
inline-4,11.499578475952148
inline-4,13.796470642089844
inline-4,11.839773178100586
inline-4,11.112692832946777
inline-4,6.304468154907227
inline-4,10.267398834228516
inline-4,15.388830184936523
inline-4,11.78326416015625
inline-4,15.591024398803711
inline-4,12.289761543273926
inline-4,27.753860473632812
inline-4,10.801263809204102
inline-4,12.45689868927002
inline-4,12.386756896972656
inline-4,11.697617530822754
inline-4,9.979966163635254
inline-4,19.025182723999023
inline-4,15.918420791625977
inline-4,14.893107414245605
inline-4,7.770162105560303
inline-4,16.85129737854004
inline-4,7.999098777770996
inline-4,31.30788803100586
inline-4,12.771764755249023
inline-4,11.191847801208496
inline-4,10.535900115966797
inline-4,13.115392684936523
inline-4,8.256662368774414
inline-4,12.978941917419434
inline-4,19.44635772705078
inline-4,15.585838317871094
inline-4,11.608277320861816
inline-4,26.87042999267578
inline-4,11.01166820526123
inline-4,10.175349235534668
inline-4,22.764671325683594
inline-4,11.353918075561523
inline-4,12.94887638092041
inline-4,9.298848152160645
inline-4,7.678871154785156
inline-4,10.540027618408203
inline-4,39.20716094970703
inline-4,17.180591583251953
inline-4,12.796767234802246
inline-4,16.814218521118164
inline-4,18.978750228881836
inline-4,12.254124641418457
inline-4,12.861610412597656
inline-4,14.52374267578125
inline-4,8.255354881286621
inline-4,7.27963399887085
inline-4,12.57342529296875
inline-4,8.057369232177734
inline-4,15.400369644165039
inline-4,15.30324935913086
inline-4,9.097143173217773
inline-4,8.543022155761719
inline-4,19.036954879760742
inline-4,7.061469554901123
inline-4,12.425638198852539
inline-4,7.205273628234863
inline-4,5.39423131942749
inline-4,7.764653205871582
inline-4,18.824474334716797
inline-4,6.046107292175293
inline-4,7.477401256561279
inline-4,44.91488265991211
inline-4,11.854195594787598
inline-4,14.697037696838379
inline-4,10.869696617126465
inline-4,10.169547080993652
inline-4,17.92904281616211
inline-4,19.997432708740234
inline-4,16.249216079711914
inline-4,18.584739685058594
inline-4,11.860013008117676
inline-4,18.442134857177734
inline-4,11.769058227539062
inline-4,11.801312446594238
inline-4,25.709028244018555
inline-4,13.888751029968262
inline-4,9.527388572692871
inline-4,7.330852031707764
inline-4,9.90285873413086
inline-4,11.5272798538208
inline-4,17.821821212768555
inline-4,9.562482833862305
inline-4,10.779922485351562
inline-4,12.382378578186035
inline-4,11.153495788574219
inline-4,8.485980987548828
inline-4,10.285411834716797
inline-4,10.535171508789062
inline-4,16.41564178466797
inline-4,14.220685958862305
inline-4,18.296728134155273
inline-4,12.865199089050293
inline-4,8.302835464477539
inline-4,6.724849224090576
inline-4,29.841411590576172
inline-4,20.911245346069336
inline-4,5.458799362182617
inline-4,13.312525749206543
inline-4,9.513492584228516
inline-4,9.405439376831055
inline-4,13.897469520568848
inline-4,11.624303817749023
inline-4,17.709505081176758
inline-4,20.613126754760742
inline-4,20.326934814453125
inline-4,19.45698356628418
inline-4,16.705665588378906
inline-4,21.13567543029785
inline-4,17.339427947998047
inline-4,14.532739639282227
inline-4,33.222511291503906
inline-4,20.011049270629883
inline-4,10.382789611816406
inline-4,8.062387466430664
inline-4,17.77096939086914
inline-4,10.259347915649414
inline-4,7.664954662322998
inline-4,15.633064270019531
inline-4,7.193065643310547
inline-4,6.840312957763672
inline-4,8.34099006652832
inline-4,9.597408294677734
inline-4,13.828927040100098
inline-4,8.516590118408203
inline-4,5.950220108032227
inline-4,12.89674186706543
inline-4,28.465476989746094
inline-4,21.163759231567383
inline-4,15.657251358032227
inline-4,12.422813415527344
inline-4,14.898659706115723
inline-4,11.483636856079102
inline-4,7.895829677581787
inline-4,26.558086395263672
inline-4,10.180315017700195
inline-4,10.419751167297363
inline-4,10.782295227050781
inline-4,13.800637245178223
inline-4,26.128360748291016
inline-4,7.244973182678223
inline-4,13.408323287963867
inline-4,10.21393871307373
inline-4,13.399277687072754
inline-4,13.763437271118164
inline-4,5.734221458435059
inline-4,10.567641258239746
inline-4,28.564464569091797
inline-4,11.795132637023926
inline-4,15.617761611938477
inline-4,9.499990463256836
inline-4,11.53734016418457
inline-4,9.130260467529297
inline-4,7.064913749694824
inline-4,10.416672706604004
inline-4,13.066585540771484
inline-4,10.11581039428711
inline-4,7.953494548797607
inline-4,24.422710418701172
inline-4,16.558034896850586
inline-4,6.4786248207092285
inline-4,5.330904960632324
inline-4,8.199966430664062
inline-4,16.81905746459961
inline-4,12.086886405944824
inline-4,7.556371212005615
inline-4,21.53173828125
inline-4,6.848336696624756
inline-4,14.073863983154297
inline-4,19.4171142578125
inline-4,6.963734149932861
inline-4,9.393959999084473
inline-4,6.7164740562438965
inline-4,18.396448135375977
inline-4,7.742910385131836
inline-4,24.044212341308594
inline-4,13.53406047821045
inline-4,18.855819702148438
inline-4,16.724058151245117
inline-4,10.650797843933105
inline-4,13.098796844482422
inline-4,6.966747283935547
inline-4,19.246667861938477
inline-4,9.41940975189209
inline-4,9.51169490814209
inline-4,14.928635597229004
inline-4,19.08267593383789
inline-4,10.792677879333496
inline-4,18.93816375732422
inline-4,14.937834739685059
inline-4,25.9102783203125
inline-4,9.46483325958252
inline-4,6.104801177978516
inline-4,14.27780818939209
inline-4,8.972311019897461
inline-4,6.696852207183838
inline-4,5.598951816558838
inline-4,11.317431449890137
inline-4,14.897186279296875
inline-4,11.06932258605957
inline-4,6.852889060974121
inline-4,14.151261329650879
inline-4,9.565340042114258
inline-4,11.464150428771973
inline-4,10.757823944091797
inline-4,10.909899711608887
inline-4,10.428319931030273
inline-4,14.097774505615234
inline-4,7.7452921867370605
inline-4,9.868046760559082
inline-4,8.060147285461426
inline-4,6.469387054443359
inline-4,13.035507202148438
inline-4,9.28203010559082
inline-4,19.866682052612305
inline-4,8.526707649230957
inline-4,10.28036117553711
inline-4,24.820188522338867
inline-4,11.494489669799805
inline-4,7.612621784210205
inline-4,9.524271965026855
inline-4,17.022953033447266
inline-4,19.473861694335938
inline-4,6.108300685882568
inline-4,15.11306095123291
inline-4,14.152909278869629
inline-4,12.26107406616211
inline-4,18.43011474609375
inline-4,10.606544494628906
inline-4,9.819665908813477
inline-4,8.506368637084961
inline-4,13.007208824157715
inline-4,13.614466667175293
inline-4,20.731979370117188
inline-4,6.56106424331665
inline-4,7.4390153884887695
inline-4,5.262278079986572
inline-4,20.810270309448242
inline-4,14.932242393493652
inline-4,7.868585586547852
inline-4,13.363877296447754
inline-4,19.32697296142578
inline-4,12.833134651184082
inline-4,8.907150268554688
inline-4,12.298454284667969
inline-4,20.05758285522461
inline-4,42.3690185546875
inline-4,5.022192478179932
inline-4,23.61650276184082
inline-4,9.372762680053711
inline-4,13.26196002960205
inline-4,7.963632106781006
inline-4,9.640165328979492
inline-4,8.039880752563477
inline-4,19.192035675048828
inline-4,18.334341049194336
inline-4,16.67024803161621
inline-4,26.389448165893555
inline-4,12.329839706420898
inline-4,8.645223617553711
inline-4,23.854238510131836
inline-4,6.094709873199463
inline-4,9.30617904663086
inline-4,11.442549705505371
inline-4,5.358950614929199
inline-4,9.064794540405273
inline-4,8.46139144897461
inline-4,8.819421768188477
inline-4,20.36341667175293
inline-4,16.56109046936035
inline-4,13.482728958129883
inline-4,23.31620979309082
inline-4,21.046829223632812
inline-4,9.026694297790527
inline-4,15.22677230834961
inline-4,8.452497482299805
inline-4,11.461074829101562
inline-4,10.222428321838379
inline-4,14.909296035766602
inline-4,27.510805130004883
inline-4,7.071518898010254
inline-4,9.621895790100098
inline-4,12.569393157958984
inline-4,13.334872245788574
inline-4,15.836507797241211
inline-4,9.803532600402832
inline-4,13.907746315002441
inline-4,11.949592590332031
inline-4,10.021008491516113
inline-4,58.340274810791016
inline-4,8.240047454833984
inline-4,17.40849494934082
inline-4,20.242889404296875
inline-4,8.572535514831543
inline-4,8.241000175476074
inline-4,29.91982650756836
inline-4,15.067898750305176
inline-4,25.090579986572266
inline-4,10.367371559143066
inline-4,6.468477725982666
inline-4,14.361387252807617
inline-4,20.310176849365234
inline-4,20.2940731048584
inline-4,11.303850173950195
inline-4,15.471376419067383
inline-4,25.634658813476562
inline-4,6.627440452575684
inline-4,13.833212852478027
inline-4,9.017460823059082
inline-4,20.405851364135742
inline-4,16.958818435668945
inline-4,14.429519653320312
inline-4,24.159454345703125
inline-4,27.47310447692871
inline-4,6.947885990142822
inline-4,26.670406341552734
inline-4,14.63984203338623
inline-4,17.20597267150879
inline-4,8.495256423950195
inline-4,17.923450469970703
inline-4,20.79418182373047
inline-4,9.707637786865234
inline-4,16.72936248779297
inline-4,9.801046371459961
inline-4,27.51268196105957
inline-4,20.06711196899414
inline-4,14.829207420349121
inline-4,11.651086807250977
inline-4,6.499053001403809
inline-4,9.46805191040039
inline-4,13.477425575256348
inline-4,14.165948867797852
inline-4,7.1844964027404785
inline-4,4.326082229614258
inline-4,7.266632080078125
inline-4,33.98876953125
inline-4,14.387399673461914
inline-4,6.639739036560059
inline-4,23.655471801757812
inline-4,28.2979793548584
inline-4,7.027664661407471
inline-4,19.396493911743164
inline-4,6.27529239654541
inline-4,10.457562446594238
inline-4,13.581275939941406
inline-4,14.571367263793945
inline-4,9.532153129577637
inline-4,13.459346771240234
inline-4,11.67647647857666
inline-4,12.668656349182129
inline-4,5.884631156921387
inline-4,15.401257514953613
inline-4,10.932737350463867
inline-4,9.214797019958496
inline-4,19.379974365234375
inline-4,8.728703498840332
inline-4,9.86204719543457
inline-4,12.391134262084961
inline-4,14.676941871643066
inline-4,16.65862464904785
inline-4,24.175220489501953
inline-4,10.74572467803955
inline-4,13.406835556030273
inline-4,19.994895935058594
inline-4,15.624533653259277
inline-4,19.91071319580078
inline-4,21.900165557861328
inline-4,7.156562328338623
inline-4,6.096157073974609
inline-4,18.864652633666992
inline-4,18.661182403564453
inline-4,35.007022857666016
inline-4,13.644538879394531
inline-4,13.579297065734863
inline-4,10.915545463562012
inline-4,14.617056846618652
inline-4,6.669826984405518
inline-4,8.625161170959473
inline-4,13.962725639343262
inline-4,18.979990005493164
inline-4,11.87304973602295
inline-4,52.02758026123047
inline-4,12.614102363586426
inline-4,15.706300735473633
inline-4,7.4672651290893555
inline-4,9.61345386505127
inline-4,10.265501022338867
inline-4,13.539196014404297
inline-4,15.387542724609375
inline-4,11.720772743225098
inline-4,52.4610481262207
inline-4,8.94412899017334
inline-4,20.93837547302246
inline-4,17.25029754638672
inline-4,14.44158935546875
inline-4,9.142454147338867
inline-4,17.28057098388672
inline-4,9.2266263961792
inline-4,8.105735778808594
inline-4,15.63153076171875
inline-4,16.63654899597168
inline-4,49.462791442871094
inline-4,19.363819122314453
inline-4,14.362048149108887
inline-4,14.827486038208008
inline-4,6.401562690734863
inline-4,16.047990798950195
inline-4,27.166393280029297
inline-4,23.302040100097656
inline-4,13.236509323120117
inline-4,15.671634674072266
inline-4,28.77390480041504
inline-4,12.803303718566895
inline-4,16.651859283447266
inline-4,8.72530460357666
inline-4,9.324997901916504
inline-4,30.123458862304688
inline-4,11.260156631469727
inline-4,18.580902099609375
inline-4,13.360523223876953
inline-4,17.313478469848633
inline-4,11.683965682983398
inline-4,7.907033920288086
inline-4,14.65648078918457
inline-4,10.776653289794922
inline-4,6.537109851837158
inline-4,15.971566200256348
inline-4,11.542803764343262
inline-4,27.724409103393555
inline-4,10.274983406066895
inline-4,5.559962749481201
inline-4,24.514528274536133
inline-4,14.720723152160645
inline-4,14.737930297851562
inline-4,8.13228702545166
inline-4,26.454315185546875
inline-4,12.457975387573242
inline-4,19.468236923217773
inline-4,23.231033325195312
inline-4,12.985857963562012
inline-4,11.241829872131348
inline-4,38.80537414550781
inline-4,6.91911506652832
inline-4,14.308213233947754
inline-4,19.70829200744629
inline-4,12.606359481811523
inline-4,9.13660717010498
inline-4,6.554336071014404
inline-4,7.335373401641846
inline-4,6.961198329925537
inline-4,14.937119483947754
inline-4,15.459184646606445
inline-4,25.015302658081055
inline-4,10.297760009765625
inline-4,14.880558013916016
inline-4,7.335961818695068
inline-4,27.400989532470703
inline-4,12.759137153625488
inline-4,22.29579734802246
inline-4,25.648550033569336
inline-4,22.272480010986328
inline-4,8.964776039123535
inline-4,8.972814559936523
inline-4,7.835263252258301
inline-4,9.879796981811523
inline-4,9.101828575134277
inline-4,7.689572334289551
inline-4,16.414371490478516
inline-4,10.69503402709961
inline-4,11.55075454711914
inline-4,13.457321166992188
inline-4,9.372657775878906
inline-4,11.656987190246582
inline-4,18.54914093017578
inline-4,8.648313522338867
inline-4,8.75151538848877
inline-4,17.660354614257812
inline-4,15.985882759094238
inline-4,13.668506622314453
inline-4,8.525256156921387
inline-4,26.855979919433594
inline-4,7.750814437866211
inline-4,7.802100658416748
inline-4,7.173811435699463
inline-4,19.20204734802246
inline-4,6.781105041503906
inline-4,16.02534294128418
inline-4,6.7264533042907715
inline-4,17.24673843383789
inline-4,8.51908016204834
inline-4,18.1159725189209
inline-4,13.792303085327148
inline-4,11.62374496459961
inline-4,19.611433029174805
inline-4,15.123144149780273
inline-4,10.60261058807373
inline-4,11.366591453552246
inline-4,11.986894607543945
inline-4,11.157732009887695
inline-4,22.786840438842773
inline-4,19.40676498413086
inline-4,5.403486728668213
inline-4,10.44442081451416
inline-4,31.68178367614746
inline-4,20.36943244934082
inline-4,11.662192344665527
inline-4,10.720252990722656
inline-4,35.006439208984375
inline-4,10.538887977600098
inline-4,55.92919921875
inline-4,7.862097263336182
inline-4,13.204777717590332
inline-4,18.815710067749023
inline-4,11.41293716430664
inline-4,22.0007266998291
inline-4,14.17383098602295
inline-4,11.440190315246582
inline-4,20.239463806152344
inline-4,17.604400634765625
inline-4,8.938591957092285
inline-4,17.130945205688477
inline-4,10.803049087524414
inline-4,11.385428428649902
inline-4,24.83704948425293
inline-4,11.273266792297363
inline-4,12.57974624633789
inline-4,15.656518936157227
inline-4,6.744739055633545
inline-4,12.228547096252441
inline-4,13.098796844482422
inline-4,11.969830513000488
inline-4,12.119153022766113
inline-4,15.633103370666504
inline-4,15.552539825439453
inline-4,14.724997520446777
inline-4,8.29871940612793
inline-4,17.645431518554688
inline-4,11.5982084274292
inline-4,9.150554656982422
inline-4,34.8436393737793
inline-4,30.391475677490234
inline-4,24.025850296020508
inline-4,20.365646362304688
inline-4,11.05312442779541
inline-4,10.123526573181152
inline-4,10.076945304870605
inline-4,12.083003997802734
inline-4,10.244918823242188
inline-4,19.328893661499023
inline-4,6.07941198348999
inline-4,12.561842918395996
inline-4,7.669869899749756
inline-4,11.13287353515625
inline-4,17.145280838012695
inline-4,9.72518253326416
inline-4,14.797122955322266
inline-4,16.920347213745117
inline-4,5.886596202850342
inline-4,28.580551147460938
inline-4,20.36012840270996
inline-4,6.267726421356201
inline-4,17.76990509033203
inline-4,12.71589183807373
inline-4,22.3358211517334
inline-4,9.204427719116211
inline-4,18.121397018432617
inline-4,27.49884033203125
inline-4,11.056116104125977
inline-4,10.078721046447754
inline-4,30.32467269897461
inline-4,14.458271980285645
inline-4,11.228772163391113
inline-4,11.536931037902832
inline-4,9.01900863647461
inline-4,14.197549819946289
inline-4,21.036222457885742
inline-4,6.433125972747803
inline-4,12.18835163116455
inline-4,34.77067565917969
inline-4,17.22118377685547
inline-4,11.126238822937012
inline-4,32.37713623046875
inline-4,8.109585762023926
inline-4,19.229877471923828
inline-4,7.333366870880127
inline-4,10.438653945922852
inline-4,12.445256233215332
inline-4,6.128774642944336
inline-4,7.586747646331787
inline-4,12.478822708129883
inline-4,14.816793441772461
inline-4,6.774101734161377
inline-4,12.513230323791504
inline-4,9.441753387451172
inline-4,16.30660057067871
inline-4,13.819550514221191
inline-4,12.739221572875977
inline-4,25.994590759277344
inline-4,21.369489669799805
inline-4,8.558205604553223
inline-4,8.7993745803833
inline-4,25.92975616455078
inline-4,13.124870300292969
inline-4,15.261126518249512
inline-4,20.575719833374023
inline-4,12.659465789794922
inline-4,9.166582107543945
inline-4,14.454427719116211
inline-4,13.06799030303955
inline-4,7.126564979553223
inline-4,6.6335039138793945
inline-4,18.785350799560547
inline-4,14.560544967651367
inline-4,12.496306419372559
inline-4,14.172184944152832
inline-4,22.599245071411133
inline-4,18.44597625732422
inline-4,7.989914894104004
inline-4,9.969399452209473
inline-4,9.793620109558105
inline-4,19.392484664916992
inline-4,15.2916898727417
inline-4,10.33696460723877
inline-4,35.88337707519531
inline-4,15.500514030456543
inline-4,7.861648082733154
inline-4,8.503643989562988
inline-4,23.042123794555664
inline-4,12.785043716430664
inline-4,8.88818359375
inline-4,6.395005226135254
inline-4,6.5210418701171875
inline-4,18.44444465637207
inline-4,28.642566680908203
inline-4,35.126895904541016
inline-4,18.893539428710938
inline-4,24.424007415771484
inline-4,13.505398750305176
inline-4,22.829172134399414
inline-4,9.413168907165527
inline-4,27.70847511291504
inline-4,7.623363971710205
inline-4,8.151674270629883
inline-4,11.471606254577637
inline-4,6.88307523727417
inline-4,13.235658645629883
inline-4,7.833384037017822
inline-4,17.25368309020996
inline-4,14.35517692565918
inline-4,13.158037185668945
inline-4,15.367311477661133
inline-4,8.298316955566406
inline-4,10.063547134399414
inline-4,18.849246978759766
inline-4,6.882989883422852
inline-4,27.783571243286133
inline-4,12.420510292053223
inline-4,9.901349067687988
inline-4,10.952959060668945
inline-4,15.96375846862793
inline-4,25.415546417236328
inline-4,9.312301635742188
inline-4,10.686805725097656
inline-4,13.98177719116211
inline-4,14.309622764587402
inline-4,17.780366897583008
inline-4,7.572766304016113
inline-4,11.631556510925293
inline-4,43.804569244384766
inline-4,13.592061996459961
inline-4,8.866584777832031
inline-4,19.988554000854492
inline-4,12.026196479797363
inline-4,12.99333381652832
inline-4,10.909917831420898
inline-4,9.629636764526367
inline-4,21.604171752929688
inline-4,13.401546478271484
inline-4,12.601304054260254
inline-4,8.329752922058105
inline-4,6.031336784362793
inline-4,18.32408905029297
inline-4,9.106663703918457
inline-4,8.433168411254883
inline-4,23.626115798950195
inline-4,8.70161247253418
inline-4,12.466109275817871
inline-4,25.236692428588867
inline-4,8.190095901489258
inline-4,13.101900100708008
inline-4,12.373615264892578
inline-4,19.403610229492188
inline-4,20.26129150390625
inline-4,7.707366943359375
inline-4,16.150896072387695
inline-4,13.486800193786621
inline-4,16.642786026000977
inline-4,13.448175430297852
inline-4,14.614566802978516
inline-4,5.068751335144043
inline-4,10.681132316589355
inline-4,22.132381439208984
inline-4,15.890007019042969
inline-4,3.894756317138672
inline-4,10.847562789916992
inline-4,9.927987098693848
inline-4,12.012404441833496
inline-4,16.355388641357422
inline-4,12.09704303741455
inline-4,9.111990928649902
inline-4,11.25515365600586
inline-4,10.997642517089844
inline-4,17.221323013305664
inline-4,9.063146591186523
inline-4,15.509878158569336
inline-4,9.204769134521484
inline-4,16.551513671875
inline-4,6.77456521987915
inline-4,6.979630947113037
inline-4,8.977587699890137
inline-4,10.622971534729004
inline-4,12.55497932434082
inline-4,19.03282928466797
inline-4,16.323354721069336
inline-4,13.098586082458496
inline-4,16.297183990478516
inline-4,7.285426139831543
inline-4,17.839275360107422
inline-4,9.841828346252441
inline-4,6.09458065032959
inline-4,15.027950286865234
inline-4,10.735039710998535
inline-4,19.91305923461914
inline-4,33.25199890136719
inline-4,17.25201416015625
inline-4,12.791385650634766
inline-4,12.138511657714844
inline-4,23.880882263183594
inline-4,13.808122634887695
inline-4,7.725222587585449
inline-4,17.461301803588867
inline-4,13.109024047851562
inline-4,6.430778503417969
inline-4,13.196283340454102
inline-4,19.893957138061523
inline-4,9.603632926940918
inline-4,20.596214294433594
inline-4,28.16837501525879
inline-4,15.256922721862793
inline-4,11.879222869873047
inline-4,13.737532615661621
inline-4,24.643552780151367
inline-4,16.517711639404297
inline-6,31.5877685546875
inline-6,17.047677993774414
inline-6,16.98423957824707
inline-6,64.46072387695312
inline-6,16.0461483001709
inline-6,28.144229888916016
inline-6,28.06377410888672
inline-6,20.656328201293945
inline-6,31.23845672607422
inline-6,15.685243606567383
inline-6,19.95798110961914
inline-6,59.34028244018555
inline-6,22.248699188232422
inline-6,38.96290588378906
inline-6,25.66637420654297
inline-6,16.348182678222656
inline-6,28.2131290435791
inline-6,26.178211212158203
inline-6,52.498722076416016
inline-6,21.11286735534668
inline-6,48.81755828857422
inline-6,33.01731491088867
inline-6,33.49169921875
inline-6,40.59128952026367
inline-6,23.865272521972656
inline-6,42.880001068115234
inline-6,39.997318267822266
inline-6,27.24832534790039
inline-6,28.049427032470703
inline-6,44.50733947753906
inline-6,22.877498626708984
inline-6,37.1359977722168
inline-6,15.761109352111816
inline-6,15.447880744934082
inline-6,22.695404052734375
inline-6,36.0517692565918
inline-6,57.21873474121094
inline-6,67.10832214355469
inline-6,22.468524932861328
inline-6,43.03060531616211
inline-6,48.133243560791016
inline-6,30.62033462524414
inline-6,60.3596076965332
inline-6,58.07029342651367
inline-6,8.209419250488281
inline-6,24.592273712158203
inline-6,13.345144271850586
inline-6,38.213592529296875
inline-6,38.43471145629883
inline-6,17.612133026123047
inline-6,59.53226089477539
inline-6,28.446758270263672
inline-6,57.274436950683594
inline-6,28.049877166748047
inline-6,15.320462226867676
inline-6,21.835901260375977
inline-6,14.15454387664795
inline-6,27.38191032409668
inline-6,15.186683654785156
inline-6,25.212963104248047
inline-6,11.922908782958984
inline-6,8.736689567565918
inline-6,28.442577362060547
inline-6,13.608792304992676
inline-6,22.63694190979004
inline-6,18.229555130004883
inline-6,15.801770210266113
inline-6,27.879817962646484
inline-6,48.76070785522461
inline-6,59.628196716308594
inline-6,10.48552131652832
inline-6,35.85997009277344
inline-6,10.836250305175781
inline-6,25.491924285888672
inline-6,50.160274505615234
inline-6,29.405147552490234
inline-6,21.191164016723633
inline-6,47.31932067871094
inline-6,21.80354118347168
inline-6,35.15000915527344
inline-6,48.16217041015625
inline-6,21.02313804626465
inline-6,9.109122276306152
inline-6,71.08352661132812
inline-6,54.993167877197266
inline-6,28.539377212524414
inline-6,23.442472457885742
inline-6,19.825912475585938
inline-6,15.712606430053711
inline-6,41.841819763183594
inline-6,34.49274444580078
inline-6,43.48918914794922
inline-6,53.496429443359375
inline-6,11.729259490966797
inline-6,23.419429779052734
inline-6,29.887575149536133
inline-6,15.099408149719238
inline-6,31.87375259399414
inline-6,22.987146377563477
inline-6,11.28775691986084
inline-6,10.544544219970703
inline-6,23.383686065673828
inline-6,20.589290618896484
inline-6,23.803865432739258
inline-6,11.384806632995605
inline-6,9.273917198181152
inline-6,21.929529190063477
inline-6,17.12306022644043
inline-6,45.566673278808594
inline-6,27.17587661743164
inline-6,45.0362663269043
inline-6,71.290283203125
inline-6,26.0445613861084
inline-6,21.38408660888672
inline-6,18.146228790283203
inline-6,35.025814056396484
inline-6,74.11095428466797
inline-6,32.035308837890625
inline-6,34.02686309814453
inline-6,39.786102294921875
inline-6,29.403423309326172
inline-6,41.5618896484375
inline-6,35.60526657104492
inline-6,20.16805076599121
inline-6,18.997726440429688
inline-6,44.4808349609375
inline-6,15.172832489013672
inline-6,18.12712860107422
inline-6,48.220062255859375
inline-6,38.258575439453125
inline-6,39.1422004699707
inline-6,12.253625869750977
inline-6,18.47541046142578
inline-6,15.298693656921387
inline-6,28.752151489257812
inline-6,15.941553115844727
inline-6,68.94236755371094
inline-6,40.34292984008789
inline-6,30.252220153808594
inline-6,45.626441955566406
inline-6,56.32305145263672
inline-6,8.483434677124023
inline-6,27.77090072631836
inline-6,83.26139831542969
inline-6,59.58778381347656
inline-6,25.61994171142578
inline-6,25.947511672973633
inline-6,12.668313980102539
inline-6,44.52281188964844
inline-6,14.810113906860352
inline-6,75.462158203125
inline-6,22.361112594604492
inline-6,39.62044143676758
inline-6,7.4297776222229
inline-6,63.21793746948242
inline-6,26.7557373046875
inline-6,20.06847381591797
inline-6,69.1678237915039
inline-6,14.934004783630371
inline-6,33.01385498046875
inline-6,23.72049331665039
inline-6,38.85318374633789
inline-6,21.453262329101562
inline-6,28.875585556030273
inline-6,42.838653564453125
inline-6,16.220985412597656
inline-6,24.58971405029297
inline-6,14.85108757019043
inline-6,19.08016014099121
inline-6,27.987516403198242
inline-6,15.40073013305664
inline-6,21.920658111572266
inline-6,55.130733489990234
inline-6,16.293424606323242
inline-6,25.32840347290039
inline-6,42.51174545288086
inline-6,22.78633689880371
inline-6,11.255223274230957
inline-6,35.05344009399414
inline-6,40.12472915649414
inline-6,42.242095947265625
inline-6,48.06789016723633
inline-6,22.08485221862793
inline-6,28.50811004638672
inline-6,32.86441421508789
inline-6,36.72238540649414
inline-6,17.124114990234375
inline-6,11.674636840820312
inline-6,16.683303833007812
inline-6,38.85588455200195
inline-6,42.63429641723633
inline-6,54.72228240966797
inline-6,25.002506256103516
inline-6,37.371070861816406
inline-6,21.6127872467041
inline-6,38.8841552734375
inline-6,53.198238372802734
inline-6,23.076326370239258
inline-6,40.22487258911133
inline-6,21.960023880004883
inline-6,26.280765533447266
inline-6,17.991559982299805
inline-6,70.63440704345703
inline-6,13.522979736328125
inline-6,18.51802635192871
inline-6,15.294772148132324
inline-6,21.038745880126953
inline-6,11.684219360351562
inline-6,20.688735961914062
inline-6,28.210311889648438
inline-6,62.113914489746094
inline-6,31.909719467163086
inline-6,35.87755584716797
inline-6,19.937870025634766
inline-6,38.73727035522461
inline-6,29.257253646850586
inline-6,26.50410270690918
inline-6,26.827526092529297
inline-6,21.28041648864746
inline-6,63.016300201416016
inline-6,28.751646041870117
inline-6,21.853055953979492
inline-6,19.734128952026367
inline-6,24.493383407592773
inline-6,20.51039695739746
inline-6,12.303247451782227
inline-6,31.04677391052246
inline-6,88.0009765625
inline-6,12.17025375366211
inline-6,46.850833892822266
inline-6,37.24342727661133
inline-6,18.103370666503906
inline-6,8.76425552368164
inline-6,35.623252868652344
inline-6,62.56731033325195
inline-6,13.055976867675781
inline-6,22.03095245361328
inline-6,43.32252502441406
inline-6,59.357872009277344
inline-6,38.5460319519043
inline-6,18.319591522216797
inline-6,22.396991729736328
inline-6,11.749066352844238
inline-6,35.95235061645508
inline-6,27.58855438232422
inline-6,26.779844284057617
inline-6,26.00584602355957
inline-6,14.53426456451416
inline-6,35.010868072509766
inline-6,71.38775634765625
inline-6,16.5361270904541
inline-6,49.635902404785156
inline-6,45.69675064086914
inline-6,23.28032684326172
inline-6,23.42807960510254
inline-6,8.386841773986816
inline-6,46.70448684692383
inline-6,53.384273529052734
inline-6,57.920597076416016
inline-6,57.49041748046875
inline-6,37.30170822143555
inline-6,20.91639518737793
inline-6,26.038915634155273
inline-6,76.41036987304688
inline-6,53.8532600402832
inline-6,10.227315902709961
inline-6,12.959189414978027
inline-6,64.44072723388672
inline-6,20.018692016601562
inline-6,36.598236083984375
inline-6,29.04738998413086
inline-6,23.617996215820312
inline-6,57.58506774902344
inline-6,19.875715255737305
inline-6,17.61931037902832
inline-6,18.138792037963867
inline-6,26.627410888671875
inline-6,26.851102828979492
inline-6,17.170032501220703
inline-6,42.08615493774414
inline-6,39.21773910522461
inline-6,30.5715389251709
inline-6,55.20757293701172
inline-6,40.617919921875
inline-6,9.109359741210938
inline-6,17.486709594726562
inline-6,15.398453712463379
inline-6,34.628692626953125
inline-6,9.928818702697754
inline-6,77.51106262207031
inline-6,19.380569458007812
inline-6,29.710159301757812
inline-6,46.90052032470703
inline-6,35.66072463989258
inline-6,8.661792755126953
inline-6,50.1005859375
inline-6,20.634660720825195
inline-6,41.75260543823242
inline-6,35.01486587524414
inline-6,13.828583717346191
inline-6,20.31184959411621
inline-6,28.40595054626465
inline-6,21.568044662475586
inline-6,45.397491455078125
inline-6,36.04643249511719
inline-6,19.355876922607422
inline-6,22.251035690307617
inline-6,15.621501922607422
inline-6,32.99091720581055
inline-6,13.4495267868042
inline-6,29.509563446044922
inline-6,56.644649505615234
inline-6,28.408721923828125
inline-6,87.7922592163086
inline-6,39.23347473144531
inline-6,28.769363403320312
inline-6,9.063102722167969
inline-6,26.15913200378418
inline-6,10.775885581970215
inline-6,31.973745346069336
inline-6,30.86197280883789
inline-6,32.039119720458984
inline-6,55.36099624633789
inline-6,11.513874053955078
inline-6,39.443580627441406
inline-6,58.019073486328125
inline-6,14.506641387939453
inline-6,16.768091201782227
inline-6,29.68621253967285
inline-6,18.918455123901367
inline-6,11.304040908813477
inline-6,80.42765045166016
inline-6,38.27811050415039
inline-6,24.975507736206055
inline-6,35.08552551269531
inline-6,20.962234497070312
inline-6,49.965763092041016
inline-6,22.45267677307129
inline-6,43.18368148803711
inline-6,16.03803062438965
inline-6,18.242979049682617
inline-6,18.883970260620117
inline-6,39.17403030395508
inline-6,12.360827445983887
inline-6,17.396961212158203
inline-6,22.35417366027832
inline-6,13.540377616882324
inline-6,42.053497314453125
inline-6,21.32206153869629
inline-6,12.79793930053711
inline-6,35.966434478759766
inline-6,17.54813575744629
inline-6,21.23536491394043
inline-6,78.12647247314453
inline-6,55.89155960083008
inline-6,23.2519588470459
inline-6,38.97159957885742
inline-6,31.307132720947266
inline-6,27.99778175354004
inline-6,72.0875473022461
inline-6,20.505172729492188
inline-6,23.716867446899414
inline-6,32.94175720214844
inline-6,53.53464889526367
inline-6,9.160727500915527
inline-6,11.143003463745117
inline-6,40.47026062011719
inline-6,35.96926498413086
inline-6,14.908857345581055
inline-6,26.256057739257812
inline-6,33.81895446777344
inline-6,38.53778076171875
inline-6,27.272205352783203
inline-6,31.47885513305664
inline-6,12.982362747192383
inline-6,49.34811019897461
inline-6,12.328128814697266
inline-6,16.558513641357422
inline-6,41.171165466308594
inline-6,32.5180778503418
inline-6,24.15273666381836
inline-6,29.361799240112305
inline-6,20.20757484436035
inline-6,55.30747985839844
inline-6,20.286373138427734
inline-6,40.441219329833984
inline-6,18.263957977294922
inline-6,35.93181610107422
inline-6,43.46076965332031
inline-6,41.296424865722656
inline-6,27.61171531677246
inline-6,16.90195083618164
inline-6,44.418121337890625
inline-6,56.54790496826172
inline-6,41.238807678222656
inline-6,26.48823356628418
inline-6,30.27890968322754
inline-6,58.84473419189453
inline-6,44.39681625366211
inline-6,18.726497650146484
inline-6,41.15378189086914
inline-6,24.972383499145508
inline-6,17.46221351623535
inline-6,23.018203735351562
inline-6,20.726442337036133
inline-6,28.948108673095703
inline-6,54.55371856689453
inline-6,22.477664947509766
inline-6,39.03129959106445
inline-6,55.42249298095703
inline-6,36.145198822021484
inline-6,31.063356399536133
inline-6,8.642587661743164
inline-6,63.266448974609375
inline-6,16.64361000061035
inline-6,33.5058479309082
inline-6,26.08672523498535
inline-6,73.93064880371094
inline-6,19.81460189819336
inline-6,9.274870872497559
inline-6,39.52867126464844
inline-6,59.85212326049805
inline-6,30.976709365844727
inline-6,37.67864990234375
inline-6,21.552812576293945
inline-6,14.537884712219238
inline-6,34.69184875488281
inline-6,12.405020713806152
inline-6,24.5654354095459
inline-6,14.538686752319336
inline-6,61.74944305419922
inline-6,38.03618621826172
inline-6,9.530277252197266
inline-6,13.426279067993164
inline-6,39.445274353027344
inline-6,44.74903106689453
inline-6,20.248329162597656
inline-6,17.32717514038086
inline-6,14.29341983795166
inline-6,23.734514236450195
inline-6,27.44264793395996
inline-6,17.250734329223633
inline-6,53.14112091064453
inline-6,18.18755531311035
inline-6,43.57617950439453
inline-6,37.907989501953125
inline-6,46.82394790649414
inline-6,34.670501708984375
inline-6,49.986358642578125
inline-6,15.346614837646484
inline-6,18.592548370361328
inline-6,28.539226531982422
inline-6,79.22895050048828
inline-6,11.417665481567383
inline-6,20.68500518798828
inline-6,21.785512924194336
inline-6,17.077102661132812
inline-6,38.580265045166016
inline-6,15.903846740722656
inline-6,63.92534255981445
inline-6,33.132568359375
inline-6,17.004220962524414
inline-6,24.884511947631836
inline-6,42.571083068847656
inline-6,26.233142852783203
inline-6,53.47852325439453
inline-6,11.245665550231934
inline-6,37.887210845947266
inline-6,81.84293365478516
inline-6,56.21113586425781
inline-6,28.408370971679688
inline-6,41.494956970214844
inline-6,34.5467414855957
inline-6,17.188556671142578
inline-6,11.256256103515625
inline-6,28.077789306640625
inline-6,60.66753387451172
inline-6,45.319091796875
inline-6,13.53038215637207
inline-6,28.195816040039062
inline-6,37.18936538696289
inline-6,51.341854095458984
inline-6,37.34975051879883
inline-6,19.157005310058594
inline-6,17.37647247314453
inline-6,42.19124984741211
inline-6,31.99392318725586
inline-6,23.729347229003906
inline-6,11.591361045837402
inline-6,40.493167877197266
inline-6,14.272669792175293
inline-6,53.40589904785156
inline-6,25.559144973754883
inline-6,9.153968811035156
inline-6,23.04766273498535
inline-6,17.67106819152832
inline-6,66.38945770263672
inline-6,31.835172653198242
inline-6,34.494876861572266
inline-6,24.878034591674805
inline-6,17.738121032714844
inline-6,9.393814086914062
inline-6,32.84690856933594
inline-6,24.623504638671875
inline-6,15.674603462219238
inline-6,56.58351516723633
inline-6,14.136670112609863
inline-6,21.32318878173828
inline-6,82.51524353027344
inline-6,82.13495635986328
inline-6,17.281156539916992
inline-6,13.665948867797852
inline-6,15.033349990844727
inline-6,29.660634994506836
inline-6,23.953882217407227
inline-6,53.18417739868164
inline-6,41.83567428588867
inline-6,26.118711471557617
inline-6,29.369897842407227
inline-6,8.413492202758789
inline-6,40.00566482543945
inline-6,28.28553581237793
inline-6,14.260211944580078
inline-6,31.219301223754883
inline-6,43.241355895996094
inline-6,23.0581111907959
inline-6,22.453784942626953
inline-6,15.769681930541992
inline-6,26.78527069091797
inline-6,15.498762130737305
inline-6,49.907470703125
inline-6,46.42133331298828
inline-6,66.62377166748047
inline-6,77.05223083496094
inline-6,51.965091705322266
inline-6,18.608566284179688
inline-6,28.073129653930664
inline-6,24.658775329589844
inline-6,71.31326293945312
inline-6,34.24272155761719
inline-6,19.61286735534668
inline-6,18.89453125
inline-6,47.79719924926758
inline-6,33.21551513671875
inline-6,13.805103302001953
inline-6,28.982614517211914
inline-6,63.57347869873047
inline-6,26.94098472595215
inline-6,82.00082397460938
inline-6,13.936559677124023
inline-6,15.8950834274292
inline-6,24.134309768676758
inline-6,20.675228118896484
inline-6,59.203392028808594
inline-6,17.42569923400879
inline-6,33.73991012573242
inline-6,18.948789596557617
inline-6,19.95777130126953
inline-6,36.17758560180664
inline-6,21.126100540161133
inline-6,15.86694049835205
inline-6,39.3124885559082
inline-6,63.100685119628906
inline-6,17.052417755126953
inline-6,36.9434928894043
inline-6,28.300874710083008
inline-6,81.60284423828125
inline-6,18.090618133544922
inline-6,15.972968101501465
inline-6,14.866069793701172
inline-6,19.417587280273438
inline-6,26.102937698364258
inline-6,33.565006256103516
inline-6,19.936477661132812
inline-6,48.05714797973633
inline-6,24.686084747314453
inline-6,22.913673400878906
inline-6,35.68559265136719
inline-6,9.375425338745117
inline-6,22.035978317260742
inline-6,32.554683685302734
inline-6,39.34937286376953
inline-6,19.329326629638672
inline-6,9.07737922668457
inline-6,28.121286392211914
inline-6,29.049684524536133
inline-6,18.933385848999023
inline-6,34.88610076904297
inline-6,19.216102600097656
inline-6,30.489604949951172
inline-6,8.39054012298584
inline-6,16.448949813842773
inline-6,20.20288848876953
inline-6,60.685428619384766
inline-6,11.11061954498291
inline-6,24.275527954101562
inline-6,55.968727111816406
inline-6,23.694007873535156
inline-6,31.357898712158203
inline-6,39.5418586730957
inline-6,26.382831573486328
inline-6,37.9731330871582
inline-6,12.518352508544922
inline-6,26.374378204345703
inline-6,26.31905746459961
inline-6,56.88803482055664
inline-6,19.391632080078125
inline-6,19.52776527404785
inline-6,35.354209899902344
inline-6,34.229087829589844
inline-6,49.837806701660156
inline-6,15.299872398376465
inline-6,21.065412521362305
inline-6,15.655265808105469
inline-6,22.388914108276367
inline-6,19.515092849731445
inline-6,84.24217224121094
inline-6,24.141557693481445
inline-6,24.793222427368164
inline-6,23.75226593017578
inline-6,27.989351272583008
inline-6,40.539222717285156
inline-6,12.031996726989746
inline-6,17.297679901123047
inline-6,8.599665641784668
inline-6,37.21757507324219
inline-6,33.25358581542969
inline-6,13.173285484313965
inline-6,10.759525299072266
inline-6,15.624166488647461
inline-6,16.488340377807617
inline-6,87.14222717285156
inline-6,15.708319664001465
inline-6,27.135087966918945
inline-6,23.3514404296875
inline-6,12.55634593963623
inline-6,32.459632873535156
inline-6,50.592552185058594
inline-6,27.53707504272461
inline-6,26.804399490356445
inline-6,21.203283309936523
inline-6,6.760045528411865
inline-6,52.37484359741211
inline-6,22.91637420654297
inline-6,61.4003791809082
inline-6,11.1317777633667
inline-6,72.2140121459961
inline-6,28.32082176208496
inline-6,15.88240909576416
inline-6,34.38284683227539
inline-6,74.12773132324219
inline-6,37.04414367675781
inline-6,20.106109619140625
inline-6,15.117842674255371
inline-6,52.59477233886719
inline-6,32.71946334838867
inline-6,11.200008392333984
inline-6,14.31306266784668
inline-6,32.198184967041016
inline-6,9.678653717041016
inline-6,23.717681884765625
inline-6,11.186127662658691
inline-6,11.162284851074219
inline-6,33.424110412597656
inline-6,15.495720863342285
inline-6,18.606586456298828
inline-6,17.876548767089844
inline-6,82.20829010009766
inline-6,42.65263366699219
inline-6,24.83868408203125
inline-6,37.984214782714844
inline-6,14.516304016113281
inline-6,20.299272537231445
inline-6,47.461334228515625
inline-6,11.693878173828125
inline-6,66.50826263427734
inline-6,34.731605529785156
inline-6,37.08852767944336
inline-6,32.02005386352539
inline-6,20.051897048950195
inline-6,16.38762855529785
inline-6,17.468936920166016
inline-6,12.278847694396973
inline-6,36.16343688964844
inline-6,19.102264404296875
inline-6,32.4113655090332
inline-6,28.44353675842285
inline-6,29.484193801879883
inline-6,57.84298324584961
inline-6,50.63774490356445
inline-6,62.7774658203125
inline-6,15.17862606048584
inline-6,15.471940040588379
inline-6,23.849069595336914
inline-6,45.214786529541016
inline-6,19.359853744506836
inline-6,27.283435821533203
inline-6,25.071687698364258
inline-6,34.165103912353516
inline-6,61.40684127807617
inline-6,50.22496795654297
inline-6,40.67035675048828
inline-6,12.861870765686035
inline-6,10.518123626708984
inline-6,15.961372375488281
inline-6,51.18465805053711
inline-6,18.4593448638916
inline-6,17.48756217956543
inline-6,42.76799011230469
inline-6,59.00986862182617
inline-6,45.73984909057617
inline-6,12.458085060119629
inline-6,59.12260055541992
inline-6,55.30900955200195
inline-6,36.05203628540039
inline-6,20.0572566986084
inline-6,24.983367919921875
inline-6,29.808568954467773
inline-6,11.637804985046387
inline-6,20.349624633789062
inline-6,61.16410827636719
inline-6,25.72238540649414
inline-6,59.04652404785156
inline-6,9.80295181274414
inline-6,38.16033935546875
inline-6,55.487613677978516
inline-6,83.7917251586914
inline-6,34.366302490234375
inline-6,17.07148551940918
inline-6,65.65240478515625
inline-6,19.729829788208008
inline-6,38.64893341064453
inline-6,46.245094299316406
inline-6,7.746509075164795
inline-6,46.18360900878906
inline-6,36.53768539428711
inline-6,15.906825065612793
inline-6,38.19488525390625
inline-6,71.71024322509766
inline-6,16.470800399780273
inline-6,12.238394737243652
inline-6,37.10441207885742
inline-6,17.414440155029297
inline-6,17.383832931518555
inline-6,64.88179016113281
inline-6,13.323213577270508
inline-6,34.900943756103516
inline-6,38.54566955566406
inline-6,30.155031204223633
inline-6,16.455629348754883
inline-6,31.24007797241211
inline-6,37.660194396972656
inline-6,20.52299690246582
inline-6,30.32244300842285
inline-6,30.703184127807617
inline-6,16.878101348876953
inline-6,65.28958892822266
inline-6,43.33359909057617
inline-6,8.378971099853516
inline-6,37.908042907714844
inline-6,25.715585708618164
inline-6,16.777238845825195
inline-6,28.705114364624023
inline-6,35.82453536987305
inline-6,30.51350975036621
inline-6,35.137939453125
inline-6,46.92438888549805
inline-6,17.266216278076172
inline-6,27.356170654296875
inline-6,37.89442825317383
inline-6,50.75802230834961
inline-6,24.503036499023438
inline-6,11.361340522766113
inline-6,31.790428161621094
inline-6,56.13642883300781
inline-6,20.78708267211914
inline-6,17.018590927124023
inline-6,18.644086837768555
inline-6,38.108890533447266
inline-6,22.19886589050293
inline-6,28.251220703125
inline-6,27.408889770507812
inline-6,42.79081344604492
inline-6,41.064453125
inline-6,54.307044982910156
inline-6,14.478475570678711
inline-6,32.33489990234375
inline-6,43.27659225463867
inline-6,41.09199142456055
inline-6,42.27827835083008
inline-6,41.00602340698242
inline-6,24.057477951049805
inline-6,13.461341857910156
inline-6,39.49155807495117
inline-6,18.003562927246094
inline-6,39.544837951660156
inline-6,29.05113983154297
inline-6,26.54143714904785
inline-6,14.694561958312988
inline-6,19.67436981201172
inline-6,16.429000854492188
inline-6,58.38147735595703
inline-6,38.334041595458984
inline-6,15.083614349365234
inline-6,7.69513463973999
inline-6,86.10926055908203
inline-6,32.48657989501953
inline-6,21.880416870117188
inline-6,68.91993713378906
inline-6,27.8433895111084
inline-6,33.018558502197266
inline-6,22.751895904541016
inline-6,8.842867851257324
inline-6,27.399913787841797
inline-6,17.486345291137695
inline-6,11.337843894958496
inline-6,76.31475830078125
inline-6,50.198585510253906
inline-6,18.50712013244629
inline-6,34.182804107666016
inline-6,42.00733947753906
inline-6,33.72169494628906
inline-6,27.956119537353516
inline-6,29.898216247558594
inline-6,26.472654342651367
inline-6,75.7597885131836
inline-6,47.41259765625
inline-6,47.46040344238281
inline-6,43.6544189453125
inline-6,18.773509979248047
inline-6,24.960329055786133
inline-6,28.15586280822754
inline-6,27.549129486083984
inline-6,44.571231842041016
inline-6,22.24420738220215
inline-6,34.435237884521484
inline-6,13.274994850158691
inline-6,29.741056442260742
inline-6,13.559196472167969
inline-6,49.32790756225586
inline-6,19.64189338684082
inline-6,34.504695892333984
inline-6,25.957796096801758
inline-6,51.73500061035156
inline-6,20.02073860168457
inline-6,11.053213119506836
inline-6,18.54311752319336
inline-6,26.166217803955078
inline-6,32.40241241455078
inline-6,13.87099838256836
inline-6,32.72615051269531
inline-6,72.06201171875
inline-6,21.022747039794922
inline-6,12.892074584960938
inline-6,24.07622718811035
inline-6,13.08023452758789
inline-6,36.73640441894531
inline-6,11.139328002929688
inline-6,40.60558319091797
inline-6,27.866304397583008
inline-6,23.648517608642578
inline-6,39.205997467041016
inline-6,28.303821563720703
inline-6,73.77497863769531
inline-6,26.763322830200195
inline-6,44.874114990234375
inline-6,39.753665924072266
inline-6,25.037012100219727
inline-6,19.716157913208008
inline-6,83.23491668701172
inline-6,20.55031394958496
inline-6,17.51015281677246
inline-6,60.6346321105957
inline-6,38.327980041503906
inline-6,41.99088668823242
inline-6,37.25279235839844
inline-6,43.92501449584961
inline-6,31.555435180664062
inline-6,12.365214347839355
inline-6,44.366451263427734
inline-6,54.95549011230469
inline-6,35.009456634521484
inline-6,47.3275032043457
inline-6,11.43485164642334
inline-6,22.246768951416016
inline-6,42.6711311340332
inline-6,16.30276870727539
inline-6,43.12792205810547
inline-6,37.530826568603516
inline-6,17.26132583618164
inline-6,12.552684783935547
inline-6,40.14179611206055
inline-6,47.962284088134766
inline-6,15.041457176208496
inline-6,21.654666900634766
inline-6,23.43678092956543
inline-6,37.083683013916016
inline-6,46.45010757446289
inline-6,28.87489891052246
inline-6,17.67601776123047
inline-6,23.561338424682617
inline-6,10.186535835266113
inline-6,23.586275100708008
inline-6,24.619298934936523
inline-6,21.511703491210938
inline-6,77.22168731689453
inline-6,32.426876068115234
inline-6,36.136688232421875
inline-6,43.88102722167969
inline-6,16.737192153930664
inline-6,18.92695426940918
inline-6,16.312583923339844
inline-6,49.40520095825195
inline-6,39.75263977050781
inline-6,83.9478988647461
inline-6,16.840986251831055
inline-6,16.49428367614746
inline-6,38.15705108642578
inline-6,49.23494338989258
inline-6,34.7246208190918
inline-6,19.492549896240234
inline-6,18.580110549926758
inline-6,36.11648941040039
inline-6,18.563026428222656
inline-6,20.745288848876953
inline-6,37.42454528808594
inline-6,40.86659240722656
inline-6,67.14125061035156
inline-6,16.51016616821289
inline-6,19.878990173339844
inline-6,22.40323829650879
inline-6,32.3255500793457
inline-6,28.968183517456055
inline-6,19.940814971923828
inline-6,34.32215118408203
inline-6,25.802019119262695
inline-6,25.75316619873047
inline-6,45.9558219909668
inline-6,85.7973403930664
inline-6,34.499351501464844
inline-6,19.781661987304688
inline-6,25.558141708374023
inline-6,13.900455474853516
inline-6,32.43427276611328
inline-6,40.693782806396484
inline-6,29.145912170410156
inline-6,18.40907096862793
inline-6,13.866581916809082
inline-6,11.81137752532959
inline-6,21.200016021728516
inline-6,26.379241943359375
inline-6,20.778236389160156
inline-6,20.13768768310547
inline-6,25.332256317138672
inline-6,49.18399429321289
inline-6,36.9844970703125
inline-6,31.18775177001953
inline-6,22.414230346679688
inline-6,28.462554931640625
inline-6,32.18429183959961
inline-6,56.280399322509766
inline-6,29.370914459228516
inline-6,22.647886276245117
inline-6,18.266016006469727
inline-6,33.977237701416016
inline-6,37.46863555908203
inline-6,27.634033203125
inline-6,51.323150634765625
inline-6,30.717742919921875
inline-6,27.022796630859375
inline-6,31.81586265563965
inline-6,29.674097061157227
inline-6,13.84813117980957
inline-6,21.91115951538086
inline-6,29.35881233215332
inline-6,47.16856002807617
inline-6,36.362796783447266
inline-6,13.31163501739502
inline-6,20.13273811340332
inline-6,11.796819686889648
inline-6,37.845760345458984
inline-6,20.209115982055664
inline-6,66.81209564208984
inline-6,20.06838607788086
inline-6,42.749027252197266
inline-6,26.94011878967285
inline-6,21.968204498291016
inline-6,73.27571868896484
inline-6,42.434730529785156
inline-6,26.217082977294922
inline-6,27.50186538696289
inline-6,42.5660285949707
inline-6,13.763867378234863
inline-6,71.85202026367188
inline-6,39.3765869140625
inline-6,28.866897583007812
inline-6,53.52351379394531
inline-6,62.00385284423828
inline-6,14.943570137023926
inline-6,36.556766510009766
single-cylinder,23.858905792236328
single-cylinder,16.979061126708984
single-cylinder,10.73417854309082
single-cylinder,16.119524002075195
single-cylinder,10.875798225402832
single-cylinder,6.257928371429443
single-cylinder,14.908912658691406
single-cylinder,14.874334335327148
single-cylinder,15.40273666381836
single-cylinder,18.699832916259766
single-cylinder,7.9394636154174805
single-cylinder,14.862635612487793
single-cylinder,11.602301597595215
single-cylinder,10.56518268585205
single-cylinder,16.429061889648438
single-cylinder,13.16399097442627
single-cylinder,15.826481819152832
single-cylinder,23.703033447265625
single-cylinder,22.131465911865234
single-cylinder,25.138126373291016
single-cylinder,12.746885299682617
single-cylinder,26.005170822143555
single-cylinder,11.64042854309082
single-cylinder,12.048745155334473
single-cylinder,10.259347915649414
single-cylinder,21.95728302001953
single-cylinder,16.266633987426758
single-cylinder,16.391817092895508
single-cylinder,12.960865020751953
single-cylinder,17.693801879882812
single-cylinder,24.34827423095703
single-cylinder,10.114487648010254
single-cylinder,7.286476135253906
single-cylinder,8.844511032104492
single-cylinder,20.74185562133789
single-cylinder,6.503457069396973
single-cylinder,17.4644775390625
single-cylinder,15.78953742980957
single-cylinder,14.486189842224121
single-cylinder,9.02978515625
single-cylinder,16.491191864013672
single-cylinder,6.379778861999512
single-cylinder,9.195541381835938
single-cylinder,16.085491180419922
single-cylinder,21.893672943115234
single-cylinder,12.563490867614746
single-cylinder,9.56057071685791
single-cylinder,15.885377883911133
single-cylinder,21.860660552978516
single-cylinder,7.598171710968018
single-cylinder,23.330106735229492
single-cylinder,10.305074691772461
single-cylinder,21.821611404418945
single-cylinder,14.713544845581055
single-cylinder,7.5309038162231445
single-cylinder,9.43065071105957
single-cylinder,20.260560989379883
single-cylinder,7.492790699005127
single-cylinder,11.866325378417969
single-cylinder,14.451979637145996
single-cylinder,13.00717830657959
single-cylinder,9.65726089477539
single-cylinder,10.387487411499023
single-cylinder,13.793563842773438
single-cylinder,18.2664737701416
single-cylinder,14.30971908569336
single-cylinder,9.631698608398438
single-cylinder,13.793648719787598
single-cylinder,20.022823333740234
single-cylinder,31.052196502685547
single-cylinder,17.707225799560547
single-cylinder,21.146839141845703
single-cylinder,9.890359878540039
single-cylinder,14.829874992370605
single-cylinder,8.570176124572754
single-cylinder,20.317033767700195
single-cylinder,12.154254913330078
single-cylinder,25.785850524902344
single-cylinder,18.09770965576172
single-cylinder,13.279722213745117
single-cylinder,15.959200859069824
single-cylinder,16.114566802978516
single-cylinder,10.614891052246094
single-cylinder,8.268948554992676
single-cylinder,15.538281440734863
single-cylinder,14.234150886535645
single-cylinder,7.921394348144531
single-cylinder,10.82621955871582
single-cylinder,14.932546615600586
single-cylinder,19.22341537475586
single-cylinder,6.9677324295043945
single-cylinder,11.294681549072266
single-cylinder,7.734616756439209
single-cylinder,11.960177421569824
single-cylinder,15.859944343566895
single-cylinder,5.888194561004639
single-cylinder,18.42661476135254
single-cylinder,20.302934646606445
single-cylinder,10.244880676269531
single-cylinder,22.64460563659668
single-cylinder,11.386397361755371
single-cylinder,10.16434383392334
single-cylinder,8.854456901550293
single-cylinder,30.926883697509766
single-cylinder,16.866594314575195
single-cylinder,11.03756332397461
single-cylinder,20.559932708740234
single-cylinder,18.71314239501953
single-cylinder,13.836069107055664
single-cylinder,10.692365646362305
single-cylinder,14.98054027557373
single-cylinder,8.389744758605957
single-cylinder,11.961973190307617
single-cylinder,13.828041076660156
single-cylinder,10.800716400146484
single-cylinder,26.654098510742188
single-cylinder,9.860990524291992
single-cylinder,19.12517738342285
single-cylinder,10.590520858764648
single-cylinder,28.034521102905273
single-cylinder,13.943434715270996
single-cylinder,24.160655975341797
single-cylinder,10.642701148986816
single-cylinder,14.022172927856445
single-cylinder,28.76605796813965
single-cylinder,29.00066375732422
single-cylinder,9.96375560760498
single-cylinder,24.8454532623291
single-cylinder,9.60975170135498
single-cylinder,15.923039436340332
single-cylinder,11.274803161621094
single-cylinder,17.207439422607422
single-cylinder,15.433937072753906
single-cylinder,14.442410469055176
single-cylinder,10.463335990905762
single-cylinder,20.5771484375
single-cylinder,12.37296199798584
single-cylinder,11.594521522521973
single-cylinder,15.43311595916748
single-cylinder,7.614529132843018
single-cylinder,18.691638946533203
single-cylinder,7.98907995223999
single-cylinder,24.536378860473633
single-cylinder,9.271438598632812
single-cylinder,10.116218566894531
single-cylinder,12.15462875366211
single-cylinder,12.450627326965332
single-cylinder,12.745306015014648
single-cylinder,8.285032272338867
single-cylinder,20.990270614624023
single-cylinder,26.759828567504883
single-cylinder,14.47326946258545
single-cylinder,30.569814682006836
single-cylinder,17.143753051757812
single-cylinder,17.340585708618164
single-cylinder,30.94748306274414
single-cylinder,7.848453998565674
single-cylinder,7.026799201965332
single-cylinder,20.609527587890625
single-cylinder,19.150802612304688
single-cylinder,19.568408966064453
single-cylinder,22.850303649902344
single-cylinder,24.018829345703125
single-cylinder,15.1498384475708
single-cylinder,7.877062797546387
single-cylinder,15.097952842712402
single-cylinder,14.415328979492188
single-cylinder,9.586505889892578
single-cylinder,9.444168090820312
single-cylinder,12.421241760253906
single-cylinder,13.026646614074707
single-cylinder,23.284343719482422
single-cylinder,18.667905807495117
single-cylinder,9.172261238098145
single-cylinder,20.708223342895508
single-cylinder,9.967367172241211
single-cylinder,25.95360565185547
single-cylinder,14.800104141235352
single-cylinder,11.901432991027832
single-cylinder,18.71005630493164
single-cylinder,14.036725044250488
single-cylinder,8.02707576751709
single-cylinder,25.231292724609375
single-cylinder,15.183907508850098
single-cylinder,20.391809463500977
single-cylinder,18.7289981842041
single-cylinder,20.89463996887207
single-cylinder,5.051133155822754
single-cylinder,10.546205520629883
single-cylinder,16.334674835205078
single-cylinder,18.182456970214844
single-cylinder,15.085622787475586
single-cylinder,9.991605758666992
single-cylinder,12.061548233032227
single-cylinder,13.55488395690918
single-cylinder,25.231197357177734
single-cylinder,18.18646240234375
single-cylinder,19.53506851196289
single-cylinder,32.53892517089844
single-cylinder,19.80817222595215
single-cylinder,6.055923938751221
single-cylinder,12.157611846923828
single-cylinder,14.613322257995605
single-cylinder,9.411706924438477
single-cylinder,8.0480318069458
single-cylinder,7.881348133087158
single-cylinder,11.61703109741211
single-cylinder,10.240232467651367
single-cylinder,15.307415962219238
single-cylinder,18.92617416381836
single-cylinder,6.791220664978027
single-cylinder,16.89118766784668
single-cylinder,21.273075103759766
single-cylinder,14.960552215576172
single-cylinder,8.595027923583984
single-cylinder,14.780545234680176
single-cylinder,21.760534286499023
single-cylinder,7.320191860198975
single-cylinder,9.760457992553711
single-cylinder,42.48128128051758
single-cylinder,20.09258460998535
single-cylinder,10.617745399475098
single-cylinder,15.212930679321289
single-cylinder,17.540433883666992
single-cylinder,26.375598907470703
single-cylinder,15.594403266906738
single-cylinder,16.09601402282715
single-cylinder,14.486695289611816
single-cylinder,21.179182052612305
single-cylinder,15.243977546691895
single-cylinder,10.398163795471191
single-cylinder,19.766237258911133
single-cylinder,16.08475112915039
single-cylinder,6.966888427734375
single-cylinder,6.567755699157715
single-cylinder,7.6849775314331055
single-cylinder,12.435553550720215
single-cylinder,8.926737785339355
single-cylinder,8.893508911132812
single-cylinder,25.40582847595215
single-cylinder,11.223176002502441
single-cylinder,16.043245315551758
single-cylinder,13.005297660827637
single-cylinder,14.342663764953613
single-cylinder,18.4888973236084
single-cylinder,19.396804809570312
single-cylinder,8.551386833190918
single-cylinder,11.838125228881836
single-cylinder,13.337403297424316
single-cylinder,10.419260025024414
single-cylinder,13.670039176940918
single-cylinder,14.43655014038086
single-cylinder,8.367596626281738
single-cylinder,10.818270683288574
single-cylinder,10.905531883239746
single-cylinder,16.468332290649414
single-cylinder,14.639869689941406
single-cylinder,13.442903518676758
single-cylinder,19.851381301879883
single-cylinder,12.715054512023926
single-cylinder,14.622076988220215
single-cylinder,12.640284538269043
single-cylinder,9.153109550476074
single-cylinder,10.580183982849121
single-cylinder,20.377986907958984
single-cylinder,16.498361587524414
single-cylinder,10.962677955627441
single-cylinder,35.47043228149414
single-cylinder,28.072193145751953
single-cylinder,9.982783317565918
single-cylinder,13.745885848999023
single-cylinder,11.437005043029785
single-cylinder,16.488895416259766
single-cylinder,14.19227123260498
single-cylinder,24.80063247680664
single-cylinder,11.273004531860352
single-cylinder,11.317066192626953
single-cylinder,11.42057991027832
single-cylinder,12.349543571472168
single-cylinder,13.847146987915039
single-cylinder,10.670273780822754
single-cylinder,20.751737594604492
single-cylinder,18.835491180419922
single-cylinder,12.992588996887207
single-cylinder,10.394247055053711
single-cylinder,12.664217948913574
single-cylinder,14.281228065490723
single-cylinder,6.933812141418457
single-cylinder,13.641252517700195
single-cylinder,8.201977729797363
single-cylinder,21.285110473632812
single-cylinder,29.077558517456055
single-cylinder,22.71746826171875
single-cylinder,7.38968563079834
single-cylinder,21.474485397338867
single-cylinder,16.370092391967773
single-cylinder,18.32468605041504
single-cylinder,12.439264297485352
single-cylinder,11.951192855834961
single-cylinder,25.548141479492188
single-cylinder,14.968592643737793
single-cylinder,8.267452239990234
single-cylinder,9.207693099975586
single-cylinder,18.420055389404297
single-cylinder,11.061066627502441
single-cylinder,21.4630184173584
single-cylinder,8.37932300567627
single-cylinder,7.899706840515137
single-cylinder,10.66021728515625
single-cylinder,8.511700630187988
single-cylinder,12.483405113220215
single-cylinder,11.517380714416504
single-cylinder,17.917888641357422
single-cylinder,19.047975540161133
single-cylinder,12.526527404785156
single-cylinder,12.190340995788574
single-cylinder,15.327958106994629
single-cylinder,18.051908493041992
single-cylinder,12.771842956542969
single-cylinder,7.114387512207031
single-cylinder,26.339284896850586
single-cylinder,24.09313201904297
single-cylinder,21.02887725830078
single-cylinder,21.298580169677734
single-cylinder,10.449129104614258
single-cylinder,18.461933135986328
single-cylinder,11.569192886352539
single-cylinder,16.17896270751953
single-cylinder,18.61284637451172
single-cylinder,8.992544174194336
single-cylinder,10.853385925292969
single-cylinder,10.040322303771973
single-cylinder,14.308903694152832
single-cylinder,15.83113956451416
single-cylinder,10.365967750549316
single-cylinder,16.655899047851562
single-cylinder,17.09601402282715
single-cylinder,8.893730163574219
single-cylinder,14.286529541015625
single-cylinder,9.108604431152344
single-cylinder,14.949263572692871
single-cylinder,14.891472816467285
single-cylinder,18.63314437866211
single-cylinder,9.840069770812988
single-cylinder,14.215750694274902
single-cylinder,22.079801559448242
single-cylinder,10.494694709777832
single-cylinder,14.039653778076172
single-cylinder,21.873376846313477
single-cylinder,21.075519561767578
single-cylinder,7.830476760864258
single-cylinder,9.755319595336914
single-cylinder,19.086509704589844
single-cylinder,7.165547847747803
single-cylinder,18.013614654541016
single-cylinder,9.767525672912598
single-cylinder,18.592153549194336
single-cylinder,12.546743392944336
single-cylinder,15.83466911315918
single-cylinder,8.462621688842773
single-cylinder,13.907291412353516
single-cylinder,30.889190673828125
single-cylinder,28.932130813598633
single-cylinder,13.254097938537598
single-cylinder,10.649632453918457
single-cylinder,8.322442054748535
single-cylinder,12.117006301879883
single-cylinder,15.338276863098145
single-cylinder,16.192489624023438
single-cylinder,8.831063270568848
single-cylinder,11.441551208496094
single-cylinder,9.586196899414062
single-cylinder,23.644567489624023
single-cylinder,7.290783405303955
single-cylinder,29.048988342285156
single-cylinder,17.12757110595703
single-cylinder,12.494728088378906
single-cylinder,15.226316452026367
single-cylinder,6.6600871086120605
single-cylinder,17.988187789916992
single-cylinder,7.883564472198486
single-cylinder,15.623100280761719
single-cylinder,17.24272918701172
single-cylinder,10.920324325561523
single-cylinder,6.09374475479126
single-cylinder,19.33945655822754
single-cylinder,8.75016975402832
single-cylinder,11.373348236083984
single-cylinder,19.508712768554688
single-cylinder,7.6767497062683105
single-cylinder,17.659364700317383
single-cylinder,17.45781898498535
single-cylinder,8.680594444274902
single-cylinder,9.008371353149414
single-cylinder,17.784133911132812
single-cylinder,15.899770736694336
single-cylinder,16.371923446655273
single-cylinder,15.559532165527344
single-cylinder,20.031349182128906
single-cylinder,20.938451766967773
single-cylinder,25.341960906982422
single-cylinder,18.482444763183594
single-cylinder,12.427114486694336
single-cylinder,13.41804027557373
single-cylinder,6.2242207527160645
single-cylinder,15.06283950805664
single-cylinder,21.75371742248535
single-cylinder,7.518412113189697
single-cylinder,24.166296005249023
single-cylinder,19.98914337158203
single-cylinder,9.29354190826416
single-cylinder,36.38841247558594
single-cylinder,20.483829498291016
single-cylinder,21.967411041259766
single-cylinder,19.47220230102539
single-cylinder,17.74314308166504
single-cylinder,20.591941833496094
single-cylinder,14.442753791809082
single-cylinder,16.936767578125
single-cylinder,9.874719619750977
single-cylinder,15.536866188049316
single-cylinder,15.820844650268555
single-cylinder,23.107160568237305
single-cylinder,11.95577621459961
single-cylinder,20.80089569091797
single-cylinder,7.771677494049072
single-cylinder,20.89090347290039
single-cylinder,20.65742301940918
single-cylinder,16.336654663085938
single-cylinder,9.720389366149902
single-cylinder,11.755220413208008
single-cylinder,11.055635452270508
single-cylinder,15.259608268737793
single-cylinder,13.41468334197998
single-cylinder,10.509140014648438
single-cylinder,11.529979705810547
single-cylinder,18.650976181030273
single-cylinder,15.70478630065918
single-cylinder,15.789750099182129
single-cylinder,17.637353897094727
single-cylinder,10.951323509216309
single-cylinder,10.245264053344727
single-cylinder,15.383695602416992
single-cylinder,15.215025901794434
single-cylinder,13.69965934753418
single-cylinder,19.58563232421875
single-cylinder,15.327129364013672
single-cylinder,11.147262573242188
single-cylinder,6.6400933265686035
single-cylinder,23.229949951171875
single-cylinder,12.160839080810547
single-cylinder,11.85991382598877
single-cylinder,16.366252899169922
single-cylinder,9.903473854064941
single-cylinder,11.543912887573242
single-cylinder,20.762338638305664
single-cylinder,13.816933631896973
single-cylinder,13.18387508392334
single-cylinder,12.680330276489258
single-cylinder,7.04155158996582
single-cylinder,21.200611114501953
single-cylinder,22.50479507446289
single-cylinder,17.93140411376953
single-cylinder,17.668840408325195
single-cylinder,11.826066970825195
single-cylinder,7.720571994781494
single-cylinder,24.868398666381836
single-cylinder,18.402311325073242
single-cylinder,34.06153106689453
single-cylinder,12.59505558013916
single-cylinder,8.911317825317383
single-cylinder,8.570932388305664
single-cylinder,24.7091007232666
single-cylinder,10.48839282989502
single-cylinder,8.061802864074707
single-cylinder,9.747314453125
single-cylinder,16.489953994750977
single-cylinder,15.436440467834473
single-cylinder,11.777242660522461
single-cylinder,16.206430435180664
single-cylinder,8.562150955200195
single-cylinder,20.502559661865234
single-cylinder,23.163883209228516
single-cylinder,9.786229133605957
single-cylinder,16.439430236816406
single-cylinder,33.716766357421875
single-cylinder,24.3530216217041
single-cylinder,14.287760734558105
single-cylinder,17.686384201049805
single-cylinder,23.747304916381836
single-cylinder,18.487455368041992
single-cylinder,12.819074630737305
single-cylinder,17.99100685119629
single-cylinder,17.316116333007812
single-cylinder,19.387948989868164
single-cylinder,16.43096923828125
single-cylinder,17.84931755065918
single-cylinder,18.775177001953125
single-cylinder,8.369521141052246
single-cylinder,13.136852264404297
single-cylinder,8.810239791870117
single-cylinder,14.146050453186035
single-cylinder,21.199316024780273
single-cylinder,19.880022048950195
single-cylinder,16.945417404174805
single-cylinder,7.23196268081665
single-cylinder,10.699119567871094
single-cylinder,19.81255531311035
single-cylinder,11.794530868530273
single-cylinder,23.397287368774414
single-cylinder,16.796194076538086
single-cylinder,9.885229110717773
single-cylinder,17.036888122558594
single-cylinder,13.323110580444336
single-cylinder,9.344768524169922
single-cylinder,7.6309027671813965
single-cylinder,16.360397338867188
single-cylinder,15.382394790649414
single-cylinder,12.52777099609375
single-cylinder,20.375408172607422
single-cylinder,27.386568069458008
single-cylinder,23.126384735107422
single-cylinder,25.43013572692871
single-cylinder,15.402337074279785
single-cylinder,18.540605545043945
single-cylinder,19.56218910217285
single-cylinder,13.386405944824219
single-cylinder,7.843501091003418
single-cylinder,12.603306770324707
single-cylinder,24.850893020629883
single-cylinder,21.990459442138672
single-cylinder,16.827991485595703
single-cylinder,23.36665916442871
single-cylinder,9.069085121154785
single-cylinder,14.232081413269043
single-cylinder,11.470059394836426
single-cylinder,14.150311470031738
single-cylinder,14.689888954162598
single-cylinder,13.300238609313965
single-cylinder,15.159061431884766
single-cylinder,13.385417938232422
single-cylinder,11.69541072845459
single-cylinder,15.47584342956543
single-cylinder,18.93881607055664
single-cylinder,13.368826866149902
single-cylinder,11.688821792602539
single-cylinder,8.394776344299316
single-cylinder,11.500383377075195
single-cylinder,15.735857009887695
single-cylinder,18.88473129272461
single-cylinder,8.530552864074707
single-cylinder,15.10218620300293
single-cylinder,12.882519721984863
single-cylinder,11.24941349029541
single-cylinder,12.395160675048828
single-cylinder,11.764754295349121
single-cylinder,9.032048225402832
single-cylinder,22.778955459594727
single-cylinder,17.654094696044922
single-cylinder,10.145729064941406
single-cylinder,21.989456176757812
single-cylinder,8.950672149658203
single-cylinder,22.535261154174805
single-cylinder,18.677846908569336
single-cylinder,10.157316207885742
single-cylinder,9.956766128540039
single-cylinder,10.838557243347168
single-cylinder,11.487323760986328
single-cylinder,17.79435157775879
single-cylinder,16.43486785888672
single-cylinder,19.81802749633789
single-cylinder,18.83229637145996
single-cylinder,13.989394187927246
single-cylinder,20.60457992553711
single-cylinder,12.762075424194336
single-cylinder,20.685768127441406
single-cylinder,15.176498413085938
single-cylinder,18.030759811401367
single-cylinder,17.623573303222656
single-cylinder,15.448649406433105
single-cylinder,17.770174026489258
single-cylinder,12.386310577392578
single-cylinder,16.99787712097168
single-cylinder,15.720170974731445
single-cylinder,22.952342987060547
single-cylinder,12.67967700958252
single-cylinder,21.384685516357422
single-cylinder,19.29510498046875
single-cylinder,17.062232971191406
single-cylinder,11.926298141479492
single-cylinder,18.71222686767578
single-cylinder,13.988884925842285
single-cylinder,16.72233772277832
single-cylinder,14.09302043914795
single-cylinder,12.887818336486816
single-cylinder,11.153107643127441
single-cylinder,15.340496063232422
single-cylinder,10.02485466003418
single-cylinder,15.890755653381348
single-cylinder,9.10731029510498
single-cylinder,16.917848587036133
single-cylinder,15.85123062133789
single-cylinder,15.265161514282227
single-cylinder,11.054994583129883
single-cylinder,17.350849151611328
single-cylinder,8.190406799316406
single-cylinder,10.295563697814941
single-cylinder,15.43537425994873
single-cylinder,13.540508270263672
single-cylinder,9.523838996887207
single-cylinder,11.30705451965332
single-cylinder,18.06875228881836
single-cylinder,20.626646041870117
single-cylinder,12.513514518737793
single-cylinder,16.550458908081055
single-cylinder,25.235858917236328
single-cylinder,8.754029273986816
single-cylinder,17.462486267089844
single-cylinder,14.470455169677734
single-cylinder,13.748270988464355
single-cylinder,17.25448989868164
single-cylinder,8.908716201782227
single-cylinder,9.924896240234375
single-cylinder,40.77782440185547
single-cylinder,24.904130935668945
single-cylinder,12.076133728027344
single-cylinder,15.394787788391113
single-cylinder,26.574060440063477
single-cylinder,31.22443389892578
single-cylinder,11.793428421020508
single-cylinder,14.514383316040039
single-cylinder,22.041812896728516
single-cylinder,17.665374755859375
single-cylinder,21.644725799560547
single-cylinder,16.12653350830078
single-cylinder,17.712310791015625
single-cylinder,15.062458038330078
single-cylinder,22.635936737060547
single-cylinder,16.759624481201172
single-cylinder,10.43362045288086
single-cylinder,11.874560356140137
single-cylinder,15.472899436950684
single-cylinder,6.544665336608887
single-cylinder,12.045684814453125
single-cylinder,8.82952880859375
single-cylinder,17.8648738861084
single-cylinder,11.404391288757324
single-cylinder,7.3559675216674805
single-cylinder,8.645859718322754
single-cylinder,24.8762264251709
single-cylinder,28.480485916137695
single-cylinder,11.019192695617676
single-cylinder,12.503249168395996
single-cylinder,10.044865608215332
single-cylinder,18.658449172973633
single-cylinder,10.540679931640625
single-cylinder,34.65561294555664
single-cylinder,17.29197120666504
single-cylinder,10.886507987976074
single-cylinder,15.05758285522461
single-cylinder,14.599372863769531
single-cylinder,7.474881649017334
single-cylinder,32.100608825683594
single-cylinder,8.204227447509766
single-cylinder,14.345903396606445
single-cylinder,6.737668991088867
single-cylinder,21.036272048950195
single-cylinder,11.929271697998047
single-cylinder,14.973418235778809
single-cylinder,12.355498313903809
single-cylinder,18.305767059326172
single-cylinder,16.310443878173828
single-cylinder,11.903022766113281
single-cylinder,13.145729064941406
single-cylinder,24.308931350708008
single-cylinder,11.247505187988281
single-cylinder,17.974138259887695
single-cylinder,15.633407592773438
single-cylinder,10.378885269165039
single-cylinder,12.929231643676758
single-cylinder,10.276304244995117
single-cylinder,19.278179168701172
single-cylinder,14.587852478027344
single-cylinder,28.537460327148438
single-cylinder,20.789871215820312
single-cylinder,11.784017562866211
single-cylinder,11.509389877319336
single-cylinder,9.898964881896973
single-cylinder,15.278891563415527
single-cylinder,20.965726852416992
single-cylinder,18.645763397216797
single-cylinder,11.486346244812012
single-cylinder,11.146608352661133
single-cylinder,18.812055587768555
single-cylinder,17.2194766998291
single-cylinder,25.366676330566406
single-cylinder,14.016745567321777
single-cylinder,19.54116439819336
single-cylinder,16.106653213500977
single-cylinder,9.367034912109375
single-cylinder,16.48613929748535
single-cylinder,11.970703125
single-cylinder,16.584808349609375
single-cylinder,9.058831214904785
single-cylinder,10.018633842468262
single-cylinder,18.272628784179688
single-cylinder,10.315683364868164
single-cylinder,8.285672187805176
single-cylinder,14.134559631347656
single-cylinder,9.324323654174805
single-cylinder,8.856164932250977
single-cylinder,7.532284259796143
single-cylinder,13.94942855834961
single-cylinder,9.934956550598145
single-cylinder,20.22856330871582
single-cylinder,21.34563446044922
single-cylinder,16.327484130859375
single-cylinder,13.835655212402344
single-cylinder,18.70036506652832
single-cylinder,19.80150032043457
single-cylinder,9.337151527404785
single-cylinder,10.607843399047852
single-cylinder,18.006690979003906
single-cylinder,36.235679626464844
single-cylinder,12.362024307250977
single-cylinder,31.709827423095703
single-cylinder,29.28260040283203
single-cylinder,12.224322319030762
single-cylinder,9.37228012084961
single-cylinder,22.88831901550293
single-cylinder,13.52458667755127
single-cylinder,25.51844596862793
single-cylinder,19.387115478515625
single-cylinder,17.2586669921875
single-cylinder,12.657440185546875
single-cylinder,23.992504119873047
single-cylinder,17.579269409179688
single-cylinder,9.974428176879883
single-cylinder,13.38864803314209
single-cylinder,21.86056900024414
single-cylinder,17.849639892578125
single-cylinder,12.467280387878418
single-cylinder,22.463146209716797
single-cylinder,20.603580474853516
single-cylinder,7.372033596038818
single-cylinder,16.81145668029785
single-cylinder,12.331183433532715
single-cylinder,8.147939682006836
single-cylinder,19.405696868896484
single-cylinder,12.536741256713867
single-cylinder,17.30608558654785
single-cylinder,13.707559585571289
single-cylinder,15.996221542358398
single-cylinder,13.990242004394531
single-cylinder,13.496929168701172
single-cylinder,6.872466564178467
single-cylinder,12.576546669006348
single-cylinder,26.6978759765625
single-cylinder,17.054073333740234
single-cylinder,17.450590133666992
single-cylinder,37.60793685913086
single-cylinder,12.58742618560791
single-cylinder,9.842487335205078
single-cylinder,15.888335227966309
single-cylinder,15.44422435760498
single-cylinder,11.77603816986084
single-cylinder,14.576010704040527
single-cylinder,13.000349044799805
single-cylinder,9.093729972839355
single-cylinder,10.671380043029785
single-cylinder,17.192033767700195
single-cylinder,19.04833221435547
single-cylinder,27.453598022460938
single-cylinder,11.152066230773926
single-cylinder,10.638428688049316
single-cylinder,9.067720413208008
single-cylinder,7.8388447761535645
single-cylinder,20.827152252197266
single-cylinder,4.417830944061279
single-cylinder,29.72728729248047
single-cylinder,19.454931259155273
single-cylinder,12.335003852844238
single-cylinder,19.219547271728516
single-cylinder,27.298831939697266
single-cylinder,19.169614791870117
single-cylinder,12.181344985961914
single-cylinder,15.408470153808594
single-cylinder,10.554243087768555
single-cylinder,17.292133331298828
single-cylinder,14.95815658569336
single-cylinder,19.189470291137695
single-cylinder,11.316996574401855
single-cylinder,11.33532428741455
single-cylinder,25.513586044311523
single-cylinder,20.84131622314453
single-cylinder,23.455242156982422
single-cylinder,9.356034278869629
single-cylinder,15.338069915771484
single-cylinder,8.758247375488281
single-cylinder,15.309638977050781
single-cylinder,16.59648323059082
single-cylinder,19.739133834838867
single-cylinder,12.544794082641602
single-cylinder,10.500354766845703
single-cylinder,14.377707481384277
single-cylinder,19.261362075805664
single-cylinder,13.358010292053223
single-cylinder,26.475757598876953
single-cylinder,11.556346893310547
single-cylinder,16.55373191833496
single-cylinder,7.995563983917236
single-cylinder,7.472886562347412
single-cylinder,10.136186599731445
single-cylinder,12.939104080200195
single-cylinder,23.038572311401367
single-cylinder,24.470407485961914
single-cylinder,18.499113082885742
single-cylinder,17.7189998626709
single-cylinder,11.740324974060059
single-cylinder,6.827397346496582
single-cylinder,18.678646087646484
single-cylinder,45.43130111694336
single-cylinder,11.506839752197266
single-cylinder,20.51827049255371
single-cylinder,14.922418594360352
single-cylinder,17.363658905029297
single-cylinder,5.922548770904541
single-cylinder,10.339457511901855
single-cylinder,15.067490577697754
single-cylinder,12.004377365112305
single-cylinder,8.983559608459473
single-cylinder,22.35455894470215
single-cylinder,25.359285354614258
single-cylinder,23.007530212402344
single-cylinder,20.33930015563965
single-cylinder,11.440725326538086
single-cylinder,9.58498764038086
single-cylinder,11.552732467651367
single-cylinder,12.374857902526855
single-cylinder,13.804373741149902
single-cylinder,17.906251907348633
single-cylinder,12.425384521484375
single-cylinder,13.507782936096191
single-cylinder,17.970165252685547
single-cylinder,9.585541725158691
single-cylinder,13.737115859985352
single-cylinder,12.530304908752441
single-cylinder,20.8136043548584
single-cylinder,8.509184837341309
single-cylinder,16.808551788330078
single-cylinder,16.83987808227539
single-cylinder,22.80579948425293
single-cylinder,19.021841049194336
single-cylinder,19.317096710205078
single-cylinder,11.573994636535645
single-cylinder,15.295172691345215
single-cylinder,12.405449867248535
single-cylinder,18.492870330810547
single-cylinder,24.47379493713379
single-cylinder,17.854829788208008
single-cylinder,10.652737617492676
single-cylinder,8.337763786315918
single-cylinder,16.7116756439209
single-cylinder,9.727808952331543
single-cylinder,18.115774154663086
single-cylinder,16.215864181518555
single-cylinder,14.869383811950684
single-cylinder,15.283051490783691
single-cylinder,13.6630859375
single-cylinder,15.42822551727295
single-cylinder,8.35197639465332
single-cylinder,10.31654167175293
single-cylinder,10.924757957458496
single-cylinder,10.899555206298828
single-cylinder,7.894511699676514
single-cylinder,11.710933685302734
single-cylinder,14.701048851013184
single-cylinder,21.87849235534668
single-cylinder,13.595098495483398
single-cylinder,24.379600524902344
single-cylinder,15.064942359924316
single-cylinder,12.3566312789917
single-cylinder,15.05958080291748
single-cylinder,25.99744987487793
single-cylinder,14.801346778869629
single-cylinder,8.241524696350098
single-cylinder,10.652884483337402
single-cylinder,27.994400024414062
single-cylinder,17.615034103393555
single-cylinder,6.613132953643799
single-cylinder,7.385303020477295
single-cylinder,13.085092544555664
single-cylinder,12.213592529296875
single-cylinder,27.3199405670166
single-cylinder,17.83310890197754
single-cylinder,16.067201614379883
single-cylinder,8.978046417236328
single-cylinder,17.208213806152344
single-cylinder,24.854694366455078
single-cylinder,16.420352935791016
single-cylinder,10.237638473510742
single-cylinder,13.941139221191406
single-cylinder,18.590225219726562
single-cylinder,19.882875442504883
single-cylinder,26.208284378051758
single-cylinder,17.130598068237305
single-cylinder,12.147083282470703
single-cylinder,13.370820045471191
single-cylinder,21.877365112304688
single-cylinder,11.460352897644043
single-cylinder,13.988546371459961
single-cylinder,12.472926139831543
single-cylinder,25.167861938476562
single-cylinder,14.06196403503418
single-cylinder,11.21401309967041
single-cylinder,11.035903930664062
single-cylinder,19.50352668762207
single-cylinder,12.171225547790527
single-cylinder,19.806238174438477
single-cylinder,12.937089920043945
single-cylinder,15.493432998657227
single-cylinder,6.538430213928223
single-cylinder,12.892074584960938
single-cylinder,11.64594554901123
single-cylinder,10.329044342041016
single-cylinder,11.062116622924805
single-cylinder,13.133199691772461
single-cylinder,21.545196533203125
single-cylinder,16.745752334594727
single-cylinder,21.06770133972168
single-cylinder,16.233427047729492
single-cylinder,11.442996978759766
single-cylinder,18.756736755371094
single-cylinder,12.002389907836914
single-cylinder,19.417543411254883
single-cylinder,17.584007263183594
single-cylinder,12.053733825683594
single-cylinder,26.030651092529297
single-cylinder,15.998674392700195
single-cylinder,26.140735626220703
single-cylinder,24.347488403320312
single-cylinder,9.575241088867188
single-cylinder,18.654062271118164
single-cylinder,9.56760025024414
single-cylinder,24.712810516357422
single-cylinder,10.13573932647705
single-cylinder,14.472928047180176
single-cylinder,22.380046844482422
single-cylinder,14.024160385131836
single-cylinder,29.104663848876953
single-cylinder,7.722096920013428
single-cylinder,15.98558521270752
single-cylinder,11.244124412536621
single-cylinder,9.596896171569824
single-cylinder,21.549903869628906
single-cylinder,11.285436630249023
single-cylinder,19.191383361816406
single-cylinder,9.714218139648438
single-cylinder,7.225937843322754
single-cylinder,7.772006034851074
single-cylinder,16.66391372680664
single-cylinder,17.79982566833496
single-cylinder,19.6846923828125
single-cylinder,17.184532165527344
single-cylinder,13.619601249694824
single-cylinder,17.073230743408203
single-cylinder,19.180023193359375
single-cylinder,14.817087173461914
single-cylinder,12.990705490112305
single-cylinder,18.583433151245117
single-cylinder,14.67749309539795
single-cylinder,9.3440523147583
single-cylinder,17.56460952758789
single-cylinder,13.365976333618164
single-cylinder,21.258594512939453
single-cylinder,11.772790908813477
single-cylinder,12.896574020385742
single-cylinder,12.95366096496582
single-cylinder,11.360247611999512
single-cylinder,16.261463165283203
single-cylinder,12.962646484375
single-cylinder,22.366058349609375
single-cylinder,26.21639633178711
single-cylinder,10.57199764251709
single-cylinder,15.869088172912598
single-cylinder,10.6180419921875
single-cylinder,21.76483726501465
single-cylinder,14.52952766418457
single-cylinder,13.560186386108398
single-cylinder,20.507055282592773
single-cylinder,10.44986343383789
single-cylinder,13.41003131866455
single-cylinder,12.575323104858398
single-cylinder,20.763839721679688
single-cylinder,9.978724479675293
single-cylinder,21.337141036987305
single-cylinder,20.130386352539062
single-cylinder,9.199644088745117
single-cylinder,9.423332214355469
single-cylinder,12.01177978515625
