,no,yes
no,4.926188807985454e-07,5.543985253098072e-07
yes,5.481240350491134e-07,6.606785518670222e-07
